name,display_name,aliases,category,display_class,tags,default_route,all_routes,routes_with_dose,has_dose_data,has_duration_data,half_life_minutes,mechanism_summary,effects,references,data_gaps
"1,3-Dimethyl-8-Chloroxanthine",,8-氯茶碱,,medical_rx,,,,,no,no,,,,,"dose_ranges_by_route, duration_by_route, half_life_minutes, mechanism_of_action, references"
"1,4-BDO",,"1,4-B | 1,4-butylene glycol | 4-Butanediol | BDO | butane-1,4-DIOL | liquid fantasy | one comma four | one-four bee | tetramethylene glycol",GABAergic,recreational,,oral,oral,oral,yes,yes,,,,,"half_life_minutes, mechanism_of_action, references"
"1,4-Butanediol",,"1,4-B | 1,4-BD | 1,4-丁二醇 | 14bd | BD | BDO | Butylene Glycol | One Comma Four | One Four B-D-O | One Four Bee | butane-1,4-DIOL | tetramethylene glycol",Depressant,recreational,ADH-substrate | GHB-prodrug | class:alkanediol | class:diol | ethanol-interaction-major | habit-forming,oral,oral,oral,yes,yes,39.3,Prodrug → GHB (GABA-B Agonist),"Amnesia | Anxiety suppression | Cognitive euphoria | Dehydration | Disinhibition | Dizziness | Empathy, love, and sociability enhancement | Increased libido | Information processing suppression | Motor control loss | Nausea | Physical euphoria | Respiratory depression | Sedation | Stimulation | Thought deceleration",,references
"1-(2,3,4-Trimethoxybenzyl)piperazine","2,3,4-TMBZP","2,3,4-TMBZP | 2,3,4-trimethoxybenzyl-piperazine | 2,3,4-trimethoxybenzylpiperazine",,recreational,,oral,oral,oral,yes,yes,,,,,"half_life_minutes, mechanism_of_action, references"
"1-(2,5-Dimethoxybenzyl) piperazine","2,5-DMBZP","2,5-DMBZP | 2,5-dimethoxybenzylpiperazine | DMBZP",,recreational,,oral,oral,oral,yes,yes,,,,,"half_life_minutes, mechanism_of_action, references"
16-Bromo-salvinorin A,,16-BR-Sal A | 16-BR-SalA | 16-bromosalvinorin A,Dysdelic,recreational,anti-cocaine-preclinical | biased-agonist-G-protein | kappa-opioid-agonist | longer-duration-than-Sal-A | no-human-data | research-chemical | salvinorin,,,,no,no,,,,,"dose_ranges_by_route, duration_by_route, half_life_minutes, mechanism_of_action, references"
1B-LSD,,1-Bu-LSD | 1-BuLSD | 1-butanoyl-LSD | 1-butyryl-LSD | 1-丁酰基-D-麦角酸二乙酰胺 | 1b | N1-butanoyl-LSD,Psychedelic,recreational,class:lysergamides | prodrug-of-LSD | research-chemical | tentative,oral,oral | sublingual,oral | sublingual,yes,yes,,"基于其与 LSD 的结构相似性，1B-LSD 可能作为 5-HT 受体的部分激动剂。 迷幻效应被认为主要源于其对分布在整个大脑中的 5-HT 受体的效力。1B-LSD 还可能在广泛的单胺受体（如多巴胺和去甲肾上腺素受体）上表现出结合活性。然而，目前还没有数据支持这些说法。

研究表明，1B-LSD（以及酰基同系物 1P-LSD 和 ALD-52）在体内通过 CYP1A2 和 CYP3A4 脱酰基，通过消除丁酸转化为 LSD，这在人类血清和大鼠的研究中都得到了证实哦。",,,"half_life_minutes, references"
1BP-LSD,,,Psychedelic,recreational,boron-compound | lsd-prodrug | no-human-data | psychedelic | research-chemical,,,,no,no,,Presumed LSD prodrug via boronate ester hydrolysis → 5-HT2A partial agonist; boron toxicology completely unstudied.,cognitive amplification,https://en.wikipedia.org/wiki/1BP-LSD,"dose_ranges_by_route, duration_by_route, half_life_minutes"
1Bz-LSD,,1-benzoyl-LSD | syn-L-018,Psychedelic,recreational,lsd-prodrug | no-human-data | psychedelic | research-chemical,,,,no,no,,Presumed LSD prodrug via sequential deethylation (→ 1Bz-LAE) then hydrolysis → LSD; full chain characterized in vitro only.,cognitive amplification,https://en.wikipedia.org/wiki/1Bz-LSD | Azuma 2026 Drug Test Anal,"dose_ranges_by_route, duration_by_route, half_life_minutes"
1cP-AL-LAD,,N1-cyclopropanoyl AL-LAD,Psychedelic,recreational,class:lysergamides,insufflation,insufflation | oral | sublingual,insufflation | oral | sublingual,yes,yes,,"1cP-AL-LAD 可能作为 5-HT 部分激动剂发挥作用喵。人们认为迷幻剂效应来自于 1cP-AL-LAD 在 5-HT 家族受体上的效能。然而，这些相互作用的作用方式以及它们如何导致迷幻体验，仍然是科学界不断阐明的主题呢。

鉴于其 1-环丙酰基取代，1cP-AL-LAD 也被怀疑是 AL-LAD 的前药。这可以与 1cP-LSD 进行类比，后者也很可能是 LSD 的前药。然而，目前还没有足够的数据、轶事或保证来确认 1cP-AL-LAD 具有完全相同的属性哦。

1cP-AL-LAD 还与其母体化合物 LSD 具有许多共同特征；在人类身上，它的效力似乎大致相等（或略低），作用机制也相似，尽管效应的进展和持续时间有所压缩（同时在性质上不那么强烈且更易于管理——这可能是因为它更容易被分解代谢）。",,,"half_life_minutes, references"
1Cp-LSD,,1-(cyclopropanoyl)-LSD | 1-CPA-LSD | 1-cyclopropanecarbonyl-LSD | 1-cyclopropionyl-LSD | 1-环丙酰基-D-麦角酸二乙酰胺 | 1cP | 1cplsd | Curie,Psychedelic,recreational,class:Lysergamide | class:lysergamides | prodrug-of-LSD | research-chemical | tentative,insufflation,insufflation | oral | sublingual,insufflation | oral | sublingual,yes,yes,,"更多信息请见：迷幻剂

基于其与 LSD 的结构相似性，1cP-LSD 可能作为 5-HT 受体的受体激动剂（部分激动剂）发挥作用喵。 迷幻剂效应被认为主要源于它在分布于整个大脑的 5-HT 受体上的效力。1cP-LSD 可能还对广泛的单胺受体显示出结合活性，例如多巴胺和去甲肾上腺素受体。不过，目前还没有数据支持这些说法呢。

由于其与 LSD 的结构相似性，可以提出以下假设：大多数血清素类迷幻剂没有显著的多巴胺活性，因此 1cP-LSD 在这方面被认为是异类喵。在 D 受体上的任何激动活性都可能对其在人类身上的精神活性产生贡献。此外，1cP-LSD 可能会结合除 5-HT 和 5-HT 受体之外的大多数血清素受体亚型。然而，大多数这些受体的亲和力太低，不足以被大约 10–20 nM 的大脑浓度充分激活。娱乐剂量可能会影响 5-HT、5-HT、5-HT、5-HT、5-HT [在克隆的大鼠组织中] 和 5-HT 受体哦。

1cP-LSD 可能是偏向激动剂，它会诱导血清素受体产生一种构象，从而优先招募 β-arrestin 而不是激活 G 蛋白。5-HT 与 1cP-LSD 结合的晶体结构显示，一个胞外环在结合腔的二乙酰胺端形成了一个“盖子”，这解释了它从血清素受体上解离速度缓慢的原因喵。",,,"half_life_minutes, references"
1cP-MiPLA,,1-cP-MiPLA | 1-cyclopropionyl-MiPLA | 1-环丙酰基甲基异丙基麦角酰胺 | LAMIDE 1-cP,Psychedelic,recreational,class:Lysergamides | class:lysergamides,oral,oral | sublingual,oral | sublingual,yes,yes,,,,,"half_life_minutes, mechanism_of_action, references"
1P-ETH-LAD,,1pethlad,Psychedelic,recreational,class:lysergamides | research-chemical | tentative,oral,oral,oral,yes,yes,,"更多信息请参阅：血清素能致幻剂

这种化合物可能作为 5-HT 受体激动剂起作用喵。人们认为致幻剂效应源于 1P-ETH-LAD 对 5-HT 受体的效能。然而，这些相互作用的作用以及它们如何导致幻觉体验目前仍然不明确呢。

1P-ETH-LAD 与其母体化合物 LSD 有许多共同特征；它的效力似乎大致相等，机制也相似，尽管由于代谢方式的疑似差异，其效果的进展和持续时间会被压缩（同时在性质上不那么强烈且更易于管理）哦。研究表明，在人血清中孵育的 1P-ETH-LAD 会形成 ETH-LAD，这表明它起到前药的作用呢。",,,"half_life_minutes, references"
1S-LSD,,N1-TMS-propionyl lysergamide,Psychedelic,recreational,class:Lysergamide,oral,oral | sublingual,oral | sublingual,yes,yes,,,,,"half_life_minutes, mechanism_of_action, references"
1V-LSD,,1-戊酰基-D-麦角酸二乙酰胺,Psychedelic,recreational,class:lysergamides,oral,oral,oral,yes,yes,,"更多信息请见：血清素能致幻剂

基于其与 LSD 的结构相似性，1V-LSD 可能作为 5-HT 受体的部分激动剂起作用喵。致幻剂效应被认为主要源于其对分布在整个大脑中的 5-HT 受体的效力呢。

1V-LSD 可能还对广泛的单胺受体表现出结合活性，例如多巴胺和去甲肾上腺素受体哦。然而，目前还没有数据支持这些说法喵。

理论上认为，1V-LSD（以及酰基同系物 1P-LSD 或 ALD-52）在体内通过消除戊酸脱酰基化为 LSD，这已通过人血清研究得到证实呢。",,,"half_life_minutes, references"
"2,4-DMA",,"2,4-dimethoxyamphetamine",Psychedelic,recreational,PIHKAL | no-human-data | phenethylamine,,,,no,no,,,,https://erowid.org/library/books_online/pihkal/pihkal053.shtml,"dose_ranges_by_route, duration_by_route, half_life_minutes, mechanism_of_action"
"2,5-Dimethoxy-4-ethoxyamphetamine",MEM,MEM,Psychedelic,recreational,PIHKAL | phenethylamine | research-chemical | tentative,oral,oral,oral,yes,yes,,,,https://erowid.org/library/books_online/pihkal/pihkal122.shtml,"half_life_minutes, mechanism_of_action"
"2,5-DMA",,"2,5-dimethoxyamphetamine | 5-二甲氧基苯丙胺 | DOH",Psychedelic,recreational,PIHKAL | class:amphetamine | no-human-data | phenethylamine,oral,oral,oral,yes,yes,,"目前没有 2,5-DMA 在人体中的试验记录，关于其药理特性、代谢和毒性的数据也非常有限呢。",,https://erowid.org/library/books_online/pihkal/pihkal054.shtml,half_life_minutes
"2,a-DMT",,,Psychedelic,recreational,5-HT2A-agonist | TIHKAL | tryptamine,oral,oral,oral,yes,yes,,,,https://erowid.org/library/books_online/tihkal/tihkal07.shtml,"half_life_minutes, mechanism_of_action"
2-Aminoindane,,2-AI | 2-aminoindan | 2-indanamine | 2ai,Stimulant,recreational,class:aminoindane | habit-forming | research-chemical | tentative,insufflation,insufflation | oral | rectal,insufflation | oral | rectal,yes,yes,90.0,由于缺乏关于该物质的研究，所有关于其药理学的讨论都纯粹基于其结构以及与其他兴奋剂（如苯丙胺、甲基苯丙胺和2-FMA）的主观效应相似性推测的呢。2-AI最可能是一种多巴胺和去甲肾上腺素神经递质释放剂。这意味着它通过结合并部分阻断通常从突触间隙移除这些单胺的转运蛋白，从而有效地提高大脑中去甲肾上腺素和多巴胺神经递质的水平。这使得多巴胺和去甲肾上腺素在大脑中积累，从而产生兴奋和欣快的效应哦。,Acuity enhancement | Analysis enhancement | Anxiety | Appetite suppression | Cognitive euphoria | Cognitive fatigue | Compulsive redosing | Dehydration | Depression | Focus enhancement | Increased heart rate | Increased perspiration | Irritability | Memory enhancement | Motivation enhancement | Nausea | Pain relief | Stimulation | Teeth grinding | Temporary erectile dysfunction | Thought acceleration | Thought deceleration | Wakefulness,,references
"2-BR-4,5-MDA",,6-BR-MDA,Psychedelic,recreational,PIHKAL | SNDRI | no-human-data | phenethylamine | psychedelic-leaning,oral,oral,oral,yes,no,,,,https://erowid.org/library/books_online/pihkal/pihkal019.shtml,"duration_by_route, half_life_minutes, mechanism_of_action"
"2-Bromo-4,5-MDMA",,"2-BR-4,5-MDMA | 6-BR-MDMA",Psychedelic,recreational,psychedelic-leaning,insufflation,insufflation | oral,insufflation | oral,yes,yes,,,,,"half_life_minutes, mechanism_of_action, references"
2-Chloro-Ephenidine,,2-CL-ephenidine | 2-chloroephenidine | 2chloroephenidine | 2clephenidine,Dissociative,recreational,NMDA-antagonist | diarylethylamine | research-chemical | tentative,oral,oral,oral,yes,yes,,,,,"half_life_minutes, mechanism_of_action, references"
2-CMC,,2-Chloromethcathinone,Stimulant,recreational,cathinone | less-toxic-than-4CMC | neurotoxic-evidence-preliminary | no-human-data | research-chemical | weak-substrate-releaser,,,,no,no,,,,,"dose_ranges_by_route, duration_by_route, half_life_minutes, mechanism_of_action, references"
2-DPMP,,2-desoxypiperadol | 2-diphenylmethylpiperidine | 2-二苯甲基哌啶 | 2dpmp | Desoxypipradol | Desoxypipradrol | Ivory Wave,Stimulant,recreational,class:substituted piperidines | habit-forming | research-chemical | tentative,insufflation,insufflation | oral,insufflation | oral,yes,yes,1080.0,2-DPMP主要作为一种去甲肾上腺素-多巴胺再摄取抑制剂 (NDRI) 发挥作用，但作为一种兴奋剂，它的效力异常高，持续时间极长，剂量反应也不可预测。这些风险可能归因于它异常高的亲脂性和长消除半衰期，这也增加了滥用时引发兴奋剂精神病状态的相对风险，而且在人类中已经证实它的阈值低得惊人。,,,references
2-FEA,,2-Fluoroethamphetamine | 2-fluoroethylamphetamine,Stimulant,recreational,class:substituted amphetamines | research-chemical | tentative,insufflation,insufflation,insufflation,yes,yes,,,,,"half_life_minutes, mechanism_of_action, references"
2-Fluoroamphetamine,2-FA,2-F-amphetamine | 2-FA | 2-FMP | 2-氟苯丙胺 | 2fa | o-FA | ortho-fluoroamphetamine,Stimulant,recreational,DA-selective-releaser | class:substituted amphetamines | habit-forming | research-chemical,insufflation,insufflation | oral,insufflation | oral,yes,yes,,,,,"half_life_minutes, mechanism_of_action, references"
2-Fluorodeschloroketamine,2-FDCK,2-F-DCK | 2-FDCK | 2-FL-2'-oxo-PCM | 2-FL-2'-氧代-PCM | 2f-DCK | 2f-KET | 2f-ketamine | 2fdck | 2fket | Fluoroketamine,Dissociative,recreational,NMDA-antagonist | arylcyclohexylamine | class:arylcyclohexylamines | designer-dissociative | fatalities-reported | habit-forming | research-chemical | tentative,insufflation,insufflation | oral,insufflation | oral,yes,yes,,"由于缺乏关于该物质的研究，所有关于其药理学的讨论都纯粹基于它的结构，以及它与其他芳基环己胺类物质解离剂，例如DCK和氯胺酮之间的主观效应相似性。考虑到这一点，2-氟去氯氯胺酮被认为可作为NMDA受体拮抗剂类药物发挥作用。

NMDA受体允许电信号在脑和脊髓中的神经元之间传递；要让信号通过，受体必须处于开放状态。解离剂会通过阻断NMDA受体来关闭它们。神经元之间的这种断连会导致感觉丧失、运动困难，并最终导致这种物质相当于“K洞”的状态。",,,"half_life_minutes, references"
2-Fluoroethamphetamine,2-FEA,2-F-ethylamphetamine | 2-FEA | 2-氟乙基苯丙胺,Empathogen,recreational,,insufflation,insufflation | oral | rectal | sublingual,insufflation | oral | rectal | sublingual,yes,yes,,目前还没有像对传统苯丙胺类药物那样对 2-FEA 进行正式的研究喵。目前假设它主要作为一种三重神经递质再摄取抑制剂起作用，并会释放以下神经递质：血清素、多巴胺和去甲肾上腺素。2-FEA 可能是通过作为这些神经递质的释放剂，或者通过结合并部分阻断那些在完成神经冲动传导后通常会将物质从突触间隙清除的转运蛋白来产生效果的呢。,,,"half_life_minutes, references"
2-FMA,,2-fluoromethamphetamine | 2-氟甲基苯丙胺 | 2fma,Stimulant,recreational,class:amphetamine | class:substituted amphetamines | habit-forming | research-chemical,insufflation,insufflation | oral,insufflation | oral,yes,yes,,虽然 2-FMA 还没有像传统 苯丙胺 那样被正式研究过，但人们认为它既是 多巴胺 也是 去甲肾上腺素 的 释放剂。这意味着它通过结合并部分阻断通常从 突触间隙 移除它们的转运蛋白，从而有效地增加大脑中去甲肾上腺素和多巴胺的水平。这使得多巴胺和去甲肾上腺素在大脑中积累，从而产生兴奋和欣快的效果。,Analysis enhancement | Anxiety | Anxiety suppression | Appetite suppression | Cognitive fatigue | Compulsive redosing | Dehydration | Depression | Focus enhancement | Increased heart rate | Increased perspiration | Irritability | Motivation enhancement | Physical euphoria | Stimulation | Tactile enhancement | Teeth grinding | Thought acceleration | Thought deceleration | Wakefulness,,"half_life_minutes, references"
2-FMC,,2-Fluoromethcathinone,Stimulant,recreational,cathinone | no-human-data | research-chemical | weak-releaser-predicted,,,,no,no,,,,https://en.wikipedia.org/wiki/2-Fluoromethcathinone,"dose_ranges_by_route, duration_by_route, half_life_minutes, mechanism_of_action"
2-FXiPr,,2-F-2-oxo-PCiPr | FXiPr,Dissociative,recreational,dissociative | no-human-data | oxo-arylcyclohexylamine | research-chemical,,,,no,no,,Presumed NMDA receptor antagonist; 2-oxo-arylcyclohexylamine (methoxetamine/MXiPr relative with 2-fluoro substituent replacing 2-methoxy of MXE).,,https://en.wikipedia.org/wiki/2-FXPr | https://nervewing.blogspot.com/2025/10/fxipr.html,"dose_ranges_by_route, duration_by_route, half_life_minutes"
2-MAPB,,2-(methylamino)propylbenzofuran,Empathogen,recreational,class:Benzofuran-substituted amphetamine,insufflation,insufflation | oral,insufflation | oral,yes,yes,,,,,"half_life_minutes, mechanism_of_action, references"
2-ME-DET,,2-methyl-diethyltryptamine,Psychedelic,recreational,TIHKAL | no-human-data | tryptamine,oral,oral,oral,yes,yes,,,,https://erowid.org/library/books_online/tihkal/tihkal33.shtml,"half_life_minutes, mechanism_of_action"
2-ME-DMT,,"2,N,N-TMT | 2,N,N-Trimethyltryptamine | 2-Methyl-N | 2-methyl-DMT | N | N-TMT | N-dimethyltryptamine | TIHKAL #34",Psychedelic,recreational,5-HT2A-agonist | TIHKAL | class:substituted tryptamine | research-chemical | tentative | tryptamine,inhalation,inhalation | insufflation | oral,inhalation | insufflation | oral,yes,yes,,,,https://erowid.org/library/books_online/tihkal/tihkal34.shtml,"half_life_minutes, mechanism_of_action"
2-Me-PiHP,,2-Me-Α-PiHP,Stimulant,recreational,autopsy-cases | cathinone | high-abuse-potential | no-human-data | pyrovalerone | research-chemical,,,,no,no,,Highly DAT-selective reuptake inhibitor (DAT IC50 = 7.6 nM); DAT/SERT selectivity ratio >40× cocaine → very high addiction and abuse potential.,,"In vitro monoamine reuptake inhibition and forensic case series in Sweden of the synthetic cathinones 2-, 3-, and 4-Me-alpha-PiHP. | PMID 40992254 (Forensic Sci Int 2025) | PMC11051472 | https://www.ncbi.nlm.nih.gov/pmc/articles/PMC11051472/","dose_ranges_by_route, duration_by_route, half_life_minutes"
2-MeO-Ketamine,,2-MeO-K | MXM | Methoxyketamine | O-methoxyketamine,Dissociative,recreational,NMDA-antagonist | arylcyclohexylamine | class:Arylcyclohexylamine | duplicate-of-2-MeO-Ketamine | habit-forming | research-chemical,insufflation,insufflation | intramuscular | oral,insufflation | intramuscular | oral,yes,yes,,,,,"half_life_minutes, mechanism_of_action, references"
2-Methoxymethyl-salvinorin B,,MOM-Sal B | MOM-SalB | SymBMS,Dysdelic,recreational,balanced-KOR-full-agonist | designer-drug-encountered-2020 | kappa-opioid-agonist | long-duration-3h | no-human-data | research-chemical | salvinorin,,,,no,no,,,,https://en.wikipedia.org/wiki/Salvinorin_B_methoxymethyl_ether,"dose_ranges_by_route, duration_by_route, half_life_minutes, mechanism_of_action"
2-Methyl-2-Butanol,,2-甲基-2-丁醇 | 2M2B | tert-amyl alcohol,Depressant,recreational,ADH-resistant | GABA-A-PAM-alcohol-pocket | habit-forming | tentative | tertiary-alcohol,oral,oral,oral,yes,yes,,2-甲基-2-丁醇会抑制 GABA 受体 上一个促惊厥位点的结合， 这会导致带负电荷的氯离子进入神经元，从而增加神经元放电所需的兴奋量。由于它是一种叔醇，它不能像乙醇那样被乙醇脱氢酶代谢成醛（醛是导致大量摄入 乙醇 后宿醉的原因）。这使得 2M2B 比伯醇安全得多呢。 但是嘛，这也导致了一个后果，就是 2-甲基-2-丁醇的作用时间延长了，摄入后效果可持续长达 12 小时哦。,Amnesia | Anxiety suppression | Cognitive euphoria | Disinhibition | Dizziness | Information processing suppression | Motor control loss | Muscle relaxation | Pain relief | Respiratory depression | Sedation | Thought deceleration,,"half_life_minutes, references"
2-Methylamphetamine,2-MeA,2-MA | 2-Me-AMP | 2-MeA | Ortetamine | o-Methylamphetamine | o-TAP | o-Tolylaminopropane | ortho-methylamphetamine,Stimulant,recreational,DRI | NDRI | TAAR1 | class:substituted amphetamine | habit-forming | phenethylamine | research-chemical | tentative,insufflation,insufflation | oral | rectal,insufflation | oral | rectal,yes,yes,,,,,"half_life_minutes, mechanism_of_action, references"
2-Methylethcathinone,2-MEC,2-MEC | ortho-methylethcathinone,Stimulant,recreational,habit-forming | research-chemical | tentative | weak-predicted,insufflation,insufflation | oral | rectal | sublingual,insufflation | oral | rectal | sublingual,yes,yes,,,,,"half_life_minutes, mechanism_of_action, references"
2-MMC,,2-Methylmethcathinone | 2-甲基甲卡西酮 | Orthophedrone,Stimulant,recreational,cathinone | habit-forming | research-chemical | tentative | weak-substrate-releaser-predicted,insufflation,insufflation | oral,insufflation | oral,yes,yes,,,,https://en.wikipedia.org/wiki/2-Methylmethcathinone,"half_life_minutes, mechanism_of_action"
2-MPPP,,n-piperidinecathinone | piperidinyl ketone,Stimulant,recreational,DAT-blocker-predicted | habit-forming | research-chemical | tentative,insufflation,insufflation | oral | rectal,insufflation | oral | rectal,yes,yes,,,,,"half_life_minutes, mechanism_of_action, references"
2-NMC,,2'-Propionaphthone | 2-naphthyl methcathinone | 2-naphthylmethcathinone | 2NMC,Other,recreational,inactive,inhalation,inhalation | insufflation | oral,inhalation | insufflation | oral,yes,yes,,,,,"half_life_minutes, mechanism_of_action, references"
2-PTA,,2-(p-tolyl)acetamide | 4-methyl-2-PA,Stimulant,recreational,habit-forming | research-chemical | tentative,oral,oral,oral,yes,yes,,,,,"half_life_minutes, mechanism_of_action, references"
2-TFMXP,,2-(trifluoromethyl)-methoxphenidine | 2-TFM-MXP | 2-TFM-diphenidine | 2-trifluoromethyl-MXP | TFMXP,,recreational,,insufflation,insufflation | oral | sublingual,insufflation | oral | sublingual,yes,yes,,,,,"half_life_minutes, mechanism_of_action, references"
2-TIM,,,Psychedelic,recreational,PIHKAL | phenethylamine,,,,no,no,,,,https://erowid.org/library/books_online/pihkal/pihkal152.shtml,"dose_ranges_by_route, duration_by_route, half_life_minutes, mechanism_of_action"
2-TOET,,,Psychedelic,recreational,PIHKAL | no-human-data | phenethylamine,,,,no,no,,,,https://erowid.org/library/books_online/pihkal/pihkal169.shtml,"dose_ranges_by_route, duration_by_route, half_life_minutes, mechanism_of_action"
2-TOM,,,Psychedelic,recreational,PIHKAL | no-human-data | phenethylamine,oral,oral,oral,yes,yes,,,,https://erowid.org/library/books_online/pihkal/pihkal171.shtml,"half_life_minutes, mechanism_of_action"
22-Thiocyanatosalvinorin A,,RB-64,Dysdelic,recreational,biased-agonist-Gi | irreversible-covalent-agonist | kappa-opioid-agonist | no-human-data | research-chemical | research-probe | salvinorin,,,,no,no,,,,,"dose_ranges_by_route, duration_by_route, half_life_minutes, mechanism_of_action, references"
25B-NBOH,,25B NBOH | 25bnboh | 2C-B-NBOH | 2cb-NBOH | NBOH-25B | NBOH-2C-B | NBOH-2cb,Psychedelic,recreational,5-HT2A-agonist | NBOH | phenethylamine | research-chemical | tentative,buccal,buccal | sublingual,buccal | sublingual,yes,yes,,,,,"half_life_minutes, mechanism_of_action, references"
25B-NBOMe,,25b | 2C-B-NBOMe | BOM 2-CB | Cimbi-36 | NBOMe-2C-B | New Nexus | Nova,Psychedelic,recreational,5-HT2A-agonist | CYP2D6-substrate | NBOMe | PET-tracer-Cimbi-36 | class:substituted phenethylamines | phenethylamine | research-chemical,insufflation,insufflation | oral | sublingual,insufflation | sublingual,yes,yes,,,"Acuity enhancement | After images | Analysis enhancement | Auditory distortion | Auditory enhancement | Auditory hallucinations | Autonomous entities | Color enhancement | Color shifting | Conceptual thinking | Drifting | Emotion enhancement | Empathy, love, and sociability enhancement | Geometry | Immersion enhancement | Increased heart rate | Increased libido | Internal hallucinations | Memory suppression | Nausea | Novelty enhancement | Pattern recognition enhancement | Perception of decreased weight | Personal bias suppression | Perspective alterations | Pupil dilation | Scenarios and plots | Scenery slicing | Settings, sceneries, and landscapes | Spontaneous tactile sensations | Stimulation | Sublingual numbing | Symmetrical texture repetition | Thought acceleration | Thought connectivity | Time distortion | Tracers | Transformations | Vasoconstriction | Wakefulness",,"half_life_minutes, mechanism_of_action, references"
25C-NB3OMe,,25C-NB-3-OMe | 2C-C-NB3OMe | NB3OMe-2C-C,Psychedelic,recreational,NBOMe-regioisomer | likely-weaker-than-25C-NBOMe,buccal,buccal | insufflation | oral,buccal | insufflation | oral,yes,yes,,,,,"half_life_minutes, mechanism_of_action, references"
25C-NBOH,,2C-C-NBOH | NBOH-2C-C,Psychedelic,recreational,5-HT2A-agonist | NBOH | class:substituted phenethylamines | phenethylamine | research-chemical | tentative,sublingual,sublingual,sublingual,yes,yes,,"更多信息请见：血清素类迷幻剂

25C-NBOH 在 血清素受体 上具有效力，它作为一个强效的激动剂发挥作用喵。

与其它迷幻剂相比，这种化合物在药理上非常独特，因为它对各种血清素受体表现出极高的选择性。它是 5-HT2A 受体最具有选择性的激动剂配体之一，pEC50 值为 9.43。

它作为强效的血清素受体激动剂，在 5-HT2A 和 5-HT2C 受体上与更知名的化合物 25C-NBOMe 具有相似的亲和力，pKis 值分别为 9.4 和 7.8 呢。

然而，这些相互作用具体是如何导致迷幻体验的，目前仍然是一个谜喵。",,,"half_life_minutes, references"
25C-NBOMe,,25c | 2C-C-NBOMe | 2c-NBOMe | Cimbi-82 | NBOMe-2C-C,Psychedelic,recreational,5-HT2A-agonist | CYP2D6-substrate | CYP3A4-substrate | NBOMe | class:substituted phenethylamines | fatality-documented | phenethylamine | research-chemical,sublingual,sublingual,sublingual,yes,yes,,Full 5-HT2A Receptor Agonist (High Potency),"Acuity enhancement | After images | Analysis enhancement | Auditory distortion | Auditory enhancement | Auditory hallucinations | Autonomous entities | Changes in gravity | Color enhancement | Color shifting | Conceptual thinking | Diffraction | Drifting | Emotion enhancement | Empathy, love, and sociability enhancement | Environmental cubism | External hallucinations | Geometry | Immersion enhancement | Increased blood pressure | Increased heart rate | Increased libido | Internal hallucinations | Memory suppression | Nausea | Novelty enhancement | Pattern recognition enhancement | Perception of decreased weight | Personal bias suppression | Perspective alterations | Pupil dilation | Recursion | Scenarios and plots | Scenery slicing | Sedation | Settings, sceneries, and landscapes | Spontaneous tactile sensations | Stimulation | Sublingual numbing | Symmetrical texture repetition | Tactile hallucinations | Temperature regulation suppression | Thought acceleration | Thought connectivity | Time distortion | Tracers | Transformations | Vasoconstriction | Wakefulness",,"half_life_minutes, references"
25CN-NBOH,,25CN NBOH | 2C-CN-NBOH | C18H20N2O3 | NBOH-2C-CN | PubChem CID 90489020,Psychedelic,recreational,misclassified-not-a-dissociative,buccal,buccal | insufflation | sublingual,buccal | insufflation | sublingual,yes,yes,,,,,"half_life_minutes, mechanism_of_action, references"
25D-NBOMe,,25d | 2C-D-NBOMe | NBOMe-2C-D,Psychedelic,recreational,5-HT2A-agonist | CYP2D6-substrate | NBOMe | class:substituted phenethylamines | phenethylamine | research-chemical,sublingual,sublingual,sublingual,yes,yes,,25D-NBOMe 对 5-HT 受体 具有效力，在其中充当部分激动剂喵。然而，这些相互作用的作用以及它们如何导致迷幻体验，目前仍然难以捉摸呢。在结构中加入 NBOMe 组导致其效力比 2C-D 增加了 16 倍，这使得即使是极端的剂量也能以液体形式滴在贴纸或滤纸上，人们经常将其误认为是 LSD 呢。,,,"half_life_minutes, references"
25E-NBOH,,,Psychedelic,recreational,class:substituted phenethylamines,sublingual,sublingual,sublingual,yes,yes,,,,,"half_life_minutes, mechanism_of_action, references"
25E-NBOMe,,25e | NBOMe-2C-E,Psychedelic,recreational,5-HT2A-agonist | CYP2D6-substrate | NBOMe | phenethylamine | research-chemical,sublingual,sublingual,sublingual,yes,yes,,,,,"half_life_minutes, mechanism_of_action, references"
25G-NBOMe,,25g | 25gnbome | NBOMe-2C-G,Psychedelic,recreational,5-HT2A-agonist | NBOMe | likely-inactive | phenethylamine | research-chemical | tentative,sublingual,sublingual,sublingual,yes,yes,,,,,"half_life_minutes, mechanism_of_action, references"
25H-NBOMe,,25-H-NBOMe | 25H | 2C-H-NBOMe | NBOMe-2C-H | NBOMe-H,Psychedelic,recreational,5-HT2A-agonist | NBOMe | phenethylamine | research-chemical | tentative,insufflation,insufflation | sublingual,insufflation | sublingual,yes,yes,,,,,"half_life_minutes, mechanism_of_action, references"
25I-NBF,,2C-I-NBF | NBF-2C-I,Psychedelic,recreational,5-HT2A-agonist | NBF | phenethylamine | research-chemical | tentative,insufflation,insufflation | oral | sublingual,insufflation | oral | sublingual,yes,yes,,,,,"half_life_minutes, mechanism_of_action, references"
25I-NBMD,,25I-NB34MD | 2C-I-NBMD | Cimbi-29 | INBMDO | NBMD-2C-I,Psychedelic,recreational,NBMD | phenethylamine | research-chemical | tentative,buccal,buccal | insufflation | sublingual,buccal | insufflation | sublingual,yes,yes,,,,,"half_life_minutes, mechanism_of_action, references"
25I-NBOH,,2C-I-NBOH | Cimbi-27 | NBOH-2C-I | NBOH-2ci,Psychedelic,recreational,5-HT2A-agonist | CYP2D6-substrate | NBOH | class:substituted phenethylamines | phenethylamine | phenolic-glucuronidation | research-chemical | tentative,buccal,buccal | oral | sublingual,buccal | oral | sublingual,yes,yes,,,,,"half_life_minutes, mechanism_of_action, references"
25I-NBOMe,,2-C-I-NBOMe | 25-I | 25I | 2C-I-NBOMe | Cimbi-5 | N-bomb | NBOMe-2C-I,Psychedelic,recreational,5-HT2A-agonist | CYP2D6-substrate | CYP3A4-substrate | NBOMe | class:substituted phenethylamines | fatality-documented | hERG-data-lacking | phenethylamine | research-chemical,buccal,buccal | insufflation | oral | sublingual,buccal | insufflation | sublingual,yes,yes,,Full 5-HT2A Receptor Agonist (High Potency),"Acuity enhancement | After images | Analysis enhancement | Auditory distortion | Auditory enhancement | Auditory hallucinations | Autonomous entities | Color enhancement | Color shifting | Conceptual thinking | Difficulty urinating | Drifting | Emotion enhancement | Empathy, love, and sociability enhancement | Feelings of impending doom | Geometry | Immersion enhancement | Increased blood pressure | Increased heart rate | Increased libido | Internal hallucinations | Language suppression | Laughter | Magnification | Memory suppression | Nausea | Novelty enhancement | Pattern recognition enhancement | Perception of decreased weight | Personal bias suppression | Perspective alterations | Pupil dilation | Scenarios and plots | Scenery slicing | Settings, sceneries, and landscapes | Spontaneous tactile sensations | Stimulation | Sublingual numbing | Symmetrical texture repetition | Thought acceleration | Thought connectivity | Time distortion | Tracers | Transformations | Vasoconstriction | Wakefulness",,"half_life_minutes, references"
25Ip-NBOMe,,"25iP-NBMe | 25ip | 2C-iP-NBOMe | NBOMe isopropyl-2,5-DMPEA | NBOMe-2C-iP",Psychedelic,recreational,5-HT2A-agonist | NBOMe | phenethylamine | research-chemical | tentative,buccal,buccal | insufflation | oral | sublingual,buccal | insufflation | oral | sublingual,yes,yes,,,,,"half_life_minutes, mechanism_of_action, references"
25N-NBOMe,,2-C-N-NBOMe | 25n | NBOMe-2C-N,Psychedelic,recreational,5-HT2A-agonist | NBOMe | class:substituted phenethylamines | phenethylamine | research-chemical | tentative,sublingual,sublingual,sublingual,yes,yes,,,,,"half_life_minutes, mechanism_of_action, references"
25P-NBOMe,,25P | 2C-P-NBOMe | NBOMe | NBOMe-2C-P | P-NBOMe,Psychedelic,recreational,5-HT2A-agonist | NBOMe | duplicate-of-25P-NBOMe | phenethylamine | research-chemical | tentative,inhalation,inhalation | insufflation | oral | sublingual,inhalation | insufflation | oral | sublingual,yes,yes,,,,,"half_life_minutes, mechanism_of_action, references"
25T-2-NBOMe,,25T2-NBOMe | 2C-T-2-NBOMe | NBOMe-2C-T-2 | OZEBFZPAWCXEGK,Psychedelic,recreational,5-HT2A-agonist | NBOMe | phenethylamine | research-chemical | tentative,buccal,buccal | insufflation | sublingual,buccal | insufflation | sublingual,yes,yes,,,,,"half_life_minutes, mechanism_of_action, references"
25T-NBOMe,,25T2-NBOMe | 25T4-NBOMe | 25T7-NBOMe | 2C-T-NBOMe | NBOMe-2C-T,Psychedelic,recreational,5-HT2A-superpotent | NBOMe,buccal,buccal | insufflation | sublingual,buccal | insufflation | sublingual,yes,yes,,,,,"half_life_minutes, mechanism_of_action, references"
2C-B,,2-CB | 2cb | BDMPEA | Bees | Bromo-mescaline | Nexus | Venus,Psychedelic,recreational,2C-x | 5-HT2A-agonist | 5-HT2B-agonist | 5HT2A-agonist | PIHKAL | class:substituted phenethylamines | no-human-data | phenethylamine | psychedelic,insufflation,insufflation | intravenous | oral | rectal,insufflation | intravenous | oral | rectal,yes,yes,,,"Acuity enhancement | After images | Analysis enhancement | Auditory distortion | Auditory enhancement | Auditory hallucinations | Autonomous entities | Bodily control enhancement | Color enhancement | Color shifting | Conceptual thinking | Delusions | Depth perception distortions | Drifting | Emotion enhancement | Empathy, love, and sociability enhancement | Feelings of interdependent opposites | Feelings of predeterminism | Feelings of self-design | Geometry | Immersion enhancement | Increased blood pressure | Increased heart rate | Increased libido | Internal hallucinations | Memory suppression | Nausea | Novelty enhancement | Pattern recognition enhancement | Personal bias suppression | Perspective alterations | Physical euphoria | Pupil dilation | Rejuvenation | Scenarios and plots | Scenery slicing | Settings, sceneries, and landscapes | Spontaneous tactile sensations | Stimulation | Symmetrical texture repetition | Synaesthesia | Tactile enhancement | Teeth grinding | Thought acceleration | Thought connectivity | Time distortion | Tracers | Transformations | Visual haze",https://en.wikipedia.org/wiki/2C-B | https://erowid.org/library/books_online/pihkal/pihkal020.shtml,"half_life_minutes, mechanism_of_action"
2C-B-AN,,,Psychedelic,recreational,2C-x | 5-HT2A-agonist | phenethylamine | research-chemical | tentative,oral,oral,oral,yes,yes,,,,,"half_life_minutes, mechanism_of_action, references"
2C-B-FLY,,2C-Bromo-FLY | 2CBFLY | 2cb-FLY,Psychedelic,recreational,2C-x | 5-HT2A-agonist | 5-HT2B-strong | class:substituted benzofurans | class:substituted phenethylamines | phenethylamine | research-chemical | valvulopathy-concern,insufflation,insufflation | oral,insufflation | oral,yes,yes,,"2C-B-FLY 是一种致幻苯乙胺，是 2C-B 的二氢二呋喃类似物。

关于其全部效应是如何产生的知之甚少，一般认为 2C-B-FLY 的致幻效应来自于它作为部分激动剂对5-HT2A 受体的功效。然而，这些相互作用的作用以及它们如何导致致幻体验，仍然是正在进行的科学研究的主题呢。",,,"half_life_minutes, references"
2C-B-FLY-NBOMe,,2cbflynbome | NBOMe-2C-B-FLY,Empathogen,recreational,2C-x | 5-HT2A-agonist | MISCATEGORIZED | NBOMe | fatality-risk | phenethylamine | psychedelic | research-chemical | tentative,buccal,buccal | insufflation | sublingual,buccal | insufflation | sublingual,yes,yes,,,,,"half_life_minutes, mechanism_of_action, references"
2C-C,,"2CC | 4-氯-2,5-二甲氧基苯乙胺 | BDMCPA",Psychedelic,recreational,2C-x | 5-HT2A-agonist | PIHKAL | class:substituted phenethylamines | no-human-data | phenethylamine | research-chemical,insufflation,insufflation | oral,insufflation | oral,yes,yes,,"更多信息请见：血清素能迷幻剂

2C-C 的迷幻效果被认为源于它对 5-HT2A 受体的部分激动剂作用。不过呢，这些相互作用具体是如何导致迷幻体验的，目前的科学界还在持续研究中喵。","Acuity enhancement | Analysis enhancement | Auditory distortion | Auditory enhancement | Auditory hallucinations | Autonomous entities | Bodily control enhancement | Color enhancement | Color shifting | Conceptual thinking | Drifting | Emotion enhancement | Empathy, love, and sociability enhancement | External hallucinations | Geometry | Immersion enhancement | Increased heart rate | Increased libido | Internal hallucinations | Machinescapes | Memory suppression | Mindfulness | Nausea | Novelty enhancement | Pattern recognition enhancement | Personal bias suppression | Perspective alterations | Pupil dilation | Scenarios and plots | Sedation | Settings, sceneries, and landscapes | Spontaneous tactile sensations | Stimulation | Tactile enhancement | Temperature regulation suppression | Thought acceleration | Thought connectivity | Time distortion | Tracers | Transformations | Unity and interconnectedness | Wakefulness",https://erowid.org/library/books_online/pihkal/pihkal022.shtml,half_life_minutes
2C-D,,"2,5-二甲氧基-4-甲基苯乙胺 | 2C-M | 2CD | 2cm | LE-25",Psychedelic,recreational,2C-x | 5-HT2A-agonist | MAO-substrate | PIHKAL | class:Phenethylamine | class:substituted phenethylamines | phenethylamine | research-chemical,insufflation,insufflation | oral,insufflation | oral,yes,yes,,2C-D 的迷幻作用被认为来自于它作为部分激动剂在 5-HT2A 受体上的功效。然而，这些相互作用的作用以及它们如何导致迷幻体验仍然难以捉摸。,"Acuity enhancement | Analysis enhancement | Auditory distortion | Auditory enhancement | Auditory hallucinations | Autonomous entities | Bodily control enhancement | Color enhancement | Color shifting | Conceptual thinking | Drifting | Emotion enhancement | External hallucinations | Geometry | Internal hallucinations | Memory suppression | Nausea | Novelty enhancement | Pattern recognition enhancement | Personal bias suppression | Perspective alterations | Pupil dilation | Scenarios and plots | Sedation | Settings, sceneries, and landscapes | Spontaneous tactile sensations | Tactile enhancement | Temperature regulation suppression | Thought acceleration | Thought connectivity | Time distortion | Tracers | Transformations",https://erowid.org/library/books_online/pihkal/pihkal023.shtml,half_life_minutes
2C-E,,"2,5-二甲氧基-4-乙基苯乙胺 | 2ce | CAS 71539-34-9 | Eternity | aqua rust | aquarust",Psychedelic,recreational,2C-x | 5-HT2A-agonist | PIHKAL | class:substituted phenethylamines | no-human-data | phenethylamine | research-chemical,insufflation,insufflation | oral,insufflation | oral,yes,yes,,人们认为 2C-E 的迷幻效果来自其作为部分激动剂在 5-HT2A 受体上的功效。然而，这些相互作用的作用以及它们如何导致迷幻体验仍然是正在进行的科学研究的主题嘛。,"Acuity enhancement | After images | Analysis enhancement | Auditory distortion | Auditory enhancement | Auditory hallucinations | Autonomous entities | Bodily control enhancement | Color enhancement | Color shifting | Conceptual thinking | Creativity enhancement | Drifting | Emotion enhancement | Empathy, love, and sociability enhancement | Geometry | Immersion enhancement | Increased blood pressure | Increased heart rate | Increased libido | Internal hallucinations | Memory suppression | Nausea | Novelty enhancement | Pattern recognition enhancement | Personal bias suppression | Perspective alterations | Pupil dilation | Scenarios and plots | Scenery slicing | Settings, sceneries, and landscapes | Spirituality enhancement | Spontaneous tactile sensations | Stimulation | Symmetrical texture repetition | Synaesthesia | Tactile enhancement | Temperature regulation suppression | Thought acceleration | Thought connectivity | Time distortion | Tracers | Transformations | Wakefulness",https://erowid.org/library/books_online/pihkal/pihkal024.shtml,half_life_minutes
2C-EF,,"2,5-DMPEA-2F-Et | PiHKAL #370",Psychedelic,recreational,,oral,oral,oral,yes,yes,,"The psychedelic effects of 2C-EF are believed to stem from its activity as a partial agonist at 5-HT receptors. The precise role of these interactions, and how they give rise to the psychedelic experience, remains an active area of scientific investigation.",,,"half_life_minutes, references"
2C-F,,"4-F-2,5-DMPEA | CAS 207740-15-6",Psychedelic,recreational,2C-x | 5-HT2A-agonist | 5HT2A-agonist | PIHKAL | no-human-data | phenethylamine | psychedelic,oral,oral,,no,yes,,,,https://en.wikipedia.org/wiki/2C-F | https://erowid.org/library/books_online/pihkal/pihkal026.shtml,"dose_ranges_by_route, half_life_minutes, mechanism_of_action"
2C-G,,2cg | PiHKAL #27,Psychedelic,recreational,2C-x | 5-HT2A-agonist | PIHKAL | no-human-data | phenethylamine | research-chemical | tentative,oral,oral,oral,yes,yes,,,,https://erowid.org/library/books_online/pihkal/pihkal027.shtml,"half_life_minutes, mechanism_of_action"
2C-G-3,,,Psychedelic,recreational,2C-x | 5-HT2A-agonist | PIHKAL | no-human-data | phenethylamine,oral,oral,oral,yes,yes,,,,https://erowid.org/library/books_online/pihkal/pihkal028.shtml,"half_life_minutes, mechanism_of_action"
2C-G-5,,,Psychedelic,recreational,2C-x | 5-HT2A-agonist | PIHKAL | no-human-data | phenethylamine | research-chemical,oral,oral,oral,yes,yes,,,,https://erowid.org/library/books_online/pihkal/pihkal030.shtml,"half_life_minutes, mechanism_of_action"
2C-G-N,,2C-G-NPH,Psychedelic,recreational,2C-x | 5-HT2A-agonist | PIHKAL | no-human-data | phenethylamine,oral,oral,oral,yes,yes,,,,https://erowid.org/library/books_online/pihkal/pihkal031.shtml,"half_life_minutes, mechanism_of_action"
2C-H,,"2,5-DMPEA | 2,5-dimethoxyphenethylamine | 2,5-二甲氧基苯乙胺",Psychedelic,recreational,2C-x | 5-HT2A-agonist | PIHKAL | no-human-data | phenethylamine,,,,no,no,,目前还没有 2C-H 在人类身上进行试验的记录，因为它在产生任何显著的精神活性效应之前，很可能就会被单胺氧化酶分解掉啦。关于 2C-H 的药理特性、代谢和毒性的数据非常少。不过，研究表明它对大鼠的 5-HT2C 和 5-HT2A 受体具有结合亲和力。在实验中，2C-H 已被证明能抑制超过 50% 的 MAO-B 活性呢。,,https://erowid.org/library/books_online/pihkal/pihkal032.shtml,"dose_ranges_by_route, duration_by_route, half_life_minutes"
2C-I,,"2,5-DM-4-I-PEA | 2,5-二甲氧基-4-碘苯乙胺 | 25I | 2C I | 2CI | Cimbi-88 | Smiles”",Psychedelic,recreational,2C-x | 5-HT2A-agonist | PIHKAL | class:Phenethylamine | class:substituted phenethylamines | no-human-data | phenethylamine | research-chemical,insufflation,insufflation | oral,insufflation | oral,yes,yes,,"2C-I 是 2C-x 家族的一种迷幻苯乙胺。2C-I 通常以片剂或胶囊形式口服，或以粉末形式鼻吸。也有发现它被浸泡在小方块吸墨纸上用于口服，这是一种常见于分发和滥用 LSD 的技术。2C-I 主要引起刺激和致幻效果，包括增强的视觉、听觉和触觉感受。中等剂量可能会引起完全的幻觉，也能产生欣快感。

人们认为 2C-I 的迷幻效果来自于它作为部分激动剂在 5-HT2A 受体上的功效。然而，这些相互作用的作用机制以及它们如何导致迷幻体验，仍然是正在进行的科学研究的主题呢。","Acuity enhancement | Analysis enhancement | Auditory distortion | Auditory enhancement | Auditory hallucinations | Autonomous entities | Bodily control enhancement | Color enhancement | Color shifting | Drifting | Emotion enhancement | Empathy, love, and sociability enhancement | External hallucinations | Geometry | Immersion enhancement | Increased heart rate | Increased libido | Internal hallucinations | Memory suppression | Nausea | Novelty enhancement | Pattern recognition enhancement | Perspective alterations | Physical euphoria | Pupil dilation | Scenarios and plots | Scenery slicing | Settings, sceneries, and landscapes | Spontaneous tactile sensations | Stimulation | Symmetrical texture repetition | Synaesthesia | Tactile enhancement | Temperature regulation suppression | Time distortion | Tracers | Transformations | Unity and interconnectedness | Wakefulness",https://erowid.org/library/books_online/pihkal/pihkal033.shtml,half_life_minutes
2C-IP,,,Psychedelic,recreational,2C-x | 5-HT2A-agonist | MAO-substrate | phenethylamine | research-chemical | tentative,insufflation,insufflation | oral,insufflation | oral,yes,yes,,,,,"half_life_minutes, mechanism_of_action, references"
2C-N,,2C-N nitrate | 2cn,Psychedelic,recreational,2C-x | 5-HT2A-agonist | PIHKAL | no-human-data | phenethylamine | research-chemical | tentative,oral,oral,oral,yes,yes,,,,https://erowid.org/library/books_online/pihkal/pihkal034.shtml,"half_life_minutes, mechanism_of_action"
2C-O-4,,,Psychedelic,recreational,2C-x | 5-HT2A-agonist | 5-HT2A-presumed | PIHKAL | no-human-data | phenethylamine | weak-psychedelic | wrong-group-classification,,,,no,no,,,,https://erowid.org/library/books_online/pihkal/pihkal035.shtml,"dose_ranges_by_route, duration_by_route, half_life_minutes, mechanism_of_action"
2C-P,,"2,5-二甲氧基-4-丙基苯乙胺 | 2CP | selene",Psychedelic,recreational,2C-x | 5-HT2A-agonist | PIHKAL | class:substituted phenethylamines | no-human-data | phenethylamine | research-chemical,insufflation,insufflation | oral,insufflation | oral,yes,yes,,"2C-P 是 2C 家族中一种相对强效且长效的致幻苯乙胺，同时也具有兴奋剂类型的效果。它最早由亚历山大·舒尔金在他的书 PiHKAL 中描述。

2C-P 已被证明能产生各种强烈的 致幻 效果，从意识和感知的剧烈变化，到睁眼和闭眼视觉效果。按同等剂量计算，2C-P 被认为是 2C-x 化合物中最强的一种，只有 2C-TFM 能与之匹敌呢。

2C-P 的 致幻 效果被认为来自于它作为 部分激动剂 对 5-HT2A 受体 的功效。然而，这些相互作用的作用以及它们如何导致 致幻 体验仍然是个谜哦。","Acuity enhancement | After images | Analysis enhancement | Auditory distortion | Auditory enhancement | Auditory hallucinations | Autonomous entities | Bodily control enhancement | Color enhancement | Color shifting | Conceptual thinking | Creativity enhancement | Delusions | Depth perception distortions | Drifting | Emotion enhancement | Feelings of interdependent opposites | Geometry | Immersion enhancement | Increased blood pressure | Increased heart rate | Increased libido | Internal hallucinations | Machinescapes | Memory suppression | Nausea | Novelty enhancement | Pattern recognition enhancement | Personal bias suppression | Personal meaning enhancement | Perspective alterations | Pupil dilation | Scenarios and plots | Scenery slicing | Settings, sceneries, and landscapes | Spirituality enhancement | Spontaneous tactile sensations | Stimulation | Subconscious communication | Symmetrical texture repetition | Tactile enhancement | Temperature regulation suppression | Thought acceleration | Thought loops | Time distortion | Tracers | Transformations | Unity and interconnectedness | Unspeakable horrors",https://erowid.org/library/books_online/pihkal/pihkal036.shtml,half_life_minutes
2C-SE,,,Psychedelic,recreational,2C-x | 5-HT2A-agonist | PIHKAL | no-human-data | phenethylamine,oral,oral,oral,yes,yes,,,,https://erowid.org/library/books_online/pihkal/pihkal038.shtml,"half_life_minutes, mechanism_of_action"
2C-T,,2ct | Tesseract,Empathogen,recreational,2C-x | 5-HT2A-agonist | PIHKAL | class:substituted phenethylamines | no-human-data | phenethylamine | research-chemical | tentative,oral,oral,oral,yes,yes,,"延伸阅读：血清素能迷幻剂

能够产生2C-T致幻与宗教致幻效应的作用机制，目前尚未在科学文献中得到明确建立；不过，它的主要迷幻效应很可能来自其在5-HT受体处作为部分激动剂的活性。许多其他迷幻性苯乙胺类物质和色胺类物质也共享这一作用机制。

不过，这些相互作用究竟扮演什么角色、又是如何导向迷幻体验的，目前仍然没有完全弄明白呢。

由于其结构与2C-T-2和2C-T-7相近，这种化合物可能具有一定的单胺氧化酶抑制剂特性。",,https://erowid.org/library/books_online/pihkal/pihkal039.shtml,half_life_minutes
2C-T-13,,,Psychedelic,recreational,2C-x | 5-HT2A-agonist | PIHKAL | no-human-data | phenethylamine,oral,oral,oral,yes,yes,,,,https://erowid.org/library/books_online/pihkal/pihkal046.shtml,"half_life_minutes, mechanism_of_action"
2C-T-15,,SESQUI,Psychedelic,recreational,2C-x | 5-HT2A-agonist | PIHKAL | no-human-data | phenethylamine,,,,no,no,,,,https://erowid.org/library/books_online/pihkal/pihkal047.shtml,"dose_ranges_by_route, duration_by_route, half_life_minutes, mechanism_of_action"
2C-T-17,,NIMITZ,Psychedelic,recreational,2C-x | 5-HT2A-agonist | PIHKAL | no-human-data | phenethylamine,oral,oral,oral,yes,yes,,,,https://erowid.org/library/books_online/pihkal/pihkal048.shtml,"half_life_minutes, mechanism_of_action"
2C-T-2,,"2,5-DM-4-ET-PEA | 2C-T2 | 2CT2 | Rosy | T-2”",Psychedelic,recreational,2C-x | 5-HT2A-agonist | PIHKAL | class:substituted phenethylamines | no-human-data | phenethylamine | research-chemical,insufflation,insufflation | oral | rectal,insufflation | oral | rectal,yes,yes,,"2C-T-2 产生致幻和神圣致幻效果的作用机制尚未在科学文献中确立；然而，它主要的迷幻效果很可能是作为5-HT2A受体的部分激动剂的结果。这个作用机制也是许多其他迷幻苯乙胺类物质和色胺类物质所共有的呢。

虽然目前还没有确定的科学实验来证实 2C-T-2 的 MAO-A 抑制作用，但在 4 位被烷硫基取代的苯乙胺衍生物（如 4-MTA，以及 2C-T-7 的 2,5-去甲氧基衍生物）已知是选择性单胺氧化酶A抑制剂。 此外，许多 2C-T-x 的苯丙胺类似物已被发现具有高度选择性的 MAO-A 抑制作用。因此，这种物质可能同样具有 MAOI 效应哦。

不过，这些相互作用的作用以及它们如何导致迷幻体验，目前还是个谜呢。","Acuity enhancement | After images | Analysis enhancement | Auditory distortion | Auditory enhancement | Auditory hallucinations | Autonomous entities | Bodily control enhancement | Color enhancement | Color shifting | Conceptual thinking | Delusions | Drifting | Emotion enhancement | External hallucinations | Feelings of interdependent opposites | Geometry | Immersion enhancement | Increased heart rate | Internal hallucinations | Memory suppression | Nausea | Novelty enhancement | Pattern recognition enhancement | Personal bias suppression | Perspective alterations | Pupil dilation | Scenarios and plots | Scenery slicing | Settings, sceneries, and landscapes | Spontaneous tactile sensations | Stimulation | Stomach cramps | Symmetrical texture repetition | Tactile enhancement | Temperature regulation suppression | Thought acceleration | Thought loops | Time distortion | Tracers | Transformations | Unity and interconnectedness | Vasoconstriction | Wakefulness",https://erowid.org/library/books_online/pihkal/pihkal040.shtml,half_life_minutes
2C-T-21,,Aurora | T-21,Psychedelic,recreational,2C-x | 5-HT2A-agonist | PIHKAL | class:substituted phenethylamines | no-human-data | phenethylamine | research-chemical | tentative,insufflation,insufflation | oral,insufflation | oral,yes,yes,,"2C-T-21 的迷幻效应被认为源于它作为部分激动剂对 5-HT 受体的作用。然而，这些相互作用的具体角色以及它们如何导致迷幻体验，目前仍然难以捉摸呢。

由于这种化合物在结构上与 2C-T-2 和 2C-T-7 相似，也被认为可能具有 MAOI 特性哦。",,https://erowid.org/library/books_online/pihkal/pihkal049.shtml,half_life_minutes
2C-T-4,,2-ct4 | 2CT4 | 2c-t4 | 2ct-4 | PSI-2C-T-4,Psychedelic,recreational,2C-x | 5-HT2A-agonist | PIHKAL | no-human-data | phenethylamine | research-chemical,insufflation,insufflation | oral,insufflation | oral,yes,yes,,,,https://erowid.org/library/books_online/pihkal/pihkal041.shtml,"half_life_minutes, mechanism_of_action"
2C-T-4-NBOMe,,25T-4-NBOMe | 25T4-NBOMe | NBOMe-2C-T-4,Psychedelic,recreational,5-HT2A-agonist | NBOMe | phenethylamine | research-chemical | tentative,buccal,buccal | insufflation | sublingual,buccal | insufflation | sublingual,yes,yes,,,,,"half_life_minutes, mechanism_of_action, references"
2C-T-7,,2C-T7 | 2ct7 | 7-UP | 7th Heaven | Beautiful | Blue Mystic | PT-DM-PEA | T7 | Tripstasy | tweety-bird mescaline,Psychedelic,recreational,2C-x | 5-HT2A-agonist | PIHKAL | class:substituted phenethylamines | no-human-data | phenethylamine | research-chemical,insufflation,insufflation | oral | rectal,insufflation | oral | rectal,yes,yes,,"2C-T-7 的迷幻作用已被证明来自于其作为部分激动剂在 5-HT2A 受体上的功效。然而，这些相互作用的作用机制以及它们如何导致迷幻体验仍然难以捉摸呢。

由于该化合物过量服用会出现严重的副作用（可能是血清素综合征），并且 2C-T-7 的 2,5-去甲氧基衍生物已被证明是中等强度的单胺氧化酶 A 抑制剂，而且 2,5-二甲氧基苯乙胺类物质 系列的许多苯丙胺类似物是高选择性的 MAO-A 抑制剂（其中 ALEPH-7 是最有效的之一），因此人们普遍认为该物质也具有 单胺氧化酶抑制剂（MAOI） 效应。","Acuity enhancement | After images | Analysis enhancement | Auditory distortion | Auditory enhancement | Auditory hallucinations | Autonomous entities | Bodily control enhancement | Color enhancement | Color shifting | Conceptual thinking | Delusions | Drifting | Emotion enhancement | Feelings of interdependent opposites | Geometry | Headaches | Immersion enhancement | Increased blood pressure | Increased heart rate | Internal hallucinations | Memory suppression | Nausea | Novelty enhancement | Pattern recognition enhancement | Personal bias suppression | Perspective alterations | Pupil dilation | Scenarios and plots | Scenery slicing | Settings, sceneries, and landscapes | Spontaneous tactile sensations | Stimulation | Symmetrical texture repetition | Tactile enhancement | Temperature regulation suppression | Thought acceleration | Thought loops | Time distortion | Tracers | Transformations | Unity and interconnectedness | Wakefulness",https://erowid.org/library/books_online/pihkal/pihkal043.shtml,half_life_minutes
2C-T-7-NBOMe,,25T7-NBOMe | NBOMe-2C-T-7,Psychedelic,recreational,,insufflation,insufflation | oral | sublingual,insufflation | oral | sublingual,yes,yes,,,,,"half_life_minutes, mechanism_of_action, references"
2C-T-8,,,Psychedelic,recreational,2C-x | 5-HT2A-agonist | PIHKAL | no-human-data | phenethylamine,oral,oral,oral,yes,yes,,,,https://erowid.org/library/books_online/pihkal/pihkal044.shtml,"half_life_minutes, mechanism_of_action"
2C-T-9,,,Psychedelic,recreational,2C-x | 5-HT2A-agonist | PIHKAL | no-human-data | phenethylamine,oral,oral,oral,yes,yes,,,,https://erowid.org/library/books_online/pihkal/pihkal045.shtml,"half_life_minutes, mechanism_of_action"
2M2B,,,Depressant,recreational,class:alcohol,oral,oral,oral,yes,yes,,,,,"half_life_minutes, mechanism_of_action, references"
2T-MMDA-3a,,,Psychedelic,recreational,PIHKAL | SNDRI | no-human-data | phenethylamine,,,,no,no,,,,https://erowid.org/library/books_online/pihkal/pihkal166.shtml,"dose_ranges_by_route, duration_by_route, half_life_minutes, mechanism_of_action"
"3,3-Diphenylcyclobutanamine",3-DPCB,"3,3-Diphenylcyclobutylamine | 3-DPCB | DPCB",,recreational,class:Diphenyl-substituted cyclobutylamine,oral,oral,oral,yes,yes,,,,,"half_life_minutes, mechanism_of_action, references"
"3,4-CFPP",,CFPP | Kleferein,Stimulant,recreational,,insufflation,insufflation | oral,insufflation | oral,yes,yes,,,,,"half_life_minutes, mechanism_of_action, references"
"3,4-CTMP",,"3,4-DCMP | 3,4-dichloromethylphenidate | 34ctmp | 4-二氯哌甲酯",Stimulant,recreational,class:substituted phenidates | habit-forming | high-DAT-affinity | long-duration | research-chemical,oral,oral,oral,yes,yes,,"3,4-CTMP 作为多巴胺和去甲肾上腺素再摄取抑制剂发挥作用，这意味着它通过结合并部分阻断通常将这些单胺从突触间隙中移除的转运蛋白，从而有效提高大脑中多巴胺和去甲肾上腺素神经递质的水平喵。这使得多巴胺和去甲肾上腺素在大脑内积累，从而产生兴奋和欣快的效果。3,4-CTMP 还被鉴定为 5-HT2B 血清素受体的相对强效激动剂。这很令人担心呢，因为 5-HT2B 受体的激动会导致一种潜在的严重效应，称为肺动脉高压，即把血液从心脏泵向肺部的肺动脉发生收缩。此外，长期刺激 5-HT2B 受体还与通过纤维化导致的严重心脏瓣膜疾病有关。具有这种效应的其他药物，如阿米雷司（一种已退市的药物减肥药），已导致全球大量长期心脏损伤和死亡案例。",,,"half_life_minutes, references"
"3,4-Dimethoxy-A-PHP",,"3,4-DMPV” | 3,4-DiMeO-Α-PHP | DMO-PHP",Stimulant,recreational,pyrrolidinophenone-predicted,inhalation,inhalation | insufflation | oral,inhalation | insufflation | oral,yes,yes,,,,,"half_life_minutes, mechanism_of_action, references"
"3,4-DMA",,"3,4-dimethoxyamphetamine | 3,4-dimethoxyphenylisopropylamine | EA-1316",Psychedelic,recreational,PIHKAL | no-human-data | phenethylamine,,,,no,no,,,,https://erowid.org/library/books_online/pihkal/pihkal055.shtml,"dose_ranges_by_route, duration_by_route, half_life_minutes, mechanism_of_action"
"3,4-DMMC",,"3,4-dimethyl methcathinone | 3,4-dimethylmethcathinone | 4-dimethyl-methcathinone | DMMC | M2",Stimulant,recreational,substrate-releaser-predicted,insufflation,insufflation | oral,insufflation | oral,yes,yes,,,,,"half_life_minutes, mechanism_of_action, references"
"3,4-Methylenedioxy-phencyclidine",4-MD-PCP,"3,4-MD-PCP | 3,4-benzodioxole-PCP | 3,4-methylenedioxy-PCP | 4-MD-PCP | MDPCP",Dissociative,recreational,,insufflation,insufflation | oral,insufflation | oral,yes,yes,,,,,"half_life_minutes, mechanism_of_action, references"
"3,4-Methylenedioxyphenmetrazine",3-MDPM,"3,4-MD-phenmetrazine | 3,4-MDPM | 3-MDPM | MDPM | Methylenedioxyphenmetrazine",Stimulant,recreational,NDRA,insufflation,insufflation | oral,insufflation | oral,yes,yes,,,,,"half_life_minutes, mechanism_of_action, references"
"3,4-Trimethylenepentedrone","3,4-TMPD","3,4-TMPD | TMPD",Stimulant,recreational,DAT-NET-blocker-predicted,insufflation,insufflation | oral | rectal,insufflation | oral | rectal,yes,yes,,,,,"half_life_minutes, mechanism_of_action, references"
"3,6-DMPM",,,Stimulant,recreational,research-chemical | tentative,,,,no,no,,,,,"dose_ranges_by_route, duration_by_route, half_life_minutes, mechanism_of_action, references"
3-CAF,,3-CA | 3-chloroamphetamine | MCA | m-CA | meta-chloroamphetamine,Stimulant,recreational,,insufflation,insufflation | oral,insufflation | oral,yes,yes,,,,,"half_life_minutes, mechanism_of_action, references"
3-CEC,,3-CL-ethcathinone | 3-Chloroethcathinone | 3-chloro-NEC,Stimulant,recreational,hybrid-DAT-preferring-predicted,insufflation,insufflation | oral,insufflation | oral,yes,yes,,,,,"half_life_minutes, mechanism_of_action, references"
3-Chloromethcathinone,3-CMC,3-CMC | 3-氯甲卡西酮 | 3cmc | clophedrone | m-chloro-methcathinone,Stimulant,recreational,DA-preferring | DRI | cathinone | delayed-cytotoxicity | fatalities-reported | habit-forming | neurotoxic-evidence-preliminary | no-human-data | phenethylamine | research-chemical | substrate-releaser | tentative,insufflation,insufflation | oral,insufflation | oral,yes,yes,,3-CMC 的药理学尚未被充分研究，不过已知它会促进多巴胺、去甲肾上腺素 和血清素 的释放，类似于其他取代甲卡西酮类物质。,,https://www.emcdda.europa.eu/publications/risk-assessments/3-cmc_en,half_life_minutes
3-Chlorophenmetrazine,,3-CPM | 3-chloro-phenmetrazine | PAL-594 | PAL594,Stimulant,recreational,NDRA | class:Substituted phenylmorpholine,inhalation,inhalation | insufflation | oral,inhalation | insufflation | oral,yes,yes,,,,,"half_life_minutes, mechanism_of_action, references"
3-CL-PCP,,3-Chloro-PCP,Dissociative,recreational,,,,,no,no,,,,,"dose_ranges_by_route, duration_by_route, half_life_minutes, mechanism_of_action, references"
3-EtO-PCP,,3-OEt-PCP | 3-ethoxy-PCP,Dissociative,recreational,class:Arylcyclohexylamine dissociative,inhalation,inhalation | insufflation | oral,inhalation | insufflation | oral,yes,yes,,,,,"half_life_minutes, mechanism_of_action, references"
3-FA,,3-Fluoroamphetamine | 3fa | PAL-353,Stimulant,recreational,class:amphetamine | class:substituted amphetamines | habit-forming | research-chemical | tentative,oral,oral,oral,yes,yes,,,,,"half_life_minutes, mechanism_of_action, references"
3-FEA,,,Stimulant,recreational,class:amphetamine | class:substituted amphetamines | habit-forming | research-chemical | tentative,insufflation,insufflation | oral,insufflation | oral,yes,yes,,,,,"half_life_minutes, mechanism_of_action, references"
3-Fluoro-PCP,,3'-F-PCP | 3-F-PCP | 3-fluoro phencyclidine | 3F-PCP | 3FPCP,Dissociative,recreational,NMDA-antagonist | PCP-analog | arylcyclohexylamine | class:Arylcyclohexylamine dissociative | duplicate-of-3-Fluoro-PCP | no-human-data | research-chemical,insufflation,insufflation | intramuscular | oral | rectal | sublingual,insufflation | intramuscular | oral | rectal | sublingual,yes,yes,,,,,"half_life_minutes, mechanism_of_action, references"
3-Fluoroethamphetamine,3-FEA,3-FEA | meta-fluoro ethylamphetamine,Stimulant,recreational,,insufflation,insufflation | oral,insufflation | oral,yes,yes,,"虽然 3-FEA 还没有像传统苯丙胺那样被正式研究过，但目前认为，就像在类似位置有取代基的其他取代苯丙胺类物质一样，它最可能的作用机制是作为单胺神经递质——血清素、多巴胺和去甲肾上腺素的三重再摄取抑制剂和/或释放剂哦。

研究表明，与未取代的乙基苯丙胺相比，3-氟乙基苯丙胺释放多巴胺的能力较弱，但释放血清素和去甲肾上腺素的能力更强。在动物实验中，尽管它不是最强效的多巴胺释放剂，但在所测试的一系列 3-取代苯丙胺衍生物中，它产生的强化效应是最强的喵。

这表明 3-FEA 通过作为释放剂和/或通过结合并部分阻断转运蛋白，有效地增加了大脑中这三种主要单胺神经递质的水平。这种转运蛋白阻断作用让这些分子在大脑核心突触区域积累到超过内源性的水平，从而产生放松、兴奋、去抑制和欣快感的结合效果，这与 MDMA 或 4-FA 等共情类取代苯丙胺类物质非常相似呢。",,,"half_life_minutes, references"
3-Fluoromethcathinone,3-FMC,3-FMC | 3F-MC,Stimulant,recreational,cathinone | habit-forming | no-human-data | research-chemical | substrate-releaser,insufflation,insufflation | oral | rectal,insufflation | oral | rectal,yes,yes,,,,https://en.wikipedia.org/wiki/3-Fluoromethcathinone,"half_life_minutes, mechanism_of_action"
3-FMA,,3-Fluoromethamphetamine | 3fma,Stimulant,recreational,class:amphetamine | class:substituted amphetamines | habit-forming | research-chemical,oral,oral,oral,yes,yes,,虽然 3-FMA 还没有像传统苯丙胺类物质那样被正式研究过，但目前假设它像其他在相似位置有取代基的取代苯丙胺类物质一样，最主要的作用可能是作为血清素、多巴胺和去甲肾上腺素的三重释放剂喵。,,,"half_life_minutes, references"
3-FPM,,"3-FPH | 3-Fluorophenmetrazine | 3FPM | 3f-P | 3f-phenmetrazine | 3fp | PAL-593 | PAL-593,3-Fluorophenmetrazine",Stimulant,recreational,NDRA | VMAT2-substrate | class:phenylmorpholine | class:substituted amphetamines | habit-forming | research-chemical,inhalation,inhalation | insufflation | oral | rectal,inhalation | insufflation | oral | rectal,yes,yes,,"3-FPM 是一种拟交感神经药物，食用后具有经典的兴奋剂作用呢。它的作用机制似乎是作为多巴胺和去甲肾上腺素的释放剂，增加它们在大脑神经元突触间隙中的浓度。这些神经递质的积累导致了欣快感和兴奋效果的体验。它的母体化合物苯吗啉曾在 60 和 70 年代作为食欲抑制剂上市，但由于担心滥用和成瘾，后来已从市场撤出喵。

下表显示了 3-FPM 诱导释放（EC50）多巴胺 (DA)、血清素 (5-HT) 和去甲肾上腺素 (NE) 的效价，并与苯吗啉进行了比较哦：",Analysis enhancement | Anxiety | Appetite suppression | Cognitive fatigue | Depression | Focus enhancement | Increased heart rate | Increased libido | Increased perspiration | Irritability | Motivation enhancement | Stimulation | Teeth grinding | Thought acceleration | Thought deceleration | Vasoconstriction | Wakefulness,,"half_life_minutes, references"
3-HO-PCE,,3-HO-Eticyclidine | 3-Hydroxyeticyclidine | 3-hydroxy-PCE | 3HOPCE | HO-PCE | Hydroxyeticyclidine,Dissociative,recreational,NMDA-antagonist | arylcyclohexylamine | class:arylcyclohexylamines | habit-forming | possible-μ-opioid-agonist | research-chemical | respiratory-depression-risk | tentative,insufflation,insufflation | oral,insufflation | oral,yes,yes,,,,,"half_life_minutes, mechanism_of_action, references"
3-HO-PCP,,3-HOP | 3-HOPCP | 3-Hydroxy-PCP | 3-Hydroxyphencyclidine | 3hopcp | Hydroxyphencyclidine,Dissociative,recreational,MOR-agonist | NMDA-antagonist | PCP-analog | arylcyclohexylamine | class:Arylcyclohexylamine | class:arylcyclohexylamines | habit-forming | mu-opioid-agonist | naloxone-responsive-respiratory-depression | no-human-data | research-chemical | sigma-1 | sigma-1-agonist | tentative,insufflation,insufflation | oral,insufflation | oral,yes,yes,,,,https://en.wikipedia.org/wiki/3-HO-PCP,"half_life_minutes, mechanism_of_action"
3-Hydroxyphenazepam,,3-HO-Phenazepam | 3-OH-Phenazepam,Benzodiazepine,recreational,UGT-substrate | class:Benzodiazepine | designer-benzo | metabolite-as-drug,oral,oral,oral,yes,yes,,,,,"half_life_minutes, mechanism_of_action, references"
3-Me-PCE,,3-methyl-PCE | 3-methyl-eticyclidine,Dissociative,recreational,dissociative | no-human-data | pcp-analog | psychosis-risk | research-chemical,,,,no,no,,NMDA receptor antagonist (arylcyclohexylamine class); ethyl-substituted N-substituent vs piperidine ring of 3-Me-PCP.,,https://en.wikipedia.org/wiki/3-Me-PCE,"dose_ranges_by_route, duration_by_route, half_life_minutes"
3-Me-PCP,,3-methyl-PCP | 3-methyl-phencyclidine | 3-甲基苯环利定 | meta-methyl-PCP,Dissociative,recreational,dissociative | no-human-data | pcp-analog | psychosis-risk | research-chemical,inhalation,inhalation | insufflation | oral,inhalation | oral,yes,yes,,NMDA receptor antagonist (arylcyclohexylamine class); possible additional NE/DA reuptake inhibition inferred from structural analogues.,,https://en.wikipedia.org/wiki/3-Methyl-PCP | https://cfsre.org/nps-discovery/monographs/3-methyl-pcp,half_life_minutes
3-Me-PCPy,,3-MePCPy | 3-Methylrolicyclidine | 3-methyl-PCPy | M3ppy,Dissociative,recreational,,inhalation,inhalation | insufflation | oral | rectal,inhalation | insufflation | oral | rectal,yes,yes,,"更多信息请见：NMDA受体拮抗剂

3-Me-PCPy 作为 NMDA受体拮抗剂 起作用。NMDA（N-甲基-D-天冬氨酸）是一种特定的谷氨酸受体亚型，它调节大脑和脊髓神经元之间电信号的传递；信号要通过，受体必须处于开放状态。

解离剂通过结合并阻断 NMDA 受体来抑制其正常功能。这种神经元网络活动的干扰导致正常的认知和情感处理丧失、精神运动功能障碍、麻醉，并最终导致相当于“k-hole”的状态。",,,"half_life_minutes, references"
3-MEC,,,Stimulant,recreational,cathinone | habit-forming | hybrid-DAT-preferring-predicted | no-human-data | research-chemical | tentative,insufflation,insufflation | oral,insufflation | oral,yes,no,,,,,"duration_by_route, half_life_minutes, mechanism_of_action, references"
3-MeO-PCE,,3-MeO-Eticyclidine | 3-Methoxy-eticyclidine | 3-Methoxyeticyclidine | 3meopce | Methoxyeticyclidine | methoxieticyclidine | methoxyieticyclidine,Dissociative,recreational,NMDA-antagonist | PCP-analog | agitation-risk | arylcyclohexylamine | class:Arylcyclohexylamine | class:arylcyclohexylamines | designer-dissociative | habit-forming | research-chemical | tentative | σ1-active,insufflation,insufflation | oral,insufflation | oral,yes,yes,,"3-MeO-PCE 主要作为NMDA受体拮抗剂起作用。NMDA 受体允许电信号在通过大脑和脊柱的神经元之间传递；为了传递信号，受体必须是开放的。解离剂通过阻断 NMDA 受体来关闭它们。这种神经元的断连导致感觉丧失、运动困难，最终导致与著名的“K洞”几乎相同的状态。

3-MeO-PCE 对 NMDA 受体的 Ki 值为 61 nM，对多巴胺转运体为 743 nM，对组胺 H2 受体为 2097 nM，对 Alpha-2A 肾上腺素受体为 964 nM，对血清素转运体为 115 nM，对 σ1 受体为 4519 nM，对 σ2 受体为 525 nM。",,,"half_life_minutes, references"
3-MeO-PCMO,,3-methoxy-PCMo | PCMo,Dissociative,recreational,class:arylcyclohexylamines | research-chemical | tentative,insufflation,insufflation | oral,insufflation | oral,yes,yes,,由于缺乏对该物质的研究，关于其药理学的所有讨论都纯粹基于其结构以及与3-MeO-PCP、PCP和MXE等其他芳基环己胺类解离剂的主观效应相似性哦。考虑到这一点，3-MeO-PCMo被认为是一种NMDA受体拮抗剂。NMDA受体允许电信号在大脑和脊柱的神经元之间传递；为了让信号通过，受体必须是开放的。解离剂通过阻断NMDA受体来关闭它们。这种神经元的断连会导致感觉丧失、运动困难，并最终导致该物质特有的“K-hole”状态呢。,,,"half_life_minutes, references"
3-MeO-PCPR,,3-methoxy-PCPr,Dissociative,recreational,NMDA-antagonist | arylcyclohexylamine | class:Arylcyclohexylamine | habit-forming | research-chemical | sigma-1 | tentative,insufflation,insufflation | oral,insufflation | oral,yes,yes,,,,,"half_life_minutes, mechanism_of_action, references"
3-MeO-PCPY,,,Dissociative,recreational,NMDA-antagonist | arylcyclohexylamine | habit-forming | research-chemical | sigma-1 | tentative,insufflation,insufflation | oral,insufflation | oral,yes,yes,,,,,"half_life_minutes, mechanism_of_action, references"
3-Meomc,,3-methoxymethcathinone,Empathogen,recreational,cathinone | habit-forming,insufflation,insufflation,insufflation,yes,yes,,,,,"half_life_minutes, mechanism_of_action, references"
3-Methyl-4-fluoro-A-pyrrolidinovalerophenone,MFPVP,3-Me-4-F-Α-PVP | 4F-3Me-PVP | 4F-3Me-Α-PVP | MF-PVP | MFPVP,Stimulant,recreational,fatalities-reported | pure-DAT-NET-blocker,inhalation,inhalation | insufflation | oral | sublingual,inhalation | insufflation | oral | sublingual,yes,yes,,,,,"half_life_minutes, mechanism_of_action, references"
3-Methylaminorex,,3-MAR,Stimulant,recreational,,inhalation,inhalation | insufflation | oral,inhalation | insufflation | oral,yes,yes,,,,,"half_life_minutes, mechanism_of_action, references"
3-Methylmorphine,,可待因,Opioid,recreational,,oral,oral,oral,yes,no,,"可待因本身没有中枢活性，必须首先通过细胞色素 P450 酶 CYP2D6 进行首过代谢转化为吗啡（因此，它是吗啡的前药）。可待因也通过 CYP3A4 酶系统代谢为无活性的去甲可待因。这两种生成的产物都由 UGT2B7 结合成相应的 3-葡糖醛酸苷。

一部分人群产生的 CYP2D6 酶较少，因此与普通人相比，可待因的效果会显著降低。然而，另一些人产生的 CYP2D6 酶数量较多，这可能导致对药物的超敏反应。一些增强阿片类药物效果的方法，例如在服用前一天全天饮用西柚汁，会抑制 CYP3A4 酶。 这导致较少的可待因转化为去甲可待因，从而留下更多的可待因代谢为吗啡。这也表明，当使用者在摄入可待因之前服用抗组胺药如苯海拉明时，将可待因代谢为吗啡的能力会缺乏。

个人单次服用过程中，通过酶代谢转化为吗啡的可待因量有一个上限。这个上限通常被称为“天花板剂量”，普遍认为在 400mg 左右。服用更高剂量会导致更严重的副作用，如瘙痒感和恶心，但不会增加欣快感哦。

可待因的活性代谢产物，特别是吗啡，通过结合并激活阿片受体，主要是μ-阿片 受体来发挥作用。 发生这种情况是因为阿片类药物在结构上模仿了内源性内啡肽，内啡肽天然存在于体内，也作用于 μ-阿片受体组。阿片类药物在结构上模仿这些天然内啡肽的方式导致了它们的欣快感、镇痛、肌肉松弛和抗焦虑作用。这是因为内啡肽负责减轻疼痛、引起睡意和产生愉悦感。它们会在疼痛、剧烈运动、性高潮或一般兴奋时释放呢。

可待因本身是阿片受体的弱配体。然而，其主要的活性代谢产物吗啡显示出更强的激动效应。

Mu 阿片受体激动剂 - 589 nM",,,"duration_by_route, half_life_minutes, references"
3-MMC,,3-MEPH | 3-Methylmethcathinone | 3-mephedrone | 3methylmethcathinone | 3mmc | Metaphedrone,Stimulant,recreational,CYP2D6-substrate | DAT-preferring | cathinone | class:cathinone | empathogen-adjacent | first-in-human-published | habit-forming | research-chemical | stimulant | substrate-releaser,insufflation,insufflation | intravenous | oral,insufflation | intravenous | oral,yes,yes,180.0,,,"https://en.wikipedia.org/wiki/3-Methylmethcathinone | Safety and cognitive pharmacodynamics following dose escalations with 3-methylmethcathinone (3-MMC): a first in human, designer drug study",mechanism_of_action
3-OH-Phenazepam,,3-HO-P | 3-HO-phenazepam | 3-OH-P | 3-hydroxyphenazepam | 3hop | 3hophenazepam | 3ohp | 3ohphenazepam,Benzodiazepine,recreational,GABAA-PAM | benzodiazepine | habit-forming | research-chemical | tentative,oral,oral,oral,yes,yes,,,,,"half_life_minutes, mechanism_of_action, references"
3-PIP-OH-BTCP,,,Stimulant,recreational,DAT-inhibitor | DRI | arylcyclohexylamine | metabolite | no-human-data | research-chemical,,,,no,no,,,,https://pubmed.ncbi.nlm.nih.gov/,"dose_ranges_by_route, duration_by_route, half_life_minutes, mechanism_of_action"
3-Quinuclidinyl benzilate,3-QNB,3-QNB | Agent Buzz | BZ | EA-2277 | QNB | Substance 78,Deliriant,recreational,,intramuscular,intramuscular | oral,intramuscular | oral,yes,yes,,,,,"half_life_minutes, mechanism_of_action, references"
3-T-TRIS,,,Psychedelic,recreational,PIHKAL | no-human-data | phenethylamine,,,,no,no,,,,https://erowid.org/library/books_online/pihkal/pihkal178.shtml,"dose_ranges_by_route, duration_by_route, half_life_minutes, mechanism_of_action"
3-TASB,,3-thioasymbescaline,Psychedelic,recreational,PIHKAL | no-human-data | phenethylamine,oral,oral,oral,yes,yes,,,,https://erowid.org/library/books_online/pihkal/pihkal146.shtml,"half_life_minutes, mechanism_of_action"
3-TE,,,Psychedelic,recreational,PIHKAL | phenethylamine,oral,oral,oral,yes,yes,,,,https://erowid.org/library/books_online/pihkal/pihkal150.shtml,"half_life_minutes, mechanism_of_action"
3-TIM,,,Psychedelic,recreational,PIHKAL | phenethylamine,,,,no,no,,,,https://erowid.org/library/books_online/pihkal/pihkal153.shtml,"dose_ranges_by_route, duration_by_route, half_life_minutes, mechanism_of_action"
3-TM,,,Psychedelic,recreational,PIHKAL | phenethylamine,oral,oral,oral,yes,yes,,,,https://erowid.org/library/books_online/pihkal/pihkal155.shtml,"half_life_minutes, mechanism_of_action"
3-TME,,,Psychedelic,recreational,PIHKAL | phenethylamine,oral,oral,oral,yes,yes,,,,https://erowid.org/library/books_online/pihkal/pihkal163.shtml,"half_life_minutes, mechanism_of_action"
3-TSB,,3-thiosymbescaline,Psychedelic,recreational,PIHKAL | no-human-data | phenethylamine,,,,no,no,,,,https://erowid.org/library/books_online/pihkal/pihkal176.shtml,"dose_ranges_by_route, duration_by_route, half_life_minutes, mechanism_of_action"
3C-BZ,,,Psychedelic,recreational,PIHKAL | no-human-data | phenethylamine,oral,oral,oral,yes,yes,,,,https://erowid.org/library/books_online/pihkal/pihkal021.shtml,"half_life_minutes, mechanism_of_action"
3C-E,,3C-Escaline | 3CE | alpha-methyl escaline,Psychedelic,recreational,PIHKAL | class:substituted amphetamines | no-human-data | phenethylamine | research-chemical,insufflation,insufflation | oral,insufflation | oral,yes,yes,,"虽然它的名称看起来像是与 2C-x 家族有关，但其实并不是这样。3C-E 实际上是艾斯卡林的 3-碳类似物，因此才会有这个名字。

它的药理作用可能会与 5-HT2A 受体产生较强相互作用，这在理论上或许有助于预防丛集性头痛，或赋予该化合物缓解终末期癌症相关心理痛苦的可能性。

一般认为，3C-E 的迷幻剂效应来源于它在5-HT 受体上作为部分激动剂的活性。不过，这些相互作用具体扮演了什么角色，以及它们是如何最终产生迷幻体验的，目前仍然不清楚呢。",,https://erowid.org/library/books_online/pihkal/pihkal025.shtml,half_life_minutes
3C-P,,3cp | 4-propoxy-3 | 5-dimethoxyamphetamine | amphetamine homolog of proscaline,Psychedelic,recreational,class:substituted amphetamines | research-chemical,insufflation,insufflation | oral,insufflation | oral,yes,yes,,,,,"half_life_minutes, mechanism_of_action, references"
3F-PiHP,,3-Fluoro-PiHP | 3F-Alpha-PHIP | 3F-PHIP | 3F-alpha-PiHP | 3F-Α-PiHP,Stimulant,recreational,pyrrolidinophenone-predicted,inhalation,inhalation | insufflation | oral,inhalation | insufflation | oral,yes,yes,,,,,"half_life_minutes, mechanism_of_action, references"
4'-Chlorodiazepam,,4'-Chlordiazepam | 4-Chlorodiazepam | Chlorodiazepam | Ro 5-4864 | Ro5-4864,Benzodiazepine,recreational,GABAA-PAM | NOT-classical-benzodiazepine | TSPO-agonist | benzodiazepine | research-chemical | research-tool | tentative,oral,oral,oral,yes,yes,,,,,"half_life_minutes, mechanism_of_action, references"
"4'-DMA-7,8-DHF",,4'-DMA-DHF,Nootropic,recreational,BDNF | TrkB-agonist | flavonoid | neurotrophic | nootropic | research-chemical,,,,no,no,,"A small-molecule agonist of TrkB — the receptor for brain-derived neurotrophic factor (BDNF) — that activates TrkB signaling directly, mimicking BDNF. A synthetic 7,8-DHF derivative with higher potency and longer action than the parent.",,"A Synthetic 7,8-Dihydroxyflavone Derivative Promotes Neurogenesis and Exhibits Potent Antidepressant Effect | Small-molecule TrkB receptor agonists improve motor function and extend survival in a mouse model of Huntington's disease | https://en.wikipedia.org/wiki/7,8-Dihydroxyflavone","dose_ranges_by_route, duration_by_route, half_life_minutes"
4'-Fluoro-4-methylaminorex,4-FPO,4'-F-4-MAR | 4-FPO | 4F-MAR | P-F-4-MAR,Stimulant,recreational,,insufflation,insufflation | oral,insufflation | oral,yes,yes,,,,,"half_life_minutes, mechanism_of_action, references"
"4,4'-Dimethylaminorex",,"4,4'-DMAR | 4-M-4-MAR | 4-methyl-U4Euh | 4-methyl-euphoria | Serotoni",Stimulant,recreational,balanced-SNDRA | fatal-overdose-risk,insufflation,insufflation | oral,insufflation | oral,yes,yes,,,,,"half_life_minutes, mechanism_of_action, references"
"4,4-DMAR",,"4,4'-DMAR | 4,4'-dimethylaminorex | 4,4-DMAP | Serotoni",Empathogen,recreational,PAH-risk | SNDRA | aminorex-class | fatalities-confirmed | habit-forming | tentative,oral,oral,,no,yes,,,,,"dose_ranges_by_route, half_life_minutes, mechanism_of_action, references"
"4,5-MDO-DiPT",,,Psychedelic,recreational,5-HT2A-agonist | TIHKAL | tryptamine,,,,no,no,,,,https://erowid.org/library/books_online/tihkal/tihkal28.shtml,"dose_ranges_by_route, duration_by_route, half_life_minutes, mechanism_of_action"
4-AcO-DALT,,4acodalt,Psychedelic,recreational,research-chemical,inhalation,inhalation | oral,inhalation | oral,yes,yes,,,,,"half_life_minutes, mechanism_of_action, references"
4-AcO-DET,,4-Acetoxy-DET | Ethacetin | ethylacybin,Psychedelic,recreational,class:Tryptamine | class:substituted tryptamines | prodrug | research-chemical | tentative,insufflation,inhalation | insufflation | oral,insufflation | oral,yes,yes,,,,,"half_life_minutes, mechanism_of_action, references"
4-AcO-DiPT,,4-Acetoxy-DiPT | 4acodipt | Aces | Ipracetin | iprocetyl,Psychedelic,recreational,5-HT2A-agonist | class:substituted tryptamines | prodrug | research-chemical | tryptamine,oral,oral,oral,yes,yes,,,,,"half_life_minutes, mechanism_of_action, references"
4-AcO-DMT,,4-AcO | 4-Acetoxy-DMT | 4acodmt | O-Acetylpsilocin | Psilacetin | Synthetic mushrooms | acetylpsilocin,Psychedelic,recreational,5-HT2A-agonist | CES1-substrate | class:Tryptamine | class:substituted tryptamines | no-human-data | prodrug-of-psilocin | research-chemical | tryptamine,insufflation,insufflation | oral,insufflation | oral,yes,yes,,"当 O-乙酰赛洛辛（也就是 4-AcO-DMT）进入身体后，它会在首过代谢期间以及随后经过肝脏时，被脱乙酰酶/乙酰转移酶脱去乙酰基，变成赛洛辛（因为通过非肠道途径摄入时它也有效，所以这点很明显喵）。

4-AcO-DMT 的迷幻效果被认为来自于它作为5-HT2A受体的部分激动剂的作用。不过，这些相互作用具体是如何产生迷幻体验的，科学家们还在努力研究中呢。

关于乙酰化形式（4-AcO-DMT）和非乙酰化形式（赛洛辛）在主观感受上的区别，说法不一喵：有的用户说 O-乙酰赛洛辛持续时间稍微长一点，有的却说短得多。许多用户报告说，和赛洛辛相比，它的身体负荷（Body load）和恶心感更轻。还有些用户觉得 O-乙酰赛洛辛产生的视觉效果更像 DMT，而不是赛洛辛或赛洛西宾。如果 psilacetin 本身就有精神活性，而不仅仅是作为前药的话，这些差异是有可能的。尽管如此，目前还没有对照临床研究来区分 psilacetin、psilocin 和 psilocybin 之间的现象学差异哦。","Acuity enhancement | After images | Analysis enhancement | Auditory distortion | Auditory enhancement | Auditory hallucinations | Autonomous entities | Color enhancement | Color shifting | Conceptual thinking | Creativity enhancement | Delusions | Drifting | Déjà vu | Emotion enhancement | Enhancement and suppression cycles | Excessive yawning | Exposure to inner mechanics of consciousness | External hallucinations | Feelings of impending doom | Feelings of interdependent opposites | Feelings of predeterminism | Feelings of self-design | Geometry | Immersion enhancement | Internal hallucinations | Machinescapes | Memory suppression | Mindfulness | Novelty enhancement | Pattern recognition enhancement | Personal bias suppression | Personal meaning enhancement | Perspective alterations | Pupil dilation | Rejuvenation | Runny nose | Salivation | Scenarios and plots | Scenery slicing | Sedation | Settings, sceneries, and landscapes | Spirituality enhancement | Spontaneous tactile sensations | Subconscious communication | Symmetrical texture repetition | Synaesthesia | Teeth grinding | Temperature regulation suppression",,"half_life_minutes, references"
4-AcO-DPT,,4-acetoxy-DPT | 4acodpt,Psychedelic,recreational,prodrug | research-chemical | tentative,insufflation,insufflation,insufflation,yes,yes,,,,,"half_life_minutes, mechanism_of_action, references"
4-AcO-MET,,4-Acetoxy-MET | 4acomet | Metacetin | O-Acetylmetocin,Psychedelic,recreational,class:substituted tryptamines | prodrug | research-chemical,oral,oral,oral,yes,yes,,,"Acuity enhancement | After images | Analysis enhancement | Auditory distortion | Auditory enhancement | Auditory hallucinations | Autonomous entities | Color enhancement | Color shifting | Conceptual thinking | Delusions | Drifting | Emotion enhancement | Feelings of interdependent opposites | Geometry | Immersion enhancement | Internal hallucinations | Memory suppression | Nausea | Novelty enhancement | Pattern recognition enhancement | Personal bias suppression | Perspective alterations | Pupil dilation | Scenarios and plots | Scenery slicing | Sedation | Settings, sceneries, and landscapes | Spontaneous tactile sensations | Subconscious communication | Symmetrical texture repetition | Thought acceleration | Thought connectivity | Thought loops | Time distortion | Tracers | Transformations | Unity and interconnectedness | Wakefulness",,"half_life_minutes, mechanism_of_action, references"
4-AcO-MiPT,,4-acetoxy-MiPT | 4acomipt | Mipracetin | O-Acetylmiprocin,Psychedelic,recreational,5-HT2A-agonist | MISCATEGORIZED | class:substituted tryptamines | prodrug | psychedelic | research-chemical | tentative,inhalation,inhalation | oral,inhalation | oral,yes,yes,,"与大多数迷幻色胺类物质一样，4-AcO-MiPT被认为主要作为5-HT2A部分激动剂起作用。迷幻效应被认为来自于4-AcO-MiPT在5-HT2A受体上的结合功效。

然而，这些相互作用的作用以及它们如何导致迷幻体验仍然难以捉摸。",,,"half_life_minutes, references"
4-Benzylpiperidine,4-BP,4-BP | 4-PMPD,Stimulant,recreational,DRI | habit-forming | no-human-data | research-chemical | tentative,oral,oral,oral,yes,yes,,,,https://en.wikipedia.org/wiki/4-Benzylpiperidine,"half_life_minutes, mechanism_of_action"
"4-BR-3,5-DMA",,"4,3,5-DOB",Psychedelic,recreational,PIHKAL | no-human-data | phenethylamine,oral,oral,oral,yes,yes,,,,https://erowid.org/library/books_online/pihkal/pihkal018.shtml,"half_life_minutes, mechanism_of_action"
4-Bromoamphetamine,4-BA,4-BA | 4-BR-AMP | PBA | p-BA | p-Bromoamphetamine | para-Bromoamphetamine,Stimulant,recreational,MAO-A-inhibitor | serotonergic-neurotoxin,oral,oral,oral,yes,no,,,,,"duration_by_route, half_life_minutes, mechanism_of_action, references"
4-CBC,,,Empathogen,recreational,habit-forming | research-chemical,insufflation,insufflation | oral,insufflation | oral,yes,yes,,,,,"half_life_minutes, mechanism_of_action, references"
4-CEC,,4-Chloroethcathinone | p-chloro-ethcathinone | para-chloro-ethcathinone,Stimulant,recreational,SERT-selective | class:Substituted cathinone | hybrid-DAT-blocker-SERT-substrate | para-chloro-neurotoxicity-flag,oral,oral,oral,yes,yes,,,,,"half_life_minutes, mechanism_of_action, references"
4-Chloroamphetamine,4-CA,4-CA | 4-氯苯丙胺 | PCA | p-Chloroamphetamine | para-Chloroamphetamine | 对氯苯丙胺,Stimulant,recreational,MAO-A-inhibitor | serotonergic-neurotoxin,oral,oral,oral,yes,yes,,"4-Chloroamphetamine acts as a releasing agent for the monoamine neurotransmitter serotonin. At higher doses it depletes serotonin in the brain.

Additionally, a reduction in tryptophan hydroxylase activity has been observed.",,,"half_life_minutes, references"
4-Chlorobuphedrone,,4-CBC | 4-chloro-buphedrone | 4-chloro-butyrophenone cathinone | para-Chloro-buphedrone,Stimulant,recreational,hybrid-DAT-blocker-SERT-substrate-predicted | para-chloro-neurotoxicity-flag,insufflation,insufflation | oral,insufflation | oral,yes,yes,,,,,"half_life_minutes, mechanism_of_action, references"
4-Chloromethamphetamine,4-CMA,4-CMA | CMA | PCMA | Ro 4-6861 | p-Chloromethamphetamine | para-Chloromethamphetamine,Other,recreational,research-chemical | serotonergic-neurotoxin,oral,oral,oral,yes,yes,,,,,"half_life_minutes, mechanism_of_action, references"
4-CL-PPP,,4-CL-Α-PPP | 4-chloro-PPP | p-chloro-α-PPP,Stimulant,recreational,,insufflation,insufflation | oral,insufflation | oral,yes,yes,,,,,"half_life_minutes, mechanism_of_action, references"
4-CMC,,4-CL-MC | 4-Chloromethcathinone | 4cmc | Clephedrone | p-Chloromethcathinone,Stimulant,recreational,DRI | SNDRA | cathinone | fatalities-reported | habit-forming | neurotoxic-evidence-preliminary | no-human-data | oxidative-stress-toxicity | para-chloro-neurotoxicity-flag | phenethylamine | research-chemical | substrate-releaser,insufflation,insufflation | oral,insufflation | oral,yes,yes,,,,https://en.wikipedia.org/wiki/Clephedrone,"half_life_minutes, mechanism_of_action"
4-D,,4-trideuteromescaline,Psychedelic,recreational,PIHKAL | no-human-data | phenethylamine,oral,oral,oral,yes,yes,,,,https://erowid.org/library/books_online/pihkal/pihkal050.shtml,"half_life_minutes, mechanism_of_action"
4-EEC,,4-Ethyl-ethcathinone | 4-Ethylethcathinone | p-ethyl ethcathinone | para-ethyl ethcathinone,Stimulant,recreational,hybrid-predicted,insufflation,insufflation | oral | rectal,insufflation | oral | rectal,yes,yes,,,,,"half_life_minutes, mechanism_of_action, references"
4-EMC,,4-Ethylmethcathinone | 4Et-MC,Stimulant,recreational,cathinone | habit-forming | no-human-data | research-chemical | substrate-releaser-predicted,insufflation,insufflation | intravenous | oral | rectal,insufflation | intravenous | oral | rectal,yes,yes,,,,https://en.wikipedia.org/wiki/4-Ethylmethcathinone,"half_life_minutes, mechanism_of_action"
4-EPD,,4-ethylpentedrone,Stimulant,recreational,DAT-preferring-predicted | habit-forming | tentative,insufflation,insufflation,insufflation,yes,yes,,,,,"half_life_minutes, mechanism_of_action, references"
4-Fluoro-A-pyrrolidinopropiophenone,,4-FPPP | 4F-PPP | pFPPP,Stimulant,recreational,,insufflation,insufflation | oral,insufflation | oral,yes,yes,,,,,"half_life_minutes, mechanism_of_action, references"
4-Fluoroamphetamine,,4-FA | 4-FMP | 4fa | Flux | PAL-303 | PFA | p-fluoroamphetamine | para-Fluoroamphetamine,Empathogen,recreational,5-HT2B-weak | class:substituted amphetamines | empathogen-stimulant-hybrid | habit-forming | research-chemical,insufflation,insufflation | oral,insufflation | oral,yes,yes,510.0,,"Analysis enhancement | Anxiety | Appetite suppression | Cognitive euphoria | Cognitive fatigue | Compulsive redosing | Dehydration | Depression | Ego inflation | Empathy, love, and sociability enhancement | Focus enhancement | Increased heart rate | Increased libido | Increased perspiration | Irritability | Motivation enhancement | Novelty enhancement | Physical euphoria | Stimulation | Tactile enhancement | Teeth grinding | Thought acceleration | Thought connectivity | Thought deceleration | Wakefulness",Pharmacokinetic properties of 4-fluoroamphetamine in serum and oral fluid after oral ingestion,mechanism_of_action
4-Fluorodeprenyl,,4-F-Deprenyl | 4-Fluoroselegiline | p-F-Deprenyl | p-Fluoroselegiline | pF-Deprenyl | pFSL,,recreational,MAO-B-inhibitor | PET-tracer,oral,oral | sublingual,oral | sublingual,yes,yes,,,,,"half_life_minutes, mechanism_of_action, references"
4-Fluoroethamphetamine,4-FEA,4-FEA | 4-FNEA | 4-fluoroethylamphetamine | p-FEA | para-fluoroethamphetamine,Stimulant,recreational,research-chemical | tentative,insufflation,insufflation | oral,insufflation | oral,yes,yes,,,,,"half_life_minutes, mechanism_of_action, references"
4-Fluoroethylphenidate,,4-FEPH | 4-氟哌乙酯 | 4F-EPH,Stimulant,recreational,DAT-selective | habit-forming | research-chemical | tentative,oral,oral,oral,yes,yes,,一般认为，4F-EPH作为多巴胺再摄取抑制剂的效率高于与其近缘的哌甲酯。这意味着它会通过结合并部分阻断通常将这些单胺从突触间隙中移除的转运蛋白，从而有效提高脑内多巴胺神经递质水平。这使多巴胺在脑内某些局部区域蓄积，并由此产生兴奋和欣快效应。,,,"half_life_minutes, references"
4-Fluoropentedrone,,4-F-pentedrone | 4-FPD | 4F-PD | 4f-pentedrone,Stimulant,recreational,DAT-NET-blocker-predicted | habit-forming | research-chemical | tentative,insufflation,insufflation | oral | rectal,insufflation | oral | rectal,yes,yes,,,,,"half_life_minutes, mechanism_of_action, references"
4-Fluorophenibut,,4-F-Phenibut | F-Phenibut | F-Phenibut FAA | Fluorobut | Fluorophenibut | 氟菲尼布特,GABAergic,recreational,GABA-B-agonist | GABA-B-partial-agonist | GABAergic | alpha-2-delta-ligand | class:gabapentinoids | duplicate-of-4-fluorophenibut | habit-forming | high-dependence-risk | research-chemical | tentative,oral,oral | sublingual,oral | sublingual,yes,yes,,,,https://en.wikipedia.org/wiki/Fluorophenibut,"half_life_minutes, mechanism_of_action"
4-Fluorophenylpiperazine,4-FPP,4-FPP | pFPP | para-Fluorophenylpiperazine,Empathogen,recreational,5-HT-agonist | class:phenylpiperazine | piperazine | tentative,insufflation,insufflation | oral | rectal,insufflation | oral | rectal,yes,yes,,,,,"half_life_minutes, mechanism_of_action, references"
4-FMA,,4-Fluoromethamphetamine | 4-fluromethamphetamine | 4fma,Empathogen,recreational,class:substituted amphetamines | habit-forming | research-chemical,oral,oral,oral,yes,yes,,"就像它的结构类似物 4-FA 一样，4-FMA 被认为是一种多巴胺、血清素和去甲肾上腺素的释放剂和再摄取抑制剂。在低剂量下，它会产生类似苯丙胺的刺激效果；而在超过 125mg 的剂量下，则会产生类似 MDA 的更欣快、更像共情剂的效果呢。研究人员发现了一些证据，表明 4-FMA 的“血清素释放”能力和其他流行的共情剂（比如 MDA、4-MMC 和 4-FA）有一些相似之处。

4-FMA 的作用机制主要是通过结合并部分阻断那些通常负责从突触间隙清除单胺类物质的转运蛋白，从而有效地提高大脑中去甲肾上腺素、多巴胺和血清素这些神经递质的水平（特别是在高剂量下）。这会让多巴胺、去甲肾上腺素和血清素在大脑的各个区域（包括奖赏通路）中积累，从而产生刺激、欣快和共情的效果。

4-FMA 还是 CYP450 抑制剂哦。它会减缓甲基苯丙胺的代谢，这会增加甲基苯丙胺的效力、持续时间和全身毒性，但同时也可能会降低它的细胞毒性呢。",,,"half_life_minutes, references"
4-FPM,,,Other,recreational,research-chemical,,,,no,no,,,,,"dose_ranges_by_route, duration_by_route, half_life_minutes, mechanism_of_action, references"
4-HO-DBT,,,Psychedelic,recreational,TIHKAL | tryptamine,,,,no,no,,,,https://erowid.org/library/books_online/tihkal/tihkal15.shtml,"dose_ranges_by_route, duration_by_route, half_life_minutes, mechanism_of_action"
4-HO-DET,,"4-hydroxy-DET | 4-hydroxy-N,N diethyltryptamine | 4hodet | CZ-74 | Ethocin | Этоцин",Psychedelic,recreational,TIHKAL | class:substituted tryptamines | no-human-data | research-chemical | tryptamine,oral,oral,oral,yes,yes,,,,https://erowid.org/library/books_online/tihkal/tihkal16.shtml,"half_life_minutes, mechanism_of_action"
4-HO-DiPT,,"4-hydroxy-DiPT | 4-羟基-N,N-二异丙基色胺 | Iprocin",Psychedelic,recreational,5-HT2A-agonist | 5-HT2A-vs-2C-selective | TIHKAL | class:substituted tryptamines | research-chemical | tryptamine,oral,oral,oral,yes,yes,,与大多数致幻性色胺一样，4-HO-DiPT 被认为主要作为 5-HT 受体部分激动剂发挥作用。人们认为其致幻效果源于 4-HO-DiPT 对 5-HT 受体的结合效能。然而，这些相互作用的具体角色以及它们如何导致致幻体验的过程，目前在科学界仍然是一个谜呢。,,https://erowid.org/library/books_online/tihkal/tihkal17.shtml,half_life_minutes
4-HO-DPT,,4-Hydroxy-N | 4-hydroxy-DPT | 4hodpt | N-dimethyltryptamine | Procin | n-dipropyltryptamine | 赛洛辛,Psychedelic,recreational,TIHKAL | class:substituted tryptamines | no-human-data | research-chemical | tentative | tryptamine,insufflation,insufflation | oral,insufflation | oral,yes,yes,,,,https://erowid.org/library/books_online/tihkal/tihkal20.shtml,"half_life_minutes, mechanism_of_action"
4-HO-EPT,,4-羟基-N-乙基-N-丙基色胺 | Eprocin,Psychedelic,recreational,class:substituted tryptamines | tentative,oral,oral,oral,yes,yes,,"更多信息请参见：血清素能致幻剂

与大多数迷幻色胺类似，4-HO-EPT 被认为主要作为 5-HT 部分激动剂发挥作用。人们认为其致幻效果源于 4-HO-EPT 对 5-HT 受体的结合效能。然而，这些相互作用的具体角色以及它们如何导致致幻体验，目前仍然是一个谜呢喵。",,,"half_life_minutes, references"
4-HO-MCPT,,4-hydroxy-McPT,Psychedelic,recreational,class:Tryptamine | research-chemical | tentative,oral,insufflation | oral,oral,yes,yes,,,,,"half_life_minutes, mechanism_of_action, references"
4-HO-MET,,4homet | Colour | Methylcybin | Metocin | homet,Psychedelic,recreational,TIHKAL | class:Tryptamine | class:substituted tryptamines | no-human-data | research-chemical | tryptamine,inhalation,inhalation | insufflation | intravenous | oral,inhalation | insufflation | intravenous | oral,yes,yes,,4-HO-MET 的迷幻作用被认为来自于它作为部分激动剂在 5-HT2A 受体上的活性。然而，这些相互作用的作用以及它们如何导致迷幻体验仍然是正在进行的科学研究的主题呢。,"Acuity enhancement | Analysis enhancement | Auditory distortion | Auditory enhancement | Auditory hallucinations | Autonomous entities | Bodily control enhancement | Color enhancement | Color shifting | Conceptual thinking | Delusions | Depth perception distortions | Drifting | Emotion enhancement | Geometry | Immersion enhancement | Increased heart rate | Internal hallucinations | Memory suppression | Nausea | Novelty enhancement | Pattern recognition enhancement | Personal bias suppression | Perspective alterations | Perspective distortions | Pupil dilation | Scenarios and plots | Settings, sceneries, and landscapes | Spontaneous tactile sensations | Symmetrical texture repetition | Tactile enhancement | Thought acceleration | Thought loops | Time distortion | Tracers | Transformations | Unity and interconnectedness | Wakefulness",https://erowid.org/library/books_online/tihkal/tihkal21.shtml,half_life_minutes
4-HO-MiPT,,4-HO | 4homipt | Miprocin | ho-mipt | homipt,Psychedelic,recreational,5-HT2A-selective-vs-2B | TIHKAL | class:substituted tryptamines | no-human-data | research-chemical | tryptamine,oral,oral,oral,yes,yes,,4-HO-MiPT的迷幻效应被认为来自于它作为部分激动剂对5-HT2A受体的功效。然而，这些相互作用的作用以及它们如何导致迷幻体验仍然难以捉摸。4-HO-MiPT被认为是一种血清素能迷幻剂。与其他血清素能迷幻剂一样，其作用机制被认为源于其对5-HT2A和5-HT1A血清素受体的部分激动作用。,"Acuity enhancement | After images | Analysis enhancement | Auditory distortion | Auditory enhancement | Auditory hallucinations | Autonomous entities | Color enhancement | Color shifting | Conceptual thinking | Delusions | Drifting | Déjà vu | Emotion enhancement | Enhancement and suppression cycles | Feelings of interdependent opposites | Feelings of predeterminism | Geometry | Immersion enhancement | Internal hallucinations | Memory suppression | Novelty enhancement | Pattern recognition enhancement | Personal bias suppression | Perspective alterations | Pupil dilation | Runny nose | Scenarios and plots | Scenery slicing | Sedation | Settings, sceneries, and landscapes | Spontaneous tactile sensations | Subconscious communication | Symmetrical texture repetition | Synaesthesia | Thought connectivity | Thought loops | Time distortion | Tracers | Transformations | Unity and interconnectedness | Wakefulness | Watery eyes",https://erowid.org/library/books_online/tihkal/tihkal22.shtml,half_life_minutes
4-HO-MPMI,,lucigenol,Psychedelic,recreational,research-chemical | tentative,oral,oral,,no,yes,,,,,"dose_ranges_by_route, half_life_minutes, mechanism_of_action, references"
4-HO-MPT,,4hompt | Meprocin,Psychedelic,recreational,TIHKAL | class:substituted tryptamines | no-human-data | research-chemical | tentative | tryptamine,inhalation,inhalation | oral,inhalation | oral,yes,yes,,,,https://erowid.org/library/books_online/tihkal/tihkal23.shtml,"half_life_minutes, mechanism_of_action"
4-HO-PiPT,,,Psychedelic,recreational,class:Tryptamine,oral,oral,oral,yes,yes,,,,,"half_life_minutes, mechanism_of_action, references"
4-HO-PYR-T,,,Psychedelic,recreational,TIHKAL | tryptamine,,,,no,no,,,,https://erowid.org/library/books_online/tihkal/tihkal24.shtml,"dose_ranges_by_route, duration_by_route, half_life_minutes, mechanism_of_action"
4-MA,,,Psychedelic,recreational,PIHKAL | phenethylamine,oral,oral,oral,yes,no,,,,https://erowid.org/library/books_online/pihkal/pihkal097.shtml,"duration_by_route, half_life_minutes, mechanism_of_action"
4-MBC,,(colloquial) benzyl-mephedrone | 4-methylbenzylcathinone | Benzedrone,Stimulant,recreational,weak-DAT-blocker-predicted,insufflation,insufflation | oral,insufflation | oral,yes,yes,,,,,"half_life_minutes, mechanism_of_action, references"
4-Me-NEB,,4-methyl NEB,Stimulant,recreational,hybrid-predicted,insufflation,insufflation | oral,insufflation | oral,yes,yes,,,,,"half_life_minutes, mechanism_of_action, references"
4-MEC,,4-MeEC | 4-Methylethcathinone | 4mec,Stimulant,recreational,cathinone | class:Substituted cathinone | fatalities-reported | habit-forming | hybrid-DAT-blocker-SERT-substrate | research-chemical,insufflation,insufflation | intravenous | oral,insufflation | intravenous | oral,yes,yes,,,,https://en.wikipedia.org/wiki/4-Methyl-N-ethylcathinone,"half_life_minutes, mechanism_of_action"
4-MeO-MiPT,,,Psychedelic,recreational,TIHKAL | class:Tryptamine | research-chemical | tentative | tryptamine,insufflation,insufflation | oral,insufflation | oral,yes,yes,,,,https://erowid.org/library/books_online/tihkal/tihkal39.shtml,"half_life_minutes, mechanism_of_action"
4-MeO-PCP,,4-Methoxyphencyclidine | 4meopcp | Methoxydine,Dissociative,recreational,NMDA-antagonist | arylcyclohexylamine | class:arylcyclohexylamines | habit-forming | lower-NMDA-than-3-MeO-isomer | research-chemical | sigma-1 | σ2-active,insufflation,insufflation | oral,insufflation | oral,yes,yes,,"4-MeO-PCP 作为 NMDA 受体拮抗剂发挥作用。NMDA 受体允许电信号在大脑和脊柱的神经元之间传递；为了让信号传递，受体必须是开放的。解离剂通过阻断 NMDA 受体来关闭它们。这种神经元的断连导致感觉丧失、运动困难，最终导致几乎等同于著名的“K洞”的状态。

4-MeO-PCP 对 NMDA 受体的亲和力低于 PCP，但高于氯胺酮。它具有口服活性，剂量范围与氯胺酮相似，一些用户需要超过 100mg 的剂量才能达到预期的效果。 用户报告称有效剂量存在巨大差异；这些差异部分可以用灰色市场上销售的样品中存在未反应的 PCC 和其他杂质来解释。 尽管有人认为 4-MeO-PCP 具有多巴胺能活性，但它是 NMDA 受体的相对选择性配体，对多巴胺转运蛋白没有明显的亲和力。",,,"half_life_minutes, references"
4-Methoxybutyrfentanyl,4-MeO-BF,4-MeO-BF | 4-MeO-Butryfentanyl | 4-Methoxy-butyrylfentanyl | p-MeO-butyrylfentanyl | para-Methoxybutyrylfentanyl,Opioid,recreational,CYP3A4-substrate | duplicate-of-4-methoxybutyrfentanyl | habit-forming | mu-full-agonist | mu-opioid-agonist | research-chemical | tentative | wooden-chest-syndrome-risk,insufflation,insufflation | intravenous | oral,insufflation | intravenous | oral,yes,yes,,,,,"half_life_minutes, mechanism_of_action, references"
4-Methylaminorex,,4-MAR | 4-MAX | 4-甲基阿米雷司 | Euphoria | Ice | McN-822 | McN822 | U4Euh,Stimulant,recreational,habit-forming | long-duration | potent-DA-releaser | research-chemical | tentative,inhalation,inhalation | insufflation | oral,inhalation | insufflation | oral,yes,yes,870.0,,,"A fatality involving U4Euh, a cyclic derivative of phenylpropanolamine.",mechanism_of_action
4-Methylmethylphenidate,,4'-Methylmethylphenidate | 4-MMPH | 4-Me-TMP | 4-metmp | 4M-TMP | Threo-4-methylmethylphenidate | p-Methyl methylphenidate,Stimulant,recreational,habit-forming | research-chemical | tentative,insufflation,insufflation | oral,insufflation | oral,yes,yes,,,,,"half_life_minutes, mechanism_of_action, references"
4-Methylphenmetrazine,,4-MPM | 4-Me-phenmetrazine | Mephenmetrazine | p-Methylphenmetrazine | para-methylphenmetrazine,Empathogen,recreational,class:Substituted phenylmorpholine | entactogen-like | habit-forming | non-selective-releaser | research-chemical | tentative,insufflation,insufflation | oral,insufflation | oral,yes,yes,,,,,"half_life_minutes, mechanism_of_action, references"
4-Methylthioamphetamine,MTA,4-(methylthio)amphetamine | 4-MTA | Flatliners | MTA | p-methylthioamphetamine | para-methylthioamphetamine,Empathogen,recreational,MAO-A-inhibitor | SERT-dominant | research-chemical | serotonergic-toxin | tentative,oral,oral,oral,yes,yes,,,,,"half_life_minutes, mechanism_of_action, references"
4-MPD,,4-Methylpentedrone | p-methyl pentedrone | para-methyl pentedrone,Stimulant,recreational,habit-forming | tentative,inhalation,inhalation | insufflation | oral,inhalation | insufflation | oral,yes,yes,,,,,"half_life_minutes, mechanism_of_action, references"
4-PrO-DMT,,4-ProO-DMT | 4-Propionyloxy-DMT | 4-propionoxy-DMT | O-propionylpsilocin | propylpsilocin | psilypropynone,Psychedelic,recreational,prodrug-of-psilocin,inhalation,inhalation | insufflation | oral,inhalation | insufflation | oral,yes,yes,,,,,"half_life_minutes, mechanism_of_action, references"
4-PrO-MET,,4-propanoyloxy-MET | 4-propionoxy-MET | O-propionyl-metocin,Psychedelic,recreational,prodrug,insufflation,insufflation | oral,insufflation | oral,yes,yes,,,,,"half_life_minutes, mechanism_of_action, references"
4-T-TRIS,,,Psychedelic,recreational,PIHKAL | no-human-data | phenethylamine,,,,no,no,,,,https://erowid.org/library/books_online/pihkal/pihkal179.shtml,"dose_ranges_by_route, duration_by_route, half_life_minutes, mechanism_of_action"
4-TASB,,4-thioasymbescaline,Psychedelic,recreational,PIHKAL | no-human-data | phenethylamine,oral,oral,oral,yes,yes,,,,https://erowid.org/library/books_online/pihkal/pihkal147.shtml,"half_life_minutes, mechanism_of_action"
4-TIM,,,Psychedelic,recreational,PIHKAL | phenethylamine,,,,no,no,,,,https://erowid.org/library/books_online/pihkal/pihkal154.shtml,"dose_ranges_by_route, duration_by_route, half_life_minutes, mechanism_of_action"
4-TME,,,Psychedelic,recreational,PIHKAL | phenethylamine,oral,oral,oral,yes,yes,,,,https://erowid.org/library/books_online/pihkal/pihkal164.shtml,"half_life_minutes, mechanism_of_action"
4-TSB,,,Psychedelic,recreational,PIHKAL | phenethylamine,,,,no,no,,,,https://erowid.org/library/books_online/pihkal/pihkal177.shtml,"dose_ranges_by_route, duration_by_route, half_life_minutes, mechanism_of_action"
4B-MAR,,4'-BR-4-MAR | 4-Bromo Aminorex,Stimulant,recreational,,inhalation,inhalation | insufflation | oral | sublingual,inhalation | insufflation | oral | sublingual,yes,yes,,,,,"half_life_minutes, mechanism_of_action, references"
4Cl-iBF,,4-CL-IBF | p-Chloro-isobutyrylfentanyl | p-Chloroisobutyrylfentanyl | p-Cl-IBF | para-Chloroisobutyrylfentanyl,Opioid,recreational,CYP3A4-substrate | mu-full-agonist | wooden-chest-syndrome-risk,insufflation,insufflation | intravenous | sublingual,insufflation | intravenous | sublingual,yes,yes,,,,,"half_life_minutes, mechanism_of_action, references"
4F-5-MeO-DMT,,,Psychedelic,recreational,experimental | research-chemical | tryptamine | tryptamine-halogen,inhalation,inhalation,inhalation,yes,yes,,,,,"half_life_minutes, mechanism_of_action, references"
4F-DMT,,,Psychedelic,recreational,experimental | no-human-data | research-chemical | tryptamine | tryptamine-halogen,,,,no,no,,,,,"dose_ranges_by_route, duration_by_route, half_life_minutes, mechanism_of_action, references"
4F-EPH,,4-FEPH,Stimulant,recreational,class:substituted phenidates,oral,oral,oral,yes,yes,,,,,"half_life_minutes, mechanism_of_action, references"
4F-MABP,,4-fluorobuphedrone | 4F-buphedrone,Stimulant,recreational,DAT-NET-blocker-predicted | class:substituted cathinone,insufflation,insufflation | oral,insufflation | oral,yes,yes,,,,,"half_life_minutes, mechanism_of_action, references"
4F-MDMB-BINACA,,4F-MDMB-BUTINACA | MDMB-4F-BINACA,Cannabinoid,recreational,US-Schedule-I | class:Indazole-3-carboxamide synthetic cannabinoid | duplicate-of:4F-MDMB-BINACA | fatalities-reported | full-agonist-CB1 | high-risk | indazole-carboxamide | synthetic-cannabinoid | ultrapotent,oral,oral,oral,yes,no,,,,https://en.wikipedia.org/wiki/4F-MDMB-BINACA,"duration_by_route, half_life_minutes, mechanism_of_action"
4F-MPH,,4-FL-MPH | 4-FMPH | 4-Fluoro-methylphenidate | 4-Fluoromethylphenidate | 4-fluoro-MPH | 4-氟哌甲酯 | 4F Ritalin | 4fmph | erythro-4F-MPH | pF-MPH | para-fluoromethylphenidate | threo-4F-MPH,Stimulant,recreational,DAT-selective | class:substituted phenidates | habit-forming | high-potency | research-chemical | tentative,insufflation,insufflation | oral,insufflation | oral,yes,yes,,"4F-MPH被认为主要作为多巴胺与去甲肾上腺素再摄取抑制剂发挥作用，这意味着它会通过结合并部分阻断通常从突触间隙清除这些儿茶酚胺的转运蛋白，有效提高大脑中多巴胺和去甲肾上腺素神经递质的水平。这使多巴胺和去甲肾上腺素能够在大脑的奖赏通路中积累，从而产生兴奋和欣快效应。

根据一项药理学评估，4F-MPH的(±)-苏式异构体在多巴胺再摄取抑制方面比其母体化合物哌甲酯有效2.15倍，在去甲肾上腺素再摄取抑制方面则有效2.7倍。然而，其(±)-赤式异构体在多巴胺再摄取抑制方面比哌甲酯低65倍，在去甲肾上腺素再摄取抑制方面低45.6倍。4F-MPH的两个外消旋体都不会对血清素再摄取产生显著影响。",,,"half_life_minutes, references"
4F-NEB,,,Cannabinoid,recreational,MISCLASSIFICATION | actually-cathinone-or-stimulant-not-cannabinoid | research-chemical | synthetic-cannabinoid,insufflation,insufflation | oral,insufflation | oral,yes,yes,,,,,"half_life_minutes, mechanism_of_action, references"
4F-PHP,,4'-fluoro-Α-PHP | 4F-alpha-PHP | 4F-Α-PHP,Stimulant,recreational,MISCLASSIFICATION | actually-synthetic-cathinone | habit-forming | pyrrolidinophenone | research-chemical | stimulant | synthetic-cannabinoid | tentative,insufflation,insufflation | oral,insufflation | oral,yes,yes,,,,,"half_life_minutes, mechanism_of_action, references"
4F-PVP,,4-fluoro-Α-PVP | 4f-A-PVP | pfpvp,Stimulant,recreational,DRI | habit-forming | pure-DAT-NET-blocker | pyrrolidinophenone | research-chemical | synthetic-cannabinoid | tentative | weaker-than-PVP,insufflation,insufflation,insufflation,yes,no,,,,,"duration_by_route, half_life_minutes, mechanism_of_action, references"
4T-MMDA-2,,,Psychedelic,recreational,PIHKAL | SNDRI | no-human-data | phenethylamine,,,,no,no,,,,https://erowid.org/library/books_online/pihkal/pihkal167.shtml,"dose_ranges_by_route, duration_by_route, half_life_minutes, mechanism_of_action"
4′-Chloro-4-methylaminorex,4-Cl-MAR,4-CL-MAR | 4C-MAR,Stimulant,recreational,,insufflation,insufflation | oral,insufflation | oral,yes,yes,,,,,"half_life_minutes, mechanism_of_action, references"
"5,6-MDO-DMT",,,Psychedelic,recreational,5-HT2A-agonist | TIHKAL | tryptamine,,,,no,no,,,,https://erowid.org/library/books_online/tihkal/tihkal31.shtml,"dose_ranges_by_route, duration_by_route, half_life_minutes, mechanism_of_action"
"5,6-MDO-MiPT",,,Psychedelic,recreational,TIHKAL | tryptamine,,,,no,no,,,,https://erowid.org/library/books_online/tihkal/tihkal32.shtml,"dose_ranges_by_route, duration_by_route, half_life_minutes, mechanism_of_action"
"5,6-MeO-MiPT",,,Psychedelic,recreational,TIHKAL | tryptamine,,,,no,no,,,,https://erowid.org/library/books_online/tihkal/tihkal41.shtml,"dose_ranges_by_route, duration_by_route, half_life_minutes, mechanism_of_action"
5-Amino-1MQ,,5A1MQ,Peptide,medical_rx,NNMT-inhibitor | anti-obesity | gray-market | metabolic | peptide | peptide-mimetic | weight-loss,oral,oral,oral,yes,no,480.0,,,,"duration_by_route, mechanism_of_action, references"
5-APB,,5apb | Benzo Fury | benzofury,Empathogen,recreational,5-HT2B-strong-agonist | SNDRA | cardiotoxicity-risk | class:substituted amphetamines | class:substituted benzofurans | fatalities-reported | habit-forming | research-chemical,insufflation,insufflation | oral,insufflation | oral,yes,yes,,Benzofuran Empathogen (Monoamine Releasing Agent),,,"half_life_minutes, references"
5-APDB,,EMA-3,Empathogen,recreational,5-HT2C-affinity | SSRA-NRI | habit-forming | research-chemical,oral,oral,oral,yes,yes,,,,,"half_life_minutes, mechanism_of_action, references"
5-APDI,,5-IAP | IAP | Indanyl-aminopropane | Indanylaminopropane | Indanylamphetamine,Empathogen,recreational,aminoindane-class | research-chemical | tentative,insufflation,insufflation | intravenous | oral,insufflation | intravenous | oral,yes,yes,,,,,"half_life_minutes, mechanism_of_action, references"
5-BPDI,,Indanyl-alpha-PHP | Indanyl-α-PHP,Stimulant,recreational,habit-forming | research-chemical | tentative,insufflation,insufflation | oral,insufflation | oral,yes,yes,,,,,"half_life_minutes, mechanism_of_action, references"
5-Bromo-DMT,,5-BR-DMT | 5-bromodimethyltryptamine | SpongeBob DMT,Psychedelic,recreational,5-HT2A-agonist | experimental | no-human-data | research-chemical | tentative | tryptamine | tryptamine-halogen,inhalation,inhalation,inhalation,yes,yes,,,,https://en.wikipedia.org/wiki/5-Bromo-DMT,"half_life_minutes, mechanism_of_action"
"5-chloro-N,N-dimethyltryptamine",5-Chloro-DMT,5-Chloro-DMT,Other,recreational,no-human-data | tryptamine,,,,no,no,,,,,"dose_ranges_by_route, duration_by_route, half_life_minutes, mechanism_of_action, references"
5-Dbfpv,,3-desoxy-MDPV | 5-DBF-PV,Stimulant,recreational,habit-forming | research-chemical | tentative,inhalation,inhalation | insufflation | oral,inhalation | insufflation | oral,yes,yes,,,,,"half_life_minutes, mechanism_of_action, references"
5-EAPB,,5eapb | Aminoalkylbenzofuran | N-ethyl-5-APB,Empathogen,recreational,SNDRA-presumed | habit-forming | research-chemical,insufflation,insufflation | oral,insufflation | oral,yes,yes,,,,,"half_life_minutes, mechanism_of_action, references"
5-HO-DMT,,bufotenin,Psychedelic,recreational,5-HT2A-agonist | TIHKAL | tryptamine,intravenous,intravenous,intravenous,yes,yes,,,,https://erowid.org/library/books_online/tihkal/tihkal19.shtml,"half_life_minutes, mechanism_of_action"
5-IAI,,2-aminoindane derivative | 5iai | CAS 132367-76-1 | NRG-5 | PubChem CID 131506,Empathogen,recreational,Nichols-compound | SSRA-selective | habit-forming | research-chemical,insufflation,insufflation | oral | rectal,insufflation | oral | rectal,yes,yes,,,,,"half_life_minutes, mechanism_of_action, references"
5-IT,,5-API,Empathogen,recreational,MAO-A-inhibitor | fatalities-confirmed | habit-forming | research-chemical | self-potentiating,oral,oral,oral,yes,yes,,,,,"half_life_minutes, mechanism_of_action, references"
5-Mapdb,,5mapdb | N-methyl-5-APDB,Empathogen,recreational,SSRA-NRI | research-chemical,oral,oral,oral,yes,yes,,,,,"half_life_minutes, mechanism_of_action, references"
5-MeO-AET,,,Other,recreational,no-human-data | tryptamine,,,,no,no,,,,,"dose_ranges_by_route, duration_by_route, half_life_minutes, mechanism_of_action, references"
5-MeO-AMT,,"5-MeO-αMT | 5-甲氧基-Α-甲基色胺 | 5meoamt | Alpha-O,O-二甲基血清素 | Alpha-O-二甲基血清素 | α | α,O-DMS | α,O-Dimethylserotonin",Empathogen,recreational,5-HT2A-agonist | MISCATEGORIZED | fatalities-reported | no-human-data | psychedelic | research-chemical | serotonergic-toxicity-risk | tryptamine | very-long-duration,insufflation,insufflation | oral | rectal,insufflation | oral | rectal,yes,yes,,"The psychedelic effects of 5-MeO-αMT are believed to arise from its activity as a partial agonist at 5-HT receptors. The precise role of these interactions and how they produce the psychedelic experience remain poorly understood.

5-MeO-αMT also inhibits the reuptake of monoamines (dopamine, serotonin, and norepinephrine) and stimulates their release.",,,"half_life_minutes, references"
5-MeO-DALT,,5-MeO DALT | 5MeO-DALT | 5meodalt | Foxtrot,Psychedelic,recreational,class:Tryptamine | class:substituted tryptamines | promiscuous-binding | research-chemical,inhalation,inhalation | insufflation | oral,inhalation | insufflation | oral,yes,yes,,,Acuity enhancement | Analysis enhancement | Auditory distortion | Auditory enhancement | Auditory hallucinations | Color enhancement | Color shifting | Conceptual thinking | Drifting | Emotion enhancement | Geometry | Increased heart rate | Increased libido | Memory suppression | Novelty enhancement | Pattern recognition enhancement | Personal bias suppression | Pupil dilation | Spontaneous tactile sensations | Stimulation | Symmetrical texture repetition | Tactile enhancement | Temperature regulation suppression | Thought acceleration | Thought connectivity | Time distortion | Tracers | Wakefulness,,"half_life_minutes, mechanism_of_action, references"
5-MeO-DET,,,Psychedelic,recreational,TIHKAL | tryptamine,oral,oral,oral,yes,yes,,,,https://erowid.org/library/books_online/tihkal/tihkal36.shtml,"half_life_minutes, mechanism_of_action"
5-MeO-DIBF,,5-Methoxy-diisopropylbenzofuranethylamine | benzofuran analogue of 5-MeO-DiPT,Psychedelic,recreational,class:Benzofuran analogue of 5-MeO tryptamines | class:substituted benzofurans | research-chemical | tentative,insufflation,insufflation | oral,insufflation | oral,yes,yes,,5-MeO-DiBF 可能充当 血清素 部分激动剂。致幻效果被认为来自它在 5-HT1A 和 5-HT2 家族血清素受体上的效力。这种化合物作为血清素激动剂的效力比 5-MeO-DiPT 低几倍呢喵。,,,"half_life_minutes, references"
5-MeO-DiPT,,5-甲氧基-二异丙基色胺 | 5meodipt | Foxy | Foxy Methoxy | foxy-methoxy,Psychedelic,recreational,5-HT2A-agonist | CYP2D6-substrate | TIHKAL | class:substituted tryptamines | research-chemical | tryptamine,oral,oral,oral,yes,yes,,"5-MeO-DiPT 产生的所谓致幻和致神效应的机制被认为主要源于 5-HT2A 受体激动作用，尽管其他作用机制如单胺氧化酶抑制 (MAOI) 也可能参与其中。 5-MeO-DiPT 最强的受体结合亲和力是在 5-HT1A 受体上。 然而，这些相互作用的作用以及它们如何导致迷幻体验仍然难以捉摸。

5-MeO-DiPT 在大鼠中具有神经毒性。",,https://erowid.org/library/books_online/tihkal/tihkal37.shtml,half_life_minutes
5-MeO-DPT,,5meodpt | O-Me-DiPS,Psychedelic,recreational,class:Substituted tryptamine | research-chemical,inhalation,inhalation | oral,inhalation | oral,yes,yes,,,,,"half_life_minutes, mechanism_of_action, references"
5-MeO-EiPT,,5meoeipt,Psychedelic,recreational,research-chemical | tentative,insufflation,insufflation | oral,insufflation | oral,yes,yes,,,,,"half_life_minutes, mechanism_of_action, references"
5-MeO-MALT,,,Psychedelic,recreational,research-chemical,inhalation,inhalation | insufflation | oral,inhalation | insufflation | oral,yes,no,,,,,"duration_by_route, half_life_minutes, mechanism_of_action, references"
5-MeO-MET,,,Psychedelic,recreational,research-chemical,inhalation,inhalation | oral,inhalation | oral,yes,yes,,,,,"half_life_minutes, mechanism_of_action, references"
5-MeO-MiPT,,5meo-MiPT | 5meomipt | Moxy,Psychedelic,recreational,5-HT2A-preferring-5MeO | TIHKAL | class:Tryptamine | class:substituted tryptamines | research-chemical | tryptamine,inhalation,inhalation | oral | sublingual,inhalation | oral | sublingual,yes,yes,,5-MeO-MiPT 的迷幻效应被认为源于其作为部分激动剂在 5-HT2A 受体上的功效，也有推测认为它具有抑制MAO（即胃中的消化酶）等其他作用机制，但这尚未得到科学证实。虽然 5-MeO-MiPT 与 5-HT1A 受体的结合最强，但它可能作为一种中等效力的血清素-去甲肾上腺素再摄取抑制剂（SNRI），不过其他研究未发现其在单胺转运体上有显著作用。这些机制可能有助于解释为什么有许多轶事报告称该化合物在适度剂量下具有抗抑郁和抗焦虑作用。例如，SNRI 类药物如文拉法辛常用于治疗抑郁症，而 5-HT1A 激动剂丁螺环酮主要用于治疗焦虑症。,"Acuity enhancement | After images | Analysis enhancement | Auditory distortion | Auditory enhancement | Auditory hallucinations | Autonomous entities | Color enhancement | Color shifting | Conceptual thinking | Depersonalization | Drifting | Emotion enhancement | Empathy, love, and sociability enhancement | Geometry | Headaches | Increased heart rate | Increased libido | Internal hallucinations | Memory suppression | Nausea | Novelty enhancement | Pattern recognition enhancement | Personal bias suppression | Perspective alterations | Pupil dilation | Scenarios and plots | Scenery slicing | Sedation | Settings, sceneries, and landscapes | Spontaneous tactile sensations | Stimulation | Stomach bloating | Symmetrical texture repetition | Thought acceleration | Thought connectivity | Time distortion | Tracers | Transformations | Vasoconstriction | Wakefulness",https://erowid.org/library/books_online/tihkal/tihkal40.shtml,half_life_minutes
5-MeO-NIPT,,5meonipt,Psychedelic,recreational,research-chemical | tentative,oral,oral,oral,yes,yes,,,,,"half_life_minutes, mechanism_of_action, references"
5-MeO-NMT,,,Psychedelic,recreational,TIHKAL | no-human-data | tryptamine,,,,no,no,,,,https://erowid.org/library/books_online/tihkal/tihkal42.shtml,"dose_ranges_by_route, duration_by_route, half_life_minutes, mechanism_of_action"
5-MeO-PYR-T,,5-methoxy-pyrrolidinyltryptamine,Psychedelic,recreational,5-HT1A-selective | TIHKAL | research-chemical | tentative | tryptamine,inhalation,inhalation | oral,inhalation | oral,yes,yes,,,,https://erowid.org/library/books_online/tihkal/tihkal43.shtml,"half_life_minutes, mechanism_of_action"
5-MeO-TMT,,,Psychedelic,recreational,TIHKAL | tryptamine,oral,oral,oral,yes,yes,,,,https://erowid.org/library/books_online/tihkal/tihkal45.shtml,"half_life_minutes, mechanism_of_action"
5-MES-DMT,,,Psychedelic,recreational,5-HT2A-agonist | TIHKAL | no-human-data | tryptamine,oral,oral,oral,yes,yes,,,,https://erowid.org/library/books_online/tihkal/tihkal46.shtml,"half_life_minutes, mechanism_of_action"
5-Methyl-bk-MDEA,,5-Me | 5-methyl-ethylone,Stimulant,recreational,SNDRA-predicted | research-chemical,insufflation,insufflation | oral,insufflation | oral,yes,no,,,,,"duration_by_route, half_life_minutes, mechanism_of_action, references"
5-PPDI,,,Stimulant,recreational,habit-forming | research-chemical | tentative,oral,oral,oral,yes,yes,,,,,"half_life_minutes, mechanism_of_action, references"
5-TASB,,5-thioasymbescaline,Psychedelic,recreational,PIHKAL | no-human-data | phenethylamine,oral,oral,oral,yes,yes,,,,https://erowid.org/library/books_online/pihkal/pihkal148.shtml,"half_life_minutes, mechanism_of_action"
5-TME,,,Psychedelic,recreational,PIHKAL | phenethylamine,,,,no,no,,,,https://erowid.org/library/books_online/pihkal/pihkal165.shtml,"dose_ranges_by_route, duration_by_route, half_life_minutes, mechanism_of_action"
5-TOET,,,Psychedelic,recreational,PIHKAL | no-human-data | phenethylamine,oral,oral,oral,yes,yes,,,,https://erowid.org/library/books_online/pihkal/pihkal170.shtml,"half_life_minutes, mechanism_of_action"
5-TOM,,,Psychedelic,recreational,PIHKAL | no-human-data | phenethylamine,oral,oral,oral,yes,yes,,,,https://erowid.org/library/books_online/pihkal/pihkal172.shtml,"half_life_minutes, mechanism_of_action"
5F-ADB-PINACA,,,,medical_rx,,,,,no,no,,,,,"dose_ranges_by_route, duration_by_route, half_life_minutes, mechanism_of_action, references"
5F-Akb48,,5F-AKB-48 | 5F-APINACA | 5fakb48 | 5fapinaca,Cannabinoid,recreational,CB2-selective | class:adamantanes | class:indazolecarboxamide | full-agonist-CB1 | habit-forming | research-chemical | synthetic-cannabinoid | tentative,inhalation,inhalation,inhalation,yes,yes,,尽管这种物质尚未经过正式研究，但从其结构分析来看，通常认为5F-AKB48与其他大麻素具有相似的结合谱，并且与Δ9-THC的许多体内性质相符。不过，这些相互作用究竟如何共同产生大麻素药效，目前仍然没有被完全弄清楚呢。,,,"half_life_minutes, references"
5F-MDMB-PICA,,5F-MDMB-2201 | 5F-MMB-PICA,Cannabinoid,recreational,US-Schedule-I | fatalities-reported | full-agonist-CB1 | high-risk | indole-carboxamide | synthetic-cannabinoid | ultrapotent,,,,no,no,,,,https://en.wikipedia.org/wiki/5F-MDMB-PICA,"dose_ranges_by_route, duration_by_route, half_life_minutes, mechanism_of_action"
5F-PB-22,,5F-QUPIC,Cannabinoid,recreational,class:indolecarboxylate | fatalities-reported | full-agonist-CB1 | habit-forming | research-chemical | synthetic-cannabinoid | tentative,inhalation,inhalation | oral,inhalation | oral,yes,yes,,尽管这种物质尚未被正式研究，但根据其结构分析，人们推测5F-PB-22与其他大麻类物质具有相似的结合谱，并且与Δ9-THC的许多体内性质相吻合。不过，这些相互作用究竟扮演了什么角色，以及它们是如何共同形成大麻类药物的药效体验的，目前仍然不太清楚呢。,,,"half_life_minutes, references"
6-APB,,6APB | Benzo Fury | Benzofury,Psychedelic,recreational,5-HT2B-strong-agonist | SNDRA | cardiotoxicity-risk | class:Benzofuran phenethylamine | class:substituted amphetamines | class:substituted benzofurans | habit-forming | long-acting | research-chemical,insufflation,insufflation | oral | rectal,insufflation | oral | rectal,yes,yes,,Benzofuran Empathogen (Monoamine Releasing Agent),,,"half_life_minutes, references"
6-APDB,,4-desoxy-MDA | EMA-4,Empathogen,recreational,5-HT2B-agonist | SSRA-NRI | class:substituted amphetamines | class:substituted benzofurans | class:substituted phenethylamines | habit-forming | research-chemical,oral,oral,oral,yes,yes,,"6-APDB 作为一种神经递质释放剂和三重神经递质再摄取抑制剂发挥作用，作用对象是被称为血清素、多巴胺和去甲肾上腺素的单胺类神经递质。这些神经递质会调节大脑感受愉悦、动机、奖赏、规划、注意与专注的能力。它通过促进这些神经递质释放，并在它们完成通过突触间隙传递神经冲动的功能后抑制其再摄取与再吸收，从而使它们得以积累，并可被立即再次利用。其总体结果是一种兴奋状态，带来兼具身体刺激、放松、去抑制与欣快感的复合效应哦。

不饱和的苯并呋喃衍生物6-APB，即 6-(2-氨基丙基)苯并呋喃，也已为人所知；不过，6-APB 与 6-APDB 在药理效应上的差异，至今仍未被完全阐明呢。",,,"half_life_minutes, references"
6-EAPB,,N-ethyl-6-APB,Empathogen,recreational,SNDRA-presumed | habit-forming | research-chemical,oral,oral,oral,yes,yes,,,,,"half_life_minutes, mechanism_of_action, references"
6-MAPB,,N-methyl-6-APB,Empathogen,recreational,5-HT2B-agonist | SNDRA | habit-forming | research-chemical,insufflation,insufflation | oral,insufflation | oral,yes,yes,,,,,"half_life_minutes, mechanism_of_action, references"
6-MDDM,,6-methylenedihydrodesoxymorphine,Opioid,recreational,MOR-superagonist | habit-forming | morphine-derivative | tentative,oral,oral,oral,yes,yes,,,,,"half_life_minutes, mechanism_of_action, references"
6-MeO-THH,,,Psychedelic,recreational,TIHKAL | no-human-data | tryptamine,,,,no,no,,,,https://erowid.org/library/books_online/tihkal/tihkal44.shtml,"dose_ranges_by_route, duration_by_route, half_life_minutes, mechanism_of_action"
6-Monoacetylmorphine,,6-ACM | 6-AM | 6-Acetylmorphine | 6-MAM | 6-acetyl morphine,Opioid,recreational,MOR-full-agonist | class:Semi-synthetic morphinan opioid | heroin-metabolite | primary-active-species-after-heroin,inhalation,inhalation | insufflation | intravenous,inhalation | insufflation | intravenous,yes,yes,25.0,,,"6-Monoacetylmorphine (6-MAM), Not Morphine, Is Responsible for the Rapid Neural Effects Induced by Intravenous Heroin",mechanism_of_action
7-Hydroxymitragynine,,7-HMG | 7-OH | 7-OH-MG | 7-OHM | 7OH,Opioid,recreational,G-protein-biased | MOR-near-full-agonist | class:Terpenoid indole alkaloid | high-abuse-liability | kratom-metabolite,oral,oral | sublingual,oral | sublingual,yes,yes,240.0,,,Human Mitragynine and 7-Hydroxymitragynine Pharmacokinetics after Single and Multiple Daily Doses of Oral Encapsulated Dried Kratom Leaf Powder,mechanism_of_action
9-Me-BC,,9-MBC | 9-MeBC,Nootropic,recreational,BDNF-upregulator-astrocytic | MAO-A-moderate-selective | MAOI-A-weak | beta-carboline | class:β-Carboline alkaloid | no-human-data | nootropic | research-chemical,insufflation,insufflation | oral | sublingual,insufflation | oral | sublingual,yes,yes,,,,,"half_life_minutes, mechanism_of_action, references"
"a,N,O-TMS",,,Psychedelic,recreational,TIHKAL | tryptamine,oral,oral,oral,yes,yes,,,,https://erowid.org/library/books_online/tihkal/tihkal55.shtml,"half_life_minutes, mechanism_of_action"
"a,N-DMT",,,Psychedelic,recreational,5-HT2A-agonist | TIHKAL | tryptamine,oral,oral,oral,yes,yes,,,,https://erowid.org/library/books_online/tihkal/tihkal08.shtml,"half_life_minutes, mechanism_of_action"
"a,O-DMS",,,Psychedelic,recreational,TIHKAL | tryptamine,oral,oral,oral,yes,yes,,,,https://erowid.org/library/books_online/tihkal/tihkal05.shtml,"half_life_minutes, mechanism_of_action"
a-ET,,Monase | etryptamine | α-ethyltryptamine | αET,Psychedelic,recreational,TIHKAL | agranulocytosis-risk-historical | tryptamine,oral,oral,oral,yes,yes,,,,https://erowid.org/library/books_online/tihkal/tihkal11.shtml,"half_life_minutes, mechanism_of_action"
a-MT,,,Psychedelic,recreational,TIHKAL | tryptamine,oral,oral,oral,yes,yes,,,,https://erowid.org/library/books_online/tihkal/tihkal48.shtml,"half_life_minutes, mechanism_of_action"
A-pbp,,alpha-pbp,Stimulant,recreational,habit-forming | research-chemical | tentative,oral,oral,oral,yes,yes,,,,,"half_life_minutes, mechanism_of_action, references"
A-PHP,,PV7 | alpha-PHP | α-PHP,Stimulant,recreational,class:cathinone | class:substituted cathinones | class:substituted pyrrolidines,inhalation,inhalation | insufflation | oral,inhalation | insufflation | oral,yes,yes,,,,,"half_life_minutes, mechanism_of_action, references"
A-pihp,,pihp | α-PiHP,Stimulant,recreational,NDRI | habit-forming | pyrovalerone-cathinone | research-chemical | stimulant-not-entactogen | tentative,inhalation,inhalation | insufflation | oral,inhalation | insufflation | oral,yes,yes,,,,,"half_life_minutes, mechanism_of_action, references"
A-pvp,,Flak | Flakka | Gravel | O-2387 | Prolintanone | alpha-PVP | alpha-Pyrrolidinopentiophenone | apvp | desmethylpyrovalerone | flocka | α-PVP | α-Pyrrolidinopentiophenone | α-pyrrolidinovalerophenone | αpvp | β-ketone-prolintane,Stimulant,recreational,DAT-NET-selective | DRI | TAAR1-inactive-human | cathinone | class:cathinone | class:substituted cathinones | class:substituted pyrrolidines | fatalities-reported | habit-forming | high-psychosis-risk | high-risk | pure-reuptake-inhibitor | pyrrolidinophenone | research-chemical | slow-DAT-off-rate,inhalation,inhalation | insufflation | oral,inhalation | insufflation | oral,yes,yes,,"α-PVP 是一种强效且具有选择性的 去甲肾上腺素-多巴胺 再摄取抑制剂 (NDRI)，其效力与 MDPV 相似。α-PVP 不作为转运体底物，也就是说，它不会引起神经递质的释放（不像苯丙胺那样）。它是比经典兴奋剂可卡因和苯丙胺更强效的 DAT 和 NET 抑制剂呢。

MDPV、α-PVP、可卡因和苯丙胺对多巴胺 (DAT)、去甲肾上腺素 (NET) 和血清素 (SERT) 转运体 [3H] 递质摄取的抑制作用对比：",Acuity suppression | Analysis enhancement | Anxiety | Appetite suppression | Cognitive euphoria | Cognitive fatigue | Compulsive redosing | Dehydration | Depression | Difficulty urinating | Disinhibition | Ego inflation | Focus enhancement | Immersion enhancement | Increased heart rate | Increased libido | Increased perspiration | Irritability | Motivation enhancement | Spontaneous tactile sensations | Stimulation | Tactile enhancement | Teeth grinding | Thought acceleration | Thought deceleration | Time distortion | Vasoconstriction | Vibrating vision | Wakefulness,https://en.wikipedia.org/wiki/Alpha-Pyrrolidinopentiophenone | https://www.dea.gov/sites/default/files/2018-07/alpha-PVP-2018.pdf,half_life_minutes
A-pvt,,apvt,Stimulant,recreational,habit-forming | research-chemical | tentative,,,,no,no,,,,,"dose_ranges_by_route, duration_by_route, half_life_minutes, mechanism_of_action, references"
Ab-chminaca,,,Other,recreational,full-agonist-CB1 | habit-forming | high-toxicity | research-chemical | synthetic-cannabinoid | tentative | ultrapotent,inhalation,inhalation | oral,inhalation | oral,yes,yes,,,,,"half_life_minutes, mechanism_of_action, references"
Ab-fubinaca,,Ab-fubi | ab-fub | 艾比-富比,Cannabinoid,recreational,class:indazolecarboxamide | duplicate-of:AB-FUBINACA | full-agonist-CB1 | habit-forming | high-toxicity | research-chemical | synthetic-cannabinoid | tentative,inhalation,inhalation | oral,inhalation | oral,yes,yes,,虽然这种物质尚未经过正式研究，但从其结构分析来看，通常推测AB-FUBINACA具有与其他大麻类相似的结合谱，并且与Δ9-THC在体内表现出的许多性质相符。AB-FUBINACA通过对CB1和CB2大麻素受体的完全激动来产生其一系列效应，并且对CB2具有一定选择性。不过，这些相互作用究竟如何形成大麻类的药效体验，目前仍然不是很清楚呢。,,,"half_life_minutes, references"
AC-262536,,Accadrine,Endocrine,medical_rx,no-human-data | research-chemical | sarm | wada-prohibited,,,,no,no,,"Nonsteroidal AR partial agonist (Ki ~5 nM, ~64% DHT efficacy); anabolic:androgenic ratio ~2.45:1 in rat.",,"https://en.wikipedia.org/wiki/AC-262,536","dose_ranges_by_route, duration_by_route, half_life_minutes"
Acalabrutinib,,Calquence,,medical_rx,,,,,no,no,,"Acalabrutinib is a small-molecule inhibitor of BTK. Acalabrutinib and its active metabolite, ACP-5862, form a covalent bond with a cysteine residue in the BTK active site, leading to inhibition of BTK enzymatic activity. BTK is a signaling molecule of the B cell antigen receptor (BCR) and cytokine receptor pathways. In B cells, BTK signaling results in activation of pathways necessary for B-cell proliferation, trafficking, chemotaxis, and adhesion. In nonclinical studies, acalabrutinib inhibited BTK-mediated activation of downstream signaling proteins CD86 and CD69 and inhibited malignant B-cell proliferation and survival.",,,"dose_ranges_by_route, duration_by_route, half_life_minutes, references"
Acamprosate,,Acetyl homotaurine | Campral,Other,medical_rx,AUD-treatment | GABA-modulator | NMDA-modulator | anti-craving | prescription-only,oral,oral,oral,yes,no,1200.0,,,https://en.wikipedia.org/wiki/Acamprosate,"duration_by_route, mechanism_of_action"
Aceburic acid,,4-OAc-GHB | 4-acetoxybutanoic acid | 4-acetoxybutyric acid,GABAergic,recreational,GHB-prodrug-ester,insufflation,insufflation | oral | rectal | sublingual,insufflation | oral | rectal | sublingual,yes,yes,,,,,"half_life_minutes, mechanism_of_action, references"
Acetaminophen-Codeine,,Tylenol #3 | Tylenol #4,Opioid,recreational,analgesic | antipyretic | opioid,,,,no,no,,"Codeine: is an opioid agonist with preferential selectivity for mu-opioid receptors. Codeine has relatively weak analgesic activity; however, its active metabolites morphine (5-15%, via CYP2D6 metabolism ) and codeine-6-glucuronide (50-70% via UGT2B7 metabolism ) have notable analgesic properties ( especially morphine, a potent opioid agonist). The therapeutic effects of codeine include analgesic, antidiarrheal and antitussive actions. Acetaminophen: The mechanism of action of acetaminophen is not well-defined. Its antipyretic and analgesic activity are thought to result from inhibition of prostaglandin synthesis and release in the central nervous system. Inhibition of the nitric oxide (NO) pathway via action on neurotransmitter receptors, such as N-methyl-D-aspartate (NMDA) and substance P, also may result in elevation of the pain threshold.",,,"dose_ranges_by_route, duration_by_route, half_life_minutes, references"
Acetildenafil,,Hongdenafil,Other,recreational,research-chemical,oral,oral | sublingual,oral | sublingual,yes,yes,,,,,"half_life_minutes, mechanism_of_action, references"
Acetorphine,,Acetorfina | Acetylpropylorvinol,Opioid,recreational,Bentley-compound | MOR-superagonist | veterinary-only-class,,,,no,no,,,,,"dose_ranges_by_route, duration_by_route, half_life_minutes, mechanism_of_action, references"
Acetyl-L-Carnitine,,ALCAR | Acetylcarnitine | L-Acetylcarnitine,Supplement,otc,OTC | amino-acid-derivative | cholinergic | mitochondrial-support | nootropic | supplement,oral,oral,oral,yes,yes,285.0,,,https://en.wikipedia.org/wiki/Acetylcarnitine | https://examine.com/supplements/acetyl-l-carnitine/,mechanism_of_action
Acetyldihydrocodeine,,6-ADC | 6-acetyldihydrocodeine | ADC,Opioid,recreational,CYP2D6-bioactivation | MOR-prodrug | class:semi-synthetic morphinan opioid,insufflation,insufflation | oral | rectal,insufflation | oral | rectal,yes,yes,,,,,"half_life_minutes, mechanism_of_action, references"
Acetylfentanyl,,a-f | acetyl-fentanyl | 乙酰芬太尼,Opioid,recreational,CYP3A4-substrate | class:anilidopiperidine | habit-forming | mu-full-agonist | mu-opioid-agonist | research-chemical | wooden-chest-syndrome-risk,insufflation,insufflation | oral | sublingual,,no,yes,,"这种化合物之所以会产生娱乐性效应，是因为阿片类药物在结构上模仿了人体内天然存在的内源性内啡肽，并同样作用于μ-阿片受体。正是这种结构上的模拟，使阿片类药物能够产生躯体欣快感、镇痛和焦虑抑制等效应。这是因为内啡肽本就负责减轻疼痛、引发困倦，以及带来愉悦感；它们会在疼痛、剧烈运动、性高潮或普遍兴奋状态下释放。

乙酰芬太尼相较于吗啡具有很强效力，很大程度上是由于其高度脂溶性，也就是一种化学化合物溶于脂肪、油类与脂质的能力。因此，与其他阿片类药物相比，它更容易穿透中枢神经系统。

与芬太尼相似，乙酰芬太尼在体外对μ-阿片受体具有类阿片样结合亲和力，并能产生μ-阿片受体激动效应。研究还表明，乙酰芬太尼可抑制电刺激输精管制备中的抽搐反应。类似地，在另一项使用甩尾试验与苯醌扭体试验的研究中，乙酰芬太尼在小鼠中表现出了镇痛反应。乙酰芬太尼还被证明可完全抑制吗啡依赖猴的戒断体征。此外，在药物辨别研究中，乙酰芬太尼会产生类似吗啡的主观效应。除了镇痛之外，类似芬太尼的物质也与其他阿片镇痛药相同，会产生多种药理效应，包括情绪改变、欣快、困倦、呼吸抑制、咳嗽反射抑制、瞳孔缩小以及胃肠蠕动受损。

目前，科学文献中尚未见有人体临床研究系统评估乙酰芬太尼的药理作用。

在小鼠急性毒性研究中，乙酰芬太尼与芬太尼的LD50（导致50%实验动物死亡的剂量）分别为9.3 mg/kg和62 mg/kg。研究还观察到，给予乙酰芬太尼的小鼠小肠出现明显出血。",Anxiety suppression | Cognitive euphoria | Compulsive redosing | Constipation | Cough suppression | Difficulty urinating | Itchiness | Pain relief | Physical euphoria | Pupil constriction | Respiratory depression | Sedation,,"dose_ranges_by_route, half_life_minutes, references"
Aclidinium,,Tudorza Pressair,,medical_rx,long-acting muscarinic antagonist,,,,no,no,,Reversibly competes and antagonizes muscarinic receptors in the airways causing smooth muscle relaxation and bronchodilation.,,,"dose_ranges_by_route, duration_by_route, half_life_minutes, references"
Acrylfentanyl,,Acryl-fentanyl | Acryloylfentanyl,Opioid,recreational,CYP3A4-substrate | duplicate-of-acrylfentanyl | habit-forming | mu-full-agonist | mu-opioid-agonist | research-chemical | tentative | wooden-chest-syndrome-risk,inhalation,inhalation | insufflation | intravenous | oral,inhalation | insufflation | intravenous | oral,yes,yes,,,,,"half_life_minutes, mechanism_of_action, references"
Acyclovir,,Zovirax,Antimicrobial,non_recreational,antiviral,,,,no,no,,"Acyclovir is a synthetic nucleoside analogue that prevents viral DNA replication in multiple ways: competitive inhibition of viral DNA polymerase, incorporation into and termination of the growing viral DNA chain, and inactivation of the viral DNA polymerase.",,,"dose_ranges_by_route, duration_by_route, half_life_minutes, references"
ADB-BUTINACA,,ADMB-BUTINACA,Cannabinoid,recreational,fatalities-reported | full-agonist-CB1 | high-risk | indazole-carboxamide | synthetic-cannabinoid | ultrapotent,,,,no,no,,,,https://en.wikipedia.org/wiki/ADB-BUTINACA,"dose_ranges_by_route, duration_by_route, half_life_minutes, mechanism_of_action"
ADB-HEXINACA,,ADB-HINACA,Cannabinoid,recreational,full-agonist-CB1 | high-risk | indazole-carboxamide | synthetic-cannabinoid,,,,no,no,,,,,"dose_ranges_by_route, duration_by_route, half_life_minutes, mechanism_of_action, references"
ADB-INACA,,,Cannabinoid,recreational,class:Synthetic cannabinoid | weak-CB1-activity,inhalation,inhalation | oral,inhalation | oral,yes,yes,,,,,"half_life_minutes, mechanism_of_action, references"
ADB-PINACA,,ADB-PINACA positional isomer | Spice”/“K2” product ingredient | indazole-3-carboxamide SCRA | isomer 1,Cannabinoid,recreational,US-Schedule-I | class:Indazole-3-carboxamide synthetic cannabinoid | fatalities-reported | full-agonist-CB1 | high-risk | indazole-carboxamide | post-K2 | synthetic-cannabinoid | ultrapotent,inhalation,inhalation | oral,inhalation | oral,yes,yes,,,,https://en.wikipedia.org/wiki/ADB-PINACA,"half_life_minutes, mechanism_of_action"
ADB-PINACA isomer 2,,ADB-PINACA iso-2 | ADB-PINACA positional isomer | ADB-PINACA structural isomer,Cannabinoid,recreational,class:Indazole-based synthetic cannabinoid | presumed-CB1-agonist | regio-isomer | structurally-related-to-ADB-PINACA,inhalation,inhalation | oral,inhalation | oral,yes,yes,,,,,"half_life_minutes, mechanism_of_action, references"
ADBICA,,ADB-ICA | ADB-PICA,Cannabinoid,recreational,class:Indole–3-carboxamide synthetic cannabinoid | full-agonist-CB1 | indole-carboxamide,inhalation,inhalation | oral,inhalation | oral,yes,yes,,,,,"half_life_minutes, mechanism_of_action, references"
Adinazolam,,Adinazolam mesylate | Deracyn,Benzodiazepine,recreational,CYP3A4-substrate | GABAA-PAM | benzodiazepine | designer-benzo | habit-forming | prodrug | tentative | triazolobenzodiazepine,oral,oral | sublingual,oral | sublingual,yes,yes,180.0,,,https://en.wikipedia.org/wiki/Adinazolam,mechanism_of_action
Adipotide,,FTPP | Prohibitin-targeting peptidomimetic,Peptide,medical_rx,nephrotoxic | no-human-data | peptide | peptidomimetic,subcutaneous,subcutaneous,,no,no,,Pro-apoptotic peptidomimetic targeting white-fat vasculature.,,https://en.wikipedia.org/wiki/Adipotide | Barnhart 2011 Sci Transl Med,half_life_minutes
Adrafinil,,"CRL-40,028 | Olmifon | 艾捉菲尼",Eugeroic,recreational,afinil | class:benzhydryl | eugeroic | habit-forming | hepatotoxic-monitor | hepatotoxic-potential | prodrug | research-chemical,oral,oral,oral,yes,yes,60.0,,,https://en.wikipedia.org/wiki/Adrafinil,mechanism_of_action
AEM,,5-trimethoxyphenyl)butane | alpha-Ethylmescaline | α-Ethylmescaline,Psychedelic,recreational,PIHKAL | no-human-data | phenethylamine,oral,oral,oral,yes,no,,,,https://erowid.org/library/books_online/pihkal/pihkal001.shtml,"duration_by_route, half_life_minutes, mechanism_of_action"
AET,,a-et | a-ethyltryptamine | alpha-ethyl-tryptamine,Empathogen,recreational,research-chemical | tentative,oral,oral,oral,yes,yes,,,,,"half_life_minutes, mechanism_of_action, references"
Afamelanotide,,MT-I | NDP-MSH | melanotan 1 | melanotan I | α-NDP-MSH,Other,recreational,no-human-data | tryptamine,subcutaneous,subcutaneous,,no,no,,,,,"half_life_minutes, mechanism_of_action, references"
Afloqualone,,Aflocualona | Afloqualon | Arofuto | HQ 495 | HQ-495,Depressant,recreational,habit-forming | muscle-relaxant-japan | quinazolinone | tentative,oral,oral,oral,yes,yes,,,,,"half_life_minutes, mechanism_of_action, references"
Agmatine,,AGM | AGS | Decarboxylated L-arginine | Decarboxylated arginine | 胍丁胺,Nootropic,recreational,NMDA-antagonist | imidazoline | imidazoline-agonist | nootropic | polyamine-derivative | supplement | weak-NMDA-antagonist,oral,oral,oral,yes,yes,,"Agmatine functions as an NMDA receptor antagonist, an alpha-2 adrenergic receptor antagonist, and an imidazoline receptor agonist.",,https://en.wikipedia.org/wiki/Agmatine,half_life_minutes
Agomelatine,,Melitor | Thymanax | Valdoxan,Antidepressant,medical_rx,MT1-MT2-agonist | antidepressant | hepatotoxicity-risk | melatonergic-antidepressant | prescription-only,,,,no,no,90.0,Melatonin Receptor Agonist and 5-HT2C Antagonist,,https://www.ema.europa.eu/en/documents/product-information/valdoxan-epar-product-information_en.pdf | https://en.wikipedia.org/wiki/Agomelatine,"dose_ranges_by_route, duration_by_route"
AH-7921,,ah7921 | doxylam,Opioid,recreational,habit-forming | kappa-agonist | morphine-equivalent-potency | mu-full-agonist | research-chemical,oral,oral,oral,yes,yes,,,,,"half_life_minutes, mechanism_of_action, references"
AHN 1-055,,,Stimulant,recreational,DRI | anticholinergic | atypical-DAT-inhibitor | investigational | no-human-data | research-chemical | slow-binding,,,,no,no,,,,https://pubmed.ncbi.nlm.nih.gov/,"dose_ranges_by_route, duration_by_route, half_life_minutes, mechanism_of_action"
AKB-57,,5F-AKB-57 | AKB57 | Spice”/“K2”-type synthetic cannabinoid,Cannabinoid,recreational,,oral,inhalation | oral,oral,yes,yes,,,,,"half_life_minutes, mechanism_of_action, references"
AL,,,Psychedelic,recreational,PIHKAL | phenethylamine,oral,oral,oral,yes,yes,,,,https://erowid.org/library/books_online/pihkal/pihkal002.shtml,"half_life_minutes, mechanism_of_action"
AL-LAD,,Aladdin | N-allyl-nor-LSD | N6-allyl-nor-LSD | allad | 阿拉丁,Psychedelic,recreational,5-HT2A-partial-agonist | TIHKAL | class:lysergamides | research-chemical | tryptamine,oral,oral | sublingual,oral | sublingual,yes,yes,,"更多信息请参阅：血清素能迷幻剂

AL-LAD 可能作为 血清素 部分激动剂发挥作用喵。迷幻效果被认为源于 AL-LAD 对血清素受体的效力。然而，这些相互作用的作用以及它们如何导致迷幻体验，仍然是科学阐明对象呢。

AL-LAD 与其母体化合物 LSD 有许多共同特征；在人类身上，它的效力似乎大致相等（虽然略低），机制也相似，尽管效果的进展和持续时间被压缩了（同时在性质上保持较低的强度且更易于管理——可能是因为更容易被代谢掉喵）。然而在老鼠身上，测得 AL-LAD 的效力大约是 LSD 的两倍，尽管人类的轶事报告称其精神活性效力与 LSD 相当甚至略低哦。","Acuity enhancement | After images | Analysis enhancement | Auditory distortion | Auditory enhancement | Auditory hallucinations | Autonomous entities | Bodily control enhancement | Color enhancement | Color shifting | Conceptual thinking | Delusions | Depth perception distortions | Diffraction | Drifting | Déjà vu | Emotion enhancement | Feelings of interdependent opposites | Geometry | Immersion enhancement | Increased heart rate | Internal hallucinations | Memory suppression | Multiple thought streams | Nausea | Novelty enhancement | Pattern recognition enhancement | Personal bias suppression | Perspective alterations | Pupil dilation | Scenarios and plots | Scenery slicing | Settings, sceneries, and landscapes | Spontaneous tactile sensations | Stimulation | Symmetrical texture repetition | Tactile enhancement | Thought acceleration | Thought loops | Time distortion | Tracers | Transformations | Unity and interconnectedness | Wakefulness",https://erowid.org/library/books_online/tihkal/tihkal01.shtml,half_life_minutes
Alclometasone,,Aclovate | Alclometasone-topical,Endocrine,medical_rx,corticosteroid,,,,no,no,,"Alclometasone is a synthetic glucocorticoid with potent anti-inflammatory and immunomodulating properties. After cell entry, it binds to corticosteroid receptors on the nucleus and produces anti-inflammatory, antiproliferative, immunosuppressive, and vasoconstrictive effects that can be beneficial for psoriatic, pruritic, and other corticosteroid responsive dermatoses.",,,"dose_ranges_by_route, duration_by_route, half_life_minutes, references"
Alcohol,,Bevvy | Booze | EtOH | Ethanol | Ethyl alcohol | Juice | Liquor | Moonshine | Sauce | beer | hooch | 乙醇 | 乙醇（Ethanol） | 酒 | 酒精 | 酒精（Alcohol）,Depressant,recreational,5-HT3-PAM | ALDH2-pharmacogenetic | CYP2E1-substrate-inducer | GABA-A-PAM-delta | NMDA-antagonist | class:alcohol | common | glycine-PAM | habit-forming | zero-order-PK,oral,oral,oral,yes,yes,,Non-Selective CNS Depressant (GABAergic/Anti-Glutamatergic),"Acuity suppression | Amnesia | Analysis suppression | Anxiety suppression | Auditory suppression | Cognitive euphoria | Compulsive redosing | Creativity suppression | Dehydration | Delusions | Depression | Difficulty urinating | Disinhibition | Dizziness | Double vision | Ego inflation | Empathy, love, and sociability enhancement | Frequent urination | Headaches | Increased blood pressure | Information processing suppression | Language suppression | Motor control loss | Muscle relaxation | Nausea | Pain relief | Pattern recognition suppression | Physical euphoria | Respiratory depression | Sedation | Tactile suppression | Temporary erectile dysfunction | Thought deceleration | Thought disorganization",,"half_life_minutes, references"
ALD-52,,1-Acetyl-LSD | 1A-LAD | 1A-LSD | 1alsd | OAL-52 | Orange Sunshine | ald52,Psychedelic,recreational,class:lysergamides | prodrug-of-LSD | research-chemical | tentative,oral,oral,oral,yes,yes,,"ALD-52 通过其代谢产物 LSD 作用于大多数血清素受体亚型，作为部分激动剂，包括 5-HT1A、5-HT2A、5-HT2B、5-HT2C 和 5-HT6 受体喵。它也可以预期作为多巴胺受体（如 D2）的激动剂。人们认为其致幻效果源于 ALD-52 在 5-HT2A 受体亚型的效能呢。

ALD-52 与 1P-LSD 和 1B-LSD 一样，是 LSD 的前药，目前尚不清楚它作为母体物质是否能发挥自身的效果。研究发现，ALD-52 除了主要代谢物 LSD 外，还会代谢成两种不同的代谢产物：N-脱乙基 ALD-52 和 N-脱甲基 ALD-52（nor-ALD-52）喵。ALD-52 由 CYP3A4 酶进行 N-脱烷基化代谢，此外，CYP2D6 也参与了羟基化过程哦。",,,"half_life_minutes, references"
Alendronate,,Binosto | Fosamax,,medical_rx,bisphosphonate,,,,no,no,,"Binds to bone hydroxyapatite and inhibits osteoclast activity, thus reducing bone resorption (breakdown).",,,"dose_ranges_by_route, duration_by_route, half_life_minutes, references"
ALEPH,,Aleph-1 | DOT | para-DOT,Empathogen,recreational,PIHKAL | no-human-data | phenethylamine | research-chemical | tentative,oral,oral,oral,yes,yes,,,,https://erowid.org/library/books_online/pihkal/pihkal003.shtml,"half_life_minutes, mechanism_of_action"
ALEPH-2,,DOT-2 | aleph2 | dot2,Psychedelic,recreational,PIHKAL | no-human-data | phenethylamine | research-chemical | tentative,oral,oral,oral,yes,yes,,,,https://erowid.org/library/books_online/pihkal/pihkal004.shtml,"half_life_minutes, mechanism_of_action"
ALEPH-4,,,Psychedelic,recreational,PIHKAL | no-human-data | phenethylamine,oral,oral,oral,yes,yes,,,,https://erowid.org/library/books_online/pihkal/pihkal005.shtml,"half_life_minutes, mechanism_of_action"
ALEPH-6,,,Psychedelic,recreational,PIHKAL | no-human-data | phenethylamine,oral,oral,oral,yes,yes,,,,https://erowid.org/library/books_online/pihkal/pihkal006.shtml,"half_life_minutes, mechanism_of_action"
ALEPH-7,,,Psychedelic,recreational,PIHKAL | no-human-data | phenethylamine,oral,oral,oral,yes,yes,,,,https://erowid.org/library/books_online/pihkal/pihkal007.shtml,"half_life_minutes, mechanism_of_action"
Alfentanil,,Alfenta | Alfentanyl | Fanaxal | R 39209 | R-39209 | Rapifen,Opioid,recreational,CYP3A4-substrate | mu-full-agonist | rapid-onset | short-acting,intravenous,intravenous,intravenous,yes,yes,94.0,,,The pharmacokinetics of alfentanil (R39209): a new opioid analgesic.,mechanism_of_action
Alfuzosin,,Uroxatral,,medical_rx,selective alpha-1a blocker,,,,no,no,,Selectively blocks alpha-1 adrenergic receptors in the prostate resulting in effects including relaxation of smooth muscle around the bladder neck (improving urinary flow).,,,"dose_ranges_by_route, duration_by_route, half_life_minutes, references"
Alirocumab,,Praluent,,medical_rx,antihyperlipidemic | pcsk9 inhibitor,,,,no,no,,Binds to proprotein convertase subtilisin kexin type 9 (PCSK9) preventing it from breaking down low-density lipoprotein receptors (LDLRs) that reside on the surface of hepatocytes and remove LDL-C from circulation. This results in more LDLRs being available to clear LDL-C and thus lower LDL-C levels.,,,"dose_ranges_by_route, duration_by_route, half_life_minutes, references"
Allobarbital,,diallylbarbituric acid,Depressant,recreational,barbiturate-intermediate-acting | habit-forming | historic | tentative,oral,oral,,no,yes,,,,,"dose_ranges_by_route, half_life_minutes, mechanism_of_action, references"
Allopurinol,,Zyloprim,,medical_rx,xanthine oxidase inhibitor,,,,no,no,120.0,"Inhibits xanthine oxidase, thus reducing uric acid production. Xanthine oxidase is the enzyme responsible for the conversion of hypoxanthine to xanthine and of xanthine to uric acid.",,https://dailymed.nlm.nih.gov/dailymed/search.cfm?labeltype=all&query=61786-801,"dose_ranges_by_route, duration_by_route"
Allylescaline,,AL | 烯丙沙林 | 烯丙艾斯卡林,Psychedelic,recreational,class:substituted phenethylamines | no-human-data | phenethylamine | research-chemical,oral,oral,oral,yes,yes,,"更多信息请参阅：血清素类致幻剂

烯丙艾斯卡林作为 血清素 受体部分激动剂发挥作用。人们认为其致幻效果源于它对血清素受体的效能喵。然而，这些相互作用的作用方式以及它们如何导致致幻体验的过程仍然难以捉摸哦。

它是麦斯卡林的 4-O-烯丙基同系物，与血清素受体的结合方式类似。它在单位重量上的药效强度似乎显著增加，据报告人类的起效剂量为 20-40 mg（相比之下，麦斯卡林为 300-400 mg）呢。

它相对罕见，人类使用的历史极短。关于烯丙艾斯卡林的药理特性、代谢和毒性的数据非常少。这种化合物的效果最初由亚历山大·舒尔金在他的著作《PiHKAL》中进行了描述嘛。",Acuity enhancement | After images | Analysis enhancement | Auditory distortion | Auditory enhancement | Auditory hallucinations | Bodily control enhancement | Color enhancement | Color shifting | Conceptual thinking | Drifting | Emotion enhancement | Geometry | Immersion enhancement | Memory suppression | Nausea | Novelty enhancement | Pattern recognition enhancement | Personal bias suppression | Physical euphoria | Pupil dilation | Spontaneous tactile sensations | Stimulation | Symmetrical texture repetition | Tactile enhancement | Thought acceleration | Thought disorganization | Thought loops | Time distortion | Tracers | Transformations | Unity and interconnectedness | Wakefulness,,"half_life_minutes, references"
Almotriptan,,Axert,,medical_rx,5-ht1b/1d agonist | triptan,,,,no,no,210.0,"Selectively agonizes 5-HT1B/1D receptors causing vasoconstriction of cranial blood vessels, inhibition of pro-inflammatory neuropeptide release, and decreased pain transmission.",,"FDA label for Almotriptan Malate (almotriptan) tablets, Clinical Pharmacology 12.3 — t½ = 3–4 hours | https://dailymed.nlm.nih.gov/dailymed/search.cfm?labeltype=all&query=27241-041","dose_ranges_by_route, duration_by_route"
Alogliptin,,Nesina,,medical_rx,antidiabetic | dpp-4 inhibitor,,,,no,no,1260.0,"Inhibits dipeptidyl peptidase 4 (DPP-4) enzymes from inactivating incretin hormones, including glucagon-like peptide-1 (GLP-1) and glucose-dependent insulinotropic polypeptide (GIP). Incretin hormones help regulate blood glucose levels by increasing insulin synthesis and release, and lowering glucagon secretion, which reduces hepatic glucose production.",,"FDA label for alogliptin and metformin hydrochloride tablets (alogliptin), Clinical Pharmacology 12.3 — t½ ≈ 21 hours","dose_ranges_by_route, duration_by_route"
alpha-D2PV,,A-D2PV | alpha D2PV | Α-D2PV,Stimulant,recreational,,inhalation,inhalation | insufflation | intravenous | oral,inhalation | insufflation | intravenous | oral,yes,yes,,,,,"half_life_minutes, mechanism_of_action, references"
Alpha-GPC,,Choline Alfoscerate | GPC | L-Alpha Glycerylphosphorylcholine | L-α-glycerylphosphorylcholine | α-GPC,Nootropic,recreational,ACh-precursor | TMAO-precursor | choline-donor | cholinergic | class:choline derivative | nootropic | supplement,oral,oral,oral,yes,yes,,Cholinergic Precursor,,https://en.wikipedia.org/wiki/Alpha-GPC,half_life_minutes
Alpha-Lipoic Acid,,ALA | Alpha Lipoic Acid | R-ALA | R-Lipoic Acid | Thioctic Acid,Supplement,otc,OTC | antioxidant | insulin-sensitizer | neuroprotective | supplement,oral,oral,oral,yes,yes,30.0,,,https://ods.od.nih.gov/factsheets/Antioxidants-HealthProfessional/ | https://en.wikipedia.org/wiki/Lipoic_acid,mechanism_of_action
"alpha-N,N-trimethyltryptamine",ATMT,ATMT,Other,recreational,no-human-data | tryptamine,,,,no,no,,,,,"dose_ranges_by_route, duration_by_route, half_life_minutes, mechanism_of_action, references"
alpha-PiHP,,A-PHiP | A-PiHP | alpha-PHiP | alpha-pyrrolidinoisohexanophenone | α-PHiP | α-PiHP | α-Pyrrolidinoisohexaphenone | α-pyrrolidinoisohexanophenone,Stimulant,recreational,cathinone | fatalities-reported | no-human-data | pure-DAT-NET-blocker | pyrrolidinophenone | research-chemical,inhalation,inhalation | insufflation | oral,inhalation | insufflation | oral,yes,yes,,,,,"half_life_minutes, mechanism_of_action, references"
alpha-Pyrrolidinohexiophenone,,PV-7 | PV7 | a-PHP | alpha-PHP | aphp | α-PHP | α-PHiP | α-PiHP | α-Pyrrolidinohexiophenone | αphp,Stimulant,recreational,DAT-NET-selective | TAAR1-inactive-human | cathinone | fatalities-reported | habit-forming | high-risk | pure-reuptake-inhibitor | pyrrolidinophenone | research-chemical | tentative,inhalation,inhalation | insufflation | oral,inhalation | insufflation | oral,yes,yes,,"α-PHP 的作用机制尚不清楚呢。除了持续时间明显更短之外，人们认为它的作用与 策划药 Pentedrone和 α-PVP 类似，它们都是强效的 去甲肾上腺素-多巴胺 神经递质再摄取抑制剂 (NDRI)，不过目前还没有关于这种化合物药理学的实质性研究。

这意味着它可能通过结合并部分阻断通常从突触间隙移除这些单胺的转运蛋白，从而有效地提高大脑中去甲肾上腺素和多巴胺神经递质的水平。这使得多巴胺和去甲肾上腺素在大脑内积聚，从而产生 兴奋 和 欣快 的效果。",,https://en.wikipedia.org/wiki/Alpha-PHP,half_life_minutes
Aluminum hydroxide,,Extra Strength Heartburn Relief | Gavis-care Antacid | Geri-lanta Antacid Antigas | Harris Teeter Antacid | Maximum Strength | Regular Strength Antacid Mint | Rulox Regular | Signature Care Antacid Plus Gas Relief | Sunmark Antacid Maximum Strength Cherry | aluminum/magnesium | aluminum/magnesium/dimethicone,,otc,,,,,no,no,,,,,"dose_ranges_by_route, duration_by_route, half_life_minutes, mechanism_of_action, references"
AM-1248,,AM 1248,Cannabinoid,recreational,adamantoyl-indole | moderate-CB1-agonist,inhalation,inhalation | oral,inhalation | oral,yes,yes,,,,,"half_life_minutes, mechanism_of_action, references"
AM-2201,,AM2201 | JWH-2201 | NA-5F-PIMO,Cannabinoid,recreational,US-Schedule-I | aminoalkylindole | class:naphthoylindole synthetic cannabinoid | full-agonist-CB1 | habit-forming | high-risk | high-toxicity | research-chemical | synthetic-cannabinoid | tentative,inhalation,inhalation | oral,inhalation | oral,yes,yes,,,,https://en.wikipedia.org/wiki/AM-2201,"half_life_minutes, mechanism_of_action"
AM-2233,,AM2233 | CAS 444912-75-8 | R(+)-AM-2233,Cannabinoid,recreational,CB1-agonist | class:benzoylindole synthetic cannabinoid | synthetic-cannabinoid,inhalation,inhalation | oral,inhalation | oral,yes,yes,,,,,"half_life_minutes, mechanism_of_action, references"
AM-694,,,Cannabinoid,recreational,CB1-agonist | synthetic-cannabinoid,inhalation,inhalation | oral,inhalation | oral,yes,yes,,,,,"half_life_minutes, mechanism_of_action, references"
Amanita Muscaria,,毒蝇伞,,medical_rx,,,,,no,no,,"毒蝇伞醇具有一种比较非典型的作用机制。与经典迷幻剂（通常是5-HT受体激动剂）和经典解离剂（通常是NMDA受体拮抗剂类药物）不同，毒蝇伞醇是一种强效的GABA激动剂，也就是说，它会激活GABA的受体；而GABA是大脑中主要的抑制性神经递质。作为激动剂，毒蝇伞醇会结合到GABA受体上与GABA本身相同的位点。这一点与苯二氮卓类物质和巴比妥类物质不同，后两者结合的是GABA受体上的其他变构位点。

研究还显示，毒蝇伞醇也是GABA受体的部分激动剂，这可能也是它产生精神活性效应的原因之一。某些GABA能化合物（例如包括唑吡坦在内的Z-药物）之所以会产生致幻效应，与α1亚基GABA受体的激活有关，毒蝇伞醇也是如此。

单独摄入毒蝇伞醇后，效应大约会在1小时后开始，约3小时达到高峰，总时长可持续10-24小时。

研究表明，鹅膏蕈氨酸既是强效的NMDA受体激动剂，也是I类和II类代谢型谷氨酸受体的强效激动剂。由于它在体内会脱羧转化为毒蝇伞醇，因此在药理学上也与毒蝇伞醇有许多相似之处。",,,"dose_ranges_by_route, duration_by_route, half_life_minutes, references"
Amanita Pantherina,,豹斑鹅膏,,medical_rx,,,,,no,no,,,,,"dose_ranges_by_route, duration_by_route, half_life_minutes, mechanism_of_action, references"
Amantadine,,金刚烷胺,Dissociative,recreational,,oral,oral,oral,yes,yes,,"Amantadine is a weak NMDA receptor antagonist (Ki = 10 µM) that increases dopamine release and blocks dopamine reuptake. It also inhibits nicotinic acetylcholine receptors (nAChRs).

Amantadine has been found to bind to and act as an agonist at the σ1 receptor (Ki = 7.44 µM), and activation of the σ1 receptor has been implicated in the dopaminergic effects.

The antiviral and psychoactive mechanisms of action of amantadine are unrelated. The mechanism underlying amantadine's antiviral activity involves interference with the viral protein M2, a proton channel.",,,"half_life_minutes, references"
AMB-CHMICA,,MDMB-CHM | MDMB-CHMICA | MMB-CHMICA,Cannabinoid,recreational,fatalities-reported | full-agonist-CB1 | ultrapotent,inhalation,inhalation | oral,inhalation | oral,yes,yes,,,,,"half_life_minutes, mechanism_of_action, references"
Amcinonide,,Amcinonide-topical | Cyclocort,Endocrine,medical_rx,corticosteroid,,,,no,no,,"Amcinonide is a synthetic glucocorticoid with potent anti-inflammatory and immunomodulating properties. After cell entry, it binds to corticosteroid receptors on the nucleus and produces anti-inflammatory, antiproliferative, immunosuppressive, and vasoconstrictive effects that can be beneficial for psoriatic, pruritic, and other corticosteroid responsive dermatoses.",,,"dose_ranges_by_route, duration_by_route, half_life_minutes, references"
Amfecloral,,Acutran | Amphecloral | DB08924,Stimulant,recreational,,oral,oral,oral,yes,yes,,,,,"half_life_minutes, mechanism_of_action, references"
Amfepramone,,2-(diethylamino)propiophenone | Amfepramon | Diethylcathinone | Diethylpropion | Neobes | Nobesine | Phepranon | Préfamone | Regenon | Regibon | Tenuate | Tenuate Dospan | Tepanil,Stimulant,recreational,CYP3A4-substrate | FDA-approved-anorectic | Schedule-IV | prodrug,insufflation,insufflation | oral,insufflation | oral,yes,yes,240.0,,,Pharmacogenetics of amfepramone in healthy Mexican subjects reveals potential markers for tailoring pharmacotherapy of obesity: results of a randomised trial,mechanism_of_action
Amfonelic acid,,"AA | AFA | WIN 25,978 | WIN-25,978",Stimulant,recreational,DAT-selective | DRI | investigational | neuroprotective-vs-meth | no-human-data | research-chemical,,,,no,no,,,,https://en.wikipedia.org/wiki/Amfonelic_acid,"dose_ranges_by_route, duration_by_route, half_life_minutes, mechanism_of_action"
Amfonelicacid,,aa | afa | win25978,Stimulant,recreational,habit-forming | research-chemical,oral,oral,oral,yes,yes,,,,,"half_life_minutes, mechanism_of_action, references"
Amiloride,,Midamor,,medical_rx,epithelial sodium channel blocker | potassium-sparing diuretic,,,,no,no,450.0,"Inhibits potassium excretion and sodium resorption by blocking epithelial cell sodium channels in the collecting duct of nephrons. The primary action of epithelial sodium channel blockers is potassium retention. They have weak diuretic and antihypertensive properties, and alone have minimal effect on the excretion and retention of other electrolytes.",,"FDA label for amiloride hydrochloride, Clinical Pharmacology — plasma half-life 6 to 9 hours | https://dailymed.nlm.nih.gov/dailymed/search.cfm?labeltype=all&query=42291-122","dose_ranges_by_route, duration_by_route"
Amiloride-Hydrochlorothiazide,,Hydro-Ride | Modiuretic,,medical_rx,epithelial sodium channel blocker | potassium-sparing diuretic | thiazide diuretic,,,,no,no,,"Amiloride: Inhibits potassium excretion and sodium resorption by blocking epithelial cell sodium channels in the collecting duct of nephrons. The primary action of epithelial sodium channel blockers is potassium retention. They have weak diuretic and antihypertensive properties, and alone have minimal effect on the excretion and retention of other electrolytes. Hydrochlorothiazide: Inhibits sodium reabsorption by inhibiting the sodium-chloride cotransporters in the distal convoluted tubule of nephrons, causing increased excretion of sodium, chloride, potassium, magnesium, and water. Thiazide diuretics cause retention of calcium, bicarbonate, and uric acid.",,,"dose_ranges_by_route, duration_by_route, half_life_minutes, references"
Aminorex,,Menocil,Stimulant,recreational,PPH-causing | SERT-component | habit-forming | tentative | withdrawn,insufflation,insufflation | oral,insufflation | oral,yes,yes,,,,,"half_life_minutes, mechanism_of_action, references"
Aminotadalafil,,,Other,recreational,,oral,oral,oral,yes,yes,,,,,"half_life_minutes, mechanism_of_action, references"
Amiodarone,,Nexterone | Pacerone,,medical_rx,"antiarrhythmic, class iii",,,,no,no,,"Amiodarone primarily blocks myocardial potassium channels, in addition to blocking calcium and sodium channels in cardiac tissue, resulting in prolongation of the cardiac action potential and refractory period. Amiodarone also inhibits alpha- and beta-adrenergic receptors, resulting in a reduction in sympathetic stimulation of the heart, a negative chronotropic effect, and a decrease in myocardial oxygen demands. Amiodarone may cause vasodilation by stimulation of the release of nitric oxide and cyclooxygenase-dependent relaxing endothelial factors.",,,"dose_ranges_by_route, duration_by_route, half_life_minutes, references"
Amisulpride,,Barhemsys | Solian | 氨磺必利 | 胺硫必利,Antipsychotic,medical_rx,D2-antagonist | D3-antagonist | antipsychotic | atypical-antipsychotic | prescription-only,oral,oral,oral,yes,no,720.0,,,https://en.wikipedia.org/wiki/Amisulpride,"duration_by_route, mechanism_of_action"
Amitriptyline,,Elavil | Endep | Tryptanol,Antidepressant,medical_rx,QTc-prolongation-risk | TCA | anticholinergic | antidepressant | overdose-risk | prescription-only | serotonin-syndrome-risk | tertiary amine,,,,no,no,1440.0,"Primarily inhibits norepinephrine and serotonin reuptake at the presynaptic neurons leading to higher concentrations of these neurotransmitters in the neuronal synapse. As a tertiary amine (TCAs are either tertiary or secondary amines), this drug displays more selectivity towards serotonin reuptake inhibition. Additionally, blocks histamine-H1, alpha-1 adrenergic, and muscarinic receptors accounting for sedative, hypotensive and anticholinergic effects, respectively.",,https://www.accessdata.fda.gov/drugsatfda_docs/label/2014/012036s098lbl.pdf | https://en.wikipedia.org/wiki/Amitriptyline | https://www.ncbi.nlm.nih.gov/books/NBK537225/,"dose_ranges_by_route, duration_by_route"
Amlodipine,,Norvasc,Cardiovascular,medical_rx,"antihypertensive | calcium channel blocker, dihydropyridine",,,,no,no,2400.0,Inhibits calcium ion influx into vascular smooth muscle and cardiac muscle causing peripheral vasodilation and coronary artery vasodilation.,,https://dailymed.nlm.nih.gov/dailymed/search.cfm?labeltype=all&query=33342-015,"dose_ranges_by_route, duration_by_route"
Amobarbital,,Amylobarbitone | Amytal | Blue Heavens/Blues | Sodium amobarbital,Depressant,recreational,barbiturate-intermediate-acting | habit-forming,intramuscular,intramuscular | intravenous | oral,intramuscular | oral,yes,yes,,,,,"half_life_minutes, mechanism_of_action, references"
Amoxapine,,Asendin,Antidepressant,medical_rx,TCA | secondary amine,,,,no,no,480.0,"Primarily inhibits norepinephrine and serotonin reuptake at the presynaptic neurons leading to higher concentrations of these neurotransmitters in the neuronal synapse. As a secondary amine (TCAs are either tertiary or secondary amines), this drug displays more selectivity towards norepinephrine reuptake inhibition. Additionally, blocks histamine-H1, alpha-1 adrenergic, and muscarinic receptors accounting for sedative, hypotensive and anticholinergic effects, respectively.",,"FDA label for Amoxapine (amoxapine), Clinical Pharmacology - t½ ≈ 8 h","dose_ranges_by_route, duration_by_route"
Amoxicillin,,Amoxil,Antimicrobial,non_recreational,aminopenicillin | beta-lactam antibiotic,,,,no,no,61.0,β-Lactam Antibiotic (Cell Wall Synthesis Inhibitor),,"FDA label for Amoxicillin (amoxicillin), Clinical Pharmacology/Pharmacokinetics — t½ = 61.3 minutes","dose_ranges_by_route, duration_by_route"
Amoxicillin-Clavulanate,,Augmentin,Antimicrobial,non_recreational,aminopenicillin | beta-lactam antibiotic,,,,no,no,,Amoxicillin: inhibits bacterial cell wall synthesis by binding to and inactivating penicillin-binding proteins (PBPs) present in the bacterial cell wall. Clavulanate: protects amoxicillin from degradation by some beta-lactamase enzymes thus extending the activity to include bacteria normally resistant to amoxicillin.,,,"dose_ranges_by_route, duration_by_route, half_life_minutes, references"
AMT,,"164E | 3-IT | Alpha-methyltryptamine | Amthrax | Amtrak | IT-290 | IT-403 | Indopan | U-14,164E | alphamethyltryptamine | monase | α-Methyltryptamine | αMT",Psychedelic,recreational,MAO-A-inhibitor-weak | class:Tryptamine | class:substituted tryptamines | monoamine-releaser-broad | no-human-data | research-chemical | tryptamine | very-long-duration,inhalation,inhalation | insufflation | oral,inhalation | insufflation | oral,yes,yes,,"αMT 是一种相对平衡的再摄取抑制剂，也是三种主要单胺类神经递质（血清素、去甲肾上腺素和多巴胺）的释放剂，并且是非选择性的血清素受体激动剂。

人们认为 αMT 的迷幻效果来自于它在 5-HT2A 受体上作为部分激动剂的功效。

αMT 还作为血清素、去甲肾上腺素和多巴胺的释放剂起作用。它在体外和体内也表现出非常微弱的非选择性 可逆性MAOA抑制剂（RIMA）活性，但在常规剂量下，这一点似乎不太重要（甚至可能完全不重要）。",,,"half_life_minutes, references"
Anastrozole,,,,medical_rx,,,,,no,no,3000.0,"The growth of many cancers of the breast is stimulated or maintained by estrogens. In postmenopausal women, estrogens are mainly derived from the action of the aromatase enzyme, which converts adrenal androgens (primarily androstenedione and testosterone) to estrone and estradiol. The suppression of estrogen biosynthesis in peripheral tissues and in the cancer tissue itself can therefore be achieved by specifically inhibiting the aromatase enzyme. Anastrozole is a selective non-steroidal aromatase inhibitor. It significantly lowers serum estradiol concentrations and has no detectable effect on formation of adrenal corticosteroids or aldosterone.",,"FDA label for Anastrozole (anastrozole) tablets, Clinical Pharmacology 12.3 — t½ = 50 hours | https://dailymed.nlm.nih.gov/dailymed/search.cfm?labeltype=all&query=0054-0164","dose_ranges_by_route, duration_by_route"
Angel's Trumpets,,Devil's Apple | Devil's Weed | Moonflower | Stinkweed | Thorn Apple | 刺苹果 | 天使的号角 | 曼陀罗 | 月光花 | 臭草 | 魔鬼的苹果 | 魔鬼草,,medical_rx,,,,,no,no,,,,,"dose_ranges_by_route, duration_by_route, half_life_minutes, mechanism_of_action, references"
APICA,,2NE1 | SDB-001,Cannabinoid,recreational,class:indole cannabinoid | class:indolecarboxamide,inhalation,inhalation,inhalation,yes,yes,,"APICA 是大麻素受体的完全激动剂，在CB1和CB2上的效力相近。测量大鼠对 APICA 及类似药物反应的体内实验发现，APICA 的效力与 Δ9-THC 相近，约为JWH-018的三分之一。与这些其他大麻素相比，APICA 的效应持续时间似乎更长。不过呢，解读动物实验时还是要谨慎，因为人体中的效应可能会有明显差异。

药理学研究报告显示，其在 CB1 上的 EC 值为 6.89 ± 0.11nM，在 CB2 上为 7.54 ± 0.11nM。APICA 很可能与 Δ9-THC 共享许多体内性质。不过，这些相互作用究竟如何产生大麻类药效体验，目前仍缺乏科学上的充分验证。

关于 APICA 的体内代谢研究显示，这种药物会被完全代谢，在尿液中检测不到原始化合物。其主要代谢物是在金刚烷环系上发生单羟基化或二羟基化，以及在戊基链上发生单羟基化的产物。",,,"half_life_minutes, references"
Apixaban,,Eliquis,,medical_rx,anticoagulant | direct factor xa inhibitor,,,,no,no,,"Directly inhibits coagulation factor Xa, disrupting platelet activation and fibrin clot formation.",,,"dose_ranges_by_route, duration_by_route, half_life_minutes, references"
Apomorphine,,Apo-Go PEN | Apo-Go pump | Apo-go | Apokyn | Ixense | Kynmobi | Movapo | Onapgo | Uprima,,recreational,D2/D3-agonist | Parkinsons-rescue | QT-moderate | not-opioid,subcutaneous,subcutaneous | sublingual,subcutaneous | sublingual,yes,yes,40.0,,,Pharmacokinetic-pharmacodynamic relationships of apomorphine in patients with Parkinson's disease,mechanism_of_action
Apraclonidine,,Apraclonidine Ophthalmic | Iopidine,,medical_rx,,,,,no,no,480.0,,,"FDA label for Apraclonidine Ophthalmic Solution 0.5% (apraclonidine), Clinical Pharmacology — systemic t½ = 8 hours | https://dailymed.nlm.nih.gov/dailymed/search.cfm?labeltype=all&query=17478-716","dose_ranges_by_route, duration_by_route, mechanism_of_action"
Arecoline,,Areca alkaloid,,recreational,,buccal,buccal | inhalation | oral | sublingual,buccal | inhalation | oral | sublingual,yes,no,,,,,"duration_by_route, half_life_minutes, mechanism_of_action, references"
Arformoterol,,Brovana,,medical_rx,,,,,no,no,,"Arformoterol, the (R,R)-enantiomer of formoterol, is a selective long-acting beta 2 -adrenergic receptor agonist (beta 2 -agonist) that has two-fold greater potency than racemic formoterol (which contains both the (S,S) and (R,R)-enantiomers). The (S,S)-enantiomer is about 1,000-fold less potent as a beta 2 -agonist than the (R,R)-enantiomer. While it is recognized that beta 2 -receptors are the predominant adrenergic receptors in bronchial smooth muscle and beta 1 -receptors are the predominant receptors in the heart, data indicate that there are also beta 2 -receptors in the human heart comprising 10% to 50% of the total beta-adrenergic receptors. The precise function of these receptors has not been established, but they raise the possibility that even highly selective beta 2 -agonists may have cardiac effects.",,,"dose_ranges_by_route, duration_by_route, half_life_minutes, references"
Ariadne,,4C-D | 4C-DOM | BL-3912 | Dimoxamine | alpha-Et-2C-D | Α-Et-2C-D | Α-ethyl-2C-D,Psychedelic,recreational,PIHKAL | no-human-data | phenethylamine,oral,oral,oral,yes,yes,,"The psychedelic effects of 4C-D are believed to arise from its activity as a partial agonist at 5-HT receptors. The precise role of these interactions, and the exact mechanism by which they produce a psychedelic experience, has not yet been fully elucidated.

In a forum discussion, users have proposed that 4C-D may function as a monoamine oxidase inhibitor (MAOI), based on its structural resemblance to 5-MeO-7-Me-AET or 7-Me-AET, the latter of which has been demonstrated to be a potent MAOI and serotonin releasing agent. No evidence supports this property for 4C-D, though it should be taken into consideration when deciding to combine this substance with other monoaminergic drugs.",,https://erowid.org/library/books_online/pihkal/pihkal008.shtml,half_life_minutes
Arimistane,,17-dione | 5-diene-7 | ADD | Androsta-3,Endocrine,medical_rx,,oral,oral | sublingual | transdermal,oral | sublingual | transdermal,yes,no,,,,,"duration_by_route, half_life_minutes, mechanism_of_action, references"
Aripiprazole,,Abilify | Abilify Maintena | Aristada,Antipsychotic,medical_rx,2nd generation antipsychotic | 5HT1A-partial-agonist | 5HT2A-antagonist | D2-partial-agonist | D3-partial-agonist | antipsychotic | atypical-antipsychotic | long-acting-injectable | prescription-only,,,,no,no,4680.0,Dopamine D2 Partial Agonist and Serotonin Modulator,,https://www.accessdata.fda.gov/drugsatfda_docs/label/2014/021436s038lbl.pdf | https://en.wikipedia.org/wiki/Aripiprazole | https://www.fda.gov/media/71096/download,"dose_ranges_by_route, duration_by_route"
ASB,,,Psychedelic,recreational,PIHKAL | phenethylamine,oral,oral,oral,yes,yes,,,,https://erowid.org/library/books_online/pihkal/pihkal009.shtml,"half_life_minutes, mechanism_of_action"
Asenapine,,Saphris | Secuado,Antipsychotic,medical_rx,2nd generation antipsychotic | 5HT2A-antagonist | D2-antagonist | H1-antagonist | alpha1-blocker | antipsychotic | atypical-antipsychotic | prescription-only,sublingual,sublingual,,no,yes,1440.0,"Competitively blocks of D2 dopamine and 5HT-2A serotonin receptors. These mechanisms are notably thought to be related to its efficacy for indicated conditions. Also blocks, to varying degrees, other subtypes of dopamine receptors (D1, D3, D4), serotonin (5HT-1A, 5HT-2C and 5HT-7) receptors, histamine-1 receptors, and alpha-1 and alpha-2 adrenergic receptors.",,https://www.accessdata.fda.gov/drugsatfda_docs/label/2009/022117lbl.pdf | https://en.wikipedia.org/wiki/Asenapine | https://dailymed.nlm.nih.gov/dailymed/search.cfm?labeltype=all&query=0052-0118,dose_ranges_by_route
Asparaginase,,Erwinaze,,medical_rx,,,,,no,no,1140.0,"Asparaginase Erwinia chrysanthemi catalyzes the deamidation of asparagine to aspartic acid and ammonia, resulting in a reduction in circulating levels of asparagine. The mechanism of action of Erwinaze is thought to be based on the inability of leukemic cells to synthesize asparagine due to lack of asparagine synthetase activity, resulting in cytotoxicity specific for leukemic cells that depend on an exogenous source of amino acid asparagine for their protein metabolism and survival.",,https://dailymed.nlm.nih.gov/dailymed/search.cfm?labeltype=all&query=57902-249,"dose_ranges_by_route, duration_by_route"
Aspirin,,Acetylsalicylic acid | Adult Aspirin Regimen | Alka Seltzer Original | Alka-seltzer | Aspirin 325mg | Aspirin 5 Grain | Aspirin E-c | Bayer | Bromo Seltzer | Durlaza | Ecotrin | Physicians Care Aspirin | Regular Strength Tri-buffered Aspirin | St. Joseph Chewable Low Dose Aspirin | Sunmark Aspirin | acetylsalicylate | anhydrous citric acid/aspirin/sodium | sodium/anhydrous citric acid/aspirin,Other,otc,analgesic | nsaid | salicylate,oral,oral,,no,yes,,Irreversible Cyclooxygenase (COX) Inhibitor,,,"dose_ranges_by_route, half_life_minutes, references"
Atenolol,,Tenormin,Cardiovascular,medical_rx,antihypertensive | beta-1 selective | beta-1-selective | beta-blocker | prescription-only,oral,oral,,no,yes,360.0,Blocks beta-1 adrenergic receptors (cardioselective) causing decreased heart rate and myocardial contractility.,,https://en.wikipedia.org/wiki/Atenolol,dose_ranges_by_route
Atorvastatin,,Lipitor,,medical_rx,antihyperlipidemic | statin,,,,no,no,,"Inhibits HMG-CoA reductase, the rate-limiting enzyme that converts 3-hydroxy-3-methylglutaryl-coenzyme A to mevalonate, a precursor of sterols, including cholesterol.",,,"dose_ranges_by_route, duration_by_route, half_life_minutes, references"
Atropine,,Atropen | Atropin | Atropina | Atropinum | Duodote | Isopto Atropine | Lomotil/Motofen co-formulated atropine | Tropine tropate | dl-Hyoscyamine | dl-tropyltropate,Deliriant,recreational,,intravenous,intravenous | oral | other,intravenous | other,yes,yes,,"Atropine is a reversible antagonist of muscarine-like actions of acetyl-choline and is therefore classified as an antimuscarinic agent. Atropine is relatively selective for muscarinic receptors. Its potency at nicotinic receptors is much lower, and actions at non-muscarinic receptors are generally undetectable clinically. Atropine does not distinguish among the M1, M2, and M3 subgroups of muscarinic receptors. The pupillary constrictor muscle depends on muscarinic cholinoceptor activation. This activation is blocked by topical Atropine resulting in unopposed sympathetic dilator activity and mydriasis. Atropine also weakens the contraction of the ciliary muscle, or cycloplegia. Cycloplegia results in loss of the ability to accommodate such that the eye cannot focus for near vision.",,,"half_life_minutes, references"
Auranofin,,Ridaura,,medical_rx,,,,,no,no,,,,,"dose_ranges_by_route, duration_by_route, half_life_minutes, mechanism_of_action, references"
Avanafil,,Stendra,,medical_rx,phosphodiesterase-5 inhibitor,,,,no,no,300.0,"Inhibits cGMP specific phosphodiesterase type-5 (PDE-5) enzymes from degrading cyclic guanosine monophosphate (cGMP). Sexual stimulation creates a release of nitric oxide, which increases cGMP that causes smooth muscle relaxation allowing blood flow into the penis to produce an erection.",,"FDA label for Avanafil (avanafil), Clinical Pharmacology/Pharmacokinetics — t1/2 ≈ 5 h","dose_ranges_by_route, duration_by_route"
Avizafone,,Pro-diazepam | RO 03-7355 | RO-03-7355/000 | Ro03-7355,Benzodiazepine,recreational,class:Peptidic benzodiazepine prodrug | military-antidote | peptidic-prodrug | prodrug-of-diazepam,insufflation,insufflation | intramuscular | oral,insufflation | intramuscular | oral,yes,yes,,,,,"half_life_minutes, mechanism_of_action, references"
Ayahuasca,,Aya | Caapi | Cipó | Hoasca | Natem | Shori | Vegetal | Yagé | Yajé | pharmahuasca | yage | 死藤水,Psychedelic,recreational,5HT2A-agonist | DMT-containing | MAOI | MAOI-containing | MISCATEGORIZED | ceremonial-brew | psychedelic | tryptamine,oral,oral,,no,yes,,"死藤水的迷幻效果已被证实源于其作为部分激动剂在5-HT2A受体上的功效。 然而，这些相互作用的作用及其如何导致迷幻体验仍然是科学阐释的对象。

骆驼蓬碱类生物碱被归类为MAO抑制性β-咔啉。在B. caapi（卡皮木）藤中研究最多的三种骆驼蓬碱类生物碱是哈尔明碱、哈尔马林和四氢哈尔明碱。哈尔明碱和哈尔马林是单胺氧化酶A（MAO-A）的选择性和可逆性抑制剂，而四氢哈尔明碱是一种弱血清素再摄取抑制剂（SRI）。

这种对MAO-A的抑制作用使DMT能够未代谢地扩散过胃和小肠的膜，最终穿过血脑屏障（其本身不需要MAO-A抑制）以激活大脑中的受体位点。如果没有RIMA或MAO-A的MAOI，DMT将被消化道中的单胺氧化酶氧化（从而在生物学上变得无效）。","Acuity enhancement | After images | Analysis enhancement | Auditory distortion | Auditory enhancement | Auditory hallucinations | Autonomous entities | Color enhancement | Color shifting | Conceptual thinking | Creativity enhancement | Delusions | Diarrhea | Drifting | Déjà vu | Emotion enhancement | Exposure to inner mechanics of consciousness | Feelings of eternalism | Feelings of interdependent opposites | Feelings of self-design | Geometry | Immersion enhancement | Internal hallucinations | Language suppression | Magnification | Memory suppression | Mindfulness | Nausea | Novelty enhancement | Pattern recognition enhancement | Personal bias suppression | Personal meaning enhancement | Personality regression | Perspective alterations | Pupil dilation | Rejuvenation | Scenarios and plots | Scenery slicing | Sedation | Settings, sceneries, and landscapes | Spirituality enhancement | Spontaneous tactile sensations | Stimulation | Subconscious communication | Symmetrical texture repetition | Synaesthesia | Thought acceleration | Thought connectivity | Thought organization",https://en.wikipedia.org/wiki/Ayahuasca,"dose_ranges_by_route, half_life_minutes"
Azathioprine,,Azasan,,medical_rx,,,,,no,no,,,,,"dose_ranges_by_route, duration_by_route, half_life_minutes, mechanism_of_action, references"
Azelastine-Fluticasone,,Dymista,Antihistamine,medical_rx,"antihistamine, 2nd generation | corticosteroid",,,,no,no,,"Azelastine: blocks histamine at peripheral histamine-1 receptors (H1 receptors). Fluticasone: reduces inflammation and causes vasoconstriction in the nasal passage. Corticosteroids exert a wide range of actions on several cell types (e.g., mast cells, eosinophils, neutrophils, macrophages, lymphocytes) and mediators (e.g., histamine, eicosanoids, leukotrienes, cytokines) involved in inflammation.",,,"dose_ranges_by_route, duration_by_route, half_life_minutes, references"
Azithromycin,,Zithromax,Antimicrobial,non_recreational,macrolide antibiotic,,,,no,no,4080.0,Macrolide Antibiotic (Protein Synthesis Inhibitor),,"FDA label for Zithromax (azithromycin), Clinical Pharmacology 12.3 — terminal t½ ≈ 68 h","dose_ranges_by_route, duration_by_route"
B,,,Psychedelic,recreational,PIHKAL | phenethylamine,,,,no,no,,,,https://erowid.org/library/books_online/pihkal/pihkal010.shtml,"dose_ranges_by_route, duration_by_route, half_life_minutes, mechanism_of_action"
Baclofen,,Fleqsuvy | Gablofen | Kemstro | Lioresal | Lyvispah | Ozobax | 巴氯芬,Depressant,recreational,GABA-B-selective-agonist | class:butyric acid | class:gabapentinoids | gaba analogue | habit-forming | intrathecal-route | renally-cleared | skeletal muscle relaxant | withdrawal-emergency,oral,oral,oral,yes,yes,,Selective GABA-B Receptor Agonist,,,"half_life_minutes, references"
Bacopa Monnieri,,Bacopa | Brahmi | Synapsa | Water Hyssop,Supplement,otc,OTC | adaptogen | anxiolytic | cholinergic | cognitive-enhancement | herbal | nootropic | supplement,oral,oral,oral,yes,no,480.0,,,https://en.wikipedia.org/wiki/Bacopa_monnieri | https://examine.com/supplements/bacopa-monnieri/,"duration_by_route, mechanism_of_action"
Baloxavir,,Xofluza,Antimicrobial,non_recreational,antiviral | endonuclease inhibitor,,,,no,no,,"Inhibits the endonuclease activity of the polymerase acidic (PA) protein, an influenza virus-specific enzyme in the viral RNA polymerase complex required for viral gene transcription, resulting in inhibition of influenza virus replication.",,,"dose_ranges_by_route, duration_by_route, half_life_minutes, references"
Balsalazide,,Giazo,,medical_rx,,,,,no,no,,"Balsalazide is a prodrug of mesalamine (5-aminosalicylic acid, 5-ASA). The mechanism of action of 5-ASA is unknown, but appears to be local to the colonic mucosa rather than systemic. Mucosal production of arachidonic acid metabolites, both through the cyclooxygenase pathways, i.e., prostanoids, and through the lipoxygenase pathways, i.e., leukotrienes and hydroxyeicosatetraenoic acids, is increased in patients with ulcerative colitis, and it is possible that 5-ASA diminishes inflammation by blocking production of arachidonic acid metabolites in the colon.",,,"dose_ranges_by_route, duration_by_route, half_life_minutes, references"
BAM-15,,,Endocrine,medical_rx,no-human-data | research-chemical,,,,no,no,,Selective mitochondrial uncoupler; transports protons across the inner mitochondrial membrane without depolarizing the plasma membrane.,,"PMC7224297 (Nature Comms, mouse DIO reversal) | PMC7338798 (BAM15 uncoupling, mouse) | PMC10600450 | PMC7224297 | PMC7338798","dose_ranges_by_route, duration_by_route, half_life_minutes"
Banisteriopsis Caapi,,卡皮木或亚赫 | 死藤,,medical_rx,,,,,no,no,,,,,"dose_ranges_by_route, duration_by_route, half_life_minutes, mechanism_of_action, references"
Barbital,,Veronal | diethylbarbituric acid,Depressant,recreational,barbiturate-long-acting | habit-forming,oral,oral,oral,yes,yes,,,,,"half_life_minutes, mechanism_of_action, references"
Barium,,E-z-paque,,medical_rx,,,,,no,no,,,,,"dose_ranges_by_route, duration_by_route, half_life_minutes, mechanism_of_action, references"
Beatrice,,Bea | MDO-D | MDOM | N-Me-DOM | N-methyl-DOM,Psychedelic,recreational,PIHKAL | no-human-data | phenethylamine,oral,oral,,no,yes,,,,https://erowid.org/library/books_online/pihkal/pihkal011.shtml,"dose_ranges_by_route, half_life_minutes, mechanism_of_action"
Becaplermin,,Regranex,,medical_rx,,,,,no,no,,"Regranex Gel has biological activity similar to that of endogenous platelet-derived growth factor, which includes promoting the chemotactic recruitment and proliferation of cells involved in wound repair and enhancing the formation of granulation tissue.",,,"dose_ranges_by_route, duration_by_route, half_life_minutes, references"
Beclomethasone,,Beclomethasone-inhaled | Beclomethasone-nasal | Beconase | Beconase AQ | QVAR | QVAR RediHaler | Qnasl | 倍氯米松,Endocrine,medical_rx,anti-inflammatory | corticosteroid | inhaled corticosteroid | prescription-only,,,,no,no,,"Inhaled corticosteroids reduce inflammation in the airways, an important component in the pathogenesis of inflammatory lung disease, through a wide range of actions on several cell types (e.g., mast cells, eosinophils, neutrophils, macrophages, lymphocytes) and mediators (e.g., histamine, eicosanoids, leukotrienes, cytokines) involved in inflammation.",,https://en.wikipedia.org/wiki/Beclometasone_dipropionate,"dose_ranges_by_route, duration_by_route, half_life_minutes"
Befuraline,,,Antidepressant,medical_rx,BZP-metabolite | antidepressant | discontinued | non-tricyclic | phosphodiesterase-inhibitor,,,,no,no,,,,https://en.wikipedia.org/wiki/Befuraline,"dose_ranges_by_route, duration_by_route, half_life_minutes, mechanism_of_action"
Belinostat,,Beleodaq,,medical_rx,,,,,no,no,66.0,"Beleodaq is a histone deacetylase (HDAC) inhibitor. HDACs catalyze the removal of acetyl groups from the lysine residues of histones and some non-histone proteins. In vitro, belinostat caused the accumulation of acetylated histones and other proteins, inducing cell cycle arrest and/or apoptosis of some transformed cells. Belinostat shows preferential cytotoxicity towards tumor cells compared to normal cells. Belinostat inhibited the enzymatic activity of histone deacetylases at nanomolar concentrations (<250 nM).",,"FDA label for Beleodaq (belinostat), Clinical Pharmacology/Pharmacokinetics — t½ = 1.1 h | https://dailymed.nlm.nih.gov/dailymed/search.cfm?labeltype=all&query=68152-108","dose_ranges_by_route, duration_by_route"
Belladonna,,颠茄,,medical_rx,,,,,no,no,,,,,"dose_ranges_by_route, duration_by_route, half_life_minutes, mechanism_of_action, references"
Bemethyl,,2-Ethylthiobenzimidazole | Antihot | Bemitil | Betamyl | Metaprot,Endocrine,medical_rx,research-chemical,oral,oral,,no,no,,Actoprotector/antihypoxant; activates genomic pathways increasing RNA synthesis and gluconeogenic enzyme induction.,,https://en.wikipedia.org/wiki/Bemethyl | Investigation of Bemethyl Biotransformation Pathways by Combination of LC-MS/HRMS and In Silico Methods.,half_life_minutes
Benazepril,,Lotensin,Cardiovascular,medical_rx,ace inhibitor | antihypertensive,,,,no,no,,"Competitively inhibits the angiotensin-converting enzyme (ACE), which prevents both the conversion of angiotensin I to angiotensin II (vasoconstrictor), and the breakdown of bradykinin (vasodilator). Lower levels of angiotensin II also reduces aldosterone secretion, decreasing sodium and water reabsorption.",,,"dose_ranges_by_route, duration_by_route, half_life_minutes, references"
Bentazepam,,thiadipone | tiadipona,Benzodiazepine,recreational,GABAA-PAM | benzodiazepine | habit-forming | thienodiazepine,oral,oral,oral,yes,yes,,,,,"half_life_minutes, mechanism_of_action, references"
Benzocaine,,Cvs Oral Anesthetic | Kanka | Leader Oral Pain Relief | Oral Pain Relief Anesthetic | benzocaine/zinc,,otc,,,,,no,no,,,,,"dose_ranges_by_route, duration_by_route, half_life_minutes, mechanism_of_action, references"
Benzodioxole-fentanyl,,,Opioid,recreational,mu-agonist-presumed | mu-opioid-agonist | research-chemical | tentative,,,,no,no,,,,,"dose_ranges_by_route, duration_by_route, half_life_minutes, mechanism_of_action, references"
Benzonatate,,Tessalon Perles,,medical_rx,antitussive,,,,no,no,330.0,"Acts by anesthetizing stretch receptors in the respiratory passages, lungs, and pleura by dampening their activity and thereby reducing the cough reflex at its source.",,https://dailymed.nlm.nih.gov/dailymed/search.cfm?labeltype=all&query=0179-0066,"dose_ranges_by_route, duration_by_route"
Benzphetamine,,"(alphaS)-N,alpha-dimethylphenethylamine | Benzfetamina | Benzfetamine | Benzfetaminum | Benzylamphetamine | Didrex | benzaphetamine",Other,recreational,Schedule-III-US | no-human-data | phenethylamine | prodrug,oral,oral,oral,yes,yes,,,,,"half_life_minutes, mechanism_of_action, references"
Benzydamine,,Tantum Verde | tantum | 坦图姆维德 | 特快灵 | 苄达明,Dysdelic,recreational,class:indazole | tentative,oral,oral,oral,yes,yes,,"苄达明是一种局部起效的非甾体抗炎药，具有局部麻醉和镇痛特性。与其他 NSAID 不同的是，它不会抑制环氧合酶或脂氧合酶，也不具有致溃疡性。

至于其致幻性效应背后的药理机制，目前仍未被研究清楚，因此这一部分还存在相当多推测呢。

苄达明具有很强的强化效应，而且这一效应在已有物质使用经验的动物中会显著增强，尤其是在这些动物先前已自行给药海洛因和可卡因之后更是如此，这表明苄达明与其他常见滥用药物之间可能存在交叉敏化。苄达明会以剂量依赖的方式同时降低场兴奋性突触后电位振幅与成对脉冲比值，这提示其可能具有突触前作用机制。与体内实验模型类似，曾经历可卡因和海洛因自我给药的动物，其脑片中的苄达明电生理效应同样会被增强。此外，在前额叶前边缘皮层至伏隔核回路中，苄达明所诱导的类长时程抑制（LTD）反应，在CB1受体拮抗剂 AM251 存在时会显著减弱。这些发现为苄达明具有滥用潜力提供了有力证据，并提示其可能具有一种大麻素能作用机制。","Abnormal heartbeat | Acuity suppression | Anxiety | Auditory distortion | Auditory hallucinations | Autonomous entities | Cognitive euphoria | Delusions | Depression | Drifting | External hallucinations | Geometry | Increased heart rate | Perspective alterations | Scenarios and plots | Settings, sceneries, and landscapes | Stimulation | Tactile suppression | Thought acceleration | Time distortion | Visual haze",,"half_life_minutes, references"
Benzylpenicillin,,penicillin g sodium,,medical_rx,,,,,no,no,,,,,"dose_ranges_by_route, duration_by_route, half_life_minutes, mechanism_of_action, references"
Berberine,,Dihydroberberine | GlucoVantage,Supplement,otc,AMPK-activator | CYP450-inhibitor | GI-side-effects | OTC | herbal | insulin-sensitizer | metabolic | supplement,oral,oral,oral,yes,yes,240.0,,,https://en.wikipedia.org/wiki/Berberine | https://examine.com/supplements/berberine/,mechanism_of_action
Beta-Alanine,,3-Aminopropionic Acid | β-Alanine,Supplement,otc,OTC | amino-acid | athletic-performance | carnosine-precursor | supplement,oral,oral,oral,yes,yes,25.0,,,https://en.wikipedia.org/wiki/Beta-Alanine | https://examine.com/supplements/beta-alanine/,mechanism_of_action
beta-D,,"beta,beta-dideuteromescaline | β,β-dideuteromescaline | β-D",Psychedelic,recreational,PIHKAL | no-human-data | phenethylamine,oral,oral,oral,yes,yes,,,,https://erowid.org/library/books_online/pihkal/pihkal051.shtml,"half_life_minutes, mechanism_of_action"
Beta-meprodine,,Betameprodine | CAS 468-50-8 | DB01552 | β-Meprodine,Opioid,recreational,,intramuscular,intramuscular | intravenous | oral,intramuscular | intravenous | oral,yes,yes,,,,,"half_life_minutes, mechanism_of_action, references"
Betamethasone,,Betaderm | Betamethasone Valerate | Betamethasone-topical | Diprolene | Luxiq | Sernivo | Valisone,Endocrine,medical_rx,corticosteroid,,,,no,no,660.0,"Betamethasone is a synthetic glucocorticoid with potent anti-inflammatory and immunomodulating properties. After cell entry, it binds to corticosteroid receptors on the nucleus and produces anti-inflammatory, antiproliferative, immunosuppressive, and vasoconstrictive effects that can be beneficial for psoriatic, pruritic, and other corticosteroid responsive dermatoses.",,Pharmacokinetics and Pharmacodynamics of Intramuscular and Oral Betamethasone and Dexamethasone in Reproductive Age Women in India | https://dailymed.nlm.nih.gov/dailymed/search.cfm?labeltype=all&query=54879-004,"dose_ranges_by_route, duration_by_route"
Betrixaban,,Bevyxxa,,medical_rx,anticoagulant | direct factor xa inhibitor,,,,no,no,1140.0,"Directly inhibits coagulation factor Xa, disrupting platelet activation and fibrin clot formation.",,New oral anticoagulants in atrial fibrillation,"dose_ranges_by_route, duration_by_route"
Bexarotene,,,,medical_rx,,,,,no,no,420.0,"Bexarotene selectively binds and activates retinoid X receptor subtypes (RXRα, RXRβ, RXRγ). RXRs can form heterodimers with various receptor partners such as retinoic acid receptors (RARs), vitamin D receptor, thyroid receptor, and peroxisome proliferator activator receptors (PPARs). Once activated, these receptors function as transcription factors that regulate the expression of genes that control cellular differentiation and proliferation. Bexarotene inhibits the growth in vitro of some tumor cell lines of hematopoietic and squamous cell origin. It also induces tumor regression in vivo in some animal models. The exact mechanism of action of Bexarotene in the treatment of cutaneous T-cell lymphoma (CTCL) is unknown.",,"FDA label for Targretin (bexarotene), Clinical Pharmacology/Pharmacokinetics — terminal t½ ≈ 7 hours | https://dailymed.nlm.nih.gov/dailymed/search.cfm?labeltype=all&query=0378-6955","dose_ranges_by_route, duration_by_route"
Bezitramide,,Bezitramida | Bezitramidum | Burgodin | Despropionyl-bezitramide | R 4845 | R-4845,Opioid,recreational,,oral,oral,oral,yes,yes,1050.0,,,Pharmacokinetics of the oral narcotic analgesic bezitramide and preliminary observations on its effect on experimentally induced pain,mechanism_of_action
Bicalutamide,,Casodex,,medical_rx,,,,,no,no,8352.0,"Casodex is a non-steroidal androgen receptor inhibitor. It competitively inhibits the action of androgens by binding to cytosol androgen receptors in the target tissue. Prostatic carcinoma is known to be androgen sensitive and responds to treatment that counteracts the effect of androgen and/or removes the source of androgen. When Casodex is combined with LHRH analog therapy, the suppression of serum testosterone induced by the LHRH analog is not affected. However, in clinical trials with Casodex as a single agent for prostate cancer, rises in serum testosterone and estradiol have been noted. In a subset of patients who have been treated with Casodex and an LHRH agonist, and who discontinue Casodex therapy due to progressive advanced prostate cancer, a reduction in Prostate Specific Antigen (PSA) and/or clinical improvement (antiandrogen withdrawal phenomenon) may be observed.",,"FDA label for bicalutamide tablets, Clinical Pharmacology 12.3, Table 3 — t½ = 5.8 days | https://dailymed.nlm.nih.gov/dailymed/search.cfm?labeltype=all&query=0310-0705","dose_ranges_by_route, duration_by_route"
Bicisate,,Neurolite,,medical_rx,,,,,no,no,,,,,"dose_ranges_by_route, duration_by_route, half_life_minutes, mechanism_of_action, references"
Bilastine,,Blexten | Ilaxten | Obalix,Antihistamine,medical_rx,H1-antagonist | antihistamine | non-sedating | prescription-only | second-gen-antihistamine,,,,no,no,870.0,,,https://en.wikipedia.org/wiki/Bilastine,"dose_ranges_by_route, duration_by_route, mechanism_of_action"
BIS-TOM,,,Psychedelic,recreational,PIHKAL | no-human-data | phenethylamine,,,,no,no,,,,https://erowid.org/library/books_online/pihkal/pihkal012.shtml,"dose_ranges_by_route, duration_by_route, half_life_minutes, mechanism_of_action"
Bisacodyl,,Carters Little Pills | Dulcolax | Health Sense Ducodyl | Unit Dose Bisacodyl | Womens Gentle Laxative,Stimulant,recreational,stimulant laxative,,,,no,no,960.0,Stimulates constriction and relaxation of smooth muscle in the colon and increases fecal water content to increase motility of feces through the large intestine.,,https://dailymed.nlm.nih.gov/dailymed/search.cfm?labeltype=all&query=10237-906,"dose_ranges_by_route, duration_by_route"
Bismuth,,Kaopectate Regular Strength Peppermint Flavor Anti Diarrheal,,otc,,,,,no,no,,,,,"dose_ranges_by_route, duration_by_route, half_life_minutes, mechanism_of_action, references"
Bismuth subsalicylate,,Desempacho | Pepto Bismol,,otc,antidiarrheal | salicylate,,,,no,no,,"Bismuth subsalicylate is a bismuth salt of salicylic acid. It displays antacid, anti-inflammatory, and mild local antimicrobial properties. By coating the gastric mucosa, bismuth subsalicylate protects it from the corrosive effects of acid and pepsin.",,,"dose_ranges_by_route, duration_by_route, half_life_minutes, references"
Bisoprolol,,Concor | Zebeta,Cardiovascular,medical_rx,antihypertensive | beta-1 selective | beta-1-selective | beta-blocker | prescription-only,oral,oral,,no,yes,600.0,Blocks beta-1 adrenergic receptors (cardioselective) causing decreased heart rate and myocardial contractility.,,https://en.wikipedia.org/wiki/Bisoprolol,dose_ranges_by_route
Bivalirudin,,,,medical_rx,,,,,no,no,,"Bivalirudin for injection directly inhibits thrombin by specifically binding both to the catalytic site and to the anion-binding exosite of circulating and clot-bound thrombin. Thrombin is a serine proteinase that plays a central role in the thrombotic process, acting to cleave fibrinogen into fibrin monomers and to activate Factor XIII to Factor XIIIa, allowing fibrin to develop a covalently cross-linked framework which stabilizes the thrombus; thrombin also activates Factors V and VIII, promoting further thrombin generation, and activates platelets, stimulating aggregation and granule release. The binding of Bivalirudin to thrombin is reversible as thrombin slowly cleaves the Bivalirudin for injection-Arg 3 -Pro 4 bond, resulting in recovery of thrombin active site functions.",,,"dose_ranges_by_route, duration_by_route, half_life_minutes, references"
bk-2C-B,,B-K-2-C-B | B-K-2cb | B-k2-C-B | B-k2-CB | B-k2cb | BETA-keto 2C-B | bk-2-CB | bk-2cb | bk2cb | Β-keto-2C-B | Β-酮-2C-B | ΒK-2C-B,Psychedelic,recreational,2C-x | 5-HT2A-agonist | class:substituted phenethylamines | phenethylamine | research-chemical,oral,oral,oral,yes,yes,,βk-2C-B很可能作为一种5-HT受体部分激动剂发挥作用。其迷幻剂效应一般被认为来自它在5-HT受体上的活性。然而，这些相互作用具体扮演怎样的角色，以及它们如何导致迷幻体验，目前仍不明确。,,,"half_life_minutes, references"
bk-2C-I,,Β-keto-2C-I,Psychedelic,recreational,2C-x | 5-HT2A-agonist | phenethylamine | research-chemical | tentative,oral,oral,oral,yes,no,,,,,"duration_by_route, half_life_minutes, mechanism_of_action, references"
bk-BZP,,1-BZP | 1-benzoylpiperazine | benzoylpiperazine | phenyl(piperazin-1-yl)methanone,Stimulant,recreational,no-human-data | piperazine | research-chemical,,,,no,no,,DA/NE-releasing stimulant (piperazine class); mechanism based on rodent data only — human receptor binding data absent. NOT a cathinone despite the 'bk' prefix.,,EUDA BZP drug profile,"dose_ranges_by_route, duration_by_route, half_life_minutes"
Bk-ivp,,,Stimulant,recreational,research-chemical | tentative,oral,oral,oral,yes,yes,,,,,"half_life_minutes, mechanism_of_action, references"
Bleomycin,,,,medical_rx,,,,,no,no,120.0,,,"FDA label for Bleomycin (bleomycin sulfate), Clinical Pharmacology/Pharmacokinetics — t½ ≈ 2 hours | https://dailymed.nlm.nih.gov/dailymed/search.cfm?labeltype=all&query=70121-1567","dose_ranges_by_route, duration_by_route, mechanism_of_action"
Blue Lotus,,蓝莲花,,recreational,,inhalation,inhalation | oral,inhalation | oral,yes,yes,,"Aporphine is considered the primary active constituent; it is a dopamine receptor agonist acting at both D1 and D2 receptors. Nuciferine is another important alkaloid: it acts as an antagonist at 5-HT2A, 5-HT, and 5-HT receptors while simultaneously acting as a partial agonist at D2, D5, and 5-HT receptors, and as a full agonist at 5-HT and D4 receptors. It also inhibits the dopamine transporter (DAT).

The effects of blue lotus are produced by a group of alkaloids known as the aporphines. This class contains numerous dopamine agonists, a broad range of serotonin antagonists and agonists, and various reuptake inhibitors. Apomorphine, the active metabolite of aporphine, shares a catechol structure similar to that of dopamine.",,,"half_life_minutes, references"
BOB,,Β-methoxy-2C-B,Psychedelic,recreational,PIHKAL | no-human-data | phenethylamine,oral,oral,oral,yes,yes,,,,https://erowid.org/library/books_online/pihkal/pihkal013.shtml,"half_life_minutes, mechanism_of_action"
BOD,,"4-甲基-2,5 | Β-methoxy-2C-D | β-三甲氧基苯乙胺",Psychedelic,recreational,PIHKAL | no-human-data | phenethylamine | research-chemical | tentative,oral,oral,oral,yes,yes,,BOD most likely acts as a 5-HT2A receptor agonist.,,https://erowid.org/library/books_online/pihkal/pihkal014.shtml,half_life_minutes
BOH,,,Psychedelic,recreational,PIHKAL | no-human-data | phenethylamine,oral,oral,oral,yes,yes,,,,https://erowid.org/library/books_online/pihkal/pihkal015.shtml,"half_life_minutes, mechanism_of_action"
BOHD,,,Psychedelic,recreational,PIHKAL | no-human-data | phenethylamine,,,,no,no,,,,https://erowid.org/library/books_online/pihkal/pihkal016.shtml,"dose_ranges_by_route, duration_by_route, half_life_minutes, mechanism_of_action"
BOM,,,Psychedelic,recreational,PIHKAL | phenethylamine,,,,no,no,,,,https://erowid.org/library/books_online/pihkal/pihkal017.shtml,"dose_ranges_by_route, duration_by_route, half_life_minutes, mechanism_of_action"
Botulinum Toxin Type A,,Dysport,,medical_rx,,,,,no,no,,"Dysport ® inhibits release of the neurotransmitter, acetylcholine, from peripheral cholinergic nerve endings. Toxin activity occurs in the following sequence: Toxin heavy chain mediated binding to specific surface receptors on nerve endings, internalization of the toxin by receptor mediated endocytosis, pH-induced translocation of the toxin light chain to the cell cytosol and cleavage of SNAP25 leading to intracellular blockage of neurotransmitter exocytosis into the neuromuscular junction. This accounts for the therapeutic utility of the toxin in diseases characterized by excessive efferent activity in motor nerves. Recovery of transmission occurs gradually as the neuromuscular junction recovers from SNAP25 cleavage and as new nerve endings are formed.",,,"dose_ranges_by_route, duration_by_route, half_life_minutes, references"
BPC-157,,BPC 15 | Bepecin | Body Protection Compound 157 | PL 14736 | PL-14736,Peptide,medical_rx,WADA-banned | WADA-banned-S0 | gut-healing | no-human-data | no-published-human-pk | nootropic | peptide | single-lab-dominant-literature,subcutaneous,subcutaneous,,no,no,,,,https://en.wikipedia.org/wiki/BPC-157,"half_life_minutes, mechanism_of_action"
BPC-157 + TB-500,,BPC-157/TB-500 stack,Peptide,medical_rx,blend | no-human-data | peptide | tissue-repair | wada-prohibited,subcutaneous,subcutaneous,,no,no,,Co-administered tissue-repair stack (BPC-157 + Thymosin β4 fragment).,,https://en.wikipedia.org/wiki/BPC-157 | Community healing-stack protocols,half_life_minutes
Brasofensine,,BMS-204756 | NS-2214,Stimulant,recreational,SNDRI | discontinued | investigational | research-chemical,,,,no,no,,,,https://en.wikipedia.org/wiki/Brasofensine,"dose_ranges_by_route, duration_by_route, half_life_minutes, mechanism_of_action"
Brephedrone,,4-BMC | 4-Bromomethcathinone | BrMcat | para-Bromomethcathinone,Stimulant,recreational,para-bromo-neurotoxicity-flag | substrate-releaser,insufflation,insufflation | oral,insufflation | oral,yes,yes,,,,,"half_life_minutes, mechanism_of_action, references"
Bretazenil,,Ro16-6028 | bretazenilum,Benzodiazepine,recreational,designer-benzo | partial-agonist | research-chemical,,,,no,no,180.0,Non-selective GABA-A BZD-site partial agonist (~35–58% intrinsic efficacy vs full agonist); wide therapeutic window with reduced tolerance/dependence potential compared to full agonists.,sedation,https://en.wikipedia.org/wiki/Bretazenil | Pharmacokinetic and pharmacodynamic interactions of bretazenil and diazepam with alcohol | PMC12858478 | https://www.ncbi.nlm.nih.gov/pmc/articles/PMC12858478/,"dose_ranges_by_route, duration_by_route"
Brexanolone,,SAGE-547 | Zulresso,Antidepressant,medical_rx,GABA-A-PAM | REMS-required | antidepressant | inpatient-only | neurosteroid | postpartum-depression | prescription-only,,,,no,no,540.0,,,"FDA label for Zulresso (brexanolone) injection, NDA 211371, Section 12.3 Pharmacokinetics - Elimination | https://www.accessdata.fda.gov/drugsatfda_docs/label/2019/211371s000lbl.pdf | https://en.wikipedia.org/wiki/Brexanolone","dose_ranges_by_route, duration_by_route, mechanism_of_action"
Brexpiprazole,,Rexulti,Antipsychotic,medical_rx,2nd generation antipsychotic | 5HT1A-partial-agonist | 5HT2A-antagonist | D2-partial-agonist | D3-partial-agonist | alpha1-blocker | antipsychotic | atypical-antipsychotic | prescription-only,,,,no,no,5760.0,Serotonin-Dopamine Activity Modulator (D2 Partial Agonist),,https://www.accessdata.fda.gov/drugsatfda_docs/label/2015/205422orig1s000lbl.pdf | https://en.wikipedia.org/wiki/Brexpiprazole,"dose_ranges_by_route, duration_by_route"
Brivaracetam,,Briviact | UCB-34714 | ucb 34714,Anticonvulsant,medical_rx,CYP2C19-substrate | PET-confirmed-target-engagement | SV2A-high-affinity | SV2A-ligand | US-Schedule-V | amidase-hydrolysis | anticonvulsant | prescription-only | racetam,,,,no,no,540.0,,,https://www.accessdata.fda.gov/drugsatfda_docs/label/2016/205836lbl.pdf | https://en.wikipedia.org/wiki/Brivaracetam,"dose_ranges_by_route, duration_by_route, mechanism_of_action"
Bromadol,,BDPC,Opioid,recreational,MOR-full-agonist | designer-opioid | habit-forming | tentative | ultra-high-potency,,,,no,no,,,,,"dose_ranges_by_route, duration_by_route, half_life_minutes, mechanism_of_action, references"
Bromazepam,,Brazepam | Bromaze | Bromazepamum | Brozam | Calmepam | Creosedin | Lectopam | Lekotam | Lexatin | Lexaurin | Lexilium | Lexomil | Lexotan | Lexotanil | Normoc | RO 5-3350 | RO-5-3350 | Rekotnil | Somalium | Ultramidol | Zepam | 溴西泮,Benzodiazepine,recreational,CYP1A2-substrate | GABAA-PAM | atypical-CYP-pathway | benzodiazepine | class:Benzodiazepine | habit-forming,oral,oral,oral,yes,yes,1926.0,,,The effect of itraconazole on the pharmacokinetics and pharmacodynamics of bromazepam in healthy volunteers,mechanism_of_action
Bromazolam,,XLI-268 | xli268,Benzodiazepine,recreational,GABAA-PAM | benzodiazepine | designer-benzo | fatalities-confirmed | fatalities-reported | fentanyl-adulterant | habit-forming | research-chemical | tentative | triazolobenzodiazepine,oral,oral,oral,yes,yes,1080.0,,,https://en.wikipedia.org/wiki/Bromazolam,mechanism_of_action
Bromo-dragonfly,,B-DFLY | BDFLY | DOB-DragonFLY | Dragonfly | bromo-d-fly | bromo-dragon-fly,Psychedelic,recreational,5-HT2B-strong | class:substituted amphetamines | class:substituted benzofurans | fatality-documented | research-chemical | ultra-potent | vasospasm-risk | α1-strong,oral,oral,oral,yes,yes,,"Bromo-DragonFLY 的 致幻 作用是由其在 5-HT2A 血清素受体上的 激动剂 活性介导的。Bromo-DragonFLY 对 5-HT2B 和 5-HT2C 血清素受体也具有很高的结合亲和力，并且最准确地被描述为非亚型选择性 5-HT2 激动剂，因为它实际上作为 5-HT2C 受体的激动剂效力是 5-HT2A 的两倍，并且对 5-HT2A 的选择性不到 5-HT2B 的 5 倍呢。

进一步的研究表明，Bromo-DragonFLY 几乎完全抑制 MAO-A 的活性，这使得它自身无法被代谢。这可能就是导致它作用时间异常长的原因啦。

然而，这些相互作用的作用机制以及它们如何导致 迷幻 体验，仍然是一个谜团呢。",,,"half_life_minutes, references"
Bromoketamine,2-Br-DCK,2-BDCK | 2-BR-DCK | 2-BrDCK | 2-Bromodeschloroketamine | BDCK | Bromo-DCK,Dissociative,recreational,NMDA-antagonist | arylcyclohexylamine | duplicate-of-2-Br-DCK | no-human-data | research-chemical,insufflation,insufflation | intramuscular,insufflation,yes,yes,,,,https://en.wikipedia.org/wiki/Bromoketamine,"half_life_minutes, mechanism_of_action"
Brompheniramine,,Bromfed | Dimetapp | J-Tan,Antihistamine,medical_rx,H1-antagonist | OTC | anticholinergic | antihistamine | first-gen-antihistamine | sedating,,,,no,no,1500.0,,Sedation,https://en.wikipedia.org/wiki/Brompheniramine,"dose_ranges_by_route, duration_by_route, mechanism_of_action"
Bron,,,,medical_rx,,,,,no,no,,,,,"dose_ranges_by_route, duration_by_route, half_life_minutes, mechanism_of_action, references"
Brorphine,,,Opioid,recreational,US-Schedule-I | benzimidazole-opioid | extreme-potency | fatalities-reported | mu-full-agonist | naloxone-high-dose-required,,,,no,no,,,,https://en.wikipedia.org/wiki/Brorphine,"dose_ranges_by_route, duration_by_route, half_life_minutes, mechanism_of_action"
Brotizolam,,Lendorm | Lendormin | Mederantil | Nimbisan | Sintonal | WE-941-BS,Benzodiazepine,recreational,CYP3A4-substrate | GABAA-PAM | benzodiazepine | habit-forming | high-potency-hypnotic | thienotriazolodiazepine,oral,oral,oral,yes,yes,306.0,,,Pharmacokinetics of brotizolam in healthy subjects following intravenous and oral administration.,mechanism_of_action
BTCP,,Benzothiophenylcyclohexylpiperidine | benocyclidine,Stimulant,recreational,DAT-selective-inhibitor | DRI | arylcyclohexylamine | investigational | liver-toxicity | no-human-data | research-chemical | stimulant-not-dissociative,,,,no,no,,,,https://en.wikipedia.org/wiki/BTCP,"dose_ranges_by_route, duration_by_route, half_life_minutes, mechanism_of_action"
Budesonide,,Budesonide-inhaled | Budesonide-nasal | Pulmicort Flexhaler | Pulmicort Respules | Rhinocort,Endocrine,medical_rx,corticosteroid | inhaled corticosteroid,,,,no,no,,"Inhaled corticosteroids reduce inflammation in the airways, an important component in the pathogenesis of inflammatory lung disease, through a wide range of actions on several cell types (e.g., mast cells, eosinophils, neutrophils, macrophages, lymphocytes) and mediators (e.g., histamine, eicosanoids, leukotrienes, cytokines) involved in inflammation.",,,"dose_ranges_by_route, duration_by_route, half_life_minutes, references"
Budesonide-Formoterol,,Symbicort,Endocrine,medical_rx,inhaled corticosteroid | long-acting beta-2 agonist,,,,no,no,,"Budesonide: Inhaled corticosteroids reduce inflammation in the airways, an important component in the pathogenesis of inflammatory lung disease, through a wide range of actions on several cell types (e.g., mast cells, eosinophils, neutrophils, macrophages, lymphocytes) and mediators (e.g., histamine, eicosanoids, leukotrienes, cytokines) involved in inflammation. Formoterol: Selectively agonizes beta-2 adrenergic receptors in the airways causing smooth muscle relaxation and bronchodilation.",,,"dose_ranges_by_route, duration_by_route, half_life_minutes, references"
Bumetanide,,Bumex,Cardiovascular,medical_rx,antihypertensive | loop diuretic,,,,no,no,75.0,"Inhibits sodium-potassium-chloride cotransporters at the ascending Loop of Henle of nephrons, producing a potent diuretic effect that causes increased excretion of sodium, chloride, potassium, magnesium, calcium, and water. Loop diuretics cause retention of bicarbonate and uric acid.",,"FDA label for Bumetanide (bumetanide), Clinical Pharmacology - t½ ≈ 1 to 1½ h | https://dailymed.nlm.nih.gov/dailymed/search.cfm?labeltype=all&query=0093-4232","dose_ranges_by_route, duration_by_route"
Buphedrone,,α-Methylamino-butyrophenone,Stimulant,recreational,NE-preferring | cathinone | habit-forming | hybrid-releaser-blocker | research-chemical,oral,oral,oral,yes,yes,,,,https://en.wikipedia.org/wiki/Buphedrone,"half_life_minutes, mechanism_of_action"
Bupivacaine,,,,medical_rx,,,,,no,no,,,,,"dose_ranges_by_route, duration_by_route, half_life_minutes, mechanism_of_action, references"
Buspirone,,BuSpar,Other,medical_rx,5HT1A-agonist | anxiolytic | azapirone | prescription-only | serotonin-agonist,oral,oral,,no,yes,150.0,"Buspirone has an unknown mechanism of action, however, it has high affinity for serotonin 5-HT-1A and 5-HT-2 receptors in addition to moderate affinity for dopamine D2 receptors. It does not have affinity for benzodiazepine receptors and does not affect GABA binding.",,https://en.wikipedia.org/wiki/Buspirone | https://dailymed.nlm.nih.gov/dailymed/search.cfm?labeltype=all&query=0093-0053,dose_ranges_by_route
Busulfan,,N/a,,medical_rx,,,,,no,no,156.0,"Busulfan is a bifunctional alkylating agent in which two labile methanesulfonate groups are attached to opposite ends of a four-carbon alkyl chain. In aqueous media, busulfan hydrolyzes to release the methanesulfonate groups. This produces reactive carbonium ions that can alkylate DNA. DNA damage is thought to be responsible for much of the cytotoxicity of busulfan.",,"FDA label for Myleran (busulfan), Clinical Pharmacology — t½ ≈ 2.6 hours | https://dailymed.nlm.nih.gov/dailymed/search.cfm?labeltype=all&query=0517-0920","dose_ranges_by_route, duration_by_route"
Butonitazene,,BTZ,Opioid,recreational,benzimidazole-opioid | extreme-potency | fatalities-reported | fentanyl-stronger | mu-full-agonist | naloxone-high-dose-required | nitazene,,,,no,no,,,,https://en.wikipedia.org/wiki/Butonitazene,"dose_ranges_by_route, duration_by_route, half_life_minutes, mechanism_of_action"
Butorphanol,,Butorphanolum | LEVO-BC-2627 | Stadol,Opioid,recreational,KOR-partial-agonist | MOR-partial-agonist | ceiling-effect,insufflation,insufflation | intramuscular | intravenous | oral,insufflation | intramuscular | intravenous | oral,yes,yes,270.0,,,A Size Standard for Pharmacokinetics,mechanism_of_action
Butylone,,B1 | MDNMB | beta-keto-MBDB | bk-MBDB | bk-methyl-j | β-Keto-MBDB | β-酮基-N-甲基苯并二氧杂丁胺 | βk-MBDB,Stimulant,recreational,MDMA-analog | cathinone | class:cathinone | class:mdxx | class:substituted cathinones | habit-forming | hybrid-DAT-blocker-SERT-substrate | research-chemical,insufflation,insufflation | oral,insufflation | oral,yes,yes,,"MDNMB是一种同时具有神经递质再摄取抑制剂与神经递质释放剂作用的物质，可作用于血清素、去甲肾上腺素和多巴胺。这些神经递质主要负责愉悦、奖赏、动机与专注等功能。它通过抑制神经递质在完成神经冲动传递后的再摄取与再吸收，使它们得以积累并被再次利用，从而产生身体上的刺激感与欣快效应呢。

与MDMC相比，它对去甲肾上腺素转运体的亲和力大约低4倍以上，而对血清素和多巴胺转运体的亲和力则相近。与MDMA相比，这些药理差异意味着MDNMB和它的近缘类似物MDEC一样，在剂量效力上更低，儿茶酚胺能效应相对血清素能效应更加均衡，并且行为方式更接近像哌甲酯这样的神经递质再摄取抑制剂，而不是像苯丙胺那样的释放剂；不过，MDNMB仍然保留了相当明显的释放能力哦。",,https://en.wikipedia.org/wiki/Butylone,half_life_minutes
Butyrfentanyl,,b-f | bf | butyrylfentanyl,Opioid,recreational,CYP3A4-substrate | habit-forming | mu-full-agonist | mu-opioid-agonist | research-chemical | tentative | wooden-chest-syndrome-risk,oral,oral,,no,yes,,,,,"dose_ranges_by_route, half_life_minutes, mechanism_of_action, references"
BZP,,1-benzylpiperazine | A2 | Benzylpiperazine | Frenzy | N-benzylpiperazine | Nemesis | party pills,Stimulant,recreational,class:Piperazine | habit-forming | research-chemical,oral,oral,oral,yes,yes,,,,,"half_life_minutes, mechanism_of_action, references"
CagriSema,,Cagrilintide + Semaglutide,Peptide,medical_rx,amylin-agonist | blend | glp-1-agonist | no-human-data | peptide,subcutaneous,subcutaneous,,no,no,,Co-formulation: long-acting amylin analog (cagrilintide) + GLP-1 receptor agonist (semaglutide).,appetite suppression,https://en.wikipedia.org/wiki/Cagrilintide/semaglutide | Novo Nordisk REDEFINE trials,half_life_minutes
Cake,🍰 Cake,Caky | Cokoo,Other,recreational,easter-egg | fictional,oral,oral,oral,yes,no,,,,,"duration_by_route, half_life_minutes, mechanism_of_action, references"
Calcium,,Antacid Relief | Calgest | Careone Calcium Antacid | Equate Ultra Strength Antacid | Good Neighbor Pharmacy Fiber-caps Fiber Laxative | Healthmart Calcium Antacid | Mylanta New Tonight Soothing Honey Chamomile | Orange Antacid Softchew | Regular Strength Antacid | Rolaids Ultra Strength Antacid Strawberry | Select Brand Antacid Assorted Berries | Sour Stomach Relief | aluminum/magnesium/dimethicone | calcium/magnesium | calcium/magnesium/dimethicone,,otc,,,,,no,no,,,,,"dose_ranges_by_route, duration_by_route, half_life_minutes, mechanism_of_action, references"
Camazepam,,albego | limpidon | paxor,Benzodiazepine,recreational,GABAA-PAM | benzodiazepine | habit-forming | prodrug | tentative,oral,oral,oral,yes,yes,,,,,"half_life_minutes, mechanism_of_action, references"
Canagliflozin,,Invokana,,medical_rx,antidiabetic | sglt-2 inhibitor,,,,no,no,,"Inhibits sodium-glucose co-transporter 2 (SGLT2) in the proximal renal tubules, reducing reabsorption of filtered glucose and thus increasing urinary glucose excretion.",,,"dose_ranges_by_route, duration_by_route, half_life_minutes, references"
Canket,,2-F-2'-oxo-PCE | 2-FXE | 2F-2'-oxo-PCE | 2F-NENDCK | 2F-NENK | Canberra ketamine,Dissociative,recreational,,insufflation,insufflation | oral,insufflation | oral,yes,yes,,,,,"half_life_minutes, mechanism_of_action, references"
Cannabicyclol,,CBL | Cannabipinol,,medical_rx,class:Phytocannabinoid,,,,no,no,,,,,"dose_ranges_by_route, duration_by_route, half_life_minutes, mechanism_of_action, references"
Cannabidiolic acid,,CBD-A | CBDA,Cannabinoid,recreational,5-HT1A-agonist | COX-2-selective | carboxylic-acid-pharmacophore | non-intoxicating,oral,oral | sublingual,oral | sublingual,yes,yes,,,,,"half_life_minutes, mechanism_of_action, references"
Capreomycin,,,,medical_rx,,,,,no,no,,,,,"dose_ranges_by_route, duration_by_route, half_life_minutes, mechanism_of_action, references"
Carbamazepine,,Carbatrol | Epitol | Equetro | Tegretol,Anticonvulsant,medical_rx,anticonvulsant | antimanic | mood-stabilizer | narrow-therapeutic-index | prescription-only | sodium-channel-blocker,,,,no,no,750.0,Voltage-Gated Sodium Channel Blocker,,https://en.wikipedia.org/wiki/Carbamazepine,"dose_ranges_by_route, duration_by_route"
Carbidopa-Levodopa,,Sinemet | Sinemet CR,,medical_rx,dopamine precursor,,,,no,no,,Levodopa: is a metabolic precursor of dopamine. Once crossing the blood brain barrier it is converted into dopamine. Symptoms of Parkinson's disease are thought to be related to a lack of dopamine in the corpus striatum. Carbidopa: inhibits decarboxylation of peripheral levodopa keeping more levodopa available for transport to the brain.,,,"dose_ranges_by_route, duration_by_route, half_life_minutes, references"
Carbonic anhydrase 6,,mafenide,,medical_rx,,,,,no,no,,"The mechanism of action of Mafenide is not known, but is different from that of the sulfonamides. Mafenide is not antagonized by pABA, serum, pus or tissue exudates, and there is no correlation between bacterial sensitivities to Mafenide and to the sulfonamides. Its activity is not altered by changes in the acidity of the environment. The osmolality of the 5% topical solution is approximately 340 mOsm/kg. Absorption and Metabolism Applied topically, Mafenide Acetate diffuses through devascularized areas. Approximately 80% of a Mafenide Acetate dose is delivered to burned tissue over four hours following topical application of the 5% solution. Following application of Mafenide Acetate cream and solution, peak Mafenide concentrations in human burned skin tissue occur at two and four hours, respectively. Peak tissue concentrations are similar following administration of the solution or cream.",,,"dose_ranges_by_route, duration_by_route, half_life_minutes, references"
Carfentanil,,4-methoxycarbonylfentanyl | Carfentanyl | R-33799 | Wildnil,Opioid,recreational,beta-arrestin-biased | extreme-potency | mu-superagonist | naloxone-partial-resistance | wooden-chest-syndrome-risk,,,,no,no,342.0,,,The Pharmacokinetics and Pharmacodynamics of Carfentanil After Recreational Exposure: A Case Report,"dose_ranges_by_route, duration_by_route, mechanism_of_action"
Cariprazine,,Vraylar,Antipsychotic,medical_rx,2nd generation antipsychotic | 5HT1A-partial-agonist | 5HT2A-antagonist | D2-partial-agonist | D3-partial-agonist | antipsychotic | atypical-antipsychotic | bipolar-depression | prescription-only,,,,no,no,30240.0,D3-Preferring Dopamine Partial Agonist,,https://www.accessdata.fda.gov/drugsatfda_docs/label/2015/204370orig1s000lbl.pdf | https://en.wikipedia.org/wiki/Cariprazine,"dose_ranges_by_route, duration_by_route"
Carphedon,,4-Phenylpiracetam | Phenotropil | Phenylpiracetam | 苯基吡拉西坦,Stimulant,recreational,research-chemical,oral,oral,oral,yes,yes,,"苯基吡拉西坦被认为会增加海马细胞内的乙酰胆碱释放。 由于乙酰胆碱参与记忆功能，这可能解释了其报告的益智药效应。

苯基吡拉西坦似乎进行了一系列试验，显示出对器质性原因导致的认知衰退患者的认知改善，其中一项研究指出青少年癫痫患者的认知有轻微改善。",,,"half_life_minutes, references"
Carvedilol,,Coreg | Coreg CR,Cardiovascular,medical_rx,alpha-1 blocker | alpha1-blocker | antihypertensive | beta-1 & beta-2 non-selective | beta-blocker | non-selective | prescription-only,oral,oral,,no,yes,480.0,Non-Selective β-Blocker with α1 Antagonism and Antioxidant Properties,,https://en.wikipedia.org/wiki/Carvedilol | https://dailymed.nlm.nih.gov/dailymed/search.cfm?labeltype=all&query=0007-3370,dose_ranges_by_route
Castor Oil,,Leader Castor | Signature Care,,otc,,,,,no,no,,,,,"dose_ranges_by_route, duration_by_route, half_life_minutes, mechanism_of_action, references"
Cathine,,Adiposetten | Exponcit | Norpseudoephedrine | d-Norpseudoephedrine | 卡西宁 | 去甲伪麻黄碱,Stimulant,recreational,anorectic | khat | natural-product | stimulant,,,,no,no,312.0,"Weak substrate-type releasing agent, NET > DAT — the reduced, β-hydroxy relative of cathinone.",,"Pharmacokinetics of cathinone, cathine and norephedrine after the chewing of khat leaves | https://en.wikipedia.org/wiki/Cathine","dose_ranges_by_route, duration_by_route"
CB-13,,CB13 | Peripherally restricted CB1/CB2 agonist | SAB-378 | SAB378,Cannabinoid,recreational,,inhalation,inhalation | oral,inhalation | oral,yes,yes,,,,,"half_life_minutes, mechanism_of_action, references"
CBC,,Cannabichrome | Cannabichromene,Cannabinoid,recreational,TRPA1-agonist | TRPV1-agonist | cannabinoid | class:Phytocannabinoid | non-intoxicating | phytocannabinoid | therapeutic | weak-CB2-agonist,inhalation,inhalation | oral,inhalation | oral,yes,yes,720.0,,,https://en.wikipedia.org/wiki/Cannabichromene,mechanism_of_action
CBDV,,CBD-varin | Cannabidivarin | GWP42006 | varinic CBD,Anticonvulsant,medical_rx,TRPA1-agonist | TRPV1-agonist | anticonvulsant | anticonvulsant-mechanism | cannabinoid | class:Phytocannabinoid | non-intoxicating | phytocannabinoid | therapeutic,,,,no,no,1200.0,,,https://en.wikipedia.org/wiki/Cannabidivarin | Efficacy and safety of cannabidivarin treatment of epilepsy in girls with Rett syndrome: A phase 1 clinical trial,"dose_ranges_by_route, duration_by_route, mechanism_of_action"
CBG,,CBG isolate | Cannabigerol,Cannabinoid,recreational,CB1-partial-agonist | CB2-agonist | alpha2-agonist | cannabinoid | non-intoxicating | phytocannabinoid | potential-hypotension | therapeutic,inhalation,inhalation | oral | sublingual,inhalation | oral | sublingual,yes,yes,720.0,,,https://en.wikipedia.org/wiki/Cannabigerol,mechanism_of_action
CBN,,C21H26O2 | Cannabinol,Cannabinoid,recreational,CB1-partial-agonist | CB2-agonist | CYP2C9-substrate | cannabinoid | class:Cannabinoid | mildly-psychoactive | phytocannabinoid | sedative | weak-CB1-partial-agonist,inhalation,inhalation | oral | sublingual,inhalation | oral | sublingual,yes,yes,1440.0,,,https://en.wikipedia.org/wiki/Cannabinol,mechanism_of_action
CBN-O,,O-acetyl-CBN,Cannabinoid,recreational,CB1-partial-agonist | cannabinoid | limited-research | mildly-psychoactive | prodrug | sedative | semi-synthetic,inhalation,inhalation | oral,inhalation | oral,yes,yes,1440.0,,,,"mechanism_of_action, references"
CBNA,,2-carboxy-cannabinol | CBN-A | Cannabinolic acid,Cannabinoid,recreational,minor-cannabinoid | non-intoxicating,oral,oral | sublingual,oral | sublingual,yes,yes,,,,,"half_life_minutes, mechanism_of_action, references"
CDP-Choline,,Citicoline | Cognizin | Cytidine Diphosphocholine | cytidine diphosphate-choline | 胞磷胆碱 | 胞苷二磷酸胆碱,Supplement,otc,Kennedy-pathway-substrate | OTC | acetylcholine-precursor | choline-donor | cholinergic | class:ammonium salt | cognitive-enhancement | cytidine-donor | dopaminergic | nootropic | supplement,oral,oral,,no,yes,360.0,Cholinergic Precursor and Membrane Phospholipid Source,,https://en.wikipedia.org/wiki/Citicoline | https://examine.com/supplements/cdp-choline/,dose_ranges_by_route
CE-123,,,Stimulant,recreational,DAT-selective | DRI | atypical-DAT-inhibitor | investigational | no-human-data | research-chemical,,,,no,no,,,,Participation of Colon and Rectal Fellows in Robotic Rectal Cancer Surgery: Effect on Surgical Outcomes,"dose_ranges_by_route, duration_by_route, half_life_minutes, mechanism_of_action"
Cefadroxil,,Duricef,Antimicrobial,non_recreational,1st generation cephalosporin | beta-lactam antibiotic,,,,no,no,83.0,Inhibits bacterial cell wall synthesis by binding to and inactivating penicillin-binding proteins (PBPs) present in the bacterial cell wall.,,Pharmacokinetics of cefadroxil in normal subjects and in patients with renal insufficiency,"dose_ranges_by_route, duration_by_route"
Cefazolin,,,,medical_rx,,,,,no,no,,Cefazolin is an antibacterial drug.,,,"dose_ranges_by_route, duration_by_route, half_life_minutes, references"
Cefdinir,,Omnicef,Antimicrobial,non_recreational,3rd generation cephalosporin | beta-lactam antibiotic,,,,no,no,,Inhibits bacterial cell wall synthesis by binding to and inactivating penicillin-binding proteins (PBPs) present in the bacterial cell wall.,,,"dose_ranges_by_route, duration_by_route, half_life_minutes, references"
Cefditoren,,Spectracef,,medical_rx,,,,,no,no,,,,,"dose_ranges_by_route, duration_by_route, half_life_minutes, mechanism_of_action, references"
Cefprozil,,Cefzil,Antimicrobial,non_recreational,2nd generation cephalosporin | beta-lactam antibiotic,,,,no,no,78.0,Inhibits bacterial cell wall synthesis by binding to and inactivating penicillin-binding proteins (PBPs) present in the bacterial cell wall.,,"FDA label for Cefprozil (cefprozil), Clinical Pharmacology — t½ ≈ 1.3 h","dose_ranges_by_route, duration_by_route"
Cefuroxime,,Ceftin,Antimicrobial,non_recreational,2nd generation cephalosporin | beta-lactam antibiotic,,,,no,no,72.0,Inhibits bacterial cell wall synthesis by binding to and inactivating penicillin-binding proteins (PBPs) present in the bacterial cell wall.,,"FDA label for Cefuroxime Axetil tablets, Clinical Pharmacology 12.3 (Table 8) — mean elimination t½ 1.2 h | https://dailymed.nlm.nih.gov/dailymed/search.cfm?labeltype=all&query=0143-9567","dose_ranges_by_route, duration_by_route"
Celecoxib,,Celebrex | Celecoxib 400 Mg | Elyxyb,Analgesic,medical_rx,analgesic | cox-2 selective | nsaid,,,,no,no,,Selective COX-2 Inhibitor,,,"dose_ranges_by_route, duration_by_route, half_life_minutes, references"
Centrophenoxine,,ANP-235 | Lucidril | Meclofenoxate | centrophenoxin,Nootropic,recreational,DMAE-prodrug | cholinergic | class:cholinergic | nootropic | old-pharmaceutical | tentative,oral,oral,oral,yes,yes,,,,https://en.wikipedia.org/wiki/Meclofenoxate,"half_life_minutes, mechanism_of_action"
Cephalexin,,Daxbia | Keflex,Antimicrobial,non_recreational,1st generation cephalosporin | beta-lactam antibiotic,,,,no,no,60.0,Inhibits bacterial cell wall synthesis by binding to and inactivating penicillin-binding proteins (PBPs) present in the bacterial cell wall.,,https://dailymed.nlm.nih.gov/dailymed/search.cfm?labeltype=all&query=0316-0333,"dose_ranges_by_route, duration_by_route"
Cerebrolysin,,Cerebrolisin | FPF-1070,Peptide,medical_rx,nootropic | parenteral-only | peptide | porcine-brain-hydrolysate | prescription-only | undefined-active-component,,,,no,no,,,,https://en.wikipedia.org/wiki/Cerebrolysin,"dose_ranges_by_route, duration_by_route, half_life_minutes, mechanism_of_action"
Changa,,泛相思汤,Psychedelic,recreational,tentative,,,,no,no,,,,,"dose_ranges_by_route, duration_by_route, half_life_minutes, mechanism_of_action, references"
Chloral Hydrate,,Aquachloral | Knockout drops | Mickey Finn | Noctec | Somnote | Trichloroacetaldehyde monohydrate | Welldorm,GABAergic,recreational,ADH-substrate-prodrug | GABA-A-PAM-via-metabolite | IARC-2A,oral,oral | rectal,oral | rectal,yes,yes,570.0,,,[The relative bioavailability and pharmacokinetics of chloral hydrate and its metabolites].,mechanism_of_action
Chloral-betaine,,Beta-Chlor,Depressant,recreational,chloral-hydrate-prodrug | habit-forming,oral,oral,oral,yes,yes,,,,,"half_life_minutes, mechanism_of_action, references"
Chloramphenicol,,,,medical_rx,,,,,no,no,,,,,"dose_ranges_by_route, duration_by_route, half_life_minutes, mechanism_of_action, references"
Chlorhexidine,,Chlorhexidine Gluconate 0.12% Oral Rinse | Dyna-hex | Nupro Chlorhexidine Gluconate | Paroex | Periogard | Scrub | Scrub-stat,,medical_rx,,,,,no,no,,,,,"dose_ranges_by_route, duration_by_route, half_life_minutes, mechanism_of_action, references"
Chloroform,,,Depressant,recreational,abandoned | cardiotoxic | habit-forming | hepatotoxic | tentative | volatile-anaesthetic,,,,no,no,,,,,"dose_ranges_by_route, duration_by_route, half_life_minutes, mechanism_of_action, references"
Chloroprocaine,,Nesacaine,,medical_rx,,,,,no,no,0.3,,,https://dailymed.nlm.nih.gov/dailymed/search.cfm?labeltype=all&query=52584-475,"dose_ranges_by_route, duration_by_route, mechanism_of_action"
Chlorothiazide,,Diuril,Cardiovascular,medical_rx,antihypertensive | thiazide diuretic,,,,no,no,83.0,"Inhibits sodium reabsorption by inhibiting the sodium-chloride cotransporters in the distal convoluted tubule of nephrons, causing increased excretion of sodium, chloride, potassium, magnesium, and water. Thiazide diuretics cause retention of calcium, bicarbonate, and uric acid.",,"FDA label for Diuril (chlorothiazide), Clinical Pharmacology — t½ = 45–120 min","dose_ranges_by_route, duration_by_route"
Chlorpromazine,,CPZ | Largactil | Thorazine,Antipsychotic,medical_rx,1st generation antipsychotic | 5HT2A-antagonist | D2-antagonist | alpha1-blocker | antipsychotic | muscarinic-antagonist | phenothiazine | prescription-only | typical-antipsychotic,oral,oral,,no,yes,1800.0,"Competitively blocks postsynaptic dopamine receptors (notably D2) in the brain. Increased dopamine activity in the brain is thought to be associated with the ""positive"" symptoms of schizophrenia/psychosis such as hallucinations, hearing voices, aggression/hostility, disorganized speech, and psychomotor agitation. Also blocks, to varying degrees, several other subtypes of dopamine receptors (D1, D3, D4, D5), serotonin (5HT-2A, 5HT-2C, and 5HT-7) receptors, histamine-1 receptors, muscarinic (M1) receptors, and alpha-1 and alpha-2 (slightly) adrenergic receptors.",,https://www.accessdata.fda.gov/drugsatfda_docs/label/2010/010138s030lbl.pdf | https://en.wikipedia.org/wiki/Chlorpromazine,dose_ranges_by_route
Chlorthalidone,,Thalitone,Cardiovascular,medical_rx,antihypertensive | thiazide diuretic,,,,no,no,,"Inhibits sodium reabsorption by inhibiting the sodium-chloride cotransporters in the distal convoluted tubule of nephrons, causing increased excretion of sodium, chloride, potassium, magnesium, and water. Thiazide diuretics cause retention of calcium, bicarbonate, and uric acid.",,,"dose_ranges_by_route, duration_by_route, half_life_minutes, references"
Chlorzoxazone,,Lorzone | Parafon Forte,,medical_rx,skeletal muscle relaxant,,,,no,no,,The muscle relaxant mechanism of chlorzoxazone has not been clearly defined but is thought to be related to its sedative effects caused by general central CNS depression. It acts primarily at the level of the spinal cord and subcortical areas of the brain where it inhibits multisynaptic reflex arcs involved in producing and maintaining skeletal muscle spasms of varied etiology.,,,"dose_ranges_by_route, duration_by_route, half_life_minutes, references"
Choline bitartrate,,Choline | 胆碱 | 酒石酸氢胆碱,Nootropic,recreational,class:ammonium salt,oral,oral,oral,yes,yes,,"Choline and its metabolites serve three primary physiological functions:

Phospholipid synthesis. Choline is necessary for the production of various phospholipids, which form cell membranes and signaling lipid rafts. Neural lipid rafts are receiving increasing attention in the field of psychiatry. Cholinergic neurotransmission, as a precursor to acetylcholine synthesis. Choline supplementation may allow acetylcholine to accumulate to higher levels than would otherwise occur. Since acetylcholine is involved in memory function, this may explain the nootropic effects. Production of trimethylamine (betaine). Trimethylamine is necessary for osmoregulation and is also involved in the synthesis of SAM-e.",,,"half_life_minutes, references"
Ciclesonide,,Alvesco | Ciclesonide-inhaled | Ciclesonide-nasal | Omnaris | Zetonna,Endocrine,medical_rx,corticosteroid | inhaled corticosteroid,,,,no,no,,"Inhaled corticosteroids reduce inflammation in the airways, an important component in the pathogenesis of inflammatory lung disease, through a wide range of actions on several cell types (e.g., mast cells, eosinophils, neutrophils, macrophages, lymphocytes) and mediators (e.g., histamine, eicosanoids, leukotrienes, cytokines) involved in inflammation.",,,"dose_ranges_by_route, duration_by_route, half_life_minutes, references"
Cidofovir,,Vistide,,medical_rx,,,,,no,no,150.0,,,Anticytomegaloviral activity and safety of cidofovir in patients with human immunodeficiency virus infection and cytomegalovirus viruria | https://dailymed.nlm.nih.gov/dailymed/search.cfm?labeltype=all&query=61958-0101,"dose_ranges_by_route, duration_by_route, mechanism_of_action"
Cilastatin,,Imipenem And Cilastatin | imipenem/cilastatin,,medical_rx,,,,,no,no,60.0,Imipenem And Cilastatin for Injection (I.V.) is a combination of Imipenem And Cilastatin. Imipenem is a penem antibacterial drug. Cilastatin sodium is a renal dehydropeptidase inhibitor that limits the renal metabolism of imipenem.,,"FDA label for Imipenem and Cilastatin for Injection (imipenem/cilastatin), Clinical Pharmacology/Pharmacokinetics — t½ ≈ 1 hour","dose_ranges_by_route, duration_by_route"
Cimetidine,,Tagamet | Tagamet HB,Antihistamine,medical_rx,CYP-inhibitor | H2-antagonist | OTC | acid-reducer | antacid agent | antihistamine | histamine-2 receptor antagonist | non-sedating,,,,no,no,120.0,Reversibly inhibits histamine-2 receptors (H2 receptors) on gastric parietal cells resulting in decreased gastric acid secretion.,,https://www.accessdata.fda.gov/drugsatfda_docs/label/2004/017683s094lbl.pdf | https://en.wikipedia.org/wiki/Cimetidine,"dose_ranges_by_route, duration_by_route"
Cinolazepam,,geroderm,Benzodiazepine,recreational,GABAA-PAM | benzodiazepine | habit-forming,oral,oral,oral,yes,yes,540.0,,,Short-term sleep laboratory studies with cinolazepam in situational insomnia induced by traffic noise.,mechanism_of_action
Ciprofloxacin,,Cipro,Antimicrobial,non_recreational,fluoroquinolone antibiotic,,,,no,no,240.0,"Inhibits the bacterial enzymes, DNA topoisomerase IV and DNA gyrase, required for DNA replication, transcription, repair and recombination.",,https://dailymed.nlm.nih.gov/dailymed/search.cfm?labeltype=all&query=50419-773,"dose_ranges_by_route, duration_by_route"
Cisatracurium,,,,medical_rx,,,,,no,no,,,,,"dose_ranges_by_route, duration_by_route, half_life_minutes, mechanism_of_action, references"
Citalopram,,Celexa | Cipralex | Cipram | Cipramil | Escitalopram | Lexapro | Seroplex | Talohexal,Antidepressant,dual_use,CYP2C19-substrate | QTc-prolongation-risk | QTc-risk | SRI | SSRI | allosteric-self-potentiation | antidepressant | hERG-strong | prescription-only | serotonin-syndrome-risk,oral,oral,oral,yes,no,2160.0,Inhibits serotonin reuptake at the presynaptic neurons leading to higher concentrations of serotonin in the neuronal synapse.,,"https://www.accessdata.fda.gov/drugsatfda_docs/label/2012/020822s044,021046s019lbl.pdf | https://en.wikipedia.org/wiki/Citalopram | https://www.accessdata.fda.gov/drugsatfda_docs/label/2017/021323s047lbl.pdf | https://en.wikipedia.org/wiki/Escitalopram | https://www.accessdata.fda.gov/drugsatfda_docs/label/2012/020822s043lbl.pdf | https://dailymed.nlm.nih.gov/dailymed/search.cfm?labeltype=all&query=0378-3855",duration_by_route
Citric Acid,,Bicaruvas | tartaric acid/calcium/citric acid monohydrate/sodium,,otc,,,,,no,no,,,,,"dose_ranges_by_route, duration_by_route, half_life_minutes, mechanism_of_action, references"
CJC-1295,,CJC-1295 DAC | Drug Affinity Complex-GRF 1-29 | Modified GRF 1-29 DAC,Peptide,medical_rx,GH-secretagogue | GHRH-analogue | gray-market | peptide | performance-enhancing,subcutaneous,subcutaneous,subcutaneous,yes,no,10080.0,,,"Prolonged stimulation of growth hormone (GH) and insulin-like growth factor I secretion by CJC-1295, a long-acting analog of GH-releasing hormone, in healthy adults. | https://en.wikipedia.org/wiki/CJC-1295",mechanism_of_action
"CL-218,872",,,GABAergic,recreational,gaba-a-tool-compound | lab-reagent | no-human-data | research-chemical,,,,no,no,,α1(BZ1)-selective partial agonist at the GABA-A benzodiazepine binding site; triazolopyridazine scaffold (NOT a benzodiazepine structurally). Historical tool compound for dissecting α1-mediated sedation from α2-mediated anxiolysis.,,"https://en.wikipedia.org/wiki/CL-218,872 | CL 218,872 a triazolopyridazine with a selective affinity for the benzodiazepine BZ1 receptor subtype, retards the development and expression of amygdaloid-kindled seizures: effects of flumazenil.","dose_ranges_by_route, duration_by_route, half_life_minutes"
Clarithromycin,,Biaxin,Antimicrobial,non_recreational,macrolide antibiotic,,,,no,no,210.0,Inhibits protein synthesis by binding to the 23S rRNA of the 50S ribosomal subunit of susceptible microorganisms.,,"FDA label for Clarithromycin tablets, Clinical Pharmacology 12.3 — t½ ≈ 3–4 hours (250 mg q12h) | https://dailymed.nlm.nih.gov/dailymed/search.cfm?labeltype=all&query=0054-0036","dose_ranges_by_route, duration_by_route"
Clemastine,,Tavist,,otc,,,,,no,no,,,,,"dose_ranges_by_route, duration_by_route, half_life_minutes, mechanism_of_action, references"
Clindamycin,,Benzaclin | Cleocin | Clindacin P | Clindamax Lotion | Neuac | Veltin | clindamycin/benzoyl peroxide | clindamycin/tretinoin,Antimicrobial,non_recreational,lincosamide antibiotic,,,,no,no,144.0,Reversibly binds to the 50S subunit of bacterial ribosomes inhibiting protein synthesis.,,https://dailymed.nlm.nih.gov/dailymed/search.cfm?labeltype=all&query=0187-5190,"dose_ranges_by_route, duration_by_route"
Clobazam,,"1,5-benzodiazepine | Aedon | Castilium | Clobam | Clobamax | Frisium | Mystan | Noiafren | Onfi | Sympazan | Urbanil | Urbanol | Urbanyl",Benzodiazepine,recreational,"1,5-benzodiazepine | CYP2C19-substrate | CYP3A4-substrate | GABAA-PAM | active-metabolite-norclobazam | alpha2-preferring | benzodiazepine | habit-forming",oral,oral,oral,yes,yes,2340.0,,,pmc:PMC5914180,mechanism_of_action
Clobenzorex,,Asenlix | Dinintel | Finedal | Itravil | SD-271-12 | 氯苄雷司,Stimulant,recreational,,insufflation,insufflation | oral,insufflation | oral,yes,yes,,"氯苄雷司的开发目标，是在提供优于其他苯丙胺的食欲抑制作用的同时，带来比其他苯丙胺更少的心血管副作用。o-氯苄基氨基这一官能团的连接，降低了母体化合物经酶切后转化为利右苯丙胺的相对比例。由于氯苄雷司胶囊中不存在游离的利右苯丙胺，因此单纯通过机械操作，例如压碎或简单提取，并不能直接得到利右苯丙胺。因此，也无法通过其他给药途径——例如鼻吸、汽化或注射——来加快吸收速度，这使它在理论上更不容易被滥用呢。

利右苯丙胺是痕量胺相关受体1（TAAR1）的完全激动剂。TAAR1是调节脑内常规与痕量单胺的重要受体，其中包括多巴胺、血清素和去甲肾上腺素。对这组受体的激动会导致突触间隙中的多巴胺、血清素和去甲肾上腺素浓度升高。这会给使用者带来认知与躯体层面的刺激作用。

氯苄雷司及其他N-烷基苯丙胺还会产生其自身独特的作用，尤其包括：

通过激活下丘脑中的α和β肾上腺素能受体来抑制食欲 通过NO/cGMP/PKG/Ca²⁺激活的K⁺通道通路，对左侧主动脉产生剂量依赖性的血管舒张作用 增加皮下脂肪组织中游离脂肪酸、葡萄糖和cHDL的分解 在体外降低11β-HSD1氢化酶活性，并在离体肠系膜脂肪组织中降低11β-HSD1转录和血清皮质醇水平 激活TrKβ受体

作为一种前药，氯苄雷司在给药时本身是无活性的，需要经过首过代谢后才会“被激活”。CYP1A2、CYP2B6和CYP2C19会将其大部分转化为4-羟基氯苄雷司；另有少量则由CYP3A4和CYP2B6经酶促处理后转化为利右苯丙胺。两种产物随后都会进一步代谢为各自无活性的结合物。

氯苄雷司可在尿液药物筛查中被检出，这可能导致工作场所药物筛查出现假阳性。它是许多能够引发苯丙胺类尿检假阳性的药物之一。可通过检测4-羟基氯苄雷司或进行对映体分析，将其与苯丙胺使用区分开来。",,,"half_life_minutes, references"
Clobetasol,,Clobetasol-topical | Clobex | Clodan | Impeklo | Impoyz | Olux | Temovate,Endocrine,medical_rx,corticosteroid,,,,no,no,,"Clobetasol is a synthetic glucocorticoid with potent anti-inflammatory and immunomodulating properties. After cell entry, it binds to corticosteroid receptors on the nucleus and produces anti-inflammatory, antiproliferative, immunosuppressive, and vasoconstrictive effects that can be beneficial for psoriatic, pruritic, and other corticosteroid responsive dermatoses.",,,"dose_ranges_by_route, duration_by_route, half_life_minutes, references"
Clobromazolam,,DM-II-90 | Phenazolam | RC/triazolobenzodiazepine,Benzodiazepine,recreational,designer-benzo | extreme-potency | triazolobenzodiazepine,oral,oral | rectal | sublingual,oral | rectal | sublingual,yes,yes,,,,,"half_life_minutes, mechanism_of_action, references"
Clomethiazole,,Heminevrin | chlormethiazole,Depressant,recreational,GABA-A-PAM | alcohol-withdrawal-treatment | glycine-PAM | habit-forming | research-chemical | tentative,oral,oral,oral,yes,yes,,,,,"half_life_minutes, mechanism_of_action, references"
Clomiphene,,,,medical_rx,,,,,no,no,,"Clomiphene Citrate tablets USP is a drug of considerable pharmacologic potency. With careful selection and proper management of the patient, Clomiphene Citrate tablets USP has been demonstrated to be a useful therapy for the anovulatory patient desiring pregnancy. Clomiphene Citrate is capable of interacting with estrogen-receptor-containing tissues, including the hypothalamus, pituitary, ovary, endometrium, vagina, and cervix. It may compete with estrogen for estrogen-receptor-binding sites and may delay replenishment of intracellular estrogen receptors. Clomiphene Citrate initiates a series of endocrine events culminating in a preovulatory gonadotropin surge and subsequent follicular rupture. The first endocrine event in response to a course of clomiphene therapy is an increase in the release of pituitary gonadotropins. This initiates steroidogenesis and folliculogenesis, resulting in growth of the ovarian follicle and an increase in the circulating level of estradiol.",,,"dose_ranges_by_route, duration_by_route, half_life_minutes, references"
Clomipramine,,Anafranil,Antidepressant,medical_rx,QTc-prolongation-risk | TCA | anticholinergic | antidepressant | overdose-risk | prescription-only | seizure-risk | serotonin-syndrome-risk | tertiary amine,,,,no,no,1980.0,"Primarily inhibits norepinephrine and serotonin reuptake at the presynaptic neurons leading to higher concentrations of these neurotransmitters in the neuronal synapse. As a tertiary amine (TCAs are either tertiary or secondary amines), this drug displays more selectivity towards serotonin reuptake inhibition. Additionally, blocks histamine-H1, alpha-1 adrenergic, and muscarinic receptors accounting for sedative, hypotensive and anticholinergic effects, respectively.",,https://www.accessdata.fda.gov/drugsatfda_docs/label/2012/019906s022lbl.pdf | https://en.wikipedia.org/wiki/Clomipramine | Clinical Pharmacokinetics of Clomipramine,"dose_ranges_by_route, duration_by_route"
Cloniprazepam,,,Benzodiazepine,recreational,GABAA-PAM | benzodiazepine | designer-benzo | habit-forming | tentative,oral,oral,,no,yes,,,,,"dose_ranges_by_route, half_life_minutes, mechanism_of_action, references"
Clonitazene,,CTZ,Opioid,recreational,habit-forming | morphine-stronger | mu-full-agonist | mu-opioid-agonist | nitazene | research-chemical,oral,oral,oral,yes,yes,,,,,"half_life_minutes, mechanism_of_action, references"
Clopidogrel,,Plavix,,medical_rx,antiplatelet | p2y12 inhibitor,,,,no,no,,"Clopidogrel irreversibly binds to the P2Y12 receptor on the platelet surface, blocking adenosine diphosphate (ADP) from binding to it. This interferes with platelet adhesion and aggregation by inhibiting both ADP-mediated activation of the glycoprotein complex GPIIb/IIIa and fibrinogen binding to platelets.",,,"dose_ranges_by_route, duration_by_route, half_life_minutes, references"
Clorazepate,,Tranxene-T | clorazepate dipotassium | novo-clopate | tranxene | tranzene,Benzodiazepine,recreational,GABAA-PAM | anticonvulsant | anxiolytic | benzodiazepine | habit-forming | prodrug-of-nordazepam | very-long-half-life,oral,oral,oral,yes,yes,,"Potentiates the inhibitory effects of the neurotransmitter, GABA, by binding to GABA-A receptors at stereospecific benzodiazepine (BZD) sites. This action makes neurons less excitable and results in sedative, anti-anxiety, anticonvulsive, and other inhibitory effects.",,,"half_life_minutes, references"
Clotiazepam,,clozan | distensan | rize | rizen | trecalmo | veratran,Benzodiazepine,recreational,CYP3A4-substrate | GABAA-PAM | benzodiazepine | habit-forming | short-acting | tentative | thienodiazepine,oral,oral,oral,yes,yes,612.0,,,Effect of cirrhosis and renal failure on the kinetics of clotiazepam.,mechanism_of_action
Cloxazolam,,,Benzodiazepine,recreational,GABAA-PAM | benzodiazepine | habit-forming | oxazolobenzodiazepine | prodrug-of-delorazepam,oral,oral,oral,yes,yes,,,,,"half_life_minutes, mechanism_of_action, references"
Cocoa,,可可,,medical_rx,,,,,no,no,,"The primary psychoactive constituents of cacao are theobromine, caffeine, and phenethylamine. Caffeine and theobromine are metabolized by xanthine oxidase, while phenethylamine is metabolized primarily by monoamine oxidase B.

Theobromine has a half-life of 10 hours; however, more than 16% may remain unmetabolized 48 hours after a single 10 mg/kg ingestion.

For regular users, a 4–8 week caffeine-free period may be required for tolerance to reset.",,,"dose_ranges_by_route, duration_by_route, half_life_minutes, references"
Codeine-Guaifenesin,,Cheratussin AC | Robafen AC | Virtussin AC,Opioid,recreational,antitussive | expectorant | opioid,,,,no,no,,"Codeine: is an opioid agonist with preferential selectivity for mu-opioid receptors. Codeine has relatively weak analgesic activity; however, its active metabolites morphine (5-15%, via CYP2D6 metabolism ) and codeine-6-glucuronide (50-70% via UGT2B7 metabolism ) have notable analgesic properties ( especially morphine, a potent opioid agonist). The therapeutic effects of codeine include analgesic, antidiarrheal and antitussive actions. Guaifenesin: is an expectorant that acts by enhancing the output of phlegm (sputum) and bronchial secretions via decreasing the adhesiveness and surface tension of such material.",,,"dose_ranges_by_route, duration_by_route, half_life_minutes, references"
Colchicine,,Colcrys,,medical_rx,antigout agent,,,,no,no,,"Inhibits β-tubulin polymerization into microtubules, preventing activation, degranulation, and migration of neutrophils associated with mediating some gout symptoms.",,,"dose_ranges_by_route, duration_by_route, half_life_minutes, references"
Colistimethate,,Colistimethate Sodium,,medical_rx,,,,,no,no,,,,,"dose_ranges_by_route, duration_by_route, half_life_minutes, mechanism_of_action, references"
Coluracetam,,BCI-540 | MKC-231 | 考拉西坦,Nootropic,recreational,CHT1-modulator-proposed | HACU-enhancer | cholinergic | class:racetams | nootropic | preclinical-only | racetam | research-chemical,insufflation,insufflation | oral | sublingual,insufflation | oral | sublingual,yes,yes,,考拉西坦能够增强高亲和性胆碱摄取（HACU），而这正是乙酰胆碱（ACh）合成过程中的限速步骤。这个过程本质上会让乙酰胆碱积累到高于正常水平的程度。由于乙酰胆碱参与记忆功能，因此这或许可以解释它的益智药效应呢。,Acuity enhancement | Anxiety suppression | Auditory enhancement | Color enhancement | Dream potentiation | Focus enhancement | Memory enhancement | Mindfulness | Motivation enhancement | Stimulation | Tactile enhancement | Thought connectivity | Wakefulness,https://en.wikipedia.org/wiki/Coluracetam,half_life_minutes
Combined Oral Contraceptive,,Various product names,,medical_rx,contraceptive | estrogen/progestin combination,,,,no,no,,"Combined oral contraceptives (COCs) prevent pregnancy by inhibiting ovulation, interfering with sperm travel through the cervix, and disrupting implantation of fertilized eggs in the uterus. The progestin component prevents the pre-ovulation surge of luteinizing hormone (LH), which decreases the likelihood that ovulation will occur. The progestin also thickens cervical mucus, inhibiting the ability of sperm to travel into the uterus, and thins the endometrium (lining of the uterus), making implantation of a fertilized egg more difficult. Estrogen additionally prevents ovulation by inhibiting LH further and inhibiting the release of follicle-stimulating hormone (FSH), which disrupts the maturation of ovarian follicles that release eggs.",,,"dose_ranges_by_route, duration_by_route, half_life_minutes, references"
Combined Patch Contraceptive,,Twirla | Xulane,,medical_rx,contraceptive | estrogen/progestin combination,,,,no,no,,"Combined patch contraceptives (CPCs) prevent pregnancy by inhibiting ovulation, interfering with sperm travel through the cervix, and disrupting implantation of fertilized eggs in the uterus. The progestin component prevents the pre-ovulation surge of luteinizing hormone (LH), which decreases the likelihood that ovulation will occur. The progestin also thickens cervical mucus, inhibiting the ability of sperm to travel into the uterus, and thins the endometrium (lining of the uterus), making implantation of a fertilized egg more difficult. Estrogen additionally prevents ovulation by inhibiting LH further and inhibiting the release of follicle-stimulating hormone (FSH), which disrupts the maturation of ovarian follicles that release eggs.",,,"dose_ranges_by_route, duration_by_route, half_life_minutes, references"
Combined Ring Contraceptive,,Annovera | EluRyng | NuvaRing,,medical_rx,contraceptive | estrogen/progestin combination,,,,no,no,,"Combined ring contraceptives (CRCs) prevent pregnancy by inhibiting ovulation, interfering with sperm travel through the cervix, and disrupting implantation of fertilized eggs in the uterus. The progestin component prevents the pre-ovulation surge of luteinizing hormone (LH), which decreases the likelihood that ovulation will occur. The progestin also thickens cervical mucus, inhibiting the ability of sperm to travel into the uterus, and thins the endometrium (lining of the uterus), making implantation of a fertilized egg more difficult. Estrogen additionally prevents ovulation by inhibiting LH further and inhibiting the release of follicle-stimulating hormone (FSH), which disrupts the maturation of ovarian follicles that release eggs.",,,"dose_ranges_by_route, duration_by_route, half_life_minutes, references"
CoQ10,,CoQ | Coenzyme Q | Coenzyme Q10 | Ubiquinol | Ubiquinone,Supplement,otc,OTC | antioxidant | cardiovascular | energy-metabolism | mitochondrial-support | supplement,oral,oral,oral,yes,no,1991.0,,,Pharmacokinetic study of deuterium-labelled coenzyme Q10 in man. | https://ods.od.nih.gov/factsheets/Coenzyme-Q10-HealthProfessional/ | https://en.wikipedia.org/wiki/Coenzyme_Q10,"duration_by_route, mechanism_of_action"
Cordyceps,,CS-4 | Cordyceps militaris | Cordyceps sinensis | Dong Chong Xia Cao,Supplement,otc,OTC | adaptogen | athletic-performance | energy-metabolism | herbal | immunomodulator | mushroom | supplement,oral,oral,oral,yes,yes,360.0,,,https://en.wikipedia.org/wiki/Cordyceps | https://examine.com/supplements/cordyceps/,mechanism_of_action
Coronaridine,,,Psychedelic,recreational,tentative,,,,no,no,,,,,"dose_ranges_by_route, duration_by_route, half_life_minutes, mechanism_of_action, references"
Cortisone acetate,,,Endocrine,medical_rx,corticosteroid | glucocorticoid,,,,no,no,,"Cortisone acetate is the acetate salt form of cortisone, a synthetic or semisynthetic analog of the naturally occurring cortisone hormone produced by the adrenal glands with anti-inflammatory, immunomodulating properties, and some mineralocorticoid properties. After cell surface receptor attachment and cell entry, it enters the nucleus where it binds to and activates specific nuclear receptors, resulting in an altered gene expression and inhibition of proinflammatory cytokine production. This agent also decreases the number of circulating lymphocytes, induces cell differentiation, and stimulates apoptosis in sensitive tumor cell populations.",,,"dose_ranges_by_route, duration_by_route, half_life_minutes, references"
CPM,,,Psychedelic,recreational,PIHKAL | phenethylamine,oral,oral,oral,yes,yes,,,,https://erowid.org/library/books_online/pihkal/pihkal037.shtml,"half_life_minutes, mechanism_of_action"
Creatine,,Methylguanidoacetic acid,Nootropic,recreational,,oral,oral,oral,yes,no,162.0,,,Single- and multiple-dose pharmacokinetics of oral creatine.,"duration_by_route, mechanism_of_action"
Creatine Monohydrate,,Creapure | Creatine | 肌酸,Supplement,otc,NMDA-modulator | OTC | amino-acid-derivative | athletic-performance | energy-metabolism | nootropic | supplement,oral,oral,oral,yes,no,180.0,"Creatine is an endogenous molecule that stores high-energy phosphate groups in the form of phosphocreatine (creatine phosphate). During periods of stress or intense physical exertion, phosphocreatine releases energy to help cells maintain function. This is the mechanism underlying the strength increases observed with creatine supplementation, and the same mechanism similarly benefits the brain, skeletal muscle, and liver. The majority of creatine's benefits are produced through this mechanism.",,https://en.wikipedia.org/wiki/Creatine | https://examine.com/supplements/creatine/,duration_by_route
Cromolyn,,Cromolyn-nasal | NasalCrom,,otc,mast cell stabilizer,,,,no,no,108.0,"Cromolyn is a synthetic mast cell stabilizer with anti-inflammatory activity. The likely mechanism is interference with the antigen-mediated calcium ion influx into mast cells. This prevents degranulation, resulting in mast cell stabilization and inhibits the release of inflammatory mediators, such as histamine and leukotrienes, which are involved in IgE-mediated allergic reactions. Cromolyn also prevents eosinophils from releasing inflammatory mediators.",,Pharmacokinetics of Cromolyn and Ibuprofen in Healthy Elderly Volunteers | https://dailymed.nlm.nih.gov/dailymed/search.cfm?labeltype=all&query=17478-291,"dose_ranges_by_route, duration_by_route"
Curcumin,,BCM-95 | Curcuma longa | Curcumin with Piperine | Longvida | Meriva | Turmeric Extract,Supplement,otc,CYP450-inhibitor | NF-kB-inhibitor | OTC | anti-inflammatory | antioxidant | herbal | polyphenol | supplement,oral,oral,oral,yes,yes,420.0,,,https://en.wikipedia.org/wiki/Curcumin | https://examine.com/supplements/curcumin/,mechanism_of_action
CX-516,,Ampalex | BDP-12,AMPAkine,recreational,AMPA-PAM | Cortex-Pharmaceuticals | abandoned-clinical-development | deactivation-slower | high-impact-AMPAkine | investigational | research-chemical,,,,no,no,,,,https://en.wikipedia.org/wiki/CX-516,"dose_ranges_by_route, duration_by_route, half_life_minutes, mechanism_of_action"
Cychlorphine,,Cyclorphine | piperidinyl-benzimidazolone (“orphine”) opioid,Opioid,recreational,class:Piperidinyl-benzimidazolone derivative,insufflation,insufflation | intravenous | oral,insufflation | intravenous | oral,yes,yes,,,,,"half_life_minutes, mechanism_of_action, references"
Cyclazodone,,N-cyclopropyl-pemoline | N-cyclopropylpemoline | NCP-pemoline,Stimulant,recreational,class:4-oxazolidinone | class:substituted aminorexes,oral,oral,oral,yes,yes,,,,,"half_life_minutes, mechanism_of_action, references"
Cyclizine,,Marezine,Depressant,recreational,H1-antiemetic,oral,oral,oral,yes,yes,,,,,"half_life_minutes, mechanism_of_action, references"
Cyclo-methiodrone,,,Empathogen,recreational,habit-forming | research-chemical | tentative,oral,oral,oral,yes,yes,,,,,"half_life_minutes, mechanism_of_action, references"
Cyclopentolate,,,,medical_rx,,,,,no,no,,,,,"dose_ranges_by_route, duration_by_route, half_life_minutes, mechanism_of_action, references"
Cyclopentyl-fentanyl,,cp-f | cpf,Opioid,recreational,CYP3A4-substrate | habit-forming | mu-full-agonist | mu-opioid-agonist | research-chemical | tentative | wooden-chest-syndrome-risk,,,,no,no,,,,,"dose_ranges_by_route, duration_by_route, half_life_minutes, mechanism_of_action, references"
Cyclopropylmescaline,,4-cyclopropylmethoxy-3 | CPM,Psychedelic,recreational,no-human-data | phenethylamine | research-chemical | tentative,oral,oral,oral,yes,yes,,,,,"half_life_minutes, mechanism_of_action, references"
Cyproheptadine,,Ciplactin | Cyprodine | Cyproheptadinum | Periactin | Peritol | Vimicon,Antihistamine,medical_rx,H1-antagonist | anticholinergic | antihistamine | appetite-stimulant | first-gen-antihistamine | prescription-only | sedating | serotonin-antagonist,,,,no,no,480.0,,Sedation,https://www.accessdata.fda.gov/drugsatfda_docs/label/2004/009761s028lbl.pdf | https://en.wikipedia.org/wiki/Cyproheptadine,"dose_ranges_by_route, duration_by_route, mechanism_of_action"
Cyputylone,,BDCP | N-CMC | N-Cyclohexylmethylone,Stimulant,recreational,DAT-NET-blocker-predicted,insufflation,insufflation | oral | rectal,insufflation | oral | rectal,yes,yes,,,,,"half_life_minutes, mechanism_of_action, references"
Cytisine,,Baphitoxine | Cytisinicline | Desmoxan | Tabex,Nootropic,recreational,alpha4beta2-low-efficacy-partial-agonist | nAChR-partial-agonist | natural | natural-product | nootropic | smoking-cessation,oral,oral,oral,yes,no,270.0,,,"https://en.wikipedia.org/wiki/Cytisine | Pharmacokinetics of cytisine, an α4 β2 nicotinic receptor partial agonist, in healthy smokers following a single dose","duration_by_route, mechanism_of_action"
D-glucose,,Acd | Dextrose In Lactated Ringers | Glucose | Heparin Sodium In Dextrose | Isolyte P In Dextrose | Potassium Chloride In Lactated Ringers And Dextrose | Sterile Cord Blood Collection Unit | dextrose monohydrate | dextrose monohydrate/sodium/citric acid monohydrate | dextrose monohydrate/sodium/potassium/magnesium/potassium | dextrose monohydrate/sodium/sodium/potassium/calcium | potassium/sodium/calcium/sodium/dextrose monohydrate | sodium/dextrose monohydrate/citric acid monohydrate/sodium,,medical_rx,,,,,no,no,,"Heparin inhibits reactions that lead to the clotting of blood and the formation of fibrin clots both in vitro and in vivo. Heparin acts at multiple sites in the normal coagulation system. Small amounts of heparin in combination with antithrombin III (heparin cofactor) can inhibit thrombosis by inactivating activated Factor X and inhibiting the conversion of prothrombin to thrombin. Once active thrombosis has developed, larger amounts of heparin can inhibit further coagulation by inactivating thrombin and preventing the conversion of fibrinogen to fibrin. Heparin also prevents the formation of a stable fibrin clot by inhibiting the activation of the fibrin stabilizing factor. Heparin does not have fibrinolytic activity; therefore, it will not lyse existing clots.",,,"dose_ranges_by_route, duration_by_route, half_life_minutes, references"
D2pm,,diphenylprolinol,Stimulant,recreational,habit-forming | tentative,oral,oral,oral,yes,yes,,,,,"half_life_minutes, mechanism_of_action, references"
Dabigatran,,Pradaxa,,medical_rx,anticoagulant | direct thrombin inhibitor,,,,no,no,,"Directly inhibits thrombin (coagulation factor IIa), disrupting platelet activation and fibrin clot formation.",,,"dose_ranges_by_route, duration_by_route, half_life_minutes, references"
Dalbavancin,,Dalvance,,medical_rx,,,,,no,no,,Dalbavancin is an antibacterial drug.,,,"dose_ranges_by_route, duration_by_route, half_life_minutes, references"
Dalt,,"diallyltryptamine | n,n-diallyltryptamine",Psychedelic,recreational,research-chemical | tentative,oral,oral,oral,yes,yes,,,,,"half_life_minutes, mechanism_of_action, references"
Dantrolene,,Dantrium | Revonto | Ryanodex,,medical_rx,skeletal muscle relaxant,,,,no,no,,"Dantrolene acts directly on skeletal muscle causing relaxation of spasticity. It works by blocking ryanodine channels, which inhibits calcium release from the sarcoplasmic reticulum, thus reducing muscle contraction.",,,"dose_ranges_by_route, duration_by_route, half_life_minutes, references"
Dapagliflozin,,Farxiga,,medical_rx,antidiabetic | sglt-2 inhibitor,,,,no,no,,"Inhibits sodium-glucose co-transporter 2 (SGLT2) in the proximal renal tubules, reducing reabsorption of filtered glucose and thus increasing urinary glucose excretion.",,,"dose_ranges_by_route, duration_by_route, half_life_minutes, references"
Daridorexant,,Quviviq,OrexinAntagonist,medical_rx,DORA | US-Schedule-IV | orexin-antagonist | prescription-only | sedative-hypnotic,oral,oral,oral,yes,yes,480.0,,,https://en.wikipedia.org/wiki/Daridorexant,mechanism_of_action
Darifenacin,,Enablex,,medical_rx,,,,,no,no,960.0,"Darifenacin is a competitive muscarinic receptor antagonist. Muscarinic receptors play an important role in several major cholinergically mediated functions, including contractions of the urinary bladder smooth muscle and stimulation of salivary secretion. In vitro studies using human recombinant muscarinic receptor subtypes show that darifenacin has greater affinity for the M 3 receptor than for the other known muscarinic receptors (9- and 12-fold greater affinity for M 3 compared to M 1 and M 5, respectively, and 59-fold greater affinity for M 3 compared to both M 2 and M 4 ). M 3 receptors are involved in contraction of human bladder and gastrointestinal smooth muscle, saliva production, and iris sphincter function. Adverse drug effects such as dry mouth, constipation and abnormal vision may be mediated through effects on M 3 receptors in these organs.",,"FDA label for darifenacin extended-release tablets, Clinical Pharmacology 12.3 — t½ ≈ 13–19 h | https://dailymed.nlm.nih.gov/dailymed/search.cfm?labeltype=all&query=0430-0170","dose_ranges_by_route, duration_by_route"
Dasotraline,,SEP-225289,Stimulant,recreational,NDRI | SNDRI | investigational | low-abuse-liability | research-chemical | ultra-long-halflife,,,,no,no,3720.0,,,"https://en.wikipedia.org/wiki/Dasotraline | Dasotraline for the Treatment of Attention-Deficit/Hyperactivity Disorder: A Randomized, Double-Blind, Placebo-Controlled, Proof-of-Concept Trial in Adults","dose_ranges_by_route, duration_by_route, mechanism_of_action"
Datura,,Datura stramonium | Jimson Weed | jimsonweed | 曼陀罗属,Deliriant,recreational,anticholinergic-deliriant | miscategorized | tentative,oral,oral,,no,yes,,,"Abnormal heartbeat | Acuity suppression | After images | Amnesia | Anxiety | Auditory enhancement | Auditory hallucinations | Autonomous entities | Cognitive dysphoria | Depression | Difficulty urinating | Dizziness | Dream potentiation | Drifting | Emotion suppression | External hallucinations | Frequent urination | Increased heart rate | Information processing suppression | Internal hallucinations | Language suppression | Muscle cramps | Muscle spasms | Nausea | Paranoia | Pattern recognition suppression | Perception of increased weight | Peripheral information misinterpretation | Perspective alterations | Photophobia | Psychosis | Pupil dilation | Restless leg syndrome | Scenarios and plots | Settings, sceneries, and landscapes | Shadow people | Spontaneous tactile sensations | Thought deceleration | Thought disorganization | Time distortion | Unspeakable horrors | Vibrating vision | Visual haze",,"dose_ranges_by_route, half_life_minutes, mechanism_of_action, references"
DBT,,,Psychedelic,recreational,TIHKAL | no-human-data | tryptamine,,,,no,no,,,,https://erowid.org/library/books_online/tihkal/tihkal02.shtml,"dose_ranges_by_route, duration_by_route, half_life_minutes, mechanism_of_action"
Decitabine,,,,medical_rx,,,,,no,no,,"Decitabine is believed to exert its antineoplastic effects after phosphorylation and direct incorporation into DNA and inhibition of DNA methyltransferase, causing hypomethylation of DNA and cellular differentiation or apoptosis. Decitabine inhibits DNA methylation in vitro, which is achieved at concentrations that do not cause major suppression of DNA synthesis. Decitabine-induced hypomethylation in neoplastic cells may restore normal function to genes that are critical for the control of cellular differentiation and proliferation. In rapidly dividing cells, the cytotoxicity of Decitabine may also be attributed to the formation of covalent adducts between DNA methyltransferase and Decitabine incorporated into DNA. Non-proliferating cells are relatively insensitive to Decitabine.",,,"dose_ranges_by_route, duration_by_route, half_life_minutes, references"
Deferiprone,,Ferriprox,,medical_rx,,,,,no,no,108.0,"Deferiprone is a chelating agent with an affinity for ferric ion (iron III). Deferiprone binds with ferric ions to form neutral 3:1 (deferiprone:iron) complexes that are stable over a wide range of pH values. Deferiprone has a lower binding affinity for other metals such as copper, aluminum and zinc than for iron.",,"FDA label for Ferriprox (deferiprone), Clinical Pharmacology/Pharmacokinetics — t½ = 1.8 ± 0.3 h | https://dailymed.nlm.nih.gov/dailymed/search.cfm?labeltype=all&query=52609-0006","dose_ranges_by_route, duration_by_route"
Deferoxamine,,Desferal,,medical_rx,,,,,no,no,,,,,"dose_ranges_by_route, duration_by_route, half_life_minutes, mechanism_of_action, references"
Defibrotide Sodium,,Defitelio,,medical_rx,,,,,no,no,,"The mechanism of action of defibrotide sodium has not been fully elucidated. In vitro, defibrotide sodium enhances the enzymatic activity of plasmin to hydrolyze fibrin clots. Studies evaluating the pharmacological effects of defibrotide sodium on endothelial cells (ECs) were conducted primarily in the human microvascular endothelial cell line. In vitro, defibrotide sodium increased tissue plasminogen activator (t-PA) and thrombomodulin expression, and decreased von Willebrand factor (vWF) and plasminogen activator inhibitor‑1 (PAI-1) expression, thereby reducing EC activation and increasing EC‑mediated fibrinolysis. Defibrotide sodium protected ECs from damage caused by chemotherapy, tumor necrosis factor-α (TNF-α), serum starvation, and perfusion.",,,"dose_ranges_by_route, duration_by_route, half_life_minutes, references"
Dehydroxyfluorafinil,,Dehydroxy-fluorafinil | Modafiendz,Stimulant,recreational,research-chemical | tentative,oral,oral,oral,yes,yes,,,,,"half_life_minutes, mechanism_of_action, references"
Delorazepam,,nordiclazepam,Benzodiazepine,recreational,GABAA-PAM | active-metabolite-lorazepam | benzodiazepine | habit-forming | long-half-life,oral,oral,oral,yes,yes,,,,,"half_life_minutes, mechanism_of_action, references"
Delta-10-THC,,D10-THC | Delta-10-tetrahydrocannabinol | delta10 | Δ10-THC,Cannabinoid,recreational,CB1-partial-agonist | cannabinoid | isomer | limited-research | psychoactive | semi-synthetic,inhalation,inhalation | oral,inhalation | oral,yes,yes,1800.0,,,,"mechanism_of_action, references"
Dermorphin,,Frog opioid,Peptide,medical_rx,opioid | peptide | wada-prohibited,intravenous,intravenous,,no,no,,"Highly selective μ-opioid receptor agonist (heptapeptide, D-Ala2).",analgesia,https://en.wikipedia.org/wiki/Dermorphin,half_life_minutes
Deschloroetizolam,,DCE | Deschloro-etizolam | Etizolam-2 | 去氯依替唑仑,Benzodiazepine,recreational,GABAA-PAM | benzodiazepine | class:Thienotriazolodiazepine | class:thienodiazepines | designer-benzo | habit-forming | research-chemical | tentative | thienodiazepine | thienotriazolodiazepine,oral,oral | sublingual,oral | sublingual,yes,yes,,"Thienodiazepines produce their effects by binding to the benzodiazepine receptor site and amplifying the efficiency and potency of the neurotransmitter γ-aminobutyric acid (GABA) at its receptor. Because this site is the most prolific inhibitory receptor complex in the brain, its modulation accounts for the sedative (or depressant) effects of deschloroetizolam on the nervous system.",Amnesia | Analysis suppression | Anxiety suppression | Cognitive euphoria | Compulsive redosing | Delusions | Disinhibition | Dizziness | Emotion suppression | Information processing suppression | Muscle relaxation | Respiratory depression | Sedation | Thought deceleration,,"half_life_minutes, references"
Deschloroketamine,,2'-oxo-PCM | 2-oxo-PCM | DCK | DXE | O-PCM | opcm,Dissociative,recreational,NMDA-antagonist | arylcyclohexylamine | class:Arylcyclohexylamine | class:arylcyclohexylamines | designer-dissociative | habit-forming | longer-duration-than-ketamine | research-chemical | tentative,inhalation,inhalation | insufflation | oral,inhalation | insufflation | oral,yes,yes,,由于缺乏关于该物质的研究，所有关于其药理学的讨论都纯粹基于其结构以及与其他芳基环己胺类解离剂（如 3-MeO-PCP、PCP 和 MXE）在主观效应上的相似性。考虑到这一点，DCK 被认为是一种 NMDA受体拮抗剂哦。NMDA 受体是一种 谷氨酸 受体，允许兴奋性电信号在大脑和脊柱的神经元之间传递；为了让信号通过，受体必须是开放的。解离剂通过阻断 NMDA 受体来使它们失活。这种神经元的断连会导致身体感觉、运动协调、记忆回忆的普遍丧失，最终导致这种物质特有的“K-hole（K洞）”体验呢。,"Acuity suppression | Amnesia | Analysis enhancement | Anxiety | Auditory distortion | Auditory hallucinations | Auditory suppression | Autonomous entities | Cognitive euphoria | Compulsive redosing | Conceptual thinking | Consciousness disconnection | Creativity enhancement | Depersonalization | Derealization | Disinhibition | Dizziness | Double vision | Déjà vu | Environmental cubism | Environmental orbism | Frame rate suppression | Geometry | Immersion enhancement | Information processing suppression | Internal hallucinations | Language suppression | Memory suppression | Motor control loss | Muscle relaxation | Nausea | Pattern recognition suppression | Perception of decreased weight | Perspective alterations | Perspective distortions | Physical autonomy | Physical euphoria | Scenarios and plots | Scenery slicing | Settings, sceneries, and landscapes | Spontaneous tactile sensations | Tactile disconnection | Tactile suppression | Thought deceleration | Time distortion | Visual disconnection | Visual sliding",https://en.wikipedia.org/wiki/Deschloroketamine,half_life_minutes
Desipramine,,Norpramin | Pertofrane,Antidepressant,medical_rx,QTc-prolongation-risk | TCA | antidepressant | overdose-risk | prescription-only | secondary amine,,,,no,no,1620.0,"Primarily inhibits norepinephrine and serotonin reuptake at the presynaptic neurons leading to higher concentrations of these neurotransmitters in the neuronal synapse. As a secondary amine (TCAs are either tertiary or secondary amines), this drug displays more selectivity towards norepinephrine reuptake inhibition. Additionally, blocks histamine-H1, alpha-1 adrenergic, and muscarinic receptors accounting for sedative, hypotensive and anticholinergic effects, respectively.",,https://www.accessdata.fda.gov/drugsatfda_docs/label/2014/011835s065lbl.pdf | https://en.wikipedia.org/wiki/Desipramine,"dose_ranges_by_route, duration_by_route"
Desirudin,,Iprivask,,medical_rx,,,,,no,no,153.0,"Desirudin is a direct inhibitor of free circulating and clot-bound thrombin. The anticoagulant properties of desirudin are demonstrated by its ability to prolong the clotting time of human plasma. One molecule of desirudin binds to one molecule of thrombin and thereby blocks the thrombogenic activity of thrombin. As a result, all thrombin-dependent coagulation assays are affected. Activated partial thromboplastin time (aPTT) is a measure of the anticoagulant activity of desirudin and increases in a dose-dependent fashion.",,The role of recombinant hirudins in the management of thrombotic disorders. | https://dailymed.nlm.nih.gov/dailymed/search.cfm?labeltype=all&query=0187-0011,"dose_ranges_by_route, duration_by_route"
Desloratadine,,Aerius | Clarinex | NeoClarityn,Antihistamine,medical_rx,"H1-antagonist | antihistamine | antihistamine, 3rd generation | non-sedating | prescription-only | second-gen-antihistamine",,,,no,no,1620.0,Blocks histamine at peripheral histamine-1 receptors (H1 receptors).,,https://www.accessdata.fda.gov/drugsatfda_docs/label/2012/021117s025lbl.pdf | https://en.wikipedia.org/wiki/Desloratadine,"dose_ranges_by_route, duration_by_route"
Desmethylflunitrazepam,,Fonazepam | N-Desmethylflunitrazepam | Norflunitrazepam | Ro 5-4435 | Ro05-4435,Benzodiazepine,recreational,GABAA-PAM | benzodiazepine | class:Benzodiazepine | designer-benzo | habit-forming | metabolite-as-drug | research-chemical,insufflation,insufflation | oral | sublingual,insufflation | oral | sublingual,yes,yes,,,,,"half_life_minutes, mechanism_of_action, references"
Desmopressin,,Ddavp,,medical_rx,,,,,no,no,,,,,"dose_ranges_by_route, duration_by_route, half_life_minutes, mechanism_of_action, references"
Desogestrel,,Azurette | Caziant | Cyclessa | Kariva | Mircette | desogestrel/ethinyl estradiol and ethinyl estradiol,,medical_rx,,,,,no,no,1668.0,,,"FDA label for Volnea (desogestrel and ethinyl estradiol), Clinical Pharmacology/Pharmacokinetics — etonogestrel t½ 27.8±7.2 hours","dose_ranges_by_route, duration_by_route, mechanism_of_action"
Desomorphine,,Crocodile | Deoxydihydromorphine D | Dihydrodeoxymorphine | Dihydrodesoxymorphine D | Krok | Krokodil | Permonid | 二氢去氧吗啡,Opioid,recreational,MOR-full-agonist | class:substituted morphinans | high-potency | short-duration,insufflation,insufflation | intravenous | oral,insufflation | intravenous | oral,yes,yes,,"这种药物可以通过非处方药中的可待因和碘，以及火柴摩擦面上的红磷制成，其过程类似于从伪麻黄碱制造甲基苯丙胺。和甲基苯丙胺一样，这样制造出的二氢去氧吗啡通常会被各种药剂污染。在俄罗斯，自制二氢去氧吗啡的街头名称是 krokodil（俄语：крокодил，鳄鱼），可能与前体 α-氯代可待因的化学名称有关，或者是因为药物造成的皮肤损伤类似于鳄鱼皮。

二氢去氧吗啡是吗啡的类似物，其中的 6-羟基和 7,8-双键已被还原。二氢去氧吗啡的传统合成始于 α-氯代可待因，后者本身是通过用亚硫酰氯处理可待因获得的。通过催化还原，α-氯代可待因生成二氢去氧可待因，再通过脱甲基化产生二氢去氧吗啡。

与其他阿片类药物一样，二氢去氧吗啡通过作为激动剂结合并激活 μ-阿片 受体来发挥作用。这是因为阿片类药物在功能上模拟了人体天然的内啡肽。内啡肽负责镇痛（减轻疼痛）、嗜睡以及愉悦和享受的感觉。它们会在应对疼痛、剧烈运动、性高潮或兴奋时释放。这种对天然内啡肽的模仿导致了该药物的欣快、镇痛（缓解疼痛）和焦虑抑制（抗焦虑）效应。",,,"half_life_minutes, references"
Desonide,,DesOwen | Desonate | Desonide-topical | Tridesilon | Verdeso,Endocrine,medical_rx,corticosteroid,,,,no,no,,"Desonide is a synthetic glucocorticoid with potent anti-inflammatory and immunomodulating properties. After cell entry, it binds to corticosteroid receptors on the nucleus and produces anti-inflammatory, antiproliferative, immunosuppressive, and vasoconstrictive effects that can be beneficial for psoriatic, pruritic, and other corticosteroid responsive dermatoses.",,,"dose_ranges_by_route, duration_by_route, half_life_minutes, references"
Desoximetasone,,Desoximetasone-topical | Topicort,Endocrine,medical_rx,corticosteroid,,,,no,no,,"Desoximetasone is a synthetic glucocorticoid with potent anti-inflammatory and immunomodulating properties. After cell entry, it binds to corticosteroid receptors on the nucleus and produces anti-inflammatory, antiproliferative, immunosuppressive, and vasoconstrictive effects that can be beneficial for psoriatic, pruritic, and other corticosteroid responsive dermatoses.",,,"dose_ranges_by_route, duration_by_route, half_life_minutes, references"
DESOXY,,2-DPMP | 4-desoxymescaline | desoxypipradrol,Psychedelic,recreational,PIHKAL | no-human-data | phenethylamine,oral,oral,oral,yes,yes,,,,https://erowid.org/library/books_online/pihkal/pihkal052.shtml,"half_life_minutes, mechanism_of_action"
Desvenlafaxine,,Khedezla | Pristiq,Antidepressant,medical_rx,SNRI | antidepressant | prescription-only | serotonin-syndrome-risk,,,,no,no,660.0,Inhibits serotonin and norepinephrine reuptake in the presynaptic neurons leading to higher concentrations of serotonin and norepinephrine in the neuronal synapse.,,https://www.accessdata.fda.gov/drugsatfda_docs/label/2017/021992s030lbl.pdf | https://en.wikipedia.org/wiki/Desvenlafaxine | https://www.accessdata.fda.gov/drugsatfda_docs/label/2012/021992s030lbl.pdf,"dose_ranges_by_route, duration_by_route"
DET,DET,"Diethyltryptamine | N,N-diethyltryptamine | N,N-二乙基色胺 | T-9",Psychedelic,recreational,TIHKAL | class:substituted tryptamines | no-human-data | orally-active-tryptamine | research-chemical | tentative | tryptamine,inhalation,inhalation | oral,inhalation | oral,yes,yes,,"由于缺乏关于该物质的研究，关于其药理学的所有讨论都纯粹基于其结构以及与色胺致幻剂（如赛洛西宾和DMT）的主观效应相似性。考虑到这一点，DET 被认为起着 5-HT2A 部分激动剂的作用。与 DMT 不同，乙基增加了对单胺氧化酶系统的保护，使 DET 具有口服活性，而 DMT 则没有哦。

DET 有时比 DMT 更受青睐，因为它可以口服，而 DMT 不能。这是因为单胺氧化酶在 DMT 被吸收之前就将其降解为无活性化合物了。为了克服这个问题，必须以不同的方式给药，即静脉注射、肌肉注射、吸入、鼻吸、直肠给药，或与单胺氧化酶抑制剂一起摄入。因为 DET 的氮原子上连接有乙基，单胺氧化酶无法降解它。对于许多其他具有较大氮取代基的色胺也是如此呢。",,https://erowid.org/library/books_online/tihkal/tihkal03.shtml,half_life_minutes
Dexamethasone,,Decadron | DexPak | Dexabliss | Dexamethsone | Maxidex | neomycin/polymyxin b sulfate/dexamethasone,Endocrine,medical_rx,antiemetic | corticosteroid | glucocorticoid,,,,no,no,2700.0,"Dexamethasone is a synthetic glucocorticoid with potent anti-inflammatory and immunomodulating properties. After cell surface receptor attachment and cell entry, it enters the nucleus where it binds to and activates specific nuclear receptors, resulting in an altered gene expression and inhibition of proinflammatory cytokine production. This agent also decreases the number of circulating lymphocytes, induces cell differentiation, and stimulates apoptosis in sensitive tumor cell populations. Dexamethasone has no mineralocorticoid properties.",,https://dailymed.nlm.nih.gov/dailymed/search.cfm?labeltype=all&query=51655-012,"dose_ranges_by_route, duration_by_route"
Dexlansoprazole,,Dexilant,,medical_rx,proton pump inhibitor,,,,no,no,,Binds to and irreversibly inhibits H+/K+ ATPase pumps (proton pumps) on gastric parietal cells resulting in decreased gastric acid secretion.,,,"dose_ranges_by_route, duration_by_route, half_life_minutes, references"
Dexmedetomidine,,,,medical_rx,,,,,no,no,120.0,Dexmedetomidine hydrochloride injection is a relatively selective alpha 2 -adrenergic agonist with sedative properties. Alpha 2 selectivity is observed in animals following slow intravenous infusion of low and medium doses (10 to 300 mcg/kg). Both alpha 1 and alpha 2 activity is observed following slow intravenous infusion of high doses (≥ 1000 mcg/kg) or with rapid intravenous administration.,,"FDA label for Dexmedetomidine injection, Clinical Pharmacology 12.3 — terminal t½ ≈ 2 hours | https://dailymed.nlm.nih.gov/dailymed/search.cfm?labeltype=all&query=17478-055","dose_ranges_by_route, duration_by_route"
Dextroamphetamine-Amphetamine,,Adderall | Adderall XR | Mydayis,Stimulant,recreational,stimulant,,,,no,no,,"Amphetamines both induce the release and inhibit reuptake of catecholamine neurotransmitters including dopamine, norepinephrine, and serotonin. Amphetamines also exhibit weak monoamine oxidase inhibitor properties.",,,"dose_ranges_by_route, duration_by_route, half_life_minutes, references"
Diatrizoate,,Cystografin | diatrizoate meglumine,,medical_rx,,,,,no,no,,,,,"dose_ranges_by_route, duration_by_route, half_life_minutes, mechanism_of_action, references"
Dibutylone,,bk-DMBDB | bk-MMBDB,Stimulant,recreational,DAT-NET-blocker | MDMA-analog | cathinone | inactive | no-human-data | research-chemical,,,,no,no,,,,https://en.wikipedia.org/wiki/Dibutylone,"dose_ranges_by_route, duration_by_route, half_life_minutes, mechanism_of_action"
Dichloropane,,RTI-111,Stimulant,recreational,class:substituted tropanes,inhalation,inhalation | insufflation | oral,inhalation | insufflation | oral,yes,yes,,"RTI-111对中枢神经系统最被广泛研究的效应，是阻断血清素、多巴胺与去甲肾上腺素转运体。该物质作为一种三重再摄取抑制剂，可阻止单胺类神经递质被重新回收，导致它们在突触中，也就是神经元之间的连接处过量积聚。其结果是，单胺能信号在接收神经元受体上的突触后效应会被增强并延长。一般认为，正是这种在多个脑区突触间隙中骤然增加的神经递质洪流，造成了RTI-111的各种效应。

托烷类兴奋剂的转运体结合谱

与可卡因相比，RTI-111对血清素和去甲肾上腺素转运体相对于多巴胺转运体具有更高的相对亲和力，而这被认为至少部分解释了它在主观效应上的差异。",,,"half_life_minutes, references"
Diclofenac,,Cambia | Diclofenac Sodium Delayed Release | Previdolrx Plus Analgesic Pak | Solaraze | Voltaren | Zipsor | Zorvolex,Analgesic,otc,analgesic | moderate cox-2 selectivity | nsaid,,,,no,no,120.0,"Reversibly inhibits cyclooxygenase-1 and 2 (COX-1 and 2) enzymes (with increased COX-2 selectivity compared to non-selective NSAIDs) causing decreased prostaglandin precursor formation. This results in anti-inflammatory, analgesic, and antipyretic effects.",,https://dailymed.nlm.nih.gov/dailymed/search.cfm?labeltype=all&query=50090-0543,"dose_ranges_by_route, duration_by_route"
Diclofensine,,ro8-4650,Stimulant,recreational,habit-forming | research-chemical | tentative,oral,oral,oral,yes,yes,,,,,"half_life_minutes, mechanism_of_action, references"
Dicloxacillin,,Dicloxacillin Sodium,,medical_rx,,,,,no,no,42.0,,,"FDA label for Dicloxacillin Sodium, Clinical Pharmacology/Pharmacokinetics — t½ ≈ 0.7 hour | https://dailymed.nlm.nih.gov/dailymed/search.cfm?labeltype=all&query=0093-3123","dose_ranges_by_route, duration_by_route, mechanism_of_action"
Dicyclomine,,Bentyl,,medical_rx,anticholinergic agent | antispasmodic,,,,no,no,108.0,"Relieves smooth muscle spasms in the gastrointestinal tract by blocking acetylcholine receptors (M1, M2 receptors) and directly acting on smooth muscle.",,"FDA label for Dicyclomine hydrochloride, Clinical Pharmacology/Pharmacokinetics — t1/2 approximately 1.8 hours","dose_ranges_by_route, duration_by_route"
Diethyl-ether,,ether,Depressant,recreational,flammable | habit-forming | historic | tentative | volatile-anaesthetic,,,,no,no,,,,,"dose_ranges_by_route, duration_by_route, half_life_minutes, mechanism_of_action, references"
Diflorasone,,ApexiCon E | Diflorasone Diacetate | Diflorasone-topical | Psorcon,Endocrine,medical_rx,corticosteroid,,,,no,no,,"Diflorasone is a synthetic glucocorticoid with potent anti-inflammatory and immunomodulating properties. After cell entry, it binds to corticosteroid receptors on the nucleus and produces anti-inflammatory, antiproliferative, immunosuppressive, and vasoconstrictive effects that can be beneficial for psoriatic, pruritic, and other corticosteroid responsive dermatoses.",,,"dose_ranges_by_route, duration_by_route, half_life_minutes, references"
Digoxin,,Digitek | Digox | Lanoxin,,medical_rx,antiarrhythmic | cardiac glycoside,,,,no,no,,"Digoxin inhibits the sodium potassium adenosine triphosphatase (Na/K-ATPase) pump, thereby increasing intracellular calcium and enhancing cardiac contractility. It also acts directly on the atrioventricular node (AV node), suppressing conduction velocity. Likely due to its effects on intracellular calcium concentrations, digoxin induces apoptosis of tumor cells via a pathway involving mitochondrial cytochrome c and caspases 8 and 3.",,,"dose_ranges_by_route, duration_by_route, half_life_minutes, references"
Dihexa,,PNB-0408,Peptide,medical_rx,HGF-augmenter | c-Met-signaling | investigational | no-human-data | nootropic | oncogenic-theoretical-concern | peptide,,,,no,no,,,,https://en.wikipedia.org/wiki/Dihexa,"dose_ranges_by_route, duration_by_route, half_life_minutes, mechanism_of_action"
Dihydrocodeine,,DF118 | DHC | DHC Continus | Panlor DC | 二氢可待因,Opioid,recreational,CYP2D6-bioactivation | MOR-agonist | class:substituted morphinans | habit-forming,insufflation,insufflation | oral,insufflation | oral,yes,yes,240.0,,Anxiety suppression | Cognitive euphoria | Compulsive redosing | Constipation | Cough suppression | Difficulty urinating | Itchiness | Pain relief | Physical euphoria | Pupil constriction | Respiratory depression | Sedation,An anatomy lesson by Sir James Paget,mechanism_of_action
Dihydroergotamine,,DHE 45 | Migranal | Trudhesa,Other,medical_rx,antimigraine | ergot-alkaloid | prescription-only | serotonin-agonist | vasoconstrictor,insufflation,insufflation | intravenous,insufflation | intravenous,yes,yes,540.0,,,https://en.wikipedia.org/wiki/Dihydroergotamine,mechanism_of_action
Diltiazem,,Cardizem | Cartia XT | Dilt-XR | Matzim LA | Taztia XT | Tiadylt ER | Tiazac,Cardiovascular,medical_rx,"antianginal | antiarrhythmic, class iv | antihypertensive | calcium channel blocker, nondihydropyridine",,,,no,no,225.0,"Diltiazem blocks L-type voltage-sensitive calcium channels in the blood vessels and myocardium leading to dilatation of the main coronary and systemic arteries and decreasing myocardial contractility, decreased peripheral arterial resistance, improved oxygen delivery to the myocardial tissue, and decreased cardiac output.",,https://dailymed.nlm.nih.gov/dailymed/search.cfm?labeltype=all&query=0093-0318,"dose_ranges_by_route, duration_by_route"
Dimemebfe,,5-MeO-BFE,Empathogen,recreational,research-chemical | tentative,oral,oral,oral,yes,yes,,,,,"half_life_minutes, mechanism_of_action, references"
Dimenhydrinate,,Airmit Ace | Dinate | Diphenhydramine 8-chlorotheophyllinate | Diphenhydramine theoclate | Dramamine | Driminate | Gravol | O-benzhydryldimethylaminoethanol 8-chlorotheophyllinate | Triptone | Vomex A | 茶苯海明,Deliriant,recreational,H1-antagonist | OTC | anticholinergic | antiemetic | antihistamine | deliriant | diphenhydramine-salt | duplicate-of-dimenhydrinate | first-gen-antihistamine | sedating,oral,oral,oral,yes,yes,540.0,,Sedation,https://en.wikipedia.org/wiki/Dimenhydrinate | https://dailymed.nlm.nih.gov/dailymed/search.cfm?labeltype=all&query=37205-111,mechanism_of_action
Dimercaprol,,Bal,,medical_rx,,,,,no,no,,,,,"dose_ranges_by_route, duration_by_route, half_life_minutes, mechanism_of_action, references"
Dimethicone,,Infants Gas Relief Drops | Major Ultra Strength Gas Relief | Pluspharma | Premier Value Infants Gas Relief | Rx Act Gas Relief | Topcare Gas Relief | Ultra Strength Gas Relief | Up And Up Extra Strength Gas Relief Chewables,,otc,,,,,no,no,,,,,"dose_ranges_by_route, duration_by_route, half_life_minutes, mechanism_of_action, references"
Dimethocaine,,CMD | DMC | Larocaine,Stimulant,recreational,habit-forming | research-chemical | tentative,insufflation,insufflation,insufflation,yes,no,,,,,"duration_by_route, half_life_minutes, mechanism_of_action, references"
Dipentylone,,"BU crystal | DM-Pentylone | DMBDP | Dimethylpentylone | KU | KU crystals | N,N-Dimethylpentylone | bk-DMBDP",Stimulant,recreational,DAT-preferring | fatalities-mdma-substitution | post-eutylone-market-successor,insufflation,insufflation | oral,insufflation | oral,yes,yes,,,,,"half_life_minutes, mechanism_of_action, references"
Diphenidine,,"1,2-DEP | DEP | DPD | DPH",Dissociative,recreational,NMDA-antagonist | PCP-like-affinity | class:Diarylethylamine dissociative | class:diarylethylamines | diarylethylamine | habit-forming | high-affinity-NMDA-blocker | long-duration-dissociative | research-chemical | tentative,inhalation,inhalation | insufflation | oral | rectal | sublingual,inhalation | insufflation | oral | rectal | sublingual,yes,yes,,"二苯尼定作为一种NMDA受体拮抗剂起作用。NMDA受体允许电信号在大脑和脊柱的神经元之间传递；为了传递信号，受体必须处于开放状态。解离剂通过阻断NMDA受体来关闭它们。这种神经元的断连导致感觉丧失、运动困难，并最终导致著名的“K洞”。

尽管二苯尼定的供应商声称该化合物充当多巴胺-再摄取抑制剂和血清素再摄取抑制剂，并具有μ-阿片受体亲和力和典型的解离效应，但迄今为止，二苯尼定尚未针对多巴胺转运体亲和力进行筛查。然而，如果情况确实如此，这就解释了其欣快和经常出现的刺激作用。

二苯尼定及相关二芳基乙胺类物质已在体外研究中作为神经毒性损伤的治疗方法。对于神经发生、神经修复和神经保护，二苯尼定可能比其他更常见的NMDA受体拮抗解离剂（如氯胺酮、右美沙芬、PCP类似物、伊波加因和MXE）是更强的NMDA受体拮抗剂。","Acuity suppression | Amnesia | Analysis enhancement | Anxiety suppression | Auditory distortion | Auditory enhancement | Auditory hallucinations | Auditory suppression | Autonomous entities | Cognitive euphoria | Compulsive redosing | Conceptual thinking | Consciousness disconnection | Depersonalization | Derealization | Disinhibition | Dizziness | Double vision | Déjà vu | Environmental cubism | Environmental orbism | Frame rate suppression | Geometry | Increased heart rate | Information processing suppression | Internal hallucinations | Memory suppression | Motor control loss | Nausea | Pattern recognition suppression | Perception of decreased weight | Perspective alterations | Perspective distortions | Physical autonomy | Physical euphoria | Scenarios and plots | Scenery slicing | Settings, sceneries, and landscapes | Spontaneous tactile sensations | Stimulation | Tactile disconnection | Tactile suppression | Thought deceleration | Time distortion | Visual disconnection",,"half_life_minutes, references"
Dipipanone,,Diconal | Wellconal,Opioid,recreational,MOR-full-agonist | habit-forming | methadone-class,oral,oral,oral,yes,yes,,,,,"half_life_minutes, mechanism_of_action, references"
DIPT,,"DIT | N,N-DiPT | N,N-Diisopropyltryptamine | diisopropyltryptamine",Psychedelic,recreational,5-HT2A-agonist | TIHKAL | auditory-distortion | class:Tryptamine | class:substituted tryptamines | research-chemical | tryptamine,inhalation,inhalation | oral,inhalation | oral,yes,yes,,DiPT的致幻效应被认为主要来自其作为5-HT₂A受体的效能。DiPT还在多巴胺受体、肾上腺素受体以及血清素、多巴胺和去甲肾上腺素转运位点显示出显著结合亲和力。然而，这些相互作用的作用及其如何产生致幻体验仍需持续科学研究。,Auditory distortion | Auditory enhancement | Auditory hallucinations | Depersonalization | Drifting | Inner ear pressure | Motor control loss | Stomach bloating | Thought suppression,https://erowid.org/library/books_online/tihkal/tihkal04.shtml,half_life_minutes
Disulfiram,,Antabuse | Tetraethylthiuram disulfide,Other,medical_rx,ALDH-inhibitor | AUD-treatment | aversive-conditioning | prescription-only,,,,no,no,10080.0,,,https://en.wikipedia.org/wiki/Disulfiram,"dose_ranges_by_route, duration_by_route, mechanism_of_action"
Divinatorin A,,,Dysdelic,recreational,KOR-inactive-or-near-inactive | no-human-data | research-chemical | salvinorin,,,,no,no,,,,"Divinatorins A−C, New Neoclerodane Diterpenoids from the Controlled Sage <i>Salvia </i><i>d</i><i>ivinorum</i>","dose_ranges_by_route, duration_by_route, half_life_minutes, mechanism_of_action"
Divinatorin B,,,Dysdelic,recreational,KOR-inactive-or-near-inactive | no-human-data | research-chemical | salvinorin,,,,no,no,,,,"Divinatorins A−C, New Neoclerodane Diterpenoids from the Controlled Sage <i>Salvia </i><i>d</i><i>ivinorum</i>","dose_ranges_by_route, duration_by_route, half_life_minutes, mechanism_of_action"
Dizocilpine,,CID 180081 | MK-801 | mk801,Dissociative,recreational,Olney-lesion-positive | duplicate-of-Dizocilpine | habit-forming | high-affinity-NMDA-blocker | research-chemical | research-tool-only | tentative | trapping-blocker,insufflation,insufflation | intramuscular | oral | rectal | sublingual,insufflation | intramuscular | oral | rectal | sublingual,yes,yes,,"##### 谷氨酸能（NMDA受体） MK-801（Dizocilpine）是一种高效力的非竞争性NMDA受体拮抗剂，通过进入NMDA受体离子通道内部并在通道开放状态下结合，从而阻断Ca²⁺和Na⁺内流。其亲和力极高（Ki约为数纳摩尔级），明显强于多数其他NMDA拮抗剂。由于其高效力和慢解离动力学，MK-801能够产生持久的NMDA受体阻断效应，因此在实验神经科学中常用于研究兴奋性毒性、突触可塑性以及精神分裂症模型。

##### 多巴胺能（多巴胺系统） MK-801本身并不是多巴胺受体的直接激动剂或拮抗剂，但通过阻断NMDA受体可间接增强中脑边缘多巴胺系统的活动，特别是在纹状体和伏隔核区域。这种作用会增加多巴胺释放，并被认为与MK-801诱导的精神病样行为和运动兴奋有关。

##### 胆碱能（烟碱乙酰胆碱受体） MK-801在较高浓度下可对某些烟碱乙酰胆碱受体（nAChRs） 产生弱的非竞争性阻断作用，但其亲和力明显低于NMDA受体，因此通常认为这一作用对其主要药理效应贡献有限。

##### Sigma能（σ受体） MK-801能够与σ受体结合，特别是σ1受体位点，但其亲和力低于典型sigma配体。这种相互作用的功能意义尚未完全明确，可能在一定程度上影响其神经行为效应，但通常认为不是其主要作用机制。",,,"half_life_minutes, references"
DL-Phenylalanine,,DL-Phe | DLPA | F | L-Phe | PHE | Phenylalanine,Supplement,recreational,OTC | amino-acid | catecholamine-precursor | dopamine-precursor | no-human-data | opioid-modulator | phenethylamine | supplement,oral,oral,oral,yes,yes,165.0,,,https://en.wikipedia.org/wiki/Phenylalanine | https://examine.com/supplements/dl-phenylalanine/,mechanism_of_action
DMAA,,"1,3-DMAA | 1,3-dimethylamylamine | 1,3-二甲基戊胺 | Geranamine | methylhexanamine | 甲基己胺",Stimulant,recreational,NDRA | banned-FDA | habit-forming | research-chemical | supplement-stimulant,oral,oral,oral,yes,yes,,,,,"half_life_minutes, mechanism_of_action, references"
DMAE,,Deanol | Dimethylethanolamine,Nootropic,recreational,cholinergic | efficacy-questionable | miscategorized | nootropic | nootropic-supplement | supplement,oral,oral,oral,yes,no,,,,https://en.wikipedia.org/wiki/Dimethylethanolamine,"duration_by_route, half_life_minutes, mechanism_of_action"
DMCPA,,25D-CPA,Psychedelic,recreational,PIHKAL | no-human-data | phenethylamine,oral,oral,oral,yes,yes,,,,https://erowid.org/library/books_online/pihkal/pihkal056.shtml,"half_life_minutes, mechanism_of_action"
DME,,"3,4-dimethoxynorepinephrine | 3,4-dimethoxyphenylethanolamine",Psychedelic,recreational,PIHKAL | no-human-data | phenethylamine,,,,no,no,,,,https://erowid.org/library/books_online/pihkal/pihkal057.shtml,"dose_ranges_by_route, duration_by_route, half_life_minutes, mechanism_of_action"
DMHA,,"1,5-DMHA | 1,5-dimethylhexylamine | 2-aminoisoheptane | Amidrine | Octodrine | SK&F-51 | SKF-51 | Vaporpac",Stimulant,recreational,NDRA-aliphatic | supplement-stimulant,insufflation,insufflation | oral,insufflation | oral,yes,yes,,,,,"half_life_minutes, mechanism_of_action, references"
DMMDA,,,Psychedelic,recreational,PIHKAL | SNDRI | no-human-data | phenethylamine | psychedelic-leaning,oral,oral,oral,yes,yes,,,,https://erowid.org/library/books_online/pihkal/pihkal058.shtml,"half_life_minutes, mechanism_of_action"
DMMDA-2,,,Psychedelic,recreational,PIHKAL | SNDRI | no-human-data | phenethylamine,oral,oral,oral,yes,no,,,,https://erowid.org/library/books_online/pihkal/pihkal059.shtml,"duration_by_route, half_life_minutes, mechanism_of_action"
DMNPC,,,Stimulant,recreational,designer-drug | high-abuse-potential | no-human-data | research-chemical,,,,no,no,,"Potent triple monoamine reuptake inhibitor (dopamine, norepinephrine and serotonin); ~2.5× cocaine potency at DAT. Piperidine-based phenyltropane/nocaine-related stimulant.",,"https://en.wikipedia.org/wiki/N,O-Dimethyl-4-(2-naphthyl)piperidine-3-carboxylate","dose_ranges_by_route, duration_by_route, half_life_minutes"
DMPEA,,,Psychedelic,recreational,PIHKAL | phenethylamine,,,,no,no,,,,https://erowid.org/library/books_online/pihkal/pihkal060.shtml,"dose_ranges_by_route, duration_by_route, half_life_minutes, mechanism_of_action"
DMXE,,3-Me-2'-oxo-PCE | 3D-MXE | Deoxymethoxetamine | 脱氧甲氧基氯胺酮,Dissociative,recreational,NMDA-antagonist | arylcyclohexylamine | class:arylcyclohexylamine | designer-dissociative | duplicate-of-DMXE | research-chemical,insufflation,insufflation | oral,insufflation | oral,yes,yes,,"DMXE 作为一种非竞争性 NMDA受体拮抗剂 起作用喵。NMDAR（N-甲基-D-天冬氨酸受体）是谷氨酸受体的一种特定类型，负责调节大脑和脊髓中神经元之间电信号的传递；信号要通过，受体必须处于开放状态。

该物质的 IC50（半数最大抑制浓度）为 0.679mM，这表明它具有显著的效力呢。DMXE 及其相关化合物结合在 NMDAR 的苯环己哌啶 (PCP) 位点，这是通过计算机模拟对接结果确定的喵。这种结合与其观察到的拮抗活性有关，包括以剂量依赖的方式阻断 NMDA 诱导的内向电流。DMXE 显示出与 MXiPr 和 O-脱甲基 MXE 等其他 MXE 类似物相当的高亲和力和强效抑制能力。此外，DMXE 还能显著降低在 NMDA 存在下诱发的兴奋性突触后电流 (EPSCs) 呢。

解离剂通过结合并阻断正常运作的 NMDA 受体来抑制其功能。这种神经网络活动的破坏会导致正常认知、情感处理、心理运动功能的丧失，产生麻醉感，最终导致类似于“K-洞”的状态喵。",,,"half_life_minutes, references"
DOAM,,,Psychedelic,recreational,PIHKAL | likely-inactive | phenethylamine,,,,no,no,,,,https://erowid.org/library/books_online/pihkal/pihkal061.shtml,"dose_ranges_by_route, duration_by_route, half_life_minutes, mechanism_of_action"
DOB,,"4-溴-2,5-二甲氧基苯丙胺 | Brolamfetamine | Brolamphetamine | Bromo-DMA",Psychedelic,recreational,5-HT2A-agonist | DOx | PIHKAL | class:substituted amphetamines | long-duration | phenethylamine | research-chemical | research-radioligand,oral,oral,oral,yes,yes,,"DOB 的致幻效果被认为来自它作为部分激动剂在 血清素受体家族中的效力。DOB 似乎对 5-HT2 受体具有相当的选择性，在研究 5-HT 受体亚家族时经常用于科学研究。有人建议 DOB 是一种在肺部代谢的前体药物。然而，这些相互作用的作用以及它们如何导致致幻体验仍不清楚喵。

过高剂量的这种致幻剂可能会导致弥漫性动脉痉挛。血管痉挛对动脉内和静脉内血管扩张剂（如妥拉唑林）反应良好。",,https://erowid.org/library/books_online/pihkal/pihkal062.shtml,half_life_minutes
DOBU,,,Psychedelic,recreational,5-HT2A-agonist | DOx | DRI | NDRI | PIHKAL | TAAR1 | no-human-data | phenethylamine,,,,no,no,,,,https://erowid.org/library/books_online/pihkal/pihkal063.shtml,"dose_ranges_by_route, duration_by_route, half_life_minutes, mechanism_of_action"
DOC,,"2,5-二甲氧基-4-氯苯丙胺",Psychedelic,recreational,5-HT2A-agonist | DOx | PIHKAL | class:substituted amphetamines | long-duration | phenethylamine | research-chemical,insufflation,insufflation | oral,insufflation | oral,yes,yes,,"更多信息请看这里：血清素能迷幻剂

DOC是5-HT2A、5-HT2B和5-HT2C受体的部分激动剂，具有选择性。它的迷幻效果主要是通过作用于5-HT2A受体产生的喵。

大家认为DOC的迷幻效果源于它作为部分激动剂在5-HT2A受体上的功效。不过，这些相互作用究竟是如何导致迷幻体验的，目前还像个谜一样呢。",,https://erowid.org/library/books_online/pihkal/pihkal064.shtml,half_life_minutes
Docusate,,Colace | Stool Softener Docusate Sodium | Stool Softener Laxative | Stool Softener Liquid | Stool Softner | Surfak Stool Softener,,otc,stool softener,,,,no,no,,Reduces surface tension of the stool resulting in enhanced incorporation of water and fat resulting in softer fecal mass.,,,"dose_ranges_by_route, duration_by_route, half_life_minutes, references"
Docusate/Sennosides,,Colistat Plus | Health Sense Senno | Little Remedies Little Tummys Laxative Drops | Senna- S | Stimulant Laxative Plus Stool Softener | sennosides/docusate,,otc,,,,,no,no,,,,,"dose_ranges_by_route, duration_by_route, half_life_minutes, mechanism_of_action, references"
DOEF,,,Psychedelic,recreational,PIHKAL | phenethylamine,oral,oral,oral,yes,yes,,,,https://erowid.org/library/books_online/pihkal/pihkal065.shtml,"half_life_minutes, mechanism_of_action"
DOET,,DOE | HECATE,Psychedelic,recreational,PIHKAL | long-duration | phenethylamine | research-chemical | tentative,oral,oral,oral,yes,yes,,,,https://erowid.org/library/books_online/pihkal/pihkal066.shtml,"half_life_minutes, mechanism_of_action"
DOI,,"2,5-二甲氧基-4-碘苯丙胺",Psychedelic,recreational,5-HT2A-agonist | DOx | Gq-biased | PIHKAL | class:substituted amphetamines | head-twitch-standard | phenethylamine | radioligand-origin | research-chemical | research-radioligand,oral,oral,oral,yes,yes,,"DOI 的迷幻效应被认为源于它对 5-HT2A、5-HT2B 和 5-HT2C受体的激动剂效能喵。然而，这些相互作用的具体角色以及它们如何导致迷幻体验，仍然是目前科学研究的主题呢。

除了作为迷幻剂的作用外，细胞研究显示 DOI 在皮摩尔浓度下是肿瘤坏死因子-α（TNF-α）炎症的极强抑制剂。TNF-α 是研究类风湿性关节炎和阿尔茨海默病等退行性疾病的重要靶点，这些疾病的病理过程涉及慢性炎症导致的组织损伤。这可能使 DOI 和其他 5-HT2A 激动剂成为开发这些疾病新型治疗方法的一个全新领域喵。

DOI 还被证明能诱导树突状棘和与其他神经元的突触连接快速生长和重组，这些过程被认为是神经塑料性的基础哦。

一项研究表明，DOI、DMT、LSD 和去甲伊博格碱（伊博格碱的代谢产物）在体内和体外都能促进神经突触生成喵。",,https://erowid.org/library/books_online/pihkal/pihkal067.shtml,half_life_minutes
Doip,,,Psychedelic,recreational,5-HT2A-agonist | DOx | phenethylamine | radioligand-origin | research-chemical | tentative,oral,oral,,no,yes,,,,,"dose_ranges_by_route, half_life_minutes, mechanism_of_action, references"
DOM,,"2,5-二甲氧基-4-甲基苯丙胺 | STP",Psychedelic,recreational,5-HT2A-agonist | DOx | PIHKAL | class:substituted amphetamines | long-duration | phenethylamine | research-chemical,oral,oral,oral,yes,yes,,"DOM 是 5-HT2 受体家族的选择性部分激动剂。其迷幻效应由其在 5-HT2A 和 5-HT2B 受体上的激动特性介导，但在 5-HT2C 受体上较少。由于其选择性，DOM 经常在科学研究中用于研究 5-HT2 受体亚家族。DOM 是一个手性分子，R-(-)-DOM 是更活跃的对映异构体，作为血清素受体家族（主要是 5-HT2 亚型）的强效激动剂发挥作用。 然而，这些相互作用的作用以及它们如何导致迷幻体验仍然难以捉摸。

DOM 的 2,6-二甲氧基位置异构体，称为 Ψ-DOM，在 PiHKAL 中也被提及为具有活性，其 α-乙基同系物 Ariadne 也是如此。作为识别 DOM 在 5-HT2A 受体上的结合模式的努力的一部分，芳香环 2,5- 位上的甲氧基被改变的类似物也已被合成和测试。2- 和 5- O-去甲基衍生物 2-DM-DOM 和 5-DM-DOM，以及 2- 和 5- 乙基类似物 2-Et-DOM 和 5-Et-DOM 都已被测试，但在所有情况下，其效力都明显低于相应的甲氧基化合物，表明氧孤对电子在 5-HT2A 结合中的重要性。

有强烈的暗示表明肺部发生了一些代谢转化，只有在此之后，真正的活性代谢物才能用于中枢作用。这与相对缓慢的起效和非常长的作用持续时间相一致。",,https://erowid.org/library/books_online/pihkal/pihkal068.shtml,half_life_minutes
DON,,,Psychedelic,recreational,PIHKAL | phenethylamine | research-chemical | tentative,oral,oral,oral,yes,yes,,,,https://erowid.org/library/books_online/pihkal/pihkal070.shtml,"half_life_minutes, mechanism_of_action"
DOPR,,,Psychedelic,recreational,DRI | NDRI | PIHKAL | TAAR1 | no-human-data | phenethylamine | research-chemical | tentative,oral,oral,oral,yes,yes,,,,https://erowid.org/library/books_online/pihkal/pihkal071.shtml,"half_life_minutes, mechanism_of_action"
Doripenem,,Doribax,,medical_rx,,,,,no,no,,Doripenem is an antibacterial drug.,,,"dose_ranges_by_route, duration_by_route, half_life_minutes, references"
Doxazosin,,Cardura | Cardura XL,,medical_rx,non-selective alpha-1 blocker,,,,no,no,1320.0,"Systemically blocks alpha-1 adrenergic receptors resulting in effects including relaxation of smooth muscle around the bladder neck (improving urinary flow), and reduction in vascular resistance (may reduce blood pressure).",,10.1016/0002-9149(87)90162-7,"dose_ranges_by_route, duration_by_route"
Doxepin,,Adapin | Silenor | Sinequan,Antidepressant,medical_rx,QTc-prolongation-risk | TCA | anticholinergic | antidepressant | overdose-risk | prescription-only | tertiary amine,,,,no,no,1020.0,"Primarily inhibits norepinephrine and serotonin reuptake at the presynaptic neurons leading to higher concentrations of these neurotransmitters in the neuronal synapse. As a tertiary amine (TCAs are either tertiary or secondary amines), this drug displays more selectivity towards serotonin reuptake inhibition. Additionally, blocks histamine-H1, alpha-1 adrenergic, and muscarinic receptors accounting for sedative, hypotensive and anticholinergic effects, respectively.",,https://www.accessdata.fda.gov/drugsatfda_docs/label/2010/022036lbl.pdf | https://en.wikipedia.org/wiki/Doxepin,"dose_ranges_by_route, duration_by_route"
Doxycycline,,Acticlate | Adoxa | Doxycyclate Hyclate | Doxycycline Hyclate | Vibramycin,Antimicrobial,non_recreational,tetracycline antibiotic,,,,no,no,1200.0,Inhibits protein synthesis by binding to the 30S ribosomal subunit of susceptible microorganisms.,,https://dailymed.nlm.nih.gov/dailymed/search.cfm?labeltype=all&query=0143-3141,"dose_ranges_by_route, duration_by_route"
DPP-26,,DPP26 | IC-26/dipipanone hybrid | dipipanone-sulfone analogue,,recreational,,insufflation,insufflation | oral,insufflation | oral,yes,yes,,,,,"half_life_minutes, mechanism_of_action, references"
DPT,,"Dipropyltryptamine | N | N,N-DPT | N,N-dipropyltryptamine | N-Dipropyltryptamine | N-二丙基色胺 | The Light",Psychedelic,recreational,TIHKAL | class:Tryptamine | class:substituted tryptamines | research-chemical | tryptamine,inhalation,inhalation | insufflation | intramuscular | oral,inhalation | insufflation | intramuscular | oral,yes,yes,,对啮齿动物的研究发现，选择性 5-HT2A 受体拮抗剂能有效阻断该化合物的行为作用，这强烈暗示 5-HT2A 受体是 DPT 的重要作用位点，但 5-HT1A 受体拮抗剂的调节作用也意味着 DPT 的作用中有 5-HT1A 介导的成分。[](#参考文献) 这些相互作用的角色以及它们如何导致致幻体验，仍然是正在进行的科学研究的主题呢。,"Acuity enhancement | After images | Autonomous entities | Changes in gravity | Color enhancement | Color replacement | Color shifting | Drifting | Emotion enhancement | Geometry | Headaches | Internal hallucinations | Machinescapes | Memory suppression | Motor control loss | Muscle spasms | Nausea | Novelty enhancement | Pattern recognition enhancement | Personal bias suppression | Perspective alterations | Physical euphoria | Recursion | Rejuvenation | Scenarios and plots | Scenery slicing | Settings, sceneries, and landscapes | Spontaneous tactile sensations | Subconscious communication | Symmetrical texture repetition | Tracers | Transformations | Unity and interconnectedness | Wakefulness",https://erowid.org/library/books_online/tihkal/tihkal09.shtml,half_life_minutes
Dronabinol,,Marinol | Syndros | Synthetic THC,Cannabinoid,recreational,CB1-partial-agonist | CB2-agonist | FDA-approved | US-Schedule-III | antiemetic | cannabinoid | prescription-only | psychoactive,oral,oral,oral,yes,yes,1800.0,,,https://www.accessdata.fda.gov/drugsatfda_docs/label/2017/018651s029lbl.pdf | https://en.wikipedia.org/wiki/Dronabinol,mechanism_of_action
Droperidol,,Inapsine,Gastrointestinal,medical_rx,D2-antagonist | EPS-risk | QT-prolonging | antiemetic | butyrophenone | dopamine-antagonist | prescription-only | sedating,intravenous,intravenous,,no,yes,120.0,,,https://en.wikipedia.org/wiki/Droperidol,"dose_ranges_by_route, mechanism_of_action"
Drospirenone,,Zarah,,medical_rx,,,,,no,no,,,,,"dose_ranges_by_route, duration_by_route, half_life_minutes, mechanism_of_action, references"
DSIP,,Delta Sleep-Inducing Peptide | delta sleep peptide,Peptide,medical_rx,anxiolytic | gray-market | peptide | sleep-peptide,subcutaneous,subcutaneous,subcutaneous,yes,yes,4.0,,,Reaction of clinical isolates and typed strains of the family Bacteroidaceae with rabbit anti-Bacteroides sera examined by radial immunodiffusion | https://en.wikipedia.org/wiki/Delta_sleep-inducing_peptide,mechanism_of_action
Dulaglutide,,Trulicity,Peptide,medical_rx,GLP-1-agonist | anti-diabetic | antidiabetic | glp-1 agonist | peptide | prescription-only,,,,no,no,7200.0,"Glucagon-like peptide 1 (GLP-1) agonists are analogs of GLP-1, an incretin hormone, that improve glycemic control by increasing glucose-dependent insulin secretion, decrease glucagon secretion, slow gastric emptying and increase satiety.",,https://www.accessdata.fda.gov/drugsatfda_docs/label/2020/125469s030lbl.pdf | https://en.wikipedia.org/wiki/Dulaglutide,"dose_ranges_by_route, duration_by_route"
Duloxetine,,Cymbalta | Drizalma | Irenka,Antidepressant,medical_rx,SNRI | antidepressant | hepatotoxicity-risk | prescription-only | serotonin-syndrome-risk,,,,no,no,720.0,Inhibits serotonin and norepinephrine reuptake in the presynaptic neurons leading to higher concentrations of serotonin and norepinephrine in the neuronal synapse.,,https://www.accessdata.fda.gov/drugsatfda_docs/label/2014/021427s045lbl.pdf | https://en.wikipedia.org/wiki/Duloxetine | https://dailymed.nlm.nih.gov/dailymed/search.cfm?labeltype=all&query=0615-7894,"dose_ranges_by_route, duration_by_route"
Dutasteride,,Avodart,,medical_rx,5 alpha-reductase inhibitor,,,,no,no,50400.0,Inhibits the Type II 5 alpha-reductase enzyme blocking conversion of testosterone to dihydrotestosterone (DHT). Over time this results in the shrinking of the prostate and improvement in urinary flow.,,https://dailymed.nlm.nih.gov/dailymed/search.cfm?labeltype=all&query=0054-0395,"dose_ranges_by_route, duration_by_route"
Dutasteride-Tamsulosin,,Jalyn,,medical_rx,5 alpha-reductase inhibitor,,,,no,no,,Dutasteride: Inhibits the Type II 5 alpha-reductase enzyme blocking conversion of testosterone to dihydrotestosterone (DHT). Over time this results in the shrinking of the prostate and improvement in urinary flow. Tamsulosin: Selectively blocks alpha-1 adrenergic receptors in the prostate resulting in effects including relaxation of smooth muscle around the bladder neck (improving urinary flow).,,,"dose_ranges_by_route, duration_by_route, half_life_minutes, references"
DXM Polistirex,,DXM Poli | DXM extended-release | DXM polistirex ER | Delsym | Dextromethorphan polistirex,Dissociative,recreational,ion-exchange-resin,oral,oral,oral,yes,yes,,,,,"half_life_minutes, mechanism_of_action, references"
Dxme,,,Dissociative,recreational,habit-forming | research-chemical | unidentified-RC,oral,oral,oral,yes,yes,,,,,"half_life_minutes, mechanism_of_action, references"
EA-3167,,EA 3167 | Edgewood Agent EA-3167 | Quinuclidinyl phenylcyclopentyl glycolate,Deliriant,recreational,,intramuscular,intramuscular,intramuscular,yes,yes,,,,,"half_life_minutes, mechanism_of_action, references"
Echinopsis lageniformis,,玻利维亚火炬仙人掌,,medical_rx,,,,,no,no,,,,,"dose_ranges_by_route, duration_by_route, half_life_minutes, mechanism_of_action, references"
Echinopsis pachanoi,,圣佩德罗仙人掌,,medical_rx,,,,,no,no,,,,,"dose_ranges_by_route, duration_by_route, half_life_minutes, mechanism_of_action, references"
Econazole,,Econazole Nitrate Cream,,medical_rx,,,,,no,no,,,,,"dose_ranges_by_route, duration_by_route, half_life_minutes, mechanism_of_action, references"
EDMC,,"3,4-EDMC | 4-EDMC | 4-Ethylenedioxymethcathinone | ED-MC | βk-EDMA",Stimulant,recreational,SNDRA-predicted,insufflation,insufflation | oral | rectal,insufflation | oral | rectal,yes,yes,,,,,"half_life_minutes, mechanism_of_action, references"
Edoxaban,,Savaysa,,medical_rx,anticoagulant | direct factor xa inhibitor,,,,no,no,720.0,"Directly inhibits coagulation factor Xa, disrupting platelet activation and fibrin clot formation.",,"FDA label for SAVAYSA (edoxaban tosylate), Clinical Pharmacology 12.3 Pharmacokinetics/Elimination - t½ = 10 to 14 h","dose_ranges_by_route, duration_by_route"
Efavirenz,,Sustiva | 依非韦仑,Psychedelic,recreational,class:benzoxazine,inhalation,inhalation,inhalation,yes,yes,2850.0,,,"FDA label for efavirenz tablets (efavirenz; Sustiva), Clinical Pharmacology/Pharmacokinetics — t½ 40–55 h after multiple doses",mechanism_of_action
EIPT,,ethylisopropyltryptamine,Psychedelic,recreational,TIHKAL | tryptamine,oral,oral,oral,yes,yes,,,,https://erowid.org/library/books_online/tihkal/tihkal10.shtml,"half_life_minutes, mechanism_of_action"
Eletriptan,,Relpax,Other,medical_rx,5-ht1b/1d agonist | 5HT1B-agonist | antimigraine | prescription-only | serotonin-agonist | triptan,oral,oral,,no,yes,270.0,"Selectively agonizes 5-HT1B/1D receptors causing vasoconstriction of cranial blood vessels, inhibition of pro-inflammatory neuropeptide release, and decreased pain transmission.",,https://en.wikipedia.org/wiki/Eletriptan,dose_ranges_by_route
Eliglustat,,Cerdelga,,medical_rx,,,,,no,no,,"Gaucher disease is caused by a deficiency of the lysosomal enzyme acid β-glucosidase. Acid β-glucosidase catalyzes the conversion of the sphingolipid glucocerebroside into glucose and ceramide. The enzymatic deficiency causes an accumulation of glucosylceramide (GL-1) primarily in the lysosomal compartment of macrophages, giving rise to foam cells or 'Gaucher cells'. Cerdelga is a specific inhibitor of glucosylceramide synthase (IC 50 = 10 ng/mL), and acts as a substrate reduction therapy for GD1. In clinical trials Cerdelga reduced spleen and liver size, and improved anemia and thrombocytopenia. In this lysosomal storage disorder (LSD), clinical features are reflective of the accumulation of Gaucher cells in the liver, spleen, bone marrow, and other organs. The accumulation of Gaucher cells in the liver, spleen, and bone marrow leads to organomegaly and skeletal disease. Presence of Gaucher cells in the bone marrow and spleen lead to clinically significant anemia and thrombocytopenia.",,,"dose_ranges_by_route, duration_by_route, half_life_minutes, references"
Elm,,Nin Jiom Pei Pa Koa,,otc,,,,,no,no,,,,,"dose_ranges_by_route, duration_by_route, half_life_minutes, mechanism_of_action, references"
Eloralintide,,LY3841136,Peptide,medical_rx,amylin-agonist | no-human-data | peptide,subcutaneous,subcutaneous,,no,no,,Long-acting selective amylin (calcitonin/amylin) receptor agonist.,,https://clinicaltrials.gov/search?term=LY3841136 | Lilly pipeline (LY3841136) | ClinicalTrials.gov,half_life_minutes
Emergency Contraceptive - Levonorgestrel,,My Way | Next Choice | Plan B | Take Action,,otc,contraceptive | progestin,,,,no,no,,"Levonorgestrel, a progestin, prevents the pre-ovulation surge of luteinizing hormone (LH), which decreases the likelihood that ovulation will occur. Progestins also thicken cervical mucus, inhibiting the ability of sperm to travel into the uterus, and thin the endometrium (lining of the uterus), making implantation of a fertilized egg more difficult. If implantation has already occurred, levonorgestrel will have no effect on stopping pregnancy.",,,"dose_ranges_by_route, duration_by_route, half_life_minutes, references"
Emergency Contraceptive - Ulipristal,,Ella,,medical_rx,contraceptive | progestin receptor modulator,,,,no,no,,"Ulipristal is a selective progesterone receptor modulator that has antagonist and partial agonist effects at the progesterone receptor. It prevents progesterone from occupying progesterone receptors by binding to the receptors. As a result, ulipristal delays ovulation and possibly the ability of the endometrium (lining of the uterus) to prepare for implantation by preventing the role of progesterone in mediating these effects. If implantation has already occurred, ulipristal will have no effect on stopping pregnancy.",,,"dose_ranges_by_route, duration_by_route, half_life_minutes, references"
EMM,,,Psychedelic,recreational,PIHKAL | no-human-data | phenethylamine,,,,no,no,,,,https://erowid.org/library/books_online/pihkal/pihkal076.shtml,"dose_ranges_by_route, duration_by_route, half_life_minutes, mechanism_of_action"
Empagliflozin,,Jardiance,,medical_rx,antidiabetic | sglt-2 inhibitor,,,,no,no,744.0,"Inhibits sodium-glucose co-transporter 2 (SGLT2) in the proximal renal tubules, reducing reabsorption of filtered glucose and thus increasing urinary glucose excretion.",,"FDA label for Synjardy (empagliflozin and metformin), Clinical Pharmacology/Pharmacokinetics — t1/2 ≈ 12.4 h | https://dailymed.nlm.nih.gov/dailymed/search.cfm?labeltype=all&query=0597-0152","dose_ranges_by_route, duration_by_route"
Emylcamate,,Striatal | Striatran,Depressant,recreational,carbamate | depressant | discontinued | historical,oral,oral,oral,yes,no,,Carbamate sedative-hypnotic; meprobamate-like GABAergic/barbiturate-like CNS depression with fast onset (carbamate chemical class). Mechanism incompletely characterized by modern GABA-A pharmacology.,sedation | muscle relaxation,J Med Chem 1959 | https://drugs.ncats.io/drug/KCJ747D3R4,"duration_by_route, half_life_minutes"
Enalapril,,Vasotec,Cardiovascular,medical_rx,ace inhibitor | antihypertensive,,,,no,no,,"Competitively inhibits the angiotensin-converting enzyme (ACE), which prevents both the conversion of angiotensin I to angiotensin II (vasoconstrictor), and the breakdown of bradykinin (vasodilator). Lower levels of angiotensin II also reduces aldosterone secretion, decreasing sodium and water reabsorption.",,,"dose_ranges_by_route, duration_by_route, half_life_minutes, references"
Encenicline,,EVP-6124 | MT-4666,Nootropic,recreational,GI-safety-signal | alpha7-nAChR-agonist | alpha7-partial-agonist | failed-phase-3 | investigational | nootropic | research-chemical,,,,no,no,,,,https://en.wikipedia.org/wiki/Encenicline,"dose_ranges_by_route, duration_by_route, half_life_minutes, mechanism_of_action"
Endomorphin-1,,,Peptide,medical_rx,MOR-agonist | no-human-data | opioid-peptide,,,,no,no,,,,,"dose_ranges_by_route, duration_by_route, half_life_minutes, mechanism_of_action, references"
Ephedrine,,Efedrina | Ephedra | Ma huang | racemic ephedrine,Stimulant,recreational,class:amphetamine | habit-forming | indirect-sympathomimetic | no-human-data | phenethylamine,insufflation,insufflation | oral,insufflation | oral,yes,yes,360.0,,,https://www.ncbi.nlm.nih.gov/books/NBK547661/ | https://dailymed.nlm.nih.gov/dailymed/search.cfm?labeltype=all&query=0143-3145,mechanism_of_action
Ephenidine,,"1,2-DP-E | 2-DP-E | DPD-E | EPE | NEDPA | 依芬尼丁 | 依芬尼定 | 依芬尼定（Ephenidine）",Dissociative,recreational,"DAT-active | NMDA-antagonist | class:1,2-Diarylethylamine | class:diarylethylamines | diarylethylamine | habit-forming | mid-affinity-NMDA-blocker | research-chemical | tentative",insufflation,insufflation | oral | rectal,insufflation | oral | rectal,yes,yes,,"更多信息请参见：NMDA 受体拮抗剂

依芬尼定作为 NMDA 受体 的拮抗剂起作用（Ki = 66.4 nM）。 NMDA（N-甲基-D-天冬氨酸）受体是谷氨酸的主要受体亚型之一，而谷氨酸是中枢神经系统（CNS）中主要的兴奋性神经递质。当 NMDA 通道被阻断时，会导致感觉丧失（麻醉）、移动困难（固定），在较高剂量下，会产生相当于「K-hole」的效果。

依芬尼定对多巴胺和去甲肾上腺素转运蛋白也具有较弱的亲和力（分别为 379 nM 和 841 nM），并能结合 σ1 受体（629 nM）和 σ2 受体（722 nM）位点。","Acuity suppression | Amnesia | Analysis enhancement | Anxiety suppression | Auditory distortion | Auditory enhancement | Auditory hallucinations | Auditory suppression | Autonomous entities | Cognitive euphoria | Compulsive redosing | Conceptual thinking | Consciousness disconnection | Depersonalization | Derealization | Disinhibition | Double vision | Drifting | Déjà vu | Ego inflation | Frame rate suppression | Geometry | Increased heart rate | Information processing suppression | Internal hallucinations | Memory suppression | Motivation enhancement | Motor control loss | Pain relief | Pattern recognition suppression | Perception of decreased weight | Perspective alterations | Perspective distortions | Physical autonomy | Scenarios and plots | Scenery slicing | Settings, sceneries, and landscapes | Spontaneous tactile sensations | Stimulation | Tactile disconnection | Tactile suppression | Thought acceleration | Thought deceleration | Time distortion | Unity and interconnectedness | Visual disconnection",,"half_life_minutes, references"
Epidiolex,,Cannabidiol oral solution | GWP42003-P | Plant-derived CBD,Anticonvulsant,medical_rx,FDA-approved | US-Schedule-V | anticonvulsant | cannabinoid | non-intoxicating | phytocannabinoid | prescription-only | therapeutic,,,,no,no,1800.0,,,https://www.accessdata.fda.gov/drugsatfda_docs/label/2020/210365s006lbl.pdf | https://en.wikipedia.org/wiki/Epidiolex,"dose_ranges_by_route, duration_by_route, mechanism_of_action"
Epinephrine,,Articaine Hydrochloride And Epinephrine | L-adrenaline | L-dethylaminoethanolcatechol | L-epirenamine | Marcaine | Orabloc | Septocaine And Epinephrine | adrenalin | adrenaline | articaine/epinephrine,Other,recreational,no-human-data | phenethylamine,,,,no,no,2.0,,,https://dailymed.nlm.nih.gov/dailymed/search.cfm?labeltype=all&query=0404-6620,"dose_ranges_by_route, duration_by_route, mechanism_of_action"
Epitalon,,Ala-Glu-Asp-Gly | Epithalon | Epithalone | Tetrapeptide-5,Peptide,medical_rx,anti-aging | gray-market | longevity-research | peptide | telomerase-activator,subcutaneous,subcutaneous,,no,no,30.0,,,https://en.wikipedia.org/wiki/Epitalon,mechanism_of_action
Eplerenone,,Inspra,,medical_rx,aldosterone antagonist | potassium-sparing diuretic,,,,no,no,270.0,"Eplerenone is a synthetic steroid that, along with its active metabolites, antagonizes aldosterone receptors. Its diuretic/antihypertensive action is caused by competitive binding of receptors at the aldosterone-dependent sodium-potassium exchange site in the distal convoluted renal tubule, which results in increased sodium and water excretion and potassium retention. It also prevents androgen-mediated cardiac remodeling, which is useful in certain heart failure patients.",,"FDA label for Inspra (eplerenone), Clinical Pharmacology/Pharmacokinetics — t½ ≈ 3-6 h","dose_ranges_by_route, duration_by_route"
Epoprostenol,,Flolan,,medical_rx,,,,,no,no,,"Epoprostenol has 2 major pharmacological actions: (1) direct vasodilation of pulmonary and systemic arterial vascular beds, and (2) inhibition of platelet aggregation.",,,"dose_ranges_by_route, duration_by_route, half_life_minutes, references"
Eptifibatide,,Integrilin,,medical_rx,,,,,no,no,150.0,"Eptifibatide reversibly inhibits platelet aggregation by preventing the binding of fibrinogen, von Willebrand factor, and other adhesive ligands to GP IIb/IIIa. When administered intravenously, eptifibatide inhibits ex vivo platelet aggregation in a dose- and concentration-dependent manner. Platelet aggregation inhibition is reversible following cessation of the eptifibatide infusion; this is thought to result from dissociation of eptifibatide from the platelet.",,"FDA label for eptifibatide injection, Clinical Pharmacology 12.3 — t½ ≈ 2.5 h | https://dailymed.nlm.nih.gov/dailymed/search.cfm?labeltype=all&query=0085-1136","dose_ranges_by_route, duration_by_route"
Erenumab,,Aimovig,,medical_rx,cgrp antagonist,,,,no,no,,"Binds to the calcitonin gene-related peptide (CGRP) receptor, thus blocking the CGRP ligand. When the CGRP ligand binds to its receptor, it activates a cascade of events associated with migraine pain.",,,"dose_ranges_by_route, duration_by_route, half_life_minutes, references"
Ertugliflozin,,Steglatro,,medical_rx,antidiabetic | sglt-2 inhibitor,,,,no,no,,"Inhibits sodium-glucose co-transporter 2 (SGLT2) in the proximal renal tubules, reducing reabsorption of filtered glucose and thus increasing urinary glucose excretion.",,,"dose_ranges_by_route, duration_by_route, half_life_minutes, references"
Erythromycin,,Ery-tab | Erythrocin Lactobionate,,medical_rx,,,,,no,no,114.0,,,https://dailymed.nlm.nih.gov/dailymed/search.cfm?labeltype=all&query=0409-6476,"dose_ranges_by_route, duration_by_route, mechanism_of_action"
Escaline,,E; ESCALINE | 艾斯卡林 | 艾斯卡林d,Psychedelic,recreational,PIHKAL | class:substituted phenethylamines | duplicate-of-Escaline | phenethylamine | research-chemical,oral,oral,oral,yes,yes,,"Escaline is known to possess agonist activity at the serotonin 5-HT2A receptor approximately 5–8 times more potent than that of mescaline. The effects of this compound are believed to derive from its activity as a partial agonist at 5-HT2 receptors. However, the precise mechanism by which these interactions produce the psychedelic experience remains poorly understood.","Acuity enhancement | After images | Auditory distortion | Auditory enhancement | Auditory hallucinations | Autonomous entities | Bodily control enhancement | Color enhancement | Color shifting | Conceptual thinking | Delusions | Drifting | Déjà vu | Emotion enhancement | External hallucinations | Geometry | Immersion enhancement | Increased heart rate | Internal hallucinations | Memory suppression | Muscle spasms | Nausea | Novelty enhancement | Pattern recognition enhancement | Personal bias suppression | Perspective alterations | Pupil dilation | Scenarios and plots | Scenery slicing | Settings, sceneries, and landscapes | Spontaneous tactile sensations | Stimulation | Symmetrical texture repetition | Tactile enhancement | Thought acceleration | Thought disorganization | Thought loops | Time distortion | Tracers | Transformations | Wakefulness",https://erowid.org/library/books_online/pihkal/pihkal072.shtml,half_life_minutes
Esomeprazole,,Careone Esomeprazole Magnesium | Family Wellness Esomeprazole Magnesium | Health Mart Esomeprazole Magnesium | Nexium,,otc,proton pump inhibitor,,,,no,no,75.0,Binds to and irreversibly inhibits H+/K+ ATPase pumps (proton pumps) on gastric parietal cells resulting in decreased gastric acid secretion.,,"FDA label for esomeprazole magnesium delayed-release capsules (esomeprazole), Clinical Pharmacology/Pharmacokinetics — t½ ≈ 1–1.5 h | https://dailymed.nlm.nih.gov/dailymed/search.cfm?labeltype=all&query=41520-727","dose_ranges_by_route, duration_by_route"
Estazolam,,elprazolam | eurodin | prosom,Benzodiazepine,recreational,CYP3A4-substrate | GABAA-PAM | benzodiazepine | habit-forming | hypnotic | triazolobenzodiazepine,oral,oral,oral,yes,yes,1020.0,,,"FDA label for Estazolam (estazolam), Clinical Pharmacology/Pharmacokinetics — t½ ≈ 10–24 h",mechanism_of_action
Estradiol,,17-BETA-estradiol | 17β-estradiol | Climara | Delestrogen | Elestrin | Estradiol-17β | Mimvey | Oestradiol | Zovia 1/35e-28 | beta-Estradiol | cis-Estradiol | estradiol/norethindrone,Endocrine,medical_rx,class:Estrogenic steroid,intramuscular,intramuscular | oral | transdermal,intramuscular | oral | transdermal,yes,yes,2160.0,,,https://dailymed.nlm.nih.gov/dailymed/search.cfm?labeltype=all&query=0179-0073,mechanism_of_action
"Estrogens, Conjugated",,Premarin,,medical_rx,,,,,no,no,,"Endogenous estrogens are largely responsible for the development and maintenance of the female reproductive system and secondary sexual characteristics. Although circulating estrogens exist in a dynamic equilibrium of metabolic interconversions, estradiol is the principal intracellular human estrogen and is substantially more potent than its metabolites, estrone and estriol, at the receptor level. The primary source of estrogen in normally cycling adult women is the ovarian follicle, which secretes 70 to 500 mcg of estradiol daily, depending on the phase of the menstrual cycle. After menopause, most endogenous estrogen is produced by conversion of androstenedione, secreted by the adrenal cortex, to estrone in the peripheral tissues. Thus, estrone and the sulfate-conjugated form, estrone sulfate, are the most abundant circulating estrogens in postmenopausal women. Estrogens act through binding to nuclear receptors in estrogen-responsive tissues.",,,"dose_ranges_by_route, duration_by_route, half_life_minutes, references"
ETH-CAT,,Ethcathinone | Ethylpropion,Stimulant,recreational,class:cathinone,insufflation,insufflation | oral,insufflation | oral,yes,yes,,,,,"half_life_minutes, mechanism_of_action, references"
ETH-LAD,,N6-ethyl-norlysergic acid diethylamide | ethlad,Psychedelic,recreational,5-HT2A-partial-agonist | TIHKAL | class:lysergamides | research-chemical | tryptamine,oral,oral,oral,yes,yes,,,,https://erowid.org/library/books_online/tihkal/tihkal12.shtml,"half_life_minutes, mechanism_of_action"
Ethacrynic acid,,Edecrin,Cardiovascular,medical_rx,antihypertensive | loop diuretic,,,,no,no,,"Inhibits sodium-potassium-chloride cotransporters at the ascending Loop of Henle of nephrons, producing a potent diuretic effect that causes increased excretion of sodium, chloride, potassium, magnesium, calcium, and water. Loop diuretics cause retention of bicarbonate and uric acid.",,,"dose_ranges_by_route, duration_by_route, half_life_minutes, references"
Ethambutol,,Myambutol,,medical_rx,,,,,no,no,,,,,"dose_ranges_by_route, duration_by_route, half_life_minutes, mechanism_of_action, references"
Ethaqualone,,etaqualone,Depressant,recreational,habit-forming | quinazolinone | research-chemical,oral,oral,oral,yes,no,,,,,"duration_by_route, half_life_minutes, mechanism_of_action, references"
Ethketamine,,Ethylketamine | N-Ethylnorketamine | NEK | n-ethyl-norketamine,Dissociative,recreational,5-HT2-active | AMPA-active | NMDA-antagonist | arylcyclohexylamine | duplicate-of-Ethketamine | habit-forming | no-human-data | research-chemical,oral,oral,oral,yes,no,,,,"In Europe, an early, cold dawn for modern humans.","duration_by_route, half_life_minutes, mechanism_of_action"
Ethotoin,,Peganone,,medical_rx,,,,,no,no,738.0,,,Enantioselective pharmacokinetics of ethotoin in humans following single oral doses of the racemate. | https://dailymed.nlm.nih.gov/dailymed/search.cfm?labeltype=all&query=55292-601,"dose_ranges_by_route, duration_by_route, mechanism_of_action"
ETHYL-J,,,Psychedelic,recreational,PIHKAL | phenethylamine,,,,no,no,,,,https://erowid.org/library/books_online/pihkal/pihkal077.shtml,"dose_ranges_by_route, duration_by_route, half_life_minutes, mechanism_of_action"
Ethylcathinone,,ETH-cat | Ethcathinone | N-Ethylcathinone | NEC | e-cat | 乙卡西酮,Psychedelic,recreational,DRI | amfepramone-active-metabolite | cathinone | habit-forming | research-chemical | substrate-releaser,insufflation,insufflation | oral,insufflation | oral,yes,yes,,"虽然 ETH-CAT 的效应还没有像传统的苯丙胺类或其他取代卡西酮（如甲卡西酮）那样得到正式的研究，但我们可以推测，像其他简单的取代卡西酮一样，它最可能主要作为一种多巴胺和去甲肾上腺素再摄取抑制剂起作用。 然而，已经表明 ETH-CAT 是去甲肾上腺素转运体（NET）的选择性底物。

这导致的结果是，通过结合并部分阻断通常从突触间隙清除这些神经递质的转运蛋白，大脑中儿茶酚胺类神经递质（如多巴胺和去甲肾上腺素）的水平有效增加。这使得多巴胺和去甲肾上腺素在大脑中与奖励、动力、满足和快乐相关的关键区域的突触间隙之间积累到超过内源性的水平。这种机制被认为是产生该物质的兴奋、动机增强和欣快效应的原因呢。",,,"half_life_minutes, references"
Ethylmorphine,,3-ethylmorphine | Codethyline | Dionine | 乙基吗啡,Opioid,recreational,CYP2D6-bioactivation | MOR-prodrug | class:substituted morphinans | codeine-analog | habit-forming,oral,oral,oral,yes,yes,,,Anxiety suppression | Cognitive euphoria | Compulsive redosing | Constipation | Cough suppression | Difficulty urinating | Itchiness | Nausea | Pain relief | Physical euphoria | Pupil constriction | Respiratory depression | Sedation | Stomach cramps,,"half_life_minutes, mechanism_of_action, references"
Ethylone,,MDEC | bk-MDEA,Stimulant,recreational,5-HT-shifted | MDMA-analog | cathinone | habit-forming | research-chemical | substrate-releaser,oral,oral,oral,yes,yes,,"MDEC是一种对血清素、去甲肾上腺素和多巴胺都起作用的混合型神经递质再摄取抑制剂/神经递质释放剂。这些都是负责愉悦、奖赏、动机和专注的神经递质。它的作用机制在于抑制这些神经递质在完成神经冲动传递后的再摄取与再吸收，从而让它们得以积累并再次被利用，进而产生身体上的刺激感与欣快感。

与甲酮隆相比，MDEC对血清素转运体的亲和力大约又低了 3 倍以上（而甲酮隆本身对血清素转运体的亲和力又比 MDMA 低 3 倍），而它对去甲肾上腺素与多巴胺转运体的亲和力则相近。相较于甲酮隆，这些药理学差异带来的结果是：MDEC在剂量层面上的效力更低，相对血清素能效应而言，它的儿茶酚胺能效应更为平衡，并且它的行为方式更像哌甲酯这类神经递质再摄取抑制剂，而不是像苯丙胺那样的释放剂；不过，MDEC依然保有相当明显的释放能力。",,https://en.wikipedia.org/wiki/Ethylone,half_life_minutes
Ethylphenidate,,EPH | d-threo-ethylphenidate,Stimulant,recreational,CES1-substrate | DAT-selective | class:substituted phenidates | habit-forming | research-chemical,oral,oral | rectal,oral | rectal,yes,yes,,"乙基哌醋甲酯既作为多巴胺再摄取抑制剂，也作为去甲肾上腺素再摄取抑制剂发挥作用，这意味着它通过结合并部分阻断通常从突触间隙移除这些单胺的转运蛋白，有效地提高大脑中去甲肾上腺素和多巴胺神经递质的水平。这使得多巴胺和去甲肾上腺素在大脑内积聚，从而产生兴奋和欣快的效果。

所有关于乙基哌醋甲酯药代动力学的可用数据都来自对啮齿动物的研究。研究发现，乙基哌醋甲酯对多巴胺转运体 (DAT) 的选择性高于哌甲酯，其功效与母体化合物大致相同， 但对去甲肾上腺素转运体 (NET) 的活性明显较低。 其多巴胺能药效学特征与哌甲酯几乎相同，这主要是导致其欣快和强化效应的原因。

以下是乙基哌醋甲酯在小鼠中的结合特征，以及哌甲酯的结合特征。给出了外消旋和右旋对映异构体的数据：

当酒精和哌甲酯共同摄入时，体内（在肝脏中）会形成乙基哌醋甲酯。 这种情况最常见于同时摄入大量哌甲酯和酒精时，例如在非医疗用途或过量使用的情况下。 已知当可卡因和酒精一起摄入时也会发生类似的过程，形成可卡乙烯。 然而，只有百分之几的摄入哌甲酯会转化为乙基哌醋甲酯，所以永远不会产生具有可测量生理效应的药理学显著剂量哦。","Analysis enhancement | Anxiety | Appetite suppression | Cognitive euphoria | Cognitive fatigue | Dehydration | Depression | Empathy, love, and sociability enhancement | Focus enhancement | Increased heart rate | Irritability | Motivation enhancement | Stimulation | Teeth grinding | Thought acceleration | Thought deceleration | Vasoconstriction | Wakefulness",,"half_life_minutes, references"
Ethylpropyltryptamine,,"EPT | n,n-ethylpropyltryptamine",Psychedelic,recreational,class:substituted tryptamines | no-human-data | research-chemical | tentative | tryptamine,insufflation,insufflation | oral,insufflation | oral,yes,yes,,与大多数致幻色胺一样，EPT 被认为主要起着 5-HT2A 部分激动剂的作用。致幻效果被认为来自 EPT 在 5-HT2A 受体上的结合功效。大多数血清素致幻色胺与血清素本身具有非常强的结构相似性，这部分解释了对某些 5-HT 位点的亲和力。几乎一致认为，大多数血清素致幻剂——如 EPT——通过作为 5-HT2A 受体的强部分激动剂产生其效果。,,,"half_life_minutes, references"
Ethynodiol,,Zovia 1/50e-28,,medical_rx,,,,,no,no,,,,,"dose_ranges_by_route, duration_by_route, half_life_minutes, mechanism_of_action, references"
Etiracetam,,UCB-6474,Nootropic,recreational,(S)-enantiomer-active | SV2A-racemate | investigational | racetam | research-chemical | superseded-by-levetiracetam,,,,no,no,,,,https://en.wikipedia.org/wiki/Etiracetam,"dose_ranges_by_route, duration_by_route, half_life_minutes, mechanism_of_action"
Etodesnitazene,,Desnitroetonitazene | ETD | Etazene,Opioid,recreational,benzimidazole-opioid | duplicate-of-etodesnitazene | extreme-potency | fatalities-reported | fentanyl-stronger | mu-full-agonist | mu-opioid-agonist | naloxone-high-dose-required | nitazene | research-chemical,,,,no,no,,,,https://en.wikipedia.org/wiki/Etazene,"dose_ranges_by_route, duration_by_route, half_life_minutes, mechanism_of_action"
Etodolac,,Lodine,Analgesic,medical_rx,analgesic | moderate cox-2 selectivity | nsaid,,,,no,no,,"Reversibly inhibits cyclooxygenase-1 and 2 (COX-1 and 2) enzymes (with increased COX-2 selectivity compared to non-selective NSAIDs) causing decreased prostaglandin precursor formation. This results in anti-inflammatory, analgesic, and antipyretic effects.",,,"dose_ranges_by_route, duration_by_route, half_life_minutes, references"
Etomidate,,Amidate,,medical_rx,,,,,no,no,75.0,,,"FDA label for Etomidate injection, Clinical Pharmacology — t½ ≈ 75 minutes | https://dailymed.nlm.nih.gov/dailymed/search.cfm?labeltype=all&query=0409-6695","dose_ranges_by_route, duration_by_route, mechanism_of_action"
Etonitazene,,BA-20684 | Benzimidazole opioid; nitazene class | ETZ | IDS-NE-006 | NIH 7607,Opioid,recreational,US-Schedule-I | benzimidazole-opioid | extreme-potency | fatalities-reported | fentanyl-stronger | mu-full-agonist | naloxone-high-dose-required | nitazene | subnanomolar-Ki,insufflation,insufflation | intravenous | oral,,no,yes,,,,https://en.wikipedia.org/wiki/Etonitazene,"dose_ranges_by_route, half_life_minutes, mechanism_of_action"
Etoposide,,,,medical_rx,,,,,no,no,450.0,,,"FDA label for Etoposide Injection, Clinical Pharmacology/Pharmacokinetics — terminal t½ 4 to 11 hours | https://dailymed.nlm.nih.gov/dailymed/search.cfm?labeltype=all&query=0378-3266","dose_ranges_by_route, duration_by_route, mechanism_of_action"
Etoxadrol,,CL-1848C | U-37862A,Dissociative,recreational,,intravenous,intravenous,intravenous,yes,no,,,,,"duration_by_route, half_life_minutes, mechanism_of_action, references"
Eutylone,,ED-DB | EDB | N-Ethylbutylone | bk-EBDB | β-keto-ethylbenzodioxolylbutanamine,Stimulant,recreational,DAT-preferring | MDMA-analog | cathinone | fatalities-mdma-substitution | fatalities-reported | research-chemical,insufflation,insufflation | oral,insufflation | oral,yes,yes,,,,https://en.wikipedia.org/wiki/Eutylone,"half_life_minutes, mechanism_of_action"
Everolimus,,Zortress,,medical_rx,,,,,no,no,1800.0,"Everolimus inhibits antigenic and interleukin (IL-2 and IL-15) stimulated activation and proliferation of T and B lymphocytes. In cells, everolimus binds to a cytoplasmic protein, the FK506 Binding Protein-12 (FKBP-12), to form an immunosuppressive complex (everolimus: FKBP-12) that binds to and inhibits the mammalian Target Of Rapamycin (mTOR), a key regulatory kinase. In the presence of everolimus phosphorylation of p70 S6 ribosomal protein kinase (p70S6K), a substrate of mTOR, is inhibited. Consequently, phosphorylation of the ribosomal S6 protein and subsequent protein synthesis and cell proliferation are inhibited. The everolimus: FKBP-12 complex has no effect on calcineurin activity. In rats and nonhuman primate models, everolimus effectively reduces kidney allograft rejection resulting in prolonged graft survival.",,"FDA label for Afinitor (everolimus), Clinical Pharmacology/Pharmacokinetics — mean elimination half-life approximately 30 hours | https://dailymed.nlm.nih.gov/dailymed/search.cfm?labeltype=all&query=0078-0414","dose_ranges_by_route, duration_by_route"
Evolocumab,,Repatha,,medical_rx,antihyperlipidemic | pcsk9 inhibitor,,,,no,no,,Binds to proprotein convertase subtilisin kexin type 9 (PCSK9) preventing it from breaking down low-density lipoprotein receptors (LDLRs) that reside on the surface of hepatocytes and remove LDL-C from circulation. This results in more LDLRs being available to clear LDL-C and thus lower LDL-C levels.,,,"dose_ranges_by_route, duration_by_route, half_life_minutes, references"
Exenatide,,Bydureon | Bydureon BCise | Byetta,Peptide,medical_rx,GLP-1-agonist | anti-diabetic | antidiabetic | glp-1 agonist | peptide | prescription-only,subcutaneous,subcutaneous,,no,yes,144.0,"Glucagon-like peptide 1 (GLP-1) agonists are analogs of GLP-1, an incretin hormone, that improve glycemic control by increasing glucose-dependent insulin secretion, decrease glucagon secretion, slow gastric emptying and increase satiety.",,https://www.accessdata.fda.gov/drugsatfda_docs/label/2012/022200lbl.pdf | https://en.wikipedia.org/wiki/Exenatide | https://dailymed.nlm.nih.gov/dailymed/search.cfm?labeltype=all&query=0310-6530,dose_ranges_by_route
EXP-561,,,Stimulant,recreational,NDRI | bicyclic-amine | failed-clinical | investigational | research-chemical | triple-reuptake-inhibitor,,,,no,no,,,,,"dose_ranges_by_route, duration_by_route, half_life_minutes, mechanism_of_action, references"
Ezetimibe,,Zetia,,medical_rx,antihyperlipidemic,,,,no,no,1320.0,"Inhibits cholesterol absorption in the small intestine, thus reducing blood cholesterol levels.",,"FDA label for Ezetimibe and Simvastatin (ezetimibe), Clinical Pharmacology 12.3 Metabolism and Excretion - t½ ≈ 22 h","dose_ranges_by_route, duration_by_route"
F-2,,,Psychedelic,recreational,PIHKAL | phenethylamine,,,,no,no,,,,https://erowid.org/library/books_online/pihkal/pihkal079.shtml,"dose_ranges_by_route, duration_by_route, half_life_minutes, mechanism_of_action"
F-22,,,Psychedelic,recreational,PIHKAL | phenethylamine,,,,no,no,,,,https://erowid.org/library/books_online/pihkal/pihkal080.shtml,"dose_ranges_by_route, duration_by_route, half_life_minutes, mechanism_of_action"
Famciclovir,,Famvir,Antimicrobial,non_recreational,antiviral,,,,no,no,138.0,"Famciclovir is a prodrug of penciclovir that is then converted to penciclovir triphosphate, a compound which prevents viral DNA replication by selective inhibition of viral DNA polymerase.",,"FDA label for famciclovir tablets (famciclovir; Famvir generic), Clinical Pharmacology/Pharmacokinetics — penciclovir t½ 2.3 ± 0.4 h after oral famciclovir","dose_ranges_by_route, duration_by_route"
Fasoracetam,,LAM-105 | NS-105,Nootropic,recreational,GABA-B-agonist | mGluR-modulator | nootropic | racetam | research-chemical | tentative,oral,oral,oral,yes,yes,,,,https://en.wikipedia.org/wiki/Fasoracetam,"half_life_minutes, mechanism_of_action"
Febuxostat,,Uloric,,medical_rx,xanthine oxidase inhibitor,,,,no,no,390.0,"Inhibits xanthine oxidase, thus reducing uric acid production. Xanthine oxidase is the enzyme responsible for the conversion of hypoxanthine to xanthine and of xanthine to uric acid.",,"FDA label for Febuxostat (febuxostat), Clinical Pharmacology/Pharmacokinetics — t1/2 ≈ 5-8 h","dose_ranges_by_route, duration_by_route"
Felbamate,,Felbatol,,medical_rx,,,,,no,no,1290.0,"The mechanism by which felbamate exerts its anticonvulsant activity is unknown, but in animal test systems designed to detect anticonvulsant activity, felbamate has properties in common with other marketed anticonvulsants. Felbamate is effective in mice and rats in the maximal electroshock test, the subcutaneous pentylenetetrazol seizure test, and the subcutaneous picrotoxin seizure test. Felbamate also exhibits anticonvulsant activity against seizures induced by intracerebroventricular administration of glutamate in rats and N-methyl-D,L-aspartic acid in mice. Protection against maximal electroshock-induced seizures suggests that felbamate may reduce seizure spread, an effect possibly predictive of efficacy in generalized tonic-clonic or partial seizures. Protection against pentylenetetrazol-induced seizures suggests that felbamate may increase seizure threshold, an effect considered to be predictive of potential efficacy in absence seizures.",,"FDA label for Felbamate (felbamate), Clinical Pharmacology/Pharmacokinetics — t½ ≈ 20-23 h | https://dailymed.nlm.nih.gov/dailymed/search.cfm?labeltype=all&query=0037-0430","dose_ranges_by_route, duration_by_route"
Felodipine,,Plendil,Cardiovascular,medical_rx,"antihypertensive | calcium channel blocker, dihydropyridine",,,,no,no,,Inhibits calcium ion influx into vascular smooth muscle and cardiac muscle causing peripheral vasodilation and coronary artery vasodilation.,,,"dose_ranges_by_route, duration_by_route, half_life_minutes, references"
Fenethylline,,Amfetyline | Captagon | Ethyltheophylline-amphetamine codrug | Fenetylline | Fenetyllinum | amphetaminoethyltheophylline,Stimulant,recreational,amphetamine-theophylline-codrug | class:amphetamine | class:substituted amphetamines | class:xanthines | prodrug,insufflation,insufflation | oral,insufflation | oral,yes,yes,480.0,,,Fenethylline (Captagon) Abuse – Local Problems from an Old Drug Become Universal,mechanism_of_action
Fenfluramine,,Adifax | DL-fenfluramine | Fintepla | Ponderax | Pondimin | Rotondin,Empathogen,recreational,5-HT2B-via-metabolite | SERT-releaser | anticonvulsant-Dravet | valvulopathic,oral,oral,oral,yes,yes,1200.0,,,Pharmacokinetics of fenfluramine and norfenfluramine in volunteers given d- and dl-fenfluramine for 15 days,mechanism_of_action
Fenoprofen,,Fenortho | Nalfon,Analgesic,medical_rx,analgesic | cox-1/cox-2 non-selective | nsaid,,,,no,no,180.0,"Reversibly inhibits cyclooxygenase-1 and 2 (COX-1 and 2) enzymes causing decreased prostaglandin precursor formation. This results in anti-inflammatory, analgesic, and antipyretic effects.",,"FDA label for fenoprofen calcium, Clinical Pharmacology 12.3 — t½ ≈ 3 h","dose_ranges_by_route, duration_by_route"
Finasteride,,Propecia | Proscar,,medical_rx,5 alpha-reductase inhibitor,,,,no,no,,Inhibits the Type II 5 alpha-reductase enzyme blocking conversion of testosterone to dihydrotestosterone (DHT). Over time this results in the shrinking of the prostate and improvement in urinary flow. Decreases in scalp and serum DHT concentrations appear to interrupt male pattern baldness (androgenetic alopecia).,,,"dose_ranges_by_route, duration_by_route, half_life_minutes, references"
Fladrafinil,,"Bisfluoroadrafinil | CRL-40,941 | CRL-40-941 | Fluorafinil | fluoromodafinil",Eugeroic,recreational,afinil | eugeroic | no-human-data | prodrug | research-chemical | tentative,oral,oral,oral,yes,yes,,,,https://en.wikipedia.org/wiki/Fladrafinil,"half_life_minutes, mechanism_of_action"
FLEA,,,Psychedelic,recreational,PIHKAL | entactogen-like | phenethylamine,oral,oral,oral,yes,yes,,,,https://erowid.org/library/books_online/pihkal/pihkal081.shtml,"half_life_minutes, mechanism_of_action"
Flephedrone,,4-FMC | 4-Fluoromethcathinone | 4-氟甲卡西酮 | 4F-MCAT | 4fmc | CAS 7589-39-7 | fpephedrone,Stimulant,recreational,DA-selective | cathinone | habit-forming | research-chemical | substrate-releaser,insufflation,insufflation | oral,insufflation | oral,yes,yes,,"Given its chemical structure, flephedrone most likely acts as a releasing agent and reuptake inhibitor of the monoamine neurotransmitters dopamine, serotonin, and norepinephrine. The pharmacological profile of flephedrone is likely similar to that of mephedrone.",,https://en.wikipedia.org/wiki/Flephedrone,half_life_minutes
Flibanserin,,Addyi,,medical_rx,5-ht1a agonist | 5-ht2a antagonist,,,,no,no,660.0,"Flibanserin demonstrates notable 5-HT1A agonist and 5-HT2A antagonist activity, as well as moderate antagonist activity towards the 5-HT2B, 5-HT2C, and dopamine D4 receptors. The mechanism of action in the treatment of hypoactive sexual desire disorder is unknown.",,"FDA label for Addyi (flibanserin), Clinical Pharmacology/Pharmacokinetics — t½ ≈ 11 h","dose_ranges_by_route, duration_by_route"
Flmodafinil,,"Bisfluoromodafinil | CRL-40,940 | CRL-40-940 | Flodafinil | Fluoromodafinil | Lauflumide | NLS-4 | 二氟莫达菲尼 | 二氟莫达非尼 | 氟代莫达非尼 | 氟莫达非尼 | 氟达非尼",Eugeroic,recreational,DAT-selective | afinil | atypical-DAT-inhibitor | eugeroic | no-human-data | research-chemical | tentative,insufflation,insufflation | oral | rectal | sublingual,insufflation | oral | rectal | sublingual,yes,yes,,Difluoromodafinil is a dopamine reuptake inhibitor. It has lower affinity for the DAT receptor than modafinil.,,https://en.wikipedia.org/wiki/Flmodafinil,half_life_minutes
Flubromazolam,,FBZ | f-lam | flam,Benzodiazepine,recreational,CYP3A4-substrate | GABAA-PAM | benzodiazepine | class:benzodiazepines | designer-benzo | extreme-potency | fatalities-confirmed | fatalities-reported | habit-forming | research-chemical | triazolobenzodiazepine,oral,oral,oral,yes,yes,1800.0,,Amnesia | Analysis suppression | Anxiety suppression | Compulsive redosing | Delusions | Disinhibition | Dizziness | Emotion suppression | Information processing suppression | Motor control loss | Muscle relaxation | Respiratory depression | Sedation | Thought deceleration,https://en.wikipedia.org/wiki/Flubromazolam,mechanism_of_action
Flubrotizolam,,"Flurotizolam | LS-152,574",Benzodiazepine,recreational,class:Thienotriazolodiazepine | research-chemical | thienotriazolodiazepine,oral,oral | sublingual,oral | sublingual,yes,yes,,,,,"half_life_minutes, mechanism_of_action, references"
Fluclotizolam,,fluclo | 氟氯替唑仑,Benzodiazepine,recreational,GABAA-PAM | benzodiazepine | designer-benzo | habit-forming | research-chemical | tentative | thienotriazolodiazepine,insufflation,insufflation | oral | rectal | sublingual,insufflation | oral | rectal | sublingual,yes,yes,,,,,"half_life_minutes, mechanism_of_action, references"
Fluconazole,,Diflucan | FLZ | Fluconazol | Fluconazole sodium | Fluconazolum,Antimicrobial,non_recreational,antifungal | class:Triazole antifungal,intravenous,intravenous | oral,intravenous | oral,yes,no,2100.0,"Highly selective inhibitor of the fungal cytochrome P450 14-α-demethylase enzyme responsible for the conversion of lanosterol to ergosterol, which is an important component of fungal cell membrane formation.",,https://dailymed.nlm.nih.gov/dailymed/search.cfm?labeltype=all&query=0143-9666,duration_by_route
Fludarabine,,,,medical_rx,,,,,no,no,1200.0,,,"FDA label for Fludarabine Phosphate (fludarabine phosphate), Clinical Pharmacology 12.3 Pharmacokinetics — t½ ≈ 20 h | https://dailymed.nlm.nih.gov/dailymed/search.cfm?labeltype=all&query=0069-9321","dose_ranges_by_route, duration_by_route, mechanism_of_action"
Fluetizolam,,Flu-E,Benzodiazepine,recreational,class:Thienotriazolodiazepine | designer-benzo | thienotriazolodiazepine,oral,oral | sublingual,oral | sublingual,yes,yes,,,,,"half_life_minutes, mechanism_of_action, references"
Flumazenil,,氟马西尼,,medical_rx,,intravenous,intravenous,intravenous,yes,no,,"氟马西尼是一种咪唑并苯二氮卓衍生物，可拮抗苯二氮卓类药物对中枢神经系统的作用。氟马西尼竞争性地抑制 GABA/苯二氮卓受体复合物上苯二氮卓识别位点的活性。它还对含有 α6 型单体的 GABA 受体复合物表现出微弱的部分激动作用；其临床相关性尚不清楚。

氟马西尼不会通过苯二氮卓受体以外的途径拮抗影响 GABA 能神经元的药物（包括乙醇、巴比妥类和大多数麻醉剂）的所有中枢神经系统效应，也不会拮抗阿片类药物的效应。然而，它会拮抗非苯二氮卓类 Z-药物（如唑吡坦和佐匹克隆）的作用，因为它们通过 GABA 受体的苯二氮卓位点起作用——它已成功用于治疗 Z-药物过量。

静脉注射氟马西尼已被证明可以拮抗健康人类志愿者由苯二氮卓类药物引起的镇静、记忆受损、精神运动障碍和通气抑制。苯二氮卓镇静效应的逆转程度和持续时间与氟马西尼的剂量和血浆浓度有关。

氟马西尼在全球范围内以 Anexate、Lanexat、Mazicon、Romazicon 等多种品牌名称销售。在印度，它由罗氏孟加拉制药公司和 USAN 制药公司制造。

低剂量、缓慢的皮下氟马西尼给药对于长期、大剂量苯二氮卓类药物依赖的戒断患者是一种安全的程序。即使是那些在之前尝试戒断苯二氮卓类药物时经历过惊厥的人，其癫痫发作的风险也很低。",,,"duration_by_route, half_life_minutes, references"
Fluminorex,,4-(trifluoromethyl)aminorex | 4-CF3-aminorex | McN-1107,Stimulant,recreational,,inhalation,inhalation | insufflation | oral,inhalation | insufflation | oral,yes,yes,,,,,"half_life_minutes, mechanism_of_action, references"
Flunisolide,,Flunisolide-nasal,Endocrine,medical_rx,corticosteroid,,,,no,no,90.0,"Flunisolide is a synthetic glucocorticoid that reduces inflammation and causes vasoconstriction in the nasal passage. Corticosteroids exert a wide range of actions on several cell types (e.g., mast cells, eosinophils, neutrophils, macrophages, lymphocytes) and mediators (e.g., histamine, eicosanoids, leukotrienes, cytokines) involved in inflammation.",,"FDA label for Flunisolide Nasal Solution (flunisolide), Clinical Pharmacology — plasma t½ 1 to 2 hours","dose_ranges_by_route, duration_by_route"
Flunitazene,,FTZ,Opioid,recreational,benzimidazole-opioid | extreme-potency | fatalities-reported | fentanyl-stronger | mu-full-agonist | nitazene | weaker-than-fentanyl-class,,,,no,no,,,,,"dose_ranges_by_route, duration_by_route, half_life_minutes, mechanism_of_action, references"
Flunitrazolam,,fln | 氟硝唑仑,Benzodiazepine,recreational,GABAA-PAM | benzodiazepine | class:benzodiazepines | designer-benzo | extreme-potency | habit-forming | tentative | triazolobenzodiazepine,oral,oral,oral,yes,yes,,"苯二氮卓类药物通过与苯二氮卓受体位点结合，并放大神经递质γ-氨基丁酸 (GABA)通过作用于其受体的效率和效应，从而产生各种效应。由于该位点是大脑中最多产的抑制性受体组，其调节导致了氟硝唑仑对神经系统的镇静（或平静效应）。

苯二氮卓类药物的抗惊厥特性可能部分或全部归因于与电压依赖性钠通道的结合，而不是苯二氮卓受体。

氟硝唑仑的实验结果通常表现为镇静、去抑制、梦境强化、残留困倦、思维减速和肌肉松弛喵。",,,"half_life_minutes, references"
Fluocinolone,,Capex | Derma-Smoothe | Fluocinolone-topical | Synalar,Endocrine,medical_rx,corticosteroid,,,,no,no,90.0,"Fluocinolone is a synthetic glucocorticoid with potent anti-inflammatory and immunomodulating properties. After cell entry, it binds to corticosteroid receptors on the nucleus and produces anti-inflammatory, antiproliferative, immunosuppressive, and vasoconstrictive effects that can be beneficial for psoriatic, pruritic, and other corticosteroid responsive dermatoses.",,https://dailymed.nlm.nih.gov/dailymed/search.cfm?labeltype=all&query=24208-416,"dose_ranges_by_route, duration_by_route"
Fluocinolone Acetonide,,Retisert | Tri-luma | fluocinolone | fluocinolone/hydroquinone/tretinoin,,medical_rx,,,,,no,no,,"Corticosteroids inhibit the inflammatory response to a variety of inciting agents and probably delay or slow healing. They inhibit the edema, fibrin deposition, capillary dilation, leukocyte migration, capillary proliferation, fibroblast proliferation, deposition of collagen, and scar formation associated with inflammation. There is no generally accepted explanation for the mechanism of action of ocular corticosteroids. However, corticosteroids are thought to act by the induction of phospholipase A 2 inhibitory proteins, collectively called lipocortins. It is postulated that these proteins control the biosynthesis of potent mediators of inflammation such as prostaglandins and leukotrienes by inhibiting the release of their common precursor arachidonic acid. Arachidonic acid is released from membrane phospholipids by phospholipase A 2. Corticosteroids are capable of producing a rise in intraocular pressure.",,,"dose_ranges_by_route, duration_by_route, half_life_minutes, references"
Fluocinonide,,Fluocinonide Cream | Fluocinonide-topical | Lidex | Vanos,Endocrine,medical_rx,corticosteroid,,,,no,no,,"Fluocinonide is a synthetic glucocorticoid with potent anti-inflammatory and immunomodulating properties. After cell entry, it binds to corticosteroid receptors on the nucleus and produces anti-inflammatory, antiproliferative, immunosuppressive, and vasoconstrictive effects that can be beneficial for psoriatic, pruritic, and other corticosteroid responsive dermatoses.",,,"dose_ranges_by_route, duration_by_route, half_life_minutes, references"
Fluoprazolam,,floprazolam | fluloprazolam,Benzodiazepine,recreational,designer-benzo | high-potency | no-human-data | research-chemical,,,,no,no,,Presumed high-potency GABA-A BZD-site positive allosteric modulator; loprazolam structural analog. Distinct from flualprazolam.,sedation | amnesia,https://en.wikipedia.org/wiki/Fluloprazolam | PMC9715504 | https://www.ncbi.nlm.nih.gov/pmc/articles/PMC9715504/,"dose_ranges_by_route, duration_by_route, half_life_minutes"
Fluorenol,,9-Hydroxyfluorene | 9-fluorenol | 9H-fluoren-9-OL | Hydrafinil,Eugeroic,recreational,afinil | eugeroic | no-human-data | poorly-characterized | research-chemical | weak-DAT,,,,no,no,,,,,"dose_ranges_by_route, duration_by_route, half_life_minutes, mechanism_of_action, references"
Fluorexetamine,,3-F-2'-oxo-PCE | 3-F-2-oxo-PCE | 3-FXE | 3F-2'-oxo-PCE | FXE,Dissociative,recreational,NMDA-antagonist | arylcyclohexylamine | class:Arylcyclohexylamine | designer-dissociative | research-chemical,insufflation,insufflation | oral,insufflation | oral,yes,yes,,"由于目前缺乏针对该物质的研究，它的药理学讨论主要基于其结构以及与其他芳基环己胺类解离剂（如氯胺酮、PCE 和甲氧艾替胺）的主观效应相似性来推测呢。

尽管尚无科学研究验证，但结构-活性关系分析表明，氟胺酮很可能主要作为一种NMDA受体拮抗剂发挥作用，同时也可能涉及其他神经递质系统哦。

NMDA受体（谷氨酸受体的一种亚型）允许神经信号在大脑和脊髓中的神经元之间传递。只有当受体处于开放状态时，这些信号才能通过呢。而NMDA受体拮抗剂会通过阻断这些受体来干扰信号传递。这种神经信息流的“断开”会导致感觉丧失（麻醉）、运动协调困难，最终可能进入类似“K洞”的状态哦。",,,"half_life_minutes, references"
Fluorolintane,,2-F-DPPy | 2F-DPPy,Dissociative,recreational,DAT > NMDA affinity | habit-forming | pyrrolidine-analogue | research-chemical | tentative,oral,oral,oral,yes,yes,,,,,"half_life_minutes, mechanism_of_action, references"
Fluorometholone,,Fml | Fml Forte,,medical_rx,,,,,no,no,,,,,"dose_ranges_by_route, duration_by_route, half_life_minutes, mechanism_of_action, references"
Fluorouracil,,,,medical_rx,,,,,no,no,14.0,"Fluorouracil is a nucleoside metabolic inhibitor that interferes with the synthesis of deoxyribonucleic acid (DNA) and to a lesser extent inhibits the formation of ribonucleic acid (RNA); these affect rapidly growing cells and may lead to cell death. Fluorouracil is converted to three main active metabolites: 5-fluoro-2′-deoxyuridine-5′-monophosphate (FdUMP), 5-fluorouridine-5′- triphosphate (FUTP) and 5-fluoro-2′-deoxyuridine-5′-triphosphate (FdUTP). These metabolites have several effects including the inhibition of thymidylate synthase by FdUMP, incorporation of FUTP into RNA and incorporation of FdUTP into DNA.",,"FDA label for Fluorouracil injection, Clinical Pharmacology 12.3 — t½ = 8–20 minutes (dose-dependent) | https://dailymed.nlm.nih.gov/dailymed/search.cfm?labeltype=all&query=0069-0169","dose_ranges_by_route, duration_by_route"
Fluoxetine,,Fontex | Prozac | Sarafem | Selfemra | Symbyax,Antidepressant,medical_rx,5-HT2C-antagonist | CYP2D6-inhibitor | CYP2D6-inhibitor-strong | CYP3A4-inhibitor-moderate | SRI | SSRI | activating-SSRI | antidepressant | prescription-only | serotonin-syndrome-risk,,,,no,no,2880.0,Inhibits serotonin reuptake at the presynaptic neurons leading to higher concentrations of serotonin in the neuronal synapse.,,https://www.accessdata.fda.gov/drugsatfda_docs/label/2023/018936s114lbl.pdf | https://en.wikipedia.org/wiki/Fluoxetine | https://www.accessdata.fda.gov/drugsatfda_docs/label/2003/018936s064lbl.pdf,"dose_ranges_by_route, duration_by_route"
Fluphenazine,,Fluphenazine Decanoate | Modecate | Prolixin,Antipsychotic,medical_rx,1st generation antipsychotic | D2-antagonist | antipsychotic | high-EPS-risk | long-acting-injectable | phenothiazine | prescription-only | typical-antipsychotic,oral,oral,,no,yes,1200.0,"Competitively blocks postsynaptic dopamine receptors (notably D2) in the brain. Increased dopamine activity in the brain is thought to be associated with the ""positive"" symptoms of schizophrenia/psychosis such as hallucinations, hearing voices, aggression/hostility, disorganized speech, and psychomotor agitation. Also blocks, to varying degrees, several other subtypes of dopamine receptors (D1, D3, D4, D5), serotonin (5HT-2A, 5HT-2C, and 5HT-7) receptors, histamine-1 receptors, and alpha-1 adrenergic receptors.",,https://www.accessdata.fda.gov/drugsatfda_docs/label/2014/016403s037lbl.pdf | https://en.wikipedia.org/wiki/Fluphenazine,dose_ranges_by_route
Flurandrenolide,,Cordran | Flurandrenolide-topical | Nolix,Endocrine,medical_rx,corticosteroid,,,,no,no,,"Flurandrenolide is a synthetic glucocorticoid with potent anti-inflammatory and immunomodulating properties. After cell entry, it binds to corticosteroid receptors on the nucleus and produces anti-inflammatory, antiproliferative, immunosuppressive, and vasoconstrictive effects that can be beneficial for psoriatic, pruritic, and other corticosteroid responsive dermatoses.",,,"dose_ranges_by_route, duration_by_route, half_life_minutes, references"
Flurazepam,,Dalmadorm | Dalmane | Felison | Flunox | Ro 5-6901 | Sompan | Valdorm,Benzodiazepine,recreational,CYP3A4-substrate | GABAA-PAM | benzodiazepine | class:Benzodiazepine | habit-forming | long-acting-metabolite | prodrug-like,oral,oral,oral,yes,yes,150.0,,,https://www.drugs.com/monograph/flurazepam.html,mechanism_of_action
Flutazolam,,,Benzodiazepine,recreational,GABAA-PAM | benzodiazepine | habit-forming,oral,oral,oral,yes,yes,,,,,"half_life_minutes, mechanism_of_action, references"
Fluticasone,,Allergy Nasal | Beser | Careone Fluticasone Propionate | Childrens 24 Hour Allergy Relief Nasal | Cutivate | Flonase | Flonase Sensimist | Flovent | Fluticasone-nasal | Fluticasone-topical | Leader Allergy Relief Nasal | Up And Up Allergy Relief Nasal | Xhance | 氟替卡松,Endocrine,otc,OTC-nasal | anti-inflammatory | corticosteroid | prescription-only,,,,no,no,,"Fluticasone is a synthetic glucocorticoid that reduces inflammation and causes vasoconstriction in the nasal passage. Corticosteroids exert a wide range of actions on several cell types (e.g., mast cells, eosinophils, neutrophils, macrophages, lymphocytes) and mediators (e.g., histamine, eicosanoids, leukotrienes, cytokines) involved in inflammation.",,https://en.wikipedia.org/wiki/Fluticasone,"dose_ranges_by_route, duration_by_route, half_life_minutes"
Fluticasone furoate,,Arnuity Ellipta,Endocrine,otc,inhaled corticosteroid,,,,no,no,,"Inhaled corticosteroids reduce inflammation in the airways, an important component in the pathogenesis of inflammatory lung disease, through a wide range of actions on several cell types (e.g., mast cells, eosinophils, neutrophils, macrophages, lymphocytes) and mediators (e.g., histamine, eicosanoids, leukotrienes, cytokines) involved in inflammation.",,,"dose_ranges_by_route, duration_by_route, half_life_minutes, references"
Fluticasone propionate,,ArmonAir Digihaler | Flovent Diskus | Flovent HFA | Fluticasone propionate-inhaled,Endocrine,medical_rx,inhaled corticosteroid,,,,no,no,,"Inhaled corticosteroids reduce inflammation in the airways, an important component in the pathogenesis of inflammatory lung disease, through a wide range of actions on several cell types (e.g., mast cells, eosinophils, neutrophils, macrophages, lymphocytes) and mediators (e.g., histamine, eicosanoids, leukotrienes, cytokines) involved in inflammation.",,,"dose_ranges_by_route, duration_by_route, half_life_minutes, references"
Fluticasone-Salmeterol,,Advair Diskus/HFA | AirDuo Respiclick | Wixela Inhub,Endocrine,medical_rx,inhaled corticosteroid | long-acting beta-2 agonist,,,,no,no,,"Fluticasone: Inhaled corticosteroids reduce inflammation in the airways, an important component in the pathogenesis of inflammatory lung disease, through a wide range of actions on several cell types (e.g., mast cells, eosinophils, neutrophils, macrophages, lymphocytes) and mediators (e.g., histamine, eicosanoids, leukotrienes, cytokines) involved in inflammation. Salmeterol: Selectively agonizes beta-2 adrenergic receptors in the airways causing smooth muscle relaxation and bronchodilation.",,,"dose_ranges_by_route, duration_by_route, half_life_minutes, references"
Fluticasone-Umeclidinium-Vilanterol,,Trelegy Ellipta,Endocrine,medical_rx,inhaled corticosteroid | long-acting beta-2 agonist | long-acting muscarinic antagonist,,,,no,no,,"Fluticasone: Inhaled corticosteroids reduce inflammation in the airways, an important component in the pathogenesis of inflammatory lung disease, through a wide range of actions on several cell types (e.g., mast cells, eosinophils, neutrophils, macrophages, lymphocytes) and mediators (e.g., histamine, eicosanoids, leukotrienes, cytokines) involved in inflammation. Umeclidinium: Reversibly competes and antagonizes muscarinic receptors in the airways causing smooth muscle relaxation and bronchodilation Vilanterol: Selectively agonizes beta-2 adrenergic receptors in the airways causing smooth muscle relaxation and bronchodilation.",,,"dose_ranges_by_route, duration_by_route, half_life_minutes, references"
Fluticasone-Vilanterol,,Breo Ellipta,Endocrine,medical_rx,inhaled corticosteroid | long-acting beta-2 agonist,,,,no,no,,"Fluticasone: Inhaled corticosteroids reduce inflammation in the airways, an important component in the pathogenesis of inflammatory lung disease, through a wide range of actions on several cell types (e.g., mast cells, eosinophils, neutrophils, macrophages, lymphocytes) and mediators (e.g., histamine, eicosanoids, leukotrienes, cytokines) involved in inflammation. Vilanterol: Selectively agonizes beta-2 adrenergic receptors in the airways causing smooth muscle relaxation and bronchodilation.",,,"dose_ranges_by_route, duration_by_route, half_life_minutes, references"
Flutoprazepam,,FZP | N-desalkylflutoprazepam | Restas,Benzodiazepine,recreational,GABAA-PAM | benzodiazepine | class:Benzodiazepine | habit-forming | long-half-life,oral,oral,oral,yes,yes,3000.0,,,"Pharmacokinetics of flutoprazepam, a novel benzodiazepine drug, in normal subjects.",mechanism_of_action
Fluvastatin,,Lescol | Lescol XL,,medical_rx,antihyperlipidemic | statin,,,,no,no,180.0,"Inhibits HMG-CoA reductase, the rate-limiting enzyme that converts 3-hydroxy-3-methylglutaryl-coenzyme A to mevalonate, a precursor of sterols, including cholesterol.",,"FDA label for Fluvastatin capsules, Clinical Pharmacology 12.3 — t½ ≈ 3 hours | https://dailymed.nlm.nih.gov/dailymed/search.cfm?labeltype=all&query=0093-7442","dose_ranges_by_route, duration_by_route"
Fluvoxamine,,Dumirox | Fevarin | Floxyfral | Luvox | faverin,Antidepressant,medical_rx,CYP1A2-inhibitor | CYP1A2-inhibitor-strong | SSRI | antidepressant | prescription-only | serotonin-syndrome-risk | sigma-1-agonist | sigma1-agonist,,,,no,no,900.0,,,https://www.accessdata.fda.gov/drugsatfda_docs/label/2008/019842s034lbl.pdf | https://en.wikipedia.org/wiki/Fluvoxamine | https://dailymed.nlm.nih.gov/dailymed/search.cfm?labeltype=all&query=0185-0017,"dose_ranges_by_route, duration_by_route, mechanism_of_action"
Folate,,5-MTHF | L-5-MTHF | L-Methylfolate | Metafolin | Methylfolate | Vitamin B9,Supplement,otc,B-vitamin | OTC | methylation | prenatal | supplement | vitamin | water-soluble,oral,oral,oral,yes,no,270.0,,,https://ods.od.nih.gov/factsheets/Folate-HealthProfessional/ | https://en.wikipedia.org/wiki/Folic_acid,"duration_by_route, mechanism_of_action"
Folic Acid,,,,medical_rx,,,,,no,no,,,,,"dose_ranges_by_route, duration_by_route, half_life_minutes, mechanism_of_action, references"
Follistatin 315,,FST-315,Peptide,medical_rx,no-human-data | peptide | wada-prohibited,,,,no,no,,Activin/myostatin-binding glycoprotein isoform (circulating form).,,PNAS,"dose_ranges_by_route, duration_by_route, half_life_minutes"
Follistatin 344,,FST-344,Peptide,medical_rx,no-human-data | peptide | wada-prohibited,,,,no,no,,Activin/myostatin-binding glycoprotein isoform (cell-surface form).,,PNAS,"dose_ranges_by_route, duration_by_route, half_life_minutes"
Fosazepam,,,Benzodiazepine,recreational,benzodiazepine | class:Benzodiazepine,oral,oral,oral,yes,yes,,,,,"half_life_minutes, mechanism_of_action, references"
FOXO4-DRI,,senolytic peptide,Peptide,medical_rx,longevity | no-human-data | peptide,,,,no,no,,Senolytic D-retro-inverso peptide that disrupts FOXO4-p53 binding.,,Baar 2017 Cell,"dose_ranges_by_route, duration_by_route, half_life_minutes"
Fremanezumab,,Ajovy,,medical_rx,cgrp antagonist,,,,no,no,,"Binds to the calcitonin gene-related peptide (CGRP) ligand, thus preventing binding to the CGRP receptor. When the CGRP ligand binds to its receptor, it activates a cascade of events associated with migraine pain.",,,"dose_ranges_by_route, duration_by_route, half_life_minutes, references"
Frovatriptan,,Frova,,medical_rx,5-ht1b/1d agonist | triptan,,,,no,no,1560.0,"Selectively agonizes 5-HT1B/1D receptors causing vasoconstriction of cranial blood vessels, inhibition of pro-inflammatory neuropeptide release, and decreased pain transmission.",,"FDA label for frovatriptan succinate, Clinical Pharmacology/Pharmacokinetics — mean terminal elimination half-life approximately 26 hours","dose_ranges_by_route, duration_by_route"
Furanylfentanyl,,Fu-F | Furanyl fentanyl | Furanyl-fentanyl,Opioid,recreational,CYP3A4-substrate | class:Anilide fentanyl analogue | habit-forming | mu-full-agonist | mu-opioid-agonist | research-chemical | tentative | wooden-chest-syndrome-risk,insufflation,insufflation | oral,insufflation | oral,yes,yes,,,,,"half_life_minutes, mechanism_of_action, references"
Furosemide,,Lasix,Cardiovascular,medical_rx,antihypertensive | loop diuretic,,,,no,no,120.0,"Inhibits sodium-potassium-chloride cotransporters at the ascending Loop of Henle of nephrons, producing a potent diuretic effect that causes increased excretion of sodium, chloride, potassium, magnesium, calcium, and water. Loop diuretics cause retention of bicarbonate and uric acid.",,https://dailymed.nlm.nih.gov/dailymed/search.cfm?labeltype=all&query=23155-473,"dose_ranges_by_route, duration_by_route"
G-130,,,Stimulant,recreational,research-chemical | tentative,,,,no,no,,,,,"dose_ranges_by_route, duration_by_route, half_life_minutes, mechanism_of_action, references"
G-3,,,Psychedelic,recreational,PIHKAL | no-human-data | phenethylamine,oral,oral,oral,yes,yes,,,,https://erowid.org/library/books_online/pihkal/pihkal082.shtml,"half_life_minutes, mechanism_of_action"
G-5,,,Psychedelic,recreational,PIHKAL | no-human-data | phenethylamine,oral,oral,oral,yes,yes,,,,https://erowid.org/library/books_online/pihkal/pihkal084.shtml,"half_life_minutes, mechanism_of_action"
GABA,,Gamma-Amino Butyric Acid | Gamma-Aminobutyric Acid | γ-aminobutyric acid,Supplement,recreational,GABAergic | OTC | amino-acid | anxiolytic | endogenous-neurotransmitter | poor-BBB-penetration | supplement | supplement-questionable-efficacy,oral,oral,oral,yes,yes,60.0,,,https://en.wikipedia.org/wiki/Gamma-Aminobutyric_acid | https://examine.com/supplements/gaba/,mechanism_of_action
Gaboxadol,,Lu 02-030 | MK-0928 | MK0928 | THIP | 加波沙多 | 四氢异噁唑并吡啶,Depressant,recreational,class:3-hydroxyisoxazole | class:Isoxazole derivative,oral,oral,oral,yes,yes,,"Gaboxadol acts on the GABA system, but in a manner distinct from benzodiazepines and other GABAergic depressants. Lundbeck has reported that gaboxadol also increases deep sleep (stage 4).",,,"half_life_minutes, references"
Galcanezumab,,Emgality,,medical_rx,cgrp antagonist,,,,no,no,,"Binds to the calcitonin gene-related peptide (CGRP) ligand, thus preventing binding to the CGRP receptor. When the CGRP ligand binds to its receptor, it activates a cascade of events associated with migraine pain.",,,"dose_ranges_by_route, duration_by_route, half_life_minutes, references"
Galsulfase,,Naglazyme,,medical_rx,,,,,no,no,,"Mucopolysaccharide storage disorders are caused by the deficiency of specific lysosomal enzymes required for the catabolism of GAG. MPS VI is characterized by the absence or marked reduction in N –acetylgalactosamine 4-sulfatase. The sulfatase activity deficiency results in the accumulation of the GAG substrate, dermatan sulfate, throughout the body. This accumulation leads to widespread cellular, tissue, and organ dysfunction. Naglazyme is intended to provide an exogenous enzyme that will be taken up into lysosomes and increase the catabolism of GAG. Galsulfase uptake by cells into lysosomes is most likely mediated by the binding of mannose-6-phosphate-terminated oligosaccharide chains of galsulfase to specific mannose-6-phosphate receptors.",,,"dose_ranges_by_route, duration_by_route, half_life_minutes, references"
Ganciclovir,,valganciclovir,,medical_rx,,,,,no,no,,Valganciclovir is an antiviral drug with activity against CMV.,,,"dose_ranges_by_route, duration_by_route, half_life_minutes, references"
Ganesha,,,Psychedelic,recreational,PIHKAL | phenethylamine,oral,oral,oral,yes,yes,,,,https://erowid.org/library/books_online/pihkal/pihkal085.shtml,"half_life_minutes, mechanism_of_action"
GBL,,"1,2-Butanolide | 1,4-butanolide | 1,4-内酯 | 4-丁内酯 | 4-羟基丁酸内酯 | Butyrolactone | Easy Lay | G | Gamma-Butyrolactone | Geebs | Goop | Grievous Bodily Harm | Juice | Liquid Ecstasy | Liquid X | Scoop | γ-butyrolactone | γ-丁内酯 | γ-羟基丁酸内酯 | 氧杂环戊烷-2-酮",Depressant,recreational,GHB-prodrug | PON1-substrate | class:lactone | habit-forming | rapid-onset,oral,oral,oral,yes,yes,,Prodrug → GHB (GABA-B Agonist),,,"half_life_minutes, references"
Gemcitabine,,,,medical_rx,,,,,no,no,,,,,"dose_ranges_by_route, duration_by_route, half_life_minutes, mechanism_of_action, references"
Gentamicin,,,,medical_rx,,,,,no,no,,,,,"dose_ranges_by_route, duration_by_route, half_life_minutes, mechanism_of_action, references"
Gepirone,,Ariza | Exxua,Other,medical_rx,5HT1A-agonist | anxiolytic | azapirone | prescription-only | serotonin-agonist,oral,oral,oral,yes,yes,300.0,,,"FDA label for Exxua (gepirone) extended-release tablets, Section 12.3 Pharmacokinetics - Elimination | https://en.wikipedia.org/wiki/Gepirone",mechanism_of_action
GHK-Cu,,Copper peptide GHK-Cu | Copper tripeptide-1,Peptide,medical_rx,anti-aging | dermatological | gray-market | healing-peptide | peptide,subcutaneous,subcutaneous | transdermal,subcutaneous | transdermal,yes,no,60.0,,,Oral Collagen Supplementation: A Systematic Review of Dermatological Applications. | https://en.wikipedia.org/wiki/GHK-Cu,mechanism_of_action
GHRP-2,,Growth Hormone Releasing Peptide 2 | KP-102 | Pralmorelin,Peptide,medical_rx,GH-secretagogue | gray-market | peptide | performance-enhancing,subcutaneous,subcutaneous,subcutaneous,yes,yes,30.0,,,https://en.wikipedia.org/wiki/GHRP-2,mechanism_of_action
GHRP-6,,GH-releasing hexapeptide 6 | Growth Hormone Releasing Peptide 6 | Growth hormone releasing hexapeptide | SKF-110679 | Skf 110679 | growth hormone releasing peptide-6 | growth hormone-releasing hexapeptide,Peptide,medical_rx,GH-secretagogue | gray-market | no-human-data | peptide | performance-enhancing | tryptamine,subcutaneous,subcutaneous,subcutaneous,yes,yes,30.0,,,Pathogenesis of Candida vulvovaginitis. | https://en.wikipedia.org/wiki/GHRP-6,mechanism_of_action
Gidazepam,,Bromonordiazepam | Desalkylgidazepam | Gidazepam IC | Gidazepam monohydrate | Hidazepam | Hydazepam,Benzodiazepine,recreational,class:Benzodiazepine | designer-benzo | post-Soviet | prodrug,oral,oral,oral,yes,yes,,,,,"half_life_minutes, mechanism_of_action, references"
Ginkgo Biloba,,EGb 761 | Ginkgo | Maidenhair Tree Extract,Supplement,otc,MAO-inhibitor-weak | OTC | anticoagulant | antioxidant | cognitive-enhancement | herbal | nootropic | supplement,oral,oral,oral,yes,yes,210.0,,,https://en.wikipedia.org/wiki/Ginkgo_biloba | https://examine.com/supplements/ginkgo-biloba/,mechanism_of_action
Glaucine,,Bofedrol,Opioid,recreational,antitussive | aporphine-alkaloid | habit-forming | not-opioid | tentative,oral,oral,oral,yes,yes,,,,,"half_life_minutes, mechanism_of_action, references"
Glimepiride,,Amaryl,,medical_rx,antidiabetic | sulfonylurea,,,,no,no,,"Stimulates insulin secretion from pancreatic beta cells, decreasing postprandial blood glucose.",,,"dose_ranges_by_route, duration_by_route, half_life_minutes, references"
Glipizide,,Glucotrol | Glucotrol XL,,medical_rx,antidiabetic | sulfonylurea,,,,no,no,,"Stimulates insulin secretion from pancreatic beta cells, decreasing postprandial blood glucose.",,,"dose_ranges_by_route, duration_by_route, half_life_minutes, references"
Glutathione,,GSH | Reduced Glutathione,Supplement,otc,OTC | amino-acid-derivative | antioxidant | detoxification | supplement,oral,oral | sublingual,oral | sublingual,yes,yes,90.0,,,https://ods.od.nih.gov/factsheets/Antioxidants-HealthProfessional/ | https://en.wikipedia.org/wiki/Glutathione,mechanism_of_action
Glutethimide,,doriden | elrodorm | glimid | noxyron,Depressant,recreational,CYP-inducer | anticholinergic | habit-forming | non-barbiturate-hypnotic,oral,oral,oral,yes,yes,,,,,"half_life_minutes, mechanism_of_action, references"
Glyburide,,Diabeta | Glynase,,medical_rx,antidiabetic | sulfonylurea,,,,no,no,,"Stimulates insulin secretion from pancreatic beta cells, decreasing postprandial blood glucose.",,,"dose_ranges_by_route, duration_by_route, half_life_minutes, references"
Glycine,,2-Aminoacetic Acid | Aminoacetic Acid | Gly,Supplement,otc,GABAergic | NMDA-modulator | OTC | amino-acid | collagen-precursor | sleep | supplement,oral,oral,oral,yes,yes,75.0,,,https://en.wikipedia.org/wiki/Glycine | https://examine.com/supplements/glycine/,mechanism_of_action
Glycopyrrolate,,Seebri Neohaler,,medical_rx,long-acting muscarinic antagonist,,,,no,no,,Reversibly competes and antagonizes muscarinic receptors in the airways causing smooth muscle relaxation and bronchodilation.,,,"dose_ranges_by_route, duration_by_route, half_life_minutes, references"
Glycopyrrolate-Formoterol,,Bevespi Aerosphere,,medical_rx,long-acting beta-2 agonist | long-acting muscarinic antagonist,,,,no,no,,Glycopyrrolate: Reversibly competes and antagonizes muscarinic receptors in the airways causing smooth muscle relaxation and bronchodilation. Formoterol: Selectively agonizes beta-2 adrenergic receptors in the airways causing smooth muscle relaxation and bronchodilation.,,,"dose_ranges_by_route, duration_by_route, half_life_minutes, references"
Gonadorelin,,Fertagyl | GnRH | GnRH-I | Gonadoliberin I | Gonadorelin decapeptide | Gonadorelina | Gonadorelinum | Gonadoréline | Gonadotropin-releasing hormone | Luteinizing Hormone-releasing Factor Diacetate Tetrahydrate,Other,recreational,no-human-data | tryptamine,subcutaneous,subcutaneous,,no,no,,,,,"half_life_minutes, mechanism_of_action, references"
Granisetron,,,,medical_rx,,,,,no,no,,"Granisetron is a selective 5-hydroxytryptamine 3 (5-HT 3 ) receptor antagonist with little or no affinity for other serotonin receptors, including 5-HT 1; 5-HT 1A; 5-HT 1B/C; 5-HT 2; for alpha 1 -, alpha 2 - or beta-adrenoreceptors; for dopamine-D 2; or for histamine-H 1; benzodiazepine; picrotoxin or opioid receptors. Serotonin receptors of the 5-HT 3 type are located peripherally on vagal nerve terminals and centrally in the chemoreceptor trigger zone of the area postrema. During chemotherapy-induced vomiting, mucosal enterochromaffin cells release serotonin, which stimulates 5-HT 3 receptors. This evokes vagal afferent discharge and may induce vomiting. Animal studies demonstrate that, in binding to 5-HT 3 receptors, Granisetron blocks serotonin stimulation and subsequent vomiting after emetogenic stimuli such as cisplatin. In the ferret animal model, a single Granisetron injection prevented vomiting due to high-dose cisplatin or arrested vomiting within 5 to 30 seconds.",,,"dose_ranges_by_route, duration_by_route, half_life_minutes, references"
Griseofulvin,,Griseofulviin | Grisofulvin | Ultramicrosize Griseofulvin,,medical_rx,,,,,no,no,990.0,,,"FDA label for Griseofulvin Microsize oral suspension (griseofulvin), Clinical Pharmacology — t½ 9 to 24 hours | https://dailymed.nlm.nih.gov/dailymed/search.cfm?labeltype=all&query=0472-0013","dose_ranges_by_route, duration_by_route, mechanism_of_action"
Guaifenesin,,Humibid | Mucinex | Robitussin,Other,otc,OTC | expectorant | muscle-relaxant-mild,oral,oral,oral,yes,yes,60.0,,,https://en.wikipedia.org/wiki/Guaifenesin | https://dailymed.nlm.nih.gov/dailymed/search.cfm?labeltype=all&query=37205-628,mechanism_of_action
Guanfacine,,Intuniv | Tenex,Cardiovascular,medical_rx,ADHD | alpha2-agonist | antihypertensive | anxiolytic | centrally-acting alpha-2 agonist | prescription-only,oral,oral,,no,yes,1020.0,"Guanfacine is a central alpha 2A-adrenergic receptor agonist. Stimulation of alpha-adrenoceptors in the brain stem results in reduced sympathetic outflow from the central nervous system and decreases in peripheral resistance, renal vascular resistance, heart rate, and blood pressure. The mechanism of action of guanfacine in ADHD is not known.",,https://en.wikipedia.org/wiki/Guanfacine,dose_ranges_by_route
H4CBD,,Hexahydrocannabidiol | Hydrogenated CBD | Tetrahydrocannabidiol,Cannabinoid,recreational,cannabinoid | hydrogenated | limited-research | non-intoxicating | semi-synthetic | therapeutic,inhalation,inhalation | oral,inhalation | oral,yes,yes,1800.0,,,,"mechanism_of_action, references"
Halazepam,,Alapryl | Halazpam | Pacinone | Paxipam | SCH-12041 | Sch 12041,Benzodiazepine,recreational,GABAA-PAM | benzodiazepine | class:Benzodiazepine | habit-forming | prodrug-of-nordazepam,oral,oral,oral,yes,yes,,,,,"half_life_minutes, mechanism_of_action, references"
Halcinonide,,Halcinonide-topical | Halog,Endocrine,medical_rx,corticosteroid,,,,no,no,,"Halcinonide is a synthetic glucocorticoid with potent anti-inflammatory and immunomodulating properties. After cell entry, it binds to corticosteroid receptors on the nucleus and produces anti-inflammatory, antiproliferative, immunosuppressive, and vasoconstrictive effects that can be beneficial for psoriatic, pruritic, and other corticosteroid responsive dermatoses.",,,"dose_ranges_by_route, duration_by_route, half_life_minutes, references"
Halobetasol,,Bryhali | Halobetasol-topical | Lexette | Ultravate,Endocrine,medical_rx,corticosteroid,,,,no,no,,"Halobetasol is a synthetic glucocorticoid with potent anti-inflammatory and immunomodulating properties. After cell entry, it binds to corticosteroid receptors on the nucleus and produces anti-inflammatory, antiproliferative, immunosuppressive, and vasoconstrictive effects that can be beneficial for psoriatic, pruritic, and other corticosteroid responsive dermatoses.",,,"dose_ranges_by_route, duration_by_route, half_life_minutes, references"
Halothane,,,Depressant,recreational,MH-trigger | halothane-hepatitis | tentative | volatile-anaesthetic,,,,no,no,,,,,"dose_ranges_by_route, duration_by_route, half_life_minutes, mechanism_of_action, references"
Harmaline,,harmidine,Psychedelic,recreational,CYP2D6-substrate | RIMA | TIHKAL | tryptamine,oral,oral,oral,yes,yes,,,,https://erowid.org/library/books_online/tihkal/tihkal13.shtml,"half_life_minutes, mechanism_of_action"
Harmine,,banisterine | yageine,Psychedelic,recreational,CYP1A2-substrate | DYRK1A-inhibitor | MAO-A-IC50-low-nM | RIMA | TIHKAL | tryptamine,,,,no,no,,,,https://erowid.org/library/books_online/tihkal/tihkal14.shtml,"dose_ranges_by_route, duration_by_route, half_life_minutes, mechanism_of_action"
Hawaiian Baby Woodrose,,夏威夷小木玫瑰,,medical_rx,,,,,no,no,,,,,"dose_ranges_by_route, duration_by_route, half_life_minutes, mechanism_of_action, references"
HDEP-28,,ethylnaphthidate,Stimulant,recreational,habit-forming | research-chemical | tentative,insufflation,insufflation | oral,insufflation | oral,yes,yes,,,,,"half_life_minutes, mechanism_of_action, references"
HDMP-28,,methylnaphtidate,Stimulant,recreational,habit-forming | research-chemical | tentative,oral,oral,oral,yes,yes,,,,,"half_life_minutes, mechanism_of_action, references"
Heparin,,Heparin Sodium,,medical_rx,,,,,no,no,,"Heparin interacts with the naturally occurring plasma protein, Antithrombin III, to induce a conformational change, which markedly enhances the serine protease activity of Antithrombin III, thereby inhibiting the activated coagulation factors involved in the clotting sequence, particularly Xa and IIa. Small amounts of heparin inhibit Factor Xa, and larger amounts inhibit thrombin (Factor IIa). Heparin also prevents the formation of a stable fibrin clot by inhibiting the activation of the fibrin stabilizing factor. Heparin does not have fibrinolytic activity; therefore, it will not lyse existing clots.",,,"dose_ranges_by_route, duration_by_route, half_life_minutes, references"
Herkinorin,,Salvinorin B benzoate,Opioid,recreational,MOR-selective-on-salvinorin-scaffold | biased-agonist | biased-agonist-G-protein-contested | mu-opioid-agonist | no-human-data | research-chemical | research-tool-compound | salvinorin-derivative,,,,no,no,,,,Membrane resealing: synaptotagmin VII keeps running the show. | https://en.wikipedia.org/wiki/Herkinorin,"dose_ranges_by_route, duration_by_route, half_life_minutes, mechanism_of_action"
Hexarelin,,EP-23905 | Examorelin | MF-6003,Peptide,medical_rx,GH-secretagogue | gray-market | peptide | performance-enhancing,subcutaneous,subcutaneous,subcutaneous,yes,yes,60.0,,,National total hip replacement audit project. | https://en.wikipedia.org/wiki/Hexarelin,mechanism_of_action
Hexedrone,,α-Methylamino-hexanophenone,Stimulant,recreational,DAT-NET-blocker | cathinone | class:cathinone | habit-forming | no-human-data | research-chemical | tentative,oral,oral,oral,yes,yes,,,,https://en.wikipedia.org/wiki/Hexedrone,"half_life_minutes, mechanism_of_action"
Hexen,,N-Ethylhexedrone | NEH | ethyl-hexedrone | hex-en | n-ethyl-hexedrone,Stimulant,recreational,habit-forming | research-chemical | tentative,inhalation,inhalation | insufflation | oral,inhalation | insufflation | oral,yes,yes,,"关于 N-ethylhexedrone 以及其他取代卡西酮类物质在人类体内的药代动力学与药效动力学，目前几乎没有数据。NEH 很可能是一种强效的多巴胺和去甲肾上腺素再摄取抑制剂，不会释放神经递质，也不会影响其他神经递质。和苯丙胺一样，合成卡西酮通过提高突触间隙中儿茶酚胺（如多巴胺、血清素和去甲肾上腺素）的浓度来发挥其兴奋和拟交感作用。这些分子能够抑制单胺再摄取转运体，从而减少神经递质从突触中的清除。此外，它们还可能促使生物胺从细胞内储存中释放出来。看起来 N-ethylhexedrone 对多巴胺转运体具有较高亲和性。

基于其结构，并假设 N-ethylhexedrone 的代谢方式与其他卡西酮类似，这种化合物很可能经由 N-去烷基化和/或羰基还原，随后再进行 N-去烷基化而代谢。

一般来说，由于 β-酮基增加了分子极性，合成卡西酮穿过血脑屏障的能力通常弱于苯丙胺。与其他合成卡西酮不同，吡咯烷衍生物由于吡咯烷环赋予这些分子较低的极性，因此更容易穿过血脑屏障。关于合成卡西酮代谢的研究表明，它们会发生 N-去甲基化，酮基会被还原为羟基，而环上的烷基则会被氧化。",,,"half_life_minutes, references"
Hexobarbital,,Evipal,Depressant,recreational,CYP2C19-probe-drug | barbiturate-short-acting | habit-forming | tentative,oral,oral,oral,yes,yes,,,,,"half_life_minutes, mechanism_of_action, references"
HHC,,9α-Hexahydrocannabinol | 9β-HHC | Hexahydrocannabinol,Cannabinoid,recreational,CB1-partial-agonist | cannabinoid | hydrogenated | psychoactive | semi-synthetic,inhalation,inhalation | oral,inhalation | oral,yes,yes,1200.0,,,https://en.wikipedia.org/wiki/Hexahydrocannabinol,mechanism_of_action
HHC-O,,O-acetyl-HHC,Cannabinoid,recreational,CB1-partial-agonist | cannabinoid | evali-risk | limited-research | prodrug | psychoactive | semi-synthetic,inhalation,inhalation,inhalation,yes,yes,1200.0,,,https://en.wikipedia.org/wiki/Hexahydrocannabinol,mechanism_of_action
HHCP,,HHC-P | Hexahydrocannabiphorol,Cannabinoid,recreational,CB1-full-agonist | cannabinoid | high-risk | limited-research | psychoactive | semi-synthetic | ultra-potent,inhalation,inhalation,inhalation,yes,yes,2400.0,,,https://en.wikipedia.org/wiki/Hexahydrocannabiphorol,mechanism_of_action
Holy Basil,,Ocimum sanctum | Ocimum tenuiflorum | Sacred Basil | Tulsi,Supplement,otc,HPA-modulator | OTC | adaptogen | anti-inflammatory | anxiolytic | herbal | supplement,oral,oral,oral,yes,yes,240.0,,,https://en.wikipedia.org/wiki/Ocimum_tenuiflorum | https://examine.com/supplements/holy-basil/,mechanism_of_action
Homarylamine,,MDMPEA | N-methyl-PEA,,recreational,class:Phenethylamine,insufflation,insufflation | oral,,no,yes,,,,,"dose_ranges_by_route, half_life_minutes, mechanism_of_action, references"
Homomazindol,,,Stimulant,recreational,NDRI | habit-forming | research-chemical | tentative,,,,no,no,,,,,"dose_ranges_by_route, duration_by_route, half_life_minutes, mechanism_of_action, references"
Homosildenafil,,,Other,recreational,research-chemical,oral,oral,oral,yes,yes,,,,,"half_life_minutes, mechanism_of_action, references"
Hordenine,,"N,N-Dimethyltyramine | anhaline | dimethyltyramine",Other,recreational,MAO-B-substrate | TAAR1-agonist | no-human-data | phenethylamine,,,,no,no,,,,,"dose_ranges_by_route, duration_by_route, half_life_minutes, mechanism_of_action, references"
HOT-17,,,Psychedelic,recreational,PIHKAL | phenethylamine,oral,oral,oral,yes,yes,,,,https://erowid.org/library/books_online/pihkal/pihkal089.shtml,"half_life_minutes, mechanism_of_action"
HOT-2,,hot2,Psychedelic,recreational,PIHKAL | phenethylamine | research-chemical | tentative,oral,oral,oral,yes,yes,,,,https://erowid.org/library/books_online/pihkal/pihkal087.shtml,"half_life_minutes, mechanism_of_action"
HOT-7,,hot7,Empathogen,recreational,PIHKAL | phenethylamine | research-chemical | tentative,oral,oral,oral,yes,yes,,,,https://erowid.org/library/books_online/pihkal/pihkal088.shtml,"half_life_minutes, mechanism_of_action"
Humanin,,HN | HNG,Peptide,medical_rx,longevity | no-human-data | peptide,,,,no,no,30.0,Mitochondrial-derived peptide; cytoprotective and anti-apoptotic.,,https://en.wikipedia.org/wiki/Humanin,"dose_ranges_by_route, duration_by_route"
Huperzine A,,HupA | Selagine,Nootropic,recreational,AChE-inhibitor | AChE-inhibitor-potent-reversible | NMDA-antagonist | NMDA-weak-clinically-negligible | cholinergic | donepezil-equivalent-mechanism | nootropic,oral,oral,oral,yes,no,720.0,,,https://en.wikipedia.org/wiki/Huperzine_A,"duration_by_route, mechanism_of_action"
Huperzine-a,,h-a,Nootropic,recreational,tentative,insufflation,insufflation,insufflation,yes,yes,,,,,"half_life_minutes, mechanism_of_action, references"
HXE,,3-HO-2'-氧代-PCE | 3-HO-2-oxo-PCE | Hydroxetamine,Dissociative,recreational,NMDA-antagonist | arylcyclohexylamine | class:Arylcyclohexylamine | class:arylcyclohexylamines | no-human-data | possible-μ-opioid-agonist | research-chemical | respiratory-depression-risk,insufflation,insufflation | oral | sublingual,insufflation | oral | sublingual,yes,yes,,关于这种物质的药理学知之甚少，但作为一种芳基环己胺，可以合理地假设它是一种 NMDA受体拮抗剂。解离剂通过阻断 NMDA 受体来使其关闭。这种神经元的断连会导致感觉丧失、移动困难，并最终产生与著名的“K-hole”几乎完全相同的体验。,,"In Europe, an early, cold dawn for modern humans.",half_life_minutes
Hyaluronidase,,Hydase,,medical_rx,,,,,no,no,2.1,"Hyaluronidase is a spreading or diffusing substance which modifies the permeability of connective tissue through the hydrolysis of hyaluronic acid, a polysaccharide found in the intercellular ground substance of connective tissue, and of certain specialized tissues, such as the umbilical cord and vitreous humor. Hyaluronic acid is also present in the capsules of type A and C hemolytic streptococci. Hyaluronidase hydrolyzes hyaluronic acid by splitting the glucosaminidic bond between C1 of the glucosamine moiety and C4 of glucuronic acid. This temporarily decreases the viscosity of the cellular cement and promotes diffusion of injected fluids or of localized transudates or exudates, thus facilitating their absorption. Hyaluronidase cleaves glycosidic bonds of hyaluronic acid and, to a variable degree, some other acid mucopolysaccharides of the connective tissue.",,The role of hyaluronidase in the treatment of complications from hyaluronic acid dermal fillers,"dose_ranges_by_route, duration_by_route"
Hydergine,,Dihydroergotoxine | Ergoloid mesylates,Nootropic,recreational,alpha-antagonist | ergot-derivative | ergot-mixture | nootropic,oral,oral,oral,yes,no,,,,https://en.wikipedia.org/wiki/Ergoloid,"duration_by_route, half_life_minutes, mechanism_of_action"
Hydrochlorothiazide,,Microzide,Cardiovascular,medical_rx,antihypertensive | thiazide diuretic,,,,no,no,612.0,"Inhibits sodium reabsorption by inhibiting the sodium-chloride cotransporters in the distal convoluted tubule of nephrons, causing increased excretion of sodium, chloride, potassium, magnesium, and water. Thiazide diuretics cause retention of calcium, bicarbonate, and uric acid.",,"FDA label for Lisinopril and Hydrochlorothiazide (hydrochlorothiazide), Clinical Pharmacology — t1/2 ≈ 5.6-14.8 h","dose_ranges_by_route, duration_by_route"
Hydrocodone-Acetaminophen,,Lorcet | Lortab | Norco | Vicodin,Opioid,recreational,analgesic | antipyretic | opioid,,,,no,no,,"Hydrocodone: is a semisynthetic full opioid agonist that binds to opioid receptors (primarily mu-opioid receptors) blocking transmission of nociceptive signals and inhibiting other pain pathways. The primary therapeutic action is analgesia, however, this agent also exhibits dose-related degrees of anxiolysis, euphoria, sedation, respiratory depression, and gastrointestinal system smooth muscle contraction. Acetaminophen: The mechanism of action of acetaminophen is not well-defined. Its antipyretic and analgesic activity are thought to result from inhibition of prostaglandin synthesis and release in the central nervous system. Inhibition of the nitric oxide (NO) pathway via action on neurotransmitter receptors, such as N-methyl-D-aspartate (NMDA) and substance P, also may result in elevation of the pain threshold.",,,"dose_ranges_by_route, duration_by_route, half_life_minutes, references"
Hydrocortisone,,Cortaid | Cortef | Cortifoam | Cortisone | Cortizone | Hydrocortisone Butyrate | Hydrocortisone-topical | Procto-pak | Westcort | various other brands | 氢化可的松,Endocrine,medical_rx,OTC-topical | anti-inflammatory | corticosteroid,,,,no,no,102.0,"Hydrocortisone is a synthetic glucocorticoid with potent anti-inflammatory and immunomodulating properties. After cell entry, it binds to corticosteroid receptors on the nucleus and produces anti-inflammatory, antiproliferative, immunosuppressive, and vasoconstrictive effects that can be beneficial for psoriatic, pruritic, and other corticosteroid responsive dermatoses.",,https://en.wikipedia.org/wiki/Hydrocortisone | 10.1002/j.1552-4604.1991.tb01906.x,"dose_ranges_by_route, duration_by_route"
Hydromorphone,,Dihydromorphinone | Dilaudid | Dimorphone | Exalgo | Hidromorfona | Hydromorph-Contin | Hydromorphonum | Idromorfone | Jurnista | Palladone | diluadid | 地劳迪德 | 尤尼斯塔 | 帕拉东 | 氢吗啡酮,Opioid,recreational,MOR-full-agonist | UGT2B7-substrate | analgesic | class:substituted morphinans | habit-forming | high-potency | opioid,insufflation,insufflation | intravenous | oral | rectal,insufflation | intravenous | oral | rectal,yes,yes,,"Hydromorphone is a semisynthetic full opioid agonist that binds to opioid receptors (primarily mu-opioid receptors) blocking transmission of nociceptive signals and inhibiting other pain pathways. The primary therapeutic action is analgesia, however, this agent also exhibits dose-related degrees of anxiolysis, euphoria, sedation, respiratory depression, and gastrointestinal system smooth muscle contraction.",,,"half_life_minutes, references"
Hydroxynorketamine,,"2R,6R-HNK | HNK",Dissociative,recreational,AMPA-active | AMPA-potentiator | arylcyclohexylamine | investigational-antidepressant | metabolite | no-human-data | non-dissociative | research-chemical | α7-nAChR-active,,,,no,no,,,,https://en.wikipedia.org/wiki/Hydroxynorketamine | NMDAR inhibition-independent antidepressant actions of ketamine metabolites,"dose_ranges_by_route, duration_by_route, half_life_minutes, mechanism_of_action"
Ibandronate,,Boniva,,medical_rx,bisphosphonate,,,,no,no,,"Binds to bone hydroxyapatite and inhibits osteoclast activity, thus reducing bone resorption (breakdown).",,,"dose_ranges_by_route, duration_by_route, half_life_minutes, references"
Ibotenic acid,,IBO | 鹅膏蕈氨酸,Psychedelic,recreational,class:Isoxazole amino acid,oral,oral,oral,yes,yes,,,,,"half_life_minutes, mechanism_of_action, references"
Idarubicin,,Idamycin Pfs,,medical_rx,,,,,no,no,1320.0,Idarubicin hydrochloride is a DNA-intercalating analog of daunorubicin which has an inhibitory effect on nucleic acid synthesis and interacts with the enzyme topoisomerase II. The absence of a methoxy group at position 4 of the anthracycline structure gives the compound a high lipophilicity which results in an increased rate of cellular uptake compared with other anthracyclines.,,"FDA label for Idamycin PFS (idarubicin hydrochloride), Clinical Pharmacology 12.3 — mean terminal t½ 22 h | https://dailymed.nlm.nih.gov/dailymed/search.cfm?labeltype=all&query=0013-2576","dose_ranges_by_route, duration_by_route"
Idebenone,,Catena | Raxone | Sovrima,Nootropic,recreational,NQO1-dependent | antioxidant | complex-I-bypass | low-oral-bioavailability | mitochondrial | nootropic,oral,oral,oral,yes,no,,,,https://en.wikipedia.org/wiki/Idebenone,"duration_by_route, half_life_minutes, mechanism_of_action"
IDNNA,,,Psychedelic,recreational,PIHKAL | phenethylamine,,,,no,no,,,,https://erowid.org/library/books_online/pihkal/pihkal090.shtml,"dose_ranges_by_route, duration_by_route, half_life_minutes, mechanism_of_action"
IDRA-21,,,AMPAkine,recreational,AMPA-PAM | AMPA-PAM-prototype | benzothiadiazine | investigational | no-human-PK | no-human-data | research-chemical | research-chemical-popular,,,,no,no,,,,https://en.wikipedia.org/wiki/IDRA-21,"dose_ranges_by_route, duration_by_route, half_life_minutes, mechanism_of_action"
Ifosfamide,,Ifex,,medical_rx,,,,,no,no,420.0,"Ifosfamide is a prodrug that requires metabolic activation by hepatic cytochrome P450 isoenzymes to exert its cytotoxic activity. Activation occurs by hydroxylation at the ring carbon atom forming the unstable intermediate 4-hydroxyifosfamide and its ring-opened aldo tautomer, which decomposes to yield the cytotoxic and urotoxic compound acrolein and an alkylating isophosphoramide mustard as well as multiple other nontoxic products. The exact mechanism of action of ifosfamide has not been determined, but its cytotoxic action is primarily through DNA crosslinks caused by alkylation by the isophosphoramide mustard at guanine N-7 positions. The formation of inter- and intra-strand cross-links in the DNA results in cell death.",,"FDA label for ifosfamide injection (ifosfamide), Clinical Pharmacology/Pharmacokinetics — t½ ≈ 7 h at conventional doses | https://dailymed.nlm.nih.gov/dailymed/search.cfm?labeltype=all&query=0338-3991","dose_ranges_by_route, duration_by_route"
IGF-1 DES,,,Peptide,medical_rx,growth-factor | no-human-data | peptide | wada-prohibited,subcutaneous,subcutaneous,,no,no,,Truncated IGF-1 (DES 1-3) — IGF-1R agonist.,,https://en.wikipedia.org/wiki/Insulin-like_growth_factor_1,half_life_minutes
IHCH-711,,,,medical_rx,,oral,oral,oral,yes,yes,,"IHCH-7113 is a 5-HT2A receptor agonist. In mouse studies it induces a head-twitch response comparable to that of DOI or LSD, and this response is blocked by the 5-HT2A receptor antagonist volinanserin.",,,"half_life_minutes, references"
Iloperidone,,Fanapt,Antipsychotic,medical_rx,2nd generation antipsychotic | 5HT2A-antagonist | D2-antagonist | QTc-risk | alpha1-blocker | antipsychotic | atypical-antipsychotic | prescription-only,oral,oral,,no,yes,1260.0,"Competitively blocks of D2 dopamine and 5HT-2A serotonin receptors. These mechanisms are notably thought to be related to its efficacy for indicated conditions. Also blocks, to varying degrees, other subtypes of dopamine receptors (D1, D3, D4, D5), serotonin (5HT-2C and 5HT-7) receptors, histamine-1 receptors, and alpha-1 and alpha-2 adrenergic receptors. Partial agonist of 5HT-1A.",,https://www.accessdata.fda.gov/drugsatfda_docs/label/2009/022192lbl.pdf | https://en.wikipedia.org/wiki/Iloperidone,dose_ranges_by_route
IM,,,Psychedelic,recreational,PIHKAL | phenethylamine,,,,no,no,,,,https://erowid.org/library/books_online/pihkal/pihkal091.shtml,"dose_ranges_by_route, duration_by_route, half_life_minutes, mechanism_of_action"
Imipramine,,Janimine | Tofranil,Antidepressant,medical_rx,QTc-prolongation-risk | TCA | anticholinergic | antidepressant | overdose-risk | prescription-only | serotonin-syndrome-risk | tertiary amine,,,,no,no,1080.0,"Primarily inhibits norepinephrine and serotonin reuptake at the presynaptic neurons leading to higher concentrations of these neurotransmitters in the neuronal synapse. As a tertiary amine (TCAs are either tertiary or secondary amines), this drug displays more selectivity towards serotonin reuptake inhibition. Additionally, blocks histamine-H1, alpha-1 adrenergic, and muscarinic receptors accounting for sedative, hypotensive and anticholinergic effects, respectively.",,https://www.accessdata.fda.gov/drugsatfda_docs/label/2014/012449s069lbl.pdf | https://en.wikipedia.org/wiki/Imipramine | https://www.ncbi.nlm.nih.gov/books/NBK425164/,"dose_ranges_by_route, duration_by_route"
Indacaterol,,Arcapta Neohaler,,medical_rx,long-acting beta-2 agonist,,,,no,no,,Selectively agonizes beta-2 adrenergic receptors in the airways causing smooth muscle relaxation and bronchodilation.,,,"dose_ranges_by_route, duration_by_route, half_life_minutes, references"
Indacaterol-Glycopyrrolate,,Utibron Neohaler,,medical_rx,long-acting beta-2 agonist | long-acting muscarinic antagonist,,,,no,no,,Indacaterol: Selectively agonizes beta-2 adrenergic receptors in the airways causing smooth muscle relaxation and bronchodilation. Glycopyrrolate: Reversibly competes and antagonizes muscarinic receptors in the airways causing smooth muscle relaxation and bronchodilation.,,,"dose_ranges_by_route, duration_by_route, half_life_minutes, references"
Indapamide,,Lozol,Cardiovascular,medical_rx,antihypertensive | thiazide diuretic,,,,no,no,840.0,"Inhibits sodium reabsorption by inhibiting the sodium-chloride cotransporters in the distal convoluted tubule of nephrons, causing increased excretion of sodium, chloride, potassium, magnesium, and water. Thiazide diuretics cause retention of calcium, bicarbonate, and uric acid.",,https://dailymed.nlm.nih.gov/dailymed/search.cfm?labeltype=all&query=0228-2571,"dose_ranges_by_route, duration_by_route"
Indapex,,5-MeO-TMT,Psychedelic,recreational,research-chemical | tentative,oral,oral,oral,yes,yes,,,,,"half_life_minutes, mechanism_of_action, references"
Indapyrophenidone,,,Stimulant,recreational,habit-forming | research-chemical | stimulant | tentative,inhalation,inhalation | insufflation,inhalation | insufflation,yes,yes,,,,,"half_life_minutes, mechanism_of_action, references"
Indatraline,,LU-19-005,Stimulant,recreational,SNDRI | investigational | long-duration | research-chemical | slow-onset,,,,no,no,,,,https://en.wikipedia.org/wiki/Indatraline,"dose_ranges_by_route, duration_by_route, half_life_minutes, mechanism_of_action"
Indium,,Indium In 111 Chloride,,medical_rx,,,,,no,no,,,,,"dose_ranges_by_route, duration_by_route, half_life_minutes, mechanism_of_action, references"
Indomethacin,,Indocin | Tivorbex,Analgesic,medical_rx,analgesic | cox-1/cox-2 non-selective | nsaid,,,,no,no,,"Reversibly inhibits cyclooxygenase-1 and 2 (COX-1 and 2) enzymes causing decreased prostaglandin precursor formation. This results in anti-inflammatory, analgesic, and antipyretic effects.",,,"dose_ranges_by_route, duration_by_route, half_life_minutes, references"
Inositol,,D-Chiro-Inositol | IP6 | Inositol Hexaphosphate | Myo-Inositol,Supplement,otc,GABAergic | OTC | PCOS | amino-acid-derivative | anxiolytic | insulin-sensitizer | mood | supplement,oral,oral,oral,yes,yes,240.0,,,https://en.wikipedia.org/wiki/Inositol | https://examine.com/supplements/inositol/,mechanism_of_action
Insulin aspart,,Fiasp | NovoLog,,medical_rx,antidiabetic | rapid-acting insulin,,,,no,no,81.0,"The primary activity of insulin is regulation of glucose metabolism. Insulin and its analogs lower blood glucose by stimulating peripheral glucose uptake, especially by skeletal muscle and fat, and by inhibiting hepatic glucose production. Insulin inhibits lipolysis and proteolysis, and enhances protein synthesis.",,"FDA label for NOVOLOG (insulin aspart), Clinical Pharmacology 12.3 Pharmacokinetics — t½ ≈ 81 min | https://dailymed.nlm.nih.gov/dailymed/search.cfm?labeltype=all&query=0169-3201","dose_ranges_by_route, duration_by_route"
Insulin degludec,,Tresiba,,medical_rx,antidiabetic | long-acting insulin,,,,no,no,,"The primary activity of insulin is regulation of glucose metabolism. Insulin and its analogs lower blood glucose by stimulating peripheral glucose uptake, especially by skeletal muscle and fat, and by inhibiting hepatic glucose production. Insulin inhibits lipolysis and proteolysis, and enhances protein synthesis.",,,"dose_ranges_by_route, duration_by_route, half_life_minutes, references"
Insulin detemir,,Levemir,,medical_rx,antidiabetic | long-acting insulin,,,,no,no,,"The primary activity of insulin is regulation of glucose metabolism. Insulin and its analogs lower blood glucose by stimulating peripheral glucose uptake, especially by skeletal muscle and fat, and by inhibiting hepatic glucose production. Insulin inhibits lipolysis and proteolysis, and enhances protein synthesis.",,,"dose_ranges_by_route, duration_by_route, half_life_minutes, references"
Insulin glargine,,Basaglar | Lantus | Semglee | Toujeo,,medical_rx,antidiabetic | long-acting insulin,,,,no,no,,"The primary activity of insulin is regulation of glucose metabolism. Insulin and its analogs lower blood glucose by stimulating peripheral glucose uptake, especially by skeletal muscle and fat, and by inhibiting hepatic glucose production. Insulin inhibits lipolysis and proteolysis, and enhances protein synthesis.",,,"dose_ranges_by_route, duration_by_route, half_life_minutes, references"
Insulin glulisine,,Apidra,,medical_rx,antidiabetic | rapid-acting insulin,,,,no,no,42.0,"The primary activity of insulin is regulation of glucose metabolism. Insulin and its analogs lower blood glucose by stimulating peripheral glucose uptake, especially by skeletal muscle and fat, and by inhibiting hepatic glucose production. Insulin inhibits lipolysis and proteolysis, and enhances protein synthesis.",,"FDA label for Apidra (insulin glulisine), Clinical Pharmacology/Pharmacokinetics — apparent t½ 42 minutes subcutaneous","dose_ranges_by_route, duration_by_route"
Insulin Human,,Afrezza,,medical_rx,,,,,no,no,,,,,"dose_ranges_by_route, duration_by_route, half_life_minutes, mechanism_of_action, references"
Insulin lispro,,Admelog | HumaLog | Lyumjev,,medical_rx,antidiabetic | rapid-acting insulin,,,,no,no,,"The primary activity of insulin is regulation of glucose metabolism. Insulin and its analogs lower blood glucose by stimulating peripheral glucose uptake, especially by skeletal muscle and fat, and by inhibiting hepatic glucose production. Insulin inhibits lipolysis and proteolysis, and enhances protein synthesis.",,,"dose_ranges_by_route, duration_by_route, half_life_minutes, references"
Iodine,,KI | Lugol's Iodine | Nascent Iodine | Potassium Iodide,Supplement,otc,OTC | essential-mineral | mineral | supplement | thyroid,oral,oral,oral,yes,no,11520.0,,,https://ods.od.nih.gov/factsheets/Iodine-HealthProfessional/ | https://en.wikipedia.org/wiki/Iodine_in_biology,"duration_by_route, mechanism_of_action"
Ipamorelin,,NNC 26-0161,Peptide,medical_rx,GH-secretagogue | gray-market | peptide | performance-enhancing,subcutaneous,subcutaneous,subcutaneous,yes,yes,120.0,,,"Ipamorelin, the first selective growth hormone secretagogue. | https://en.wikipedia.org/wiki/Ipamorelin",mechanism_of_action
Ipomoea Tricolor,,三色牵牛,,medical_rx,,,,,no,no,,,,,"dose_ranges_by_route, duration_by_route, half_life_minutes, mechanism_of_action, references"
Ipratropium,,Atrovent HFA,,medical_rx,short-acting muscarinic antagonist,,,,no,no,120.0,Reversibly competes and antagonizes muscarinic receptors in the airways causing smooth muscle relaxation and bronchodilation.,,"FDA label for Atrovent HFA (ipratropium bromide), Clinical Pharmacology 12.3 — t½ ≈ 2 h","dose_ranges_by_route, duration_by_route"
Ipratropium-Albuterol,,Combivent Respimat,,medical_rx,short-acting beta-2 agonist | short-acting muscarinic antagonist,,,,no,no,,Ipratropium: Reversibly competes and antagonizes muscarinic receptors in the airways causing smooth muscle relaxation and bronchodilation. Albuterol: Rapidly agonizes beta-2 adrenergic receptors in the airways causing smooth muscle relaxation and bronchodilation.,,,"dose_ranges_by_route, duration_by_route, half_life_minutes, references"
Irbesartan,,Avapro,Cardiovascular,medical_rx,angiotensin-ii receptor blocker | antihypertensive,,,,no,no,780.0,"Blocks angiotensin II from binding to the angiotensin II receptor, which prevents subsequent vasoconstriction.",,"FDA label for Irbesartan tablets, Clinical Pharmacology 12.3 — terminal t½ = 11–15 hours | https://dailymed.nlm.nih.gov/dailymed/search.cfm?labeltype=all&query=0024-5850","dose_ranges_by_route, duration_by_route"
Irinotecan,,Onivyde,,medical_rx,,,,,no,no,,"Irinotecan is a derivative of camptothecin. Camptothecins interact specifically with the enzyme topoisomerase I, which relieves torsional strain in DNA by inducing reversible single-strand breaks. Irinotecan and its active metabolite SN-38 bind to the topoisomerase I-DNA complex and prevent religation of these single-strand breaks. Current research suggests that the cytotoxicity of irinotecan is due to double-strand DNA damage produced during DNA synthesis when replication enzymes interact with the ternary complex formed by topoisomerase I, DNA, and either irinotecan or SN-38. Mammalian cells cannot efficiently repair these doublestrand breaks.",,,"dose_ranges_by_route, duration_by_route, half_life_minutes, references"
IRIS,,,Psychedelic,recreational,PIHKAL | phenethylamine,,,,no,no,,,,https://erowid.org/library/books_online/pihkal/pihkal093.shtml,"dose_ranges_by_route, duration_by_route, half_life_minutes, mechanism_of_action"
Iron Bisglycinate,,Ferrochel | Ferrous Bisglycinate | Gentle Iron | Iron Glycinate,Supplement,otc,GI-side-effects | OTC | hematopoiesis | mineral | oxygen-transport | supplement,oral,oral,oral,yes,no,2880.0,,,https://ods.od.nih.gov/factsheets/Iron-HealthProfessional/ | https://en.wikipedia.org/wiki/Iron_supplement,"duration_by_route, mechanism_of_action"
ISF 2522,,奥拉西坦,Nootropic,recreational,,oral,oral,oral,yes,yes,,研究显示，奥拉西坦能够增加海马细胞中的乙酰胆碱释放。由于乙酰胆碱参与记忆巩固功能，这或许可以解释它的益智药效应哦。,,,"half_life_minutes, references"
Isocarboxazid,,Marplan,Antidepressant,medical_rx,MAOI | antidepressant | dietary-restriction | hypertensive-crisis-risk | irreversible-MAOI | prescription-only | serotonin-syndrome-risk,,,,no,no,150.0,,,https://www.accessdata.fda.gov/drugsatfda_docs/label/2008/010632s041lbl.pdf | https://en.wikipedia.org/wiki/Isocarboxazid,"dose_ranges_by_route, duration_by_route, mechanism_of_action"
Isomethadone,,isoamidone,Opioid,recreational,MOR-full-agonist | habit-forming | methadone-isomer | tentative,oral,oral,oral,yes,yes,,,,,"half_life_minutes, mechanism_of_action, references"
Isophenidine,,NPDPA | NSC 34569 | isopropylphenidine,Dissociative,recreational,"class:1,2-diarylethylamine",insufflation,insufflation | oral,insufflation | oral,yes,yes,,,,,"half_life_minutes, mechanism_of_action, references"
Isophenmetrazine,,,Stimulant,recreational,habit-forming | research-chemical | tentative,insufflation,insufflation | oral,insufflation | oral,yes,yes,,,,,"half_life_minutes, mechanism_of_action, references"
Isopropylphenidate,,IPH | IPP | IPPD | IPPH | isopropyl phenidate,Stimulant,recreational,DAT-selective | class:substituted phenidates | habit-forming | long-duration | research-chemical | tentative,insufflation,insufflation | oral,insufflation | oral,yes,yes,,"目前还没有对异丙基哌醋甲酯进行正式的体内人体研究。然而，大鼠体内研究发现了兴奋作用；体外研究分别评估了单胺转运体结合亲和力和各种水解酶的亲和力。 这些研究结果表明，异丙基哌醋甲酯的药理作用与其母体化合物哌甲酯非常相似。这两种物质之间的显著区别在于：异丙基哌醋甲酯作为去甲肾上腺素再摄取抑制剂的活性明显较低；且 CES1 水解酶（专门负责将这两种物质水解为利他林酸）对异丙基哌醋甲酯的亲和力比对哌甲酯低 8 倍。

这些差异导致该物质在等效有效剂量下，与哌甲酯相比，具有更显著的多巴胺能活性，而肾上腺素能活性相对较低。此外，该物质比哌甲酯持续时间更长，在给定剂量下的效力也比哌甲酯更强。异丙基哌醋甲酯与哌甲酯相比更高的效力在口服给药时最为显著，这是因为 CES1 亲和力较低，提高了异丙基哌醋甲酯的生物利用度，而哌甲酯口服时由于肝脏中 CES1 的首过代谢，生物利用度明显较低。

尽管这两种物质之间存在显著差异，但异丙基哌醋甲酯仍被认为主要作为多巴胺再摄取抑制剂和去甲肾上腺素再摄取抑制剂发挥作用。这意味着它通过结合并部分阻断通常从突触间隙移除这些单胺的转运蛋白，有效地提高大脑中去甲肾上腺素和多巴胺神经递质的水平。这使得多巴胺和去甲肾上腺素在大脑内积聚，从而产生兴奋作用。",Analysis enhancement | Anxiety | Appetite suppression | Cognitive euphoria | Cognitive fatigue | Dehydration | Depression | Focus enhancement | Increased heart rate | Irritability | Motivation enhancement | Stimulation | Teeth grinding | Thought acceleration | Thought deceleration | Vasoconstriction | Wakefulness,,"half_life_minutes, references"
Isoproscaline,,IP,Psychedelic,recreational,PIHKAL | phenethylamine | research-chemical | tentative,oral,oral,oral,yes,yes,,,,https://erowid.org/library/books_online/pihkal/pihkal092.shtml,"half_life_minutes, mechanism_of_action"
Isotonitazene,,ISO | ITZ,Opioid,recreational,US-Schedule-I | active-metabolite | benzimidazole-opioid | class:Benzimidazole-derived nitazene opioid | extreme-potency | fatalities-reported | fentanyl-stronger | mu-full-agonist | naloxone-high-dose-required | nitazene | subnanomolar-EC50,insufflation,insufflation | oral,insufflation | oral,yes,no,,,,https://en.wikipedia.org/wiki/Isotonitazene,"duration_by_route, half_life_minutes, mechanism_of_action"
Isotonitazepyne,,N-pyrrolidino isotonitazene | NPI | PYRITZ | iso-pyne,Opioid,recreational,designer-opioid | fatalities-reported | fentanyl-class-potency | fentanyl-stronger | less-mor-selective | mu-full-agonist | mu-opioid-agonist | naloxone-high-dose-required | nitazene | opioid,insufflation,insufflation | oral,insufflation | oral,yes,yes,,,,https://en.wikipedia.org/wiki/Isotonitazepyne,"half_life_minutes, mechanism_of_action"
Ivacaftor,,Kalydeco,,medical_rx,,,,,no,no,720.0,"Ivacaftor is a potentiator of the CFTR protein. The CFTR protein is a chloride channel present at the surface of epithelial cells in multiple organs. Ivacaftor facilitates increased chloride transport by potentiating the channel open probability (or gating) of CFTR protein located at the cell surface. The overall level of ivacaftor-mediated CFTR chloride transport is dependent on the amount of CFTR protein at the cell surface and how responsive a particular mutant CFTR protein is to ivacaftor potentiation. CFTR Chloride Transport Assay in Fisher Rat Thyroid (FRT) cells expressing mutant CFTR In order to evaluate the response of mutant CFTR protein to ivacaftor, total chloride transport was determined in Ussing chamber electrophysiology studies using a panel of FRT cell lines transfected with individual CFTR mutations. Ivacaftor increased chloride transport in FRT cells expressing CFTR mutations that result in CFTR protein being delivered to the cell surface.",,https://dailymed.nlm.nih.gov/dailymed/search.cfm?labeltype=all&query=51167-200,"dose_ranges_by_route, duration_by_route"
Ivermectin,,,,medical_rx,,,,,no,no,1080.0,,,"FDA label for STROMECTOL (ivermectin), Clinical Pharmacology/Pharmacokinetics — t½ ≈ 18 hours","dose_ranges_by_route, duration_by_route, mechanism_of_action"
J,,,Psychedelic,recreational,PIHKAL | phenethylamine,oral,oral,oral,yes,yes,,,,https://erowid.org/library/books_online/pihkal/pihkal094.shtml,"half_life_minutes, mechanism_of_action"
J-147,,J147,Nootropic,recreational,AMPK-activator-indirect | ATP-synthase-modulator | investigational | neuroprotective | nootropic | preclinical-mostly | research-chemical,,,,no,no,,,,https://en.wikipedia.org/wiki/J147,"dose_ranges_by_route, duration_by_route, half_life_minutes, mechanism_of_action"
JHW-007,,N-butyl-AHN-1055,Stimulant,recreational,DRI | atypical-DAT-inhibitor | cocaine-antagonist | investigational | no-human-data | research-chemical | sigma-antagonist,,,,no,no,,,,Uromodulin storage disease.,"dose_ranges_by_route, duration_by_route, half_life_minutes, mechanism_of_action"
JJC8-088,,,Stimulant,recreational,DRI | cocaine-like-DAT | hERG-liability | hERG-strong | investigational | no-human-data | outward-open-DAT | research-chemical,,,,no,no,,,,The C-terminal region of tumor necrosis factor like weak inducer of apoptosis is required for interaction with advanced glycation end products.,"dose_ranges_by_route, duration_by_route, half_life_minutes, mechanism_of_action"
JNJ-7925476,,,Stimulant,recreational,SNDRI | investigational | research-chemical,,,,no,no,,,,https://pubmed.ncbi.nlm.nih.gov/,"dose_ranges_by_route, duration_by_route, half_life_minutes, mechanism_of_action"
JWH-018,,AM-678 | K2 | NA-PIMO | Spice | ‘Spice’/‘K2’ active,Cannabinoid,recreational,AKI-risk | US-Schedule-I | aminoalkylindole | class:naphthoylindole | full-agonist-CB1 | high-risk | high-toxicity | no-human-data | research-chemical | seizure-risk | synthetic-cannabinoid,inhalation,inhalation | oral,inhalation | oral,yes,yes,,,,https://en.wikipedia.org/wiki/JWH-018,"half_life_minutes, mechanism_of_action"
JWH-073,,Spice,Cannabinoid,recreational,US-Schedule-I | aminoalkylindole | class:naphthoylindole | full-agonist-CB1 | high-risk | synthetic-cannabinoid,inhalation,inhalation,inhalation,yes,yes,,与大多数合成大麻素不同（包括JWH-018），JWH-073在CB1受体与CB2受体这两种大麻素受体上都是完全受体激动剂；不过，与JWH-018不同的是，JWH-073在人类相关相互作用方面的研究还不算充分。只是动物研究显示，它的结合特征高于四氢大麻酚。,,https://en.wikipedia.org/wiki/JWH-073,half_life_minutes
JYI-73,,氟溴唑仑,,medical_rx,,oral,oral,oral,yes,yes,,"Benzodiazepines produce their effects by binding to the benzodiazepine receptor site and acting on receptors to amplify the efficiency and effects of the neurotransmitter gamma-aminobutyric acid (GABA). Because this site represents the most abundant inhibitory receptor set in the brain, its modulation results in the sedating (or depressant) effect of flubrotizolam on the nervous system. The anticonvulsant properties of benzodiazepines may be attributable in part or in full to binding at voltage-dependent sodium channels rather than at the benzodiazepine receptor.

Life-threatening adverse reactions have been observed at flubrotizolam doses as low as 3 mg.",,,"half_life_minutes, references"
Kanna,,Sceletium tortuosum | channa,Depressant,recreational,SSRI-like-natural-product | habit-forming | miscategorized,inhalation,inhalation | insufflation | oral,inhalation | insufflation | oral,yes,yes,,,,,"half_life_minutes, mechanism_of_action, references"
Kava,,Piper methysticum | kava-kava | 卡瓦,Depressant,recreational,CYP3A4-inhibitor | GABA-A-PAM-non-BZ-site | habit-forming | hepatotoxicity-rare,oral,oral,oral,yes,yes,,"从药理学上说，卡瓦的效应来自植物中发现的 18 种不同化学成分，也就是卡瓦内酯，其中已有六种被发现会在体内直接产生精神活性。首先是麻醉椒苦素、7,8-二氢麻醉椒苦素和 7,8-二氢醉椒素，它们都会作用于 GABA 受体，并表现为激动作用，从而产生人们熟悉的抗焦虑效应。7,8-二氢麻醉椒苦素还是一种可逆的选择性单胺氧化酶抑制剂，具体作用于 MAO-B 酶。接下来是甲氧醉椒素，它的独特之处在于能够激活内源性大麻素系统中的 CB 受体。去甲氧基醉椒素同样也是一种 MAO-B 抑制剂，并且能够提高伏隔核中的多巴胺水平。这一点，再加上其可能提高血清素和其他儿茶酚胺浓度，或许就是卡瓦被认为能促进注意力的原因呢。最后是醉椒素。已有证据表明，醉椒素可能是一种血清素-去甲肾上腺素再摄取抑制剂（SNRI），也有证据显示它可能是 NMDA 受体的激活剂。醉椒素也已被证明是一种有效的 GABA 受体激动剂，并且是增强 GABA 效能的正向变构调节剂。由于其对钠离子（Na）通道的拮抗作用，醉椒素还具有较弱的抗癫痫作用。它同时也是一种有效的心境稳定剂，既能作为钙离子（Ca）通道的拮抗剂，也能作为钾离子通道（K 通道）的正向调节剂。它对钙离子通道的作用也使其成为有效的抗惊厥剂，并且与甲氧醉椒素协同后，能够通过同时作用于钙离子通道和内源性大麻素系统而产生良好的镇痛效果哦。",,,"half_life_minutes, references"
Ketazolam,,,Benzodiazepine,recreational,GABAA-PAM | benzodiazepine | habit-forming | prodrug-of-diazepam,oral,oral,oral,yes,yes,,,,,"half_life_minutes, mechanism_of_action, references"
Ketobemidone,,Ketogan | kbd,Opioid,recreational,MOR-full-agonist | NMDA-antagonist-weak | habit-forming | neuropathic-pain,oral,oral,oral,yes,yes,141.0,,,,"mechanism_of_action, references"
Ketorolac,,Acular Ls | Ketorolac Tromethamine | Toradol,Analgesic,medical_rx,analgesic | cox-1/cox-2 non-selective | nsaid,,,,no,no,,"Reversibly inhibits cyclooxygenase-1 and 2 (COX-1 and 2) enzymes causing decreased prostaglandin precursor formation. This results in anti-inflammatory, analgesic, and antipyretic effects.",,,"dose_ranges_by_route, duration_by_route, half_life_minutes, references"
Ketotifen,,Alaway | Ketof | Zaditen | Zaditor,Antihistamine,medical_rx,H1-antagonist | OTC | anticholinergic | antihistamine | first-gen-antihistamine | mast-cell-stabilizer | sedating,,,,no,no,1320.0,,,https://en.wikipedia.org/wiki/Ketotifen | https://dailymed.nlm.nih.gov/dailymed/search.cfm?labeltype=all&query=24208-901,"dose_ranges_by_route, duration_by_route, mechanism_of_action"
Khat,,,Stimulant,recreational,habit-forming,,,,no,no,,,,,"dose_ranges_by_route, duration_by_route, half_life_minutes, mechanism_of_action, references"
L-Carnitine,,Carnitine | Carnitor,Supplement,otc,OTC | amino-acid-derivative | cardiovascular | mitochondrial-support | supplement,oral,oral,oral,yes,yes,1044.0,,,"FDA label for Carnitor (levocarnitine), Pharmacokinetics - 20 mg/kg IV bolus, plasma concentrations uncorrected for endogenous levocarnitine | https://ods.od.nih.gov/factsheets/Carnitine-HealthProfessional/ | https://en.wikipedia.org/wiki/Carnitine",mechanism_of_action
L-Tryptophan,,L-Trp | Optimax | Trp | Tryptophan,Supplement,otc,5-HT-precursor | 5HT-precursor | OTC | amino-acid | essential-amino-acid | serotonin-syndrome-risk | sleep | supplement,oral,oral,oral,yes,yes,90.0,,,https://ods.od.nih.gov/factsheets/Tryptophan-HealthProfessional/ | https://en.wikipedia.org/wiki/Tryptophan,mechanism_of_action
Labetalol,,Normodyne | Trandate,Cardiovascular,medical_rx,alpha-1 blocker | alpha1-blocker | antihypertensive | beta-1 & beta-2 non-selective | beta-blocker | non-selective | prescription-only,intravenous,intravenous | oral,,no,yes,360.0,Blocks beta-1 and beta-2 adrenergic receptors (non-selective) causing decreased heart rate and myocardial contractility. Also blocks alpha-1 adrenergic receptors causing vasodilation and reducing peripheral vascular resistance.,,https://en.wikipedia.org/wiki/Labetalol,dose_ranges_by_route
Lacosamide,,Vimpat,Anticonvulsant,medical_rx,anticonvulsant | prescription-only | sodium-channel-blocker,,,,no,no,780.0,"Lacosamide is a functionalized amino acid compound that selectively enhances slow inactivation of voltage-gated sodium channels without affecting fast inactivation, thereby stabilizing hyperexcitable neuronal membranes. Lacosamide also binds to collapsin response mediator protein 2 (CRMP2). In the nervous system, CRMP2 acts as a mediator of growth cone collapse as well as modifies axon number, length, and neuronal polarity.",,https://en.wikipedia.org/wiki/Lacosamide,"dose_ranges_by_route, duration_by_route"
Lactulose,,Constulose | Enulose | Generlac | Kristalose,,medical_rx,ammonium detoxicant,,,,no,no,,"Produces an osmotic effect in the colon that increases stool water content, softens the stool, and promotes peristalsis.",,,"dose_ranges_by_route, duration_by_route, half_life_minutes, references"
LAE-32,,,Psychedelic,recreational,class:lysergamides,oral,oral,oral,yes,yes,,,,,"half_life_minutes, mechanism_of_action, references"
LAE-52,,d-麦角酸乙胺,,medical_rx,,,,,no,no,,"LAE-32 most likely produces its effects by binding to serotonin receptors in the brain. Like LSD, it may also bind to dopamine receptors.",,,"dose_ranges_by_route, duration_by_route, half_life_minutes, references"
Lamotrigine,,LTG | Lamictal | Subvenite | 拉莫三嗪,Anticonvulsant,medical_rx,HLA-B*15:02-test-required | SJS-TEN-risk | UGT1A4-substrate | anticonvulsant | antimanic | class:Phenyl-triazine anticonvulsant | mood-stabilizer | prescription-only | sodium-channel-blocker | use-dependent-block,,,,no,no,1740.0,Voltage-Gated Sodium Channel Blocker and Glutamate Release Inhibitor,,https://en.wikipedia.org/wiki/Lamotrigine | Pharmacokinetics of lamotrigine and its metabolite N‐2‐glucuronide: Influence of polymorphism of UDP‐glucuronosyltransferases and drug transporters,"dose_ranges_by_route, duration_by_route"
Lansoprazole,,Healthy Accents Lansoprazole | Prevacid,,otc,proton pump inhibitor,,,,no,no,,Binds to and irreversibly inhibits H+/K+ ATPase pumps (proton pumps) on gastric parietal cells resulting in decreased gastric acid secretion.,,,"dose_ranges_by_route, duration_by_route, half_life_minutes, references"
Lean,,Promethazine+Codeine | Purple Drank | barre | drank | pint | sizzurp | syrup | texas tea | wock,Opioid,recreational,QT-risk | polypharmacy,oral,oral,oral,yes,yes,,,,,"half_life_minutes, mechanism_of_action, references"
Lemborexant,,Dayvigo,OrexinAntagonist,medical_rx,DORA | US-Schedule-IV | orexin-antagonist | prescription-only | sedative-hypnotic,oral,oral,oral,yes,yes,1080.0,,,https://en.wikipedia.org/wiki/Lemborexant,mechanism_of_action
Lenalidomide,,Revlimid,,medical_rx,,,,,no,no,,"Lenalidomide is an analogue of thalidomide with immunomodulatory, antiangiogenic, and antineoplastic properties. Cellular activities of lenalidomide are mediated through its target cereblon, a component of a cullin ring E3 ubiquitin ligase enzyme complex. In vitro, in the presence of drug, substrate proteins (including Aiolos, Ikaros, and CK1α) are targeted for ubiquitination and subsequent degradation leading to direct cytotoxic and immunomodulatory effects. Lenalidomide inhibits proliferation and induces apoptosis of certain hematopoietic tumor cells including MM, mantle cell lymphoma, and del (5q) myelodysplastic syndromes in vitro. Lenalidomide causes a delay in tumor growth in some in vivo nonclinical hematopoietic tumor models including MM.",,,"dose_ranges_by_route, duration_by_route, half_life_minutes, references"
Leucovorin,,Leucovorin Calcium,,medical_rx,,,,,no,no,372.0,,,"FDA label for Leucovorin Calcium (leucovorin calcium), Clinical Pharmacology - terminal t½ = 6.2 h | https://dailymed.nlm.nih.gov/dailymed/search.cfm?labeltype=all&query=0143-9552","dose_ranges_by_route, duration_by_route, mechanism_of_action"
Levalbuterol,,Xopenex,,medical_rx,short-acting beta-2 agonist,,,,no,no,198.0,Rapidly agonizes beta-2 adrenergic receptors in the airways causing smooth muscle relaxation and bronchodilation.,,"FDA label for levalbuterol inhalation solution (levalbuterol; Xopenex generic), Clinical Pharmacology/Pharmacokinetics Table 6 — (R)-albuterol t½ 3.3 h after a single 1.25 mg nebulized dose | https://dailymed.nlm.nih.gov/dailymed/search.cfm?labeltype=all&query=43598-409","dose_ranges_by_route, duration_by_route"
Levetiracetam,,Elepsia | Keppra | Levetiracetam Extended-release | Roweepra | Spritam | UCB-LO59 | etiracetam S-enantiomer,Anticonvulsant,medical_rx,SV2A-ligand | SV2A-prototype | anticonvulsant | behavioral-AEs | no-CYP-metabolism | prescription-only | racetam | renal-eliminated,,,,no,no,420.0,"The primary mechanism of action of levetiracetam is thought to be its binding to the synaptic vesicle protein SV2A, causing modulation of neurotransmission in a way that decreases seizure occurrence. Other possible contributing mechanisms include the inhibition of presynaptic calcium channels and indirect enhancement of the inhibitory neurotransmitter, gamma-aminobutyric acid (GABA).",,"https://www.accessdata.fda.gov/drugsatfda_docs/label/2009/021035s078s080,021505s021s024lbl.pdf | https://en.wikipedia.org/wiki/Levetiracetam | https://dailymed.nlm.nih.gov/dailymed/search.cfm?labeltype=all&query=29033-042","dose_ranges_by_route, duration_by_route"
Levofloxacin,,Levaquin,Antimicrobial,non_recreational,fluoroquinolone antibiotic,,,,no,no,420.0,"Inhibits the bacterial enzymes, DNA topoisomerase IV and DNA gyrase, required for DNA replication, transcription, repair and recombination.",,"FDA label for levofloxacin tablets (levofloxacin), Clinical Pharmacology/Pharmacokinetics — t½ ≈ 6–8 h","dose_ranges_by_route, duration_by_route"
Levomethorphan,,L-methorphan | LVM | Levomethorphanum | Levometorfano,Antidepressant,medical_rx,MOR-prodrug | NMDA-antagonist | SNRI | class:Morphinan | long-half-life,,,,no,no,720.0,,,Developments in local anaesthetic drugs,"dose_ranges_by_route, duration_by_route, mechanism_of_action"
Levonorgestrel,,Amethia | Ayuna | Camrese Lo | Daysee | Econtra Ez | Levonest | levonorgestrel/ethinyl estradiol and ethinyl estradiol,,medical_rx,,,,,no,no,,COCs lower the risk of becoming pregnant primarily by suppressing ovulation. Other possible mechanisms may include cervical mucus changes that inhibit sperm penetration and endometrial changes that reduce the likelihood of implantation.,,,"dose_ranges_by_route, duration_by_route, half_life_minutes, references"
Levothyroxine,,Levoxyl | Synthroid | Tirosint | Unithroid,,medical_rx,synthetic t4 thyroid hormone,,,,no,no,,Thyroid Hormone Replacement (T4),,,"dose_ranges_by_route, duration_by_route, half_life_minutes, references"
Linagliptin,,Tradjenta,,medical_rx,antidiabetic | dpp-4 inhibitor,,,,no,no,9300.0,"Inhibits dipeptidyl peptidase 4 (DPP-4) enzymes from inactivating incretin hormones, including glucagon-like peptide-1 (GLP-1) and glucose-dependent insulinotropic polypeptide (GIP). Incretin hormones help regulate blood glucose levels by increasing insulin synthesis and release, and lowering glucagon secretion, which reduces hepatic glucose production.",,"The metabolism and disposition of the oral dipeptidyl peptidase-4 inhibitor, linagliptin, in humans","dose_ranges_by_route, duration_by_route"
Lion's Mane,,Hericium erinaceus | Monkey Head Mushroom | Yamabushitake,Supplement,otc,NGF-stimulator | OTC | cognitive-enhancement | herbal | mushroom | neuroprotective | nootropic | supplement,oral,oral,oral,yes,no,480.0,,,https://en.wikipedia.org/wiki/Hericium_erinaceus | https://examine.com/supplements/lions-mane-mushroom/,"duration_by_route, mechanism_of_action"
Liothyronine,,Cytomel | Triostat,,medical_rx,synthetic t3 thyroid hormone,,,,no,no,3600.0,"Liothyronine is a synthetic form of T3 (L-triiodothyronine), a thyroid hormone that is the active metabolite of T4 (L-thyroxine) which is secreted by the thyroid gland. Thyroid hormones bind to thyroid hormone receptors on DNA, activating gene transcription and protein synthesis necessary in metabolic processes.",,"FDA label for Liothyronine Sodium (liothyronine), Clinical Pharmacology/Pharmacokinetics — biological t½ ≈ 2.5 days | https://dailymed.nlm.nih.gov/dailymed/search.cfm?labeltype=all&query=42023-120","dose_ranges_by_route, duration_by_route"
Lipoprotein lipase,,Ez Char | activated charcoal,,otc,,,,,no,no,,,,,"dose_ranges_by_route, duration_by_route, half_life_minutes, mechanism_of_action, references"
Liraglutide,,Saxenda | Victoza,Peptide,medical_rx,GLP-1-agonist | anti-diabetic | anti-obesity | antidiabetic | glp-1 agonist | peptide | prescription-only | weight-loss,,,,no,no,780.0,"Glucagon-like peptide 1 (GLP-1) agonists are analogs of GLP-1, an incretin hormone, that improve glycemic control by increasing glucose-dependent insulin secretion, decrease glucagon secretion, slow gastric emptying and increase satiety.",,https://www.accessdata.fda.gov/drugsatfda_docs/label/2020/022341s031lbl.pdf | https://en.wikipedia.org/wiki/Liraglutide,"dose_ranges_by_route, duration_by_route"
Lisinopril,,Lisinopril 2.5mg | Prinivil | Qbrelis | Zestril,Cardiovascular,medical_rx,ace inhibitor | antihypertensive,,,,no,no,,"Competitively inhibits the angiotensin-converting enzyme (ACE), which prevents both the conversion of angiotensin I to angiotensin II (vasoconstrictor), and the breakdown of bradykinin (vasodilator). Lower levels of angiotensin II also reduces aldosterone secretion, decreasing sodium and water reabsorption.",,,"dose_ranges_by_route, duration_by_route, half_life_minutes, references"
Lithium,,Eskalith | Lithium Carbonate | Lithium orotate | Lithobid | Lithonate,Anticonvulsant,medical_rx,GSK-3-inhibitor | antimanic | mood-stabilizer | narrow-therapeutic-index | nootropic | prescription-only | renal-excretion | supplement,,,,no,no,1440.0,Mood Stabilizer with Multiple Intracellular Mechanisms,,https://en.wikipedia.org/wiki/Lithium_(medication) | https://en.wikipedia.org/wiki/Lithium_orotate,"dose_ranges_by_route, duration_by_route"
Lixisenatide,,Adlyxin,,medical_rx,antidiabetic | glp-1 agonist,,,,no,no,,"Glucagon-like peptide 1 (GLP-1) agonists are analogs of GLP-1, an incretin hormone, that improve glycemic control by increasing glucose-dependent insulin secretion, decrease glucagon secretion, slow gastric emptying and increase satiety.",,,"dose_ranges_by_route, duration_by_route, half_life_minutes, references"
Lofentanil,,3-methylcarfentanil | R-34995,Opioid,recreational,extreme-potency | mu-superagonist | very-long-acting | wooden-chest-syndrome-risk,intravenous,intravenous,intravenous,yes,yes,,,,,"half_life_minutes, mechanism_of_action, references"
Lofexidine,,BritLofex | Lucemyra,Cardiovascular,medical_rx,QT-prolonging | alpha2-agonist | antihypertensive | opioid-withdrawal | prescription-only,oral,oral,oral,yes,yes,750.0,,,https://en.wikipedia.org/wiki/Lofexidine,mechanism_of_action
Lophophine,,,Psychedelic,recreational,PIHKAL | phenethylamine,,,,no,no,,,,https://erowid.org/library/books_online/pihkal/pihkal095.shtml,"dose_ranges_by_route, duration_by_route, half_life_minutes, mechanism_of_action"
Lophophora Williamsii,,乌羽玉,,medical_rx,,,,,no,no,,,,,"dose_ranges_by_route, duration_by_route, half_life_minutes, mechanism_of_action, references"
Loprazolam,,dormonoct,Benzodiazepine,recreational,GABAA-PAM | benzodiazepine | habit-forming | imidazolobenzodiazepine,oral,oral,oral,yes,yes,,,,,"half_life_minutes, mechanism_of_action, references"
Lormetazepam,,noctamid,Benzodiazepine,recreational,GABAA-PAM | UGT-substrate | benzodiazepine | habit-forming | minimal-CYP-metabolism,oral,oral,oral,yes,yes,600.0,,,Kinetics and biotransformation of lormetazepam. II. Radioimmunologic determinations in plasma and urine of young and elderly subjects: first-pass effect.,mechanism_of_action
Losartan,,Cozaar | Losortan Potassium,Cardiovascular,medical_rx,angiotensin-ii receptor blocker | antihypertensive,,,,no,no,,"Blocks angiotensin II from binding to the angiotensin II receptor, which prevents subsequent vasoconstriction.",,,"dose_ranges_by_route, duration_by_route, half_life_minutes, references"
Lovastatin,,Altoprev | Mevacor,,medical_rx,antihyperlipidemic | statin,,,,no,no,,"Inhibits HMG-CoA reductase, the rate-limiting enzyme that converts 3-hydroxy-3-methylglutaryl-coenzyme A to mevalonate, a precursor of sterols, including cholesterol.",,,"dose_ranges_by_route, duration_by_route, half_life_minutes, references"
Loxapine,,Adasuve | Loxitane,Antipsychotic,medical_rx,1st generation antipsychotic | 5HT2A-antagonist | D2-antagonist | antipsychotic | dibenzoxazepine | prescription-only | typical-antipsychotic,inhalation,inhalation | oral,,no,yes,240.0,"Competitively blocks postsynaptic dopamine receptors (notably D2) in the brain. Increased dopamine activity in the brain is thought to be associated with the ""positive"" symptoms of schizophrenia/psychosis such as hallucinations, hearing voices, aggression/hostility, disorganized speech, and psychomotor agitation. Also blocks, to varying degrees, several other subtypes of dopamine receptors (D1, D3, D4, D5), serotonin (5HT-2A, 5HT-2C, and 5HT-7) receptors, histamine-1 receptors, muscarinic (M1) receptors, and alpha-1 adrenergic receptors.",,https://www.accessdata.fda.gov/drugsatfda_docs/label/2012/022549lbl.pdf | https://en.wikipedia.org/wiki/Loxapine,dose_ranges_by_route
LR-1111,,,Stimulant,recreational,DAT-selective-extreme | DRI | investigational | no-human-data | research-chemical,,,,no,no,,,,https://pubmed.ncbi.nlm.nih.gov/,"dose_ranges_by_route, duration_by_route, half_life_minutes, mechanism_of_action"
LSA,,Ergine | Morning | d-lysergamide | d-lysergic acid amide | d-麦角酸酰胺 | hbmg | hbw | hbwr | morning_glory | morningglory | ololiuqui,Psychedelic,recreational,class:lysergamides | natural-ergot-alkaloid,oral,oral | other | sublingual,oral | other | sublingual,yes,yes,,,"Acuity enhancement | Analysis enhancement | Auditory distortion | Auditory enhancement | Auditory hallucinations | Autonomous entities | Color enhancement | Color shifting | Conceptual thinking | Drifting | Déjà vu | Emotion enhancement | Geometry | Internal hallucinations | Memory suppression | Motor control loss | Novelty enhancement | Pattern recognition enhancement | Perception of increased weight | Perspective alterations | Physical euphoria | Pupil dilation | Scenarios and plots | Sedation | Settings, sceneries, and landscapes | Spontaneous tactile sensations | Subconscious communication | Thought acceleration | Thought connectivity | Time distortion | Transformations | Unity and interconnectedness | Vasoconstriction | Wakefulness",,"half_life_minutes, mechanism_of_action, references"
LSM-775,,N-吗啉基麦角酰胺 | lsm | 麦角酸吗啉,Psychedelic,recreational,class:lysergamides | research-chemical | tentative,oral,oral,oral,yes,yes,,"LSM-775 可能作为 5-HT 部分激动剂起作用呢。人们认为迷幻效应源于 LSM-775 对 5-HT 受体的效力喵。然而，这些相互作用的作用以及它们如何导致迷幻体验，仍然是科学阐明对象。

N-吗啉基麦角酰胺 (LSM-775) 是麦角灵的衍生物。它的效力不如 LSD，但据报道在 75 到 700 微克的剂量范围内具有一些类似 LSD 的效应，且持续时间更短喵。与 LSD 相比，LSM-775 的心血管刺激和外周毒性迹象较少呢。",,,"half_life_minutes, references"
LSZ,,"Diazedine | LA-SS-Az | Lambda | lysergic acid 2,4-dimethylazetidide | 麦角酸 2,4-二甲基氮杂环丁烷",Psychedelic,recreational,class:lysergamides | research-chemical,oral,oral,oral,yes,yes,,"更多信息请参见：血清素能迷幻剂

LSZ 可能作为 血清素 的受体激动剂。人们认为迷幻剂效应源于 LSZ 对血清素受体的作用。然而，这些相互作用的作用以及它们如何导致迷幻体验，目前仍然难以捉摸呢。",,,"half_life_minutes, references"
Lumefantrine,,Coartem | artemether/lumefantrine,,medical_rx,,,,,no,no,6480.0,"Coartem Tablets, a fixed dose combination of artemether and lumefantrine in the ratio of 1:6, is an antimalarial agent.",,"FDA label for Coartem (artemether and lumefantrine), Clinical Pharmacology/Pharmacokinetics — t½ = 3–6 days","dose_ranges_by_route, duration_by_route"
Lurasidone,,Latuda,Antipsychotic,medical_rx,2nd generation antipsychotic | 5HT1A-partial-agonist | 5HT2A-antagonist | 5HT7-antagonist | D2-antagonist | antipsychotic | atypical-antipsychotic | bipolar-depression | prescription-only,oral,oral,,no,yes,1080.0,"Competitively blocks of D2 dopamine and 5HT-2A serotonin receptors. These mechanisms are notably thought to be related to its efficacy for indicated conditions. Also blocks, to varying degrees, several subtypes of dopamine receptors (D1, D3, D4), serotonin (5HT-2C and 5HT-7) receptors, and alpha-1 and alpha-2 adrenergic receptors. Partial agonist of 5HT-1A.",,https://www.accessdata.fda.gov/drugsatfda_docs/label/2013/200603s009lbl.pdf | https://en.wikipedia.org/wiki/Lurasidone,dose_ranges_by_route
Lys-MDA,,Lysine-MDA,Empathogen,recreational,SNDRI | investigational | no-human-data | phase-1-data | phenethylamine | prodrug,,,,no,no,,,,,"dose_ranges_by_route, duration_by_route, half_life_minutes, mechanism_of_action, references"
M,,,Psychedelic,recreational,PIHKAL | phenethylamine,oral,oral,oral,yes,yes,,,,https://erowid.org/library/books_online/pihkal/pihkal096.shtml,"half_life_minutes, mechanism_of_action"
Maca,,Black Maca | Lepidium meyenii | Maca Root | Peruvian Ginseng | Red Maca,Supplement,otc,OTC | adaptogen | fertility | herbal | libido | supplement,oral,oral,oral,yes,yes,240.0,,,https://en.wikipedia.org/wiki/Maca_(plant) | https://examine.com/supplements/maca/,mechanism_of_action
MADAM-6,,6-methyl-MDMA,Psychedelic,recreational,MISCLASSIFICATION | PIHKAL | PIHKAL-inactive | phenethylamine | phenethylamine-MDxx | research-chemical | synthetic-cannabinoid,,,,no,no,,,,https://erowid.org/library/books_online/pihkal/pihkal098.shtml,"dose_ranges_by_route, duration_by_route, half_life_minutes, mechanism_of_action"
Magnesium,,Bisglycinate Chelate | Citrate of Magnesia | Citroma | Epsom Salts | Magnesium Bisglycinate | Magnesium Diglycinate | Magnesium Glycinate | Magnesium L-Threonate | Magnesium Threonate | Magnesium hydroxide | Magtein | Mg-T | Milk of Magnesia | Mint | magnesium,Supplement,otc,NMDA-modulator | OTC | antacid | anxiolytic | cognitive-enhancement | laxative | mineral | muscle-relaxant | nootropic | sleep | supplement,oral,oral,oral,yes,no,1440.0,"Produces an osmotic effect in the colon that increases stool water content, softens the stool, and promotes peristalsis.",,https://ods.od.nih.gov/factsheets/Magnesium-HealthProfessional/ | https://en.wikipedia.org/wiki/Magnesium_citrate | https://en.wikipedia.org/wiki/Magnesium_glycinate | https://en.wikipedia.org/wiki/Magnesium_L-threonate | https://examine.com/supplements/magnesium-l-threonate/,duration_by_route
Magnesium/Magaldrate,,Zantanol Tab.,Gastrointestinal,otc,OTC | antacid | combination-product,,,,no,no,,,,https://en.wikipedia.org/wiki/Magaldrate,"dose_ranges_by_route, duration_by_route, half_life_minutes, mechanism_of_action"
Magnesium/Sodium,,Stomachin Antacid,Gastrointestinal,otc,OTC | antacid | combination-product,,,,no,no,,,,https://en.wikipedia.org/wiki/Magnesium_hydroxide,"dose_ranges_by_route, duration_by_route, half_life_minutes, mechanism_of_action"
Maprotiline,,Ludiomil,Antidepressant,medical_rx,TCA | secondary amine,,,,no,no,,"Primarily inhibits norepinephrine and serotonin reuptake at the presynaptic neurons leading to higher concentrations of these neurotransmitters in the neuronal synapse. As a secondary amine (TCAs are either tertiary or secondary amines), this drug displays more selectivity towards norepinephrine reuptake inhibition. Additionally, blocks histamine-H1, alpha-1 adrenergic, and muscarinic receptors accounting for sedative, hypotensive and anticholinergic effects, respectively.",,,"dose_ranges_by_route, duration_by_route, half_life_minutes, references"
Mazindol,,42-548 | AN-448 | Mazanor | Sanorex | Teronac,Stimulant,recreational,"NDRI | OX2R-agonist | US-Schedule-IV | anorectic | class:Tricyclic, piperidine derivative | prescription-only",oral,oral,oral,yes,yes,540.0,,,https://en.wikipedia.org/wiki/Mazindol,mechanism_of_action
MBDB,,eden | methyl-j,Empathogen,recreational,habit-forming | research-chemical | tentative,oral,oral,oral,yes,yes,,,,,"half_life_minutes, mechanism_of_action, references"
MBT,,,Psychedelic,recreational,TIHKAL | tryptamine,oral,oral,oral,yes,yes,,,,https://erowid.org/library/books_online/tihkal/tihkal27.shtml,"half_life_minutes, mechanism_of_action"
MBZP,,methylbenylpiperazine,Stimulant,recreational,habit-forming | research-chemical | tentative,oral,oral,oral,yes,yes,,,,,"half_life_minutes, mechanism_of_action, references"
mCPP,,间氯苯哌嗪,Stimulant,recreational,class:substituted piperazines | research-chemical | tentative,oral,oral,oral,yes,yes,,"mCPP 对 5-HT, 5-HT, 5-HT, 5-HT, 5-HT, 5-HT, 5-HT 和 5-HT 受体，以及血清素转运蛋白（SERT）具有显著的亲和力。它对 α-肾上腺素能、α-肾上腺素能、H、I（咪唑啉受体）和去甲肾上腺素转运蛋白（NET）也有一定的亲和力。它在大多数血清素受体上表现为激动剂。研究表明，mCPP 不仅作为血清素再摄取抑制剂发挥作用，还作为血清素释放剂起作用呢。

mCPP 最强的作用发生在 5-HT 和 5-HT 受体上，其辨别性提示主要由 5-HT 介导。它的负面效应，如焦虑、头痛和食欲减退，很可能是通过它对 5-HT 受体的作用介导的喵。mCPP 的其他效应还包括恶心、活动减退和阴茎勃起，后两者是 5-HT 活性增加的结果，而前者可能是通过 5-HT 刺激产生的。

mCPP 是人类 5-HT 受体部分激动剂，但作为人类 5-HT 和 5-HT 受体的拮抗剂。由于它对人类 5-HT 受体缺乏激动作用，目前还没有 mCPP 在人类中产生致幻效应的报告哦。

mCPP 是抗抑郁药曲唑酮的一种活性代谢物呢。",,,"half_life_minutes, references"
MD-PHP,,"3' | 3,4-MDPHP | MDPH | MDPHP | methylenedioxypyrolidinohexiophenone | monkey dust | zombie dust",Stimulant,recreational,NDRI | pyrovalerone-cathinone | stimulant-not-entactogen,inhalation,inhalation | insufflation | oral,inhalation | insufflation | oral,yes,yes,,"MDPHP 被认为主要作为一种强效的去甲肾上腺素-多巴胺再摄取抑制剂（NDRI）起作用。去甲肾上腺素和多巴胺的再摄取减少会导致突触间隙（即神经元之间的间隙）中这两种儿茶酚胺神经递质的浓度升高呢。这种抑制的结果是增强并延长了多巴胺能和去甲肾上腺素信号在接收神经元的多巴胺和去甲肾上腺素受体上的突触后效应。 血清素也起到了一定作用，尽管程度要小得多喵。大脑中神经递质浓度的这种突然增加被认为是 MDPHP 产生药效的原因。MDPHP 主要具有再摄取抑制特性，在作用方式上可能更像可卡因或哌甲酯，而不是苯丙胺哦。相比之下，苯丙胺主要作为激动剂，通过激活 TAAR1 受体间接释放多巴胺和去甲肾上腺素。

然而，尽管结构相似，MDPHP 的效果与 3,4-亚甲双氧基苯基烷基胺衍生物（如 MDMA）几乎没有相似之处，它主要产生兴奋效果，仅具有轻微的共情特质喵。它与强效兴奋剂 MDPV 密切相关，但效果略微温和，强迫性补量的渴望也较小呢。虽然 MDPHP 早在 20 世纪 60 年代就已首次合成，但在某些国家禁用 MDPV 后，它被用作替代品。",,,"half_life_minutes, references"
MD-PiHP,,"3,4-MD-PiHP | MDPiHP",Stimulant,recreational,NDRI | pyrovalerone-cathinone | stimulant-not-entactogen,inhalation,inhalation | insufflation | intravenous | oral | rectal | sublingual,inhalation | insufflation | intravenous | oral | rectal | sublingual,yes,yes,,,,,"half_life_minutes, mechanism_of_action, references"
MDAI,,"5,6-亚甲双氧基-2-氨基茚 | mindy | sparkle",Empathogen,recreational,Nichols-compound | SNDRI | SRI | SSRA-selective | class:aminoindane | fatalities-reported | habit-forming | phenethylamine | research-chemical,oral,oral,oral,yes,yes,,,,,"half_life_minutes, mechanism_of_action, references"
MDAL,,N-allyl-MDA,Psychedelic,recreational,PIHKAL | SNDRI | phenethylamine,,,,no,no,,,,https://erowid.org/library/books_online/pihkal/pihkal101.shtml,"dose_ranges_by_route, duration_by_route, half_life_minutes, mechanism_of_action"
MDBU,,,Psychedelic,recreational,PIHKAL | phenethylamine,,,,no,no,,,,https://erowid.org/library/books_online/pihkal/pihkal102.shtml,"dose_ranges_by_route, duration_by_route, half_life_minutes, mechanism_of_action"
MDBZ,,,Psychedelic,recreational,PIHKAL | phenethylamine,,,,no,no,,,,https://erowid.org/library/books_online/pihkal/pihkal103.shtml,"dose_ranges_by_route, duration_by_route, half_life_minutes, mechanism_of_action"
MDCPM,,,Psychedelic,recreational,PIHKAL | phenethylamine,,,,no,no,,,,https://erowid.org/library/books_online/pihkal/pihkal104.shtml,"dose_ranges_by_route, duration_by_route, half_life_minutes, mechanism_of_action"
MDDM,,,Psychedelic,recreational,PIHKAL | phenethylamine,,,,no,no,,,,https://erowid.org/library/books_online/pihkal/pihkal105.shtml,"dose_ranges_by_route, duration_by_route, half_life_minutes, mechanism_of_action"
Mdea,,Eve | MDE | N-ethyl-MDA,Empathogen,recreational,PIHKAL | SSRA-dominant | Schedule-I | class:amphetamine | class:mdxx | class:substituted amphetamines | duplicate-of-MDE | low-DA-release | phenethylamine | tentative,oral,oral,oral,yes,yes,,"MDEA 作为神经递质释放剂与神经递质再摄取抑制剂，作用于单胺类神经递质：血清素、多巴胺和去甲肾上腺素。这些神经递质负责调节专注、动机、愉悦与奖赏。

MDEA 那种偏“昏沉压身”的效应，被认为源于它相较于 MDMA，对释放血清素的相对活性高于多巴胺呢。

MDEA 还会刺激催产素和催乳素的释放。这两种激素目前正在被研究，因其可能参与调节信任感与爱的感受。",,https://erowid.org/library/books_online/pihkal/pihkal106.shtml,half_life_minutes
MDHOET,,,Psychedelic,recreational,PIHKAL | phenethylamine,,,,no,no,,,,https://erowid.org/library/books_online/pihkal/pihkal107.shtml,"dose_ranges_by_route, duration_by_route, half_life_minutes, mechanism_of_action"
MDIP,,,Psychedelic,recreational,PIHKAL | phenethylamine,,,,no,no,,,,https://erowid.org/library/books_online/pihkal/pihkal108.shtml,"dose_ranges_by_route, duration_by_route, half_life_minutes, mechanism_of_action"
MDMB-4en-PINACA,,,Cannabinoid,recreational,US-Schedule-I | fatalities-reported | full-agonist-CB1 | high-mortality | high-risk | indazole-carboxamide | super-agonist | synthetic-cannabinoid,,,,no,no,,,,https://en.wikipedia.org/wiki/MDMB-4en-PINACA | https://www.emcdda.europa.eu/publications/risk-assessments/mdmb-4en-pinaca_en,"dose_ranges_by_route, duration_by_route, half_life_minutes, mechanism_of_action"
MDMEO,,,Psychedelic,recreational,PIHKAL | phenethylamine,,,,no,no,,,,https://erowid.org/library/books_online/pihkal/pihkal111.shtml,"dose_ranges_by_route, duration_by_route, half_life_minutes, mechanism_of_action"
Mdmeoet,,,Psychedelic,recreational,PIHKAL | phenethylamine,,,,no,no,,,,https://erowid.org/library/books_online/pihkal/pihkal112.shtml,"dose_ranges_by_route, duration_by_route, half_life_minutes, mechanism_of_action"
MDMP,,,Psychedelic,recreational,PIHKAL | phenethylamine,oral,oral,,no,yes,,,,https://erowid.org/library/books_online/pihkal/pihkal113.shtml,"dose_ranges_by_route, half_life_minutes, mechanism_of_action"
MDNEB,,N-乙基MDNMB,,medical_rx,,oral,oral,oral,yes,yes,,"MDNEB acts simultaneously as a reuptake inhibitor and releasing agent for the neurotransmitters serotonin, norepinephrine, and dopamine. MDNEB modulates these neurotransmitters, which are responsible for pleasure, reward, motivation, and focus. By inhibiting the reuptake and reabsorption of these neurotransmitters following completion of neural impulse transmission, it allows them to accumulate extracellularly and be re-utilized, producing stimulant and euphoric effects.

Compared to MDMC, MDNEB has a substantially lower affinity for the norepinephrine transporter, while its affinity for the serotonin and dopamine transporters is similar. Despite this lower affinity, MDNEB remains a more potent reuptake inhibitor than MDMA, though with lower overall potency and a more balanced catecholaminergic profile. As a substance with both releasing and reuptake-inhibiting properties, it also possesses relatively robust releasing activity.",,,"half_life_minutes, references"
MDNMP,,"3,4-亚甲二氧基戊酮",Stimulant,recreational,,oral,oral,oral,yes,yes,,"Virtually no data exist on the pharmacokinetics and pharmacodynamics of MDNMP and other substituted cathinones in humans. Similarly to amphetamines, synthetic cathinones produce their stimulant and sympathomimetic effects by increasing the concentration of catecholamines — such as dopamine, serotonin, and norepinephrine — in the synaptic cleft. These molecules inhibit monoamine reuptake transporters, thereby slowing the clearance of these neurotransmitters from the synapse. They may additionally promote the release of biogenic amines from intracellular stores.

Compared to amphetamines, synthetic cathinones generally cross the blood-brain barrier less readily, as the β-keto group increases the polarity of the molecule. Unlike other synthetic cathinones, pyrrolidine derivatives cross the blood-brain barrier more easily because the pyrrolidine ring confers lower polarity on these molecules. Research on the metabolism of synthetic cathinones indicates that they undergo N-demethylation, reduction of the keto group to a hydroxyl group, and oxidation of the alkyl substituents on the ring.",,,"half_life_minutes, references"
MDOH,,N-hydroxy-MDA,Empathogen,recreational,MDA-prodrug | PIHKAL | habit-forming | phenethylamine | research-chemical | tentative,oral,oral,oral,yes,yes,,,,https://erowid.org/library/books_online/pihkal/pihkal114.shtml,"half_life_minutes, mechanism_of_action"
MDPA,,methylenedioxyphenylacetamide,Empathogen,recreational,habit-forming | research-chemical | tentative,oral,oral,oral,yes,yes,,,,,"half_life_minutes, mechanism_of_action, references"
MDPBP,,,Stimulant,recreational,cathinone | no-human-data | pure-reuptake-inhibitor | pyrrolidinophenone | research-chemical,,,,no,no,,,,https://en.wikipedia.org/wiki/MDPBP,"dose_ranges_by_route, duration_by_route, half_life_minutes, mechanism_of_action"
MDPEA,,,Psychedelic,recreational,PIHKAL | phenethylamine,,,,no,no,,,,https://erowid.org/library/books_online/pihkal/pihkal115.shtml,"dose_ranges_by_route, duration_by_route, half_life_minutes, mechanism_of_action"
MDPH,,,Psychedelic,recreational,PIHKAL | phenethylamine,oral,oral,oral,yes,yes,,,,https://erowid.org/library/books_online/pihkal/pihkal116.shtml,"half_life_minutes, mechanism_of_action"
MDPHP,,monkey-dust,Stimulant,recreational,habit-forming | research-chemical | tentative,insufflation,insufflation | oral,insufflation | oral,yes,no,,,,,"duration_by_route, half_life_minutes, mechanism_of_action, references"
MDPL,,,Psychedelic,recreational,PIHKAL | phenethylamine,,,,no,no,,,,https://erowid.org/library/books_online/pihkal/pihkal117.shtml,"dose_ranges_by_route, duration_by_route, half_life_minutes, mechanism_of_action"
MDPPP,,,Stimulant,recreational,cathinone | low-potency-MDPV-analog | no-human-data | pyrrolidinophenone | research-chemical,,,,no,no,,,,https://en.wikipedia.org/wiki/MDPPP,"dose_ranges_by_route, duration_by_route, half_life_minutes, mechanism_of_action"
MDPR,,N-propyl-MDA,Psychedelic,recreational,PIHKAL | phenethylamine | weak-activity,,,,no,no,,,,https://erowid.org/library/books_online/pihkal/pihkal118.shtml,"dose_ranges_by_route, duration_by_route, half_life_minutes, mechanism_of_action"
ME,,,Psychedelic,recreational,PIHKAL | phenethylamine,oral,oral,oral,yes,yes,,,,https://erowid.org/library/books_online/pihkal/pihkal119.shtml,"half_life_minutes, mechanism_of_action"
Mebroqualone,,MBQ,Depressant,recreational,habit-forming | quinazolinone | research-chemical | tentative,inhalation,inhalation | sublingual,inhalation | sublingual,yes,yes,,,,,"half_life_minutes, mechanism_of_action, references"
Mecamylamine,,Vecamyl,,medical_rx,,,,,no,no,,,,,"dose_ranges_by_route, duration_by_route, half_life_minutes, mechanism_of_action, references"
Meclonazepam,,,Benzodiazepine,recreational,GABAA-PAM | benzodiazepine | designer-benzo | habit-forming | nitro-benzodiazepine | tentative,oral,oral,oral,yes,yes,,,,,"half_life_minutes, mechanism_of_action, references"
MEDA,,,Psychedelic,recreational,PIHKAL | no-human-data | phenethylamine,,,,no,no,,,,https://erowid.org/library/books_online/pihkal/pihkal120.shtml,"dose_ranges_by_route, duration_by_route, half_life_minutes, mechanism_of_action"
Medazepam,,Ansilan | Debrum | Lerisum | Medacepan | Megasedan | Nobritol | Nobrium | Rudotel | Rusedal | Tranko-Buskas | Tranquirax | azepamid | mezapam | raporan | talis,Benzodiazepine,recreational,GABAA-PAM | benzodiazepine | habit-forming | prodrug-of-diazepam-nordazepam,oral,oral,oral,yes,yes,,,,,"half_life_minutes, mechanism_of_action, references"
Medronic Acid,,Technetium Tc 99m Medronate,,medical_rx,,,,,no,no,,,,,"dose_ranges_by_route, duration_by_route, half_life_minutes, mechanism_of_action, references"
MEE,,,Psychedelic,recreational,PIHKAL | phenethylamine,,,,no,no,,,,https://erowid.org/library/books_online/pihkal/pihkal121.shtml,"dose_ranges_by_route, duration_by_route, half_life_minutes, mechanism_of_action"
Mefloquine,,"Lariam | Mefloquina | Mefloquinum | RO 21-5998 | WR 142,490",,medical_rx,antimalarial | class:Quinoline methanol derivative | miscategorized | neuropsychiatric-AE-risk,,,,no,no,,,,,"dose_ranges_by_route, duration_by_route, half_life_minutes, mechanism_of_action, references"
Melanotan II,,MT-2 | MT-II | Melanotan 2,Peptide,medical_rx,aphrodisiac | gray-market | melanocortin-agonist | peptide | tanning,subcutaneous,subcutaneous,subcutaneous,yes,yes,60.0,,,https://en.wikipedia.org/wiki/Melanotan_II,mechanism_of_action
Meloxicam,,Mobic | Qmiiz | Vivlodex,Analgesic,medical_rx,analgesic | moderate cox-2 selectivity | nsaid,,,,no,no,1050.0,"Reversibly inhibits cyclooxygenase-1 and 2 (COX-1 and 2) enzymes (with increased COX-2 selectivity compared to non-selective NSAIDs) causing decreased prostaglandin precursor formation. This results in anti-inflammatory, analgesic, and antipyretic effects.",,https://dailymed.nlm.nih.gov/dailymed/search.cfm?labeltype=all&query=42211-205,"dose_ranges_by_route, duration_by_route"
Melphalan,,,,medical_rx,,,,,no,no,,,,,"dose_ranges_by_route, duration_by_route, half_life_minutes, mechanism_of_action, references"
Menthol,,Bentasil | Dual Action Cherry Cough Suppressant Oral Anesthetic | Hallssugar Free Extra | Herbal Cough Drops | Honey Lemon Menthol Cough Drop | Leader Cough Drops Cherry Flavor | Moore Medical Honey Lemon Cough Drops | Natural Cherry Honey Herb Throat Drops | Natural Lemon Mint Herb Throat Drops | Olbas Lozenges | Physicians Care Cough And Sore Throat | Sf Black Cherry Cough Drops | Throat And Chest Chili And Lime | Watermelon Frost Sore Throat,,otc,,,,,no,no,,,,,"dose_ranges_by_route, duration_by_route, half_life_minutes, mechanism_of_action, references"
MEPEA,,,Psychedelic,recreational,PIHKAL | phenethylamine,oral,oral,oral,yes,no,,,,https://erowid.org/library/books_online/pihkal/pihkal123.shtml,"duration_by_route, half_life_minutes, mechanism_of_action"
Mephenaqualone,,,Depressant,recreational,class:quinazolinone,oral,oral,oral,yes,yes,,,,,"half_life_minutes, mechanism_of_action, references"
Mephtetramine,,mtta,Other,recreational,research-chemical | tentative,,,,no,no,,,,,"dose_ranges_by_route, duration_by_route, half_life_minutes, mechanism_of_action, references"
Meprobamate,,甲丙氨酯,,medical_rx,,,,,no,no,600.0,"The precise mechanism of action of meprobamate has not been fully elucidated. It is generally believed, however, to act as a positive allosteric modulator of GABA receptors in a manner similar to benzodiazepines and barbiturates. Unlike barbiturates and benzodiazepines, animal studies show that meprobamate retains most of its effects even in the absence of GABA, suggesting it may also act as a direct agonist at GABA receptors. Additional research indicates that meprobamate is an adenosine reuptake inhibitor, a property that distinguishes it considerably among sedative-hypnotics.",,"FDA label for Carisoprodol tablets, Clinical Pharmacology/Pharmacokinetics — meprobamate half-life approximately 10 hours","dose_ranges_by_route, duration_by_route"
Meprylcaine,,Epirocaine | Oracaine,Stimulant,recreational,aminoester | historical | local-anesthetic | stimulant,,,,no,no,,Sodium channel blocker (local anesthetic) + relatively potent monoamine transporter inhibition (DA/NE/5-HT reuptake) — stimulant properties distinguish it from purely local-anesthetic benzoates.,,"https://en.wikipedia.org/wiki/Meprylcaine | Studies on the pharmacology of meprylcaine (oracaine), a local anesthetic.","dose_ranges_by_route, duration_by_route, half_life_minutes"
Mesalazine,,Apriso | Asacol Hd | Lialda | mesalamine,,medical_rx,,,,,no,no,,"The mechanism of action of mesalamine (5-ASA) is unknown, but appears to be local to the intestinal mucosa rather than systemic. Mucosal production of arachidonic acid metabolites, both through the cyclooxygenase pathways, i.e., prostanoids, and through the lipoxygenase pathways, i.e., leukotrienes and hydroxyeicosatetraenoic acids, is increased in patients with ulcerative colitis, and it is possible that 5-ASA diminishes inflammation by blocking production of arachidonic acid metabolites.",,,"dose_ranges_by_route, duration_by_route, half_life_minutes, references"
Mescaline,,"3,4,5-trimethoxybenzeneethanamine | 3,4,5-trimethoxyphenethylamine | 3,4,5-trimethoxyphenylethylamine | Buttons | Cactus | TMPEA | mesc | 三甲氧苯乙胺 | 仙人掌毒碱 | 仙人掌毒鹼 | 麥司卡林 | 麦司卡林",Psychedelic,recreational,5-HT2A-partial-agonist | class:Phenethylamine | class:substituted phenethylamines | no-human-data | phenethylamine | psychedelic,oral,oral,oral,yes,yes,,,"Acuity enhancement | After images | Analysis enhancement | Auditory distortion | Auditory enhancement | Auditory hallucinations | Autonomous entities | Bodily control enhancement | Color enhancement | Color shifting | Conceptual thinking | Delusions | Drifting | Emotion enhancement | Feelings of interdependent opposites | Geometry | Immersion enhancement | Increased heart rate | Internal hallucinations | Memory suppression | Nausea | Novelty enhancement | Pattern recognition enhancement | Personal bias suppression | Personal meaning enhancement | Perspective alterations | Physical euphoria | Pupil dilation | Scenarios and plots | Scenery slicing | Settings, sceneries, and landscapes | Spirituality enhancement | Spontaneous tactile sensations | Stimulation | Suggestibility enhancement | Symmetrical texture repetition | Synaesthesia | Tactile enhancement | Thought acceleration | Thought loops | Time distortion | Tracers | Transformations | Unity and interconnectedness | Wakefulness",,"half_life_minutes, mechanism_of_action, references"
Mesyl Sal B,,22-Methylsulfonyloxy-salvinorin B | RB-64,Dysdelic,recreational,biased-agonist | biased-agonist-Gi | covalent-probe | irreversible-agonist | kappa-opioid-agonist | longer-acting-than-Sal-A | no-human-data | research-chemical | salvinorin,,,,no,no,,,,,"dose_ranges_by_route, duration_by_route, half_life_minutes, mechanism_of_action, references"
Met,,Methylethyltryptamine | N-乙基-N-甲基色胺,Psychedelic,recreational,class:substituted tryptamines | research-chemical | tentative,inhalation,inhalation | insufflation | oral,inhalation | insufflation | oral,yes,yes,,,,,"half_life_minutes, mechanism_of_action, references"
META-DOB,,,Psychedelic,recreational,5-HT2A-agonist | DOx | PIHKAL | likely-weaker-than-DOB | phenethylamine,oral,oral,oral,yes,yes,,,,https://erowid.org/library/books_online/pihkal/pihkal124.shtml,"half_life_minutes, mechanism_of_action"
META-DOT,,,Psychedelic,recreational,PIHKAL | phenethylamine,,,,no,no,,,,https://erowid.org/library/books_online/pihkal/pihkal125.shtml,"dose_ranges_by_route, duration_by_route, half_life_minutes, mechanism_of_action"
Metaclazepam,,,Benzodiazepine,recreational,GABAA-PAM | benzodiazepine | habit-forming | tentative,oral,oral,oral,yes,yes,,,,,"half_life_minutes, mechanism_of_action, references"
Metaxalone,,Metaxall | Skelaxin,Depressant,recreational,central-muscle-relaxant | mechanism-unknown | skeletal muscle relaxant,oral,oral,oral,yes,yes,,"The muscle relaxant mechanism of metaxalone has not been clearly defined but is thought to be related to its sedative effects caused by general central CNS depression. Metaxalone has no direct effect on the contractile mechanisms of striated muscle, the motor end plate, or the nerve fiber. At high concentrations, metaxalone may produce monoamine oxidase A inhibition, which accounts for its risks when used in combination with serotonergic agents.",,,"half_life_minutes, references"
Metformin,,Fortamet | Glucophage | Glumetza Fortamet | Riomet | glipizide/metformin,,medical_rx,biguanide,,,,no,no,,AMP-Activated Protein Kinase (AMPK) Activator,,,"dose_ranges_by_route, duration_by_route, half_life_minutes, references"
Methallylescaline,,MAL | 甲基烯丙基艾斯卡林,Psychedelic,recreational,5-HT2C-selective | PIHKAL | class:substituted phenethylamines | phenethylamine | research-chemical,insufflation,insufflation | oral | sublingual,insufflation | oral | sublingual,yes,yes,,"更多信息请见：血清素能迷幻剂

甲基烯丙基艾斯卡林 可能作为 5-HT 受体部分激动剂发挥作用。人们认为其迷幻效果源于它对 5-HT2A 受体的效能。然而，这些相互作用的作用方式以及它们如何导致迷幻体验，目前仍然不太清楚呢。","Acuity enhancement | After images | Analysis enhancement | Auditory distortion | Auditory enhancement | Auditory hallucinations | Autonomous entities | Bodily control enhancement | Color enhancement | Color shifting | Conceptual thinking | Delusions | Drifting | Emotion enhancement | Geometry | Immersion enhancement | Internal hallucinations | Memory suppression | Nausea | Novelty enhancement | Pattern recognition enhancement | Personal bias suppression | Perspective alterations | Pupil dilation | Scenarios and plots | Scenery slicing | Settings, sceneries, and landscapes | Spontaneous tactile sensations | Stimulation | Symmetrical texture repetition | Tactile enhancement | Thought acceleration | Thought disorganization | Thought loops | Time distortion | Tracers | Transformations | Wakefulness",https://erowid.org/library/books_online/pihkal/pihkal099.shtml,half_life_minutes
Methamnetamine,,MNA | N-methyl-PAL-287 | PAL-1046 | methylnaphetamine | mnt,Empathogen,recreational,SNDRA | balanced-release | habit-forming | research-chemical | tentative,oral,oral,oral,yes,yes,,,,,"half_life_minutes, mechanism_of_action, references"
Methcathinone,,AL-422 | AL-463 | AL-464 | Bathtub Speed | Cadillac Express | Cat | Cosmos | Ephedrone | Gagers | Gaggers | Goog | Jeff | MC | Methcat | Mulka | N-methylcathinone | Speed | The C | UR-1431 (UR(W)1431) | Wild Cat | Wonder Star | monomethylpropion | α-methylamino-propiophenone | α-methylaminopropiophenone | 甲卡西酮,Stimulant,recreational,DA-NE-selective | DRI | US-Schedule-I | cathinone | class:cathinone | class:substituted cathinones | manganese-toxicity-synthesis-contaminant | no-human-data | phenethylamine | substrate-releaser,insufflation,insufflation | oral,insufflation | oral,yes,yes,,虽然甲卡西酮的效果尚未像苯丙胺类物质那样得到同等水平的正式研究，但可以推测，像其他简单的取代卡西酮类物质一样，它最主要的作用是作为多巴胺和去甲肾上腺素 神经递质再摄取抑制剂（NDRIs）。 这导致大脑中与奖励和快乐相关的关键区域内的去甲肾上腺素和多巴胺神经递质水平有效增加，这是通过结合并部分阻断通常从突触间隙清除这些单胺的转运蛋白来实现的。这使得多巴胺和去甲肾上腺素积累到超内源性水平，从而产生兴奋、激励和欣快的效果。,,https://en.wikipedia.org/wiki/Methcathinone,half_life_minutes
Methedrone,,4-methoxymethcathinone | PMMC | bk-PMMA,Stimulant,recreational,SERT-preferring-cathinone | fatal-toxicity | habit-forming | research-chemical,,,,no,no,1572.0,,,Two fatal intoxications with the new designer drug methedrone (4-methoxymethcathinone),"dose_ranges_by_route, duration_by_route, mechanism_of_action"
Methiodone,,IC-26 | WIN 1161-3,Opioid,recreational,MOR-agonist | habit-forming | methadone-analog | opioid,insufflation,insufflation | oral | rectal,insufflation | oral | rectal,yes,yes,,,,,"half_life_minutes, mechanism_of_action, references"
Methiopropamine,,MPA,Stimulant,recreational,class:thiophene,insufflation,insufflation | oral,insufflation | oral,yes,yes,,,,,"half_life_minutes, mechanism_of_action, references"
Methoxmetamine,,3-MeO-2'-oxo-PCM | 3-MeO-2-oxo-PCM | E-MXE | MMXE | MXM | Methoxymetamine | e-Methoxetamine,Dissociative,recreational,NMDA-antagonist | arylcyclohexylamine | class:Arylcyclohexylamine dissociative | no-human-data | research-chemical,insufflation,insufflation | intramuscular | oral | rectal | sublingual,insufflation | intramuscular | oral | rectal | sublingual,yes,yes,,,,"In Europe, an early, cold dawn for modern humans.","half_life_minutes, mechanism_of_action"
Methoxphenidine,,2-MXP | 2-MeO-DPP | 2-MeO-Diphenidine | 2-MeO-二苯乙胺 | 2-Methoxydiphenidine | MXP | Methoxyphenidine | 甲氧芬尼定,Dissociative,recreational,NMDA-antagonist | class:diarylethylamines | designer-dissociative | diarylethylamine | duplicate-of-Methoxphenidine | fatalities-documented | fatalities-reported | habit-forming | high-affinity-NMDA-blocker | long-duration-dissociative | research-chemical | tentative,oral,oral,oral,yes,yes,,"更多信息请参阅：NMDA受体拮抗剂

MXP 作为 NMDA受体拮抗剂发挥作用喵。NMDA 受体允许电信号在脑部和脊柱的神经元之间传递；为了让信号通过，受体必须处于开放状态呢。解离剂通过阻断 NMDA 受体来使其关闭哦。这种神经元的断连会导致感觉丧失、移动困难，并最终产生与“K-hole”几乎相同的效果喵。

虽然尚未经过正式研究，但许多用户报告的身体和情感欣快感表明，它可能还具有多巴胺和/或去甲肾上腺素再摄取抑制剂的作用呢。","Acuity suppression | Amnesia | Anxiety suppression | Auditory distortion | Auditory hallucinations | Auditory suppression | Autonomous entities | Cognitive euphoria | Conceptual thinking | Consciousness disconnection | Depersonalization | Derealization | Disinhibition | Dizziness | Double vision | Environmental cubism | Environmental orbism | Frame rate suppression | Geometry | Information processing suppression | Internal hallucinations | Memory suppression | Motor control loss | Pattern recognition suppression | Perception of decreased weight | Perspective alterations | Perspective distortions | Physical autonomy | Physical euphoria | Scenarios and plots | Scenery slicing | Settings, sceneries, and landscapes | Spontaneous tactile sensations | Tactile disconnection | Tactile suppression | Thought acceleration | Thought deceleration | Time distortion | Visual disconnection",https://en.wikipedia.org/wiki/Methoxphenidine,half_life_minutes
Methoxyacetyl-fentanyl,,desfluoroocfentanil | maf,Opioid,recreational,CYP3A4-substrate | habit-forming | mu-full-agonist | mu-opioid-agonist | research-chemical | wooden-chest-syndrome-risk,oral,oral,oral,yes,yes,,,,,"half_life_minutes, mechanism_of_action, references"
METHYL-DMA,,,Psychedelic,recreational,PIHKAL | phenethylamine,,,,no,no,,,,https://erowid.org/library/books_online/pihkal/pihkal126.shtml,"dose_ranges_by_route, duration_by_route, half_life_minutes, mechanism_of_action"
METHYL-DOB,,"TMA-Br | α,α-dimethyl-DOB",Psychedelic,recreational,5-HT2A-agonist | DOx | PIHKAL | phenethylamine,,,,no,no,,,,https://erowid.org/library/books_online/pihkal/pihkal127.shtml,"dose_ranges_by_route, duration_by_route, half_life_minutes, mechanism_of_action"
METHYL-J,,,Psychedelic,recreational,PIHKAL | phenethylamine,oral,oral,oral,yes,yes,,,,https://erowid.org/library/books_online/pihkal/pihkal128.shtml,"half_life_minutes, mechanism_of_action"
METHYL-K,,,Psychedelic,recreational,PIHKAL | phenethylamine,,,,no,no,,,,https://erowid.org/library/books_online/pihkal/pihkal129.shtml,"dose_ranges_by_route, duration_by_route, half_life_minutes, mechanism_of_action"
METHYL-MA,,,Psychedelic,recreational,PIHKAL | phenethylamine,,,,no,no,,,,https://erowid.org/library/books_online/pihkal/pihkal130.shtml,"dose_ranges_by_route, duration_by_route, half_life_minutes, mechanism_of_action"
METHYL-MMDA-2,,MMDMA-2,Psychedelic,recreational,PIHKAL | SNDRI | phenethylamine,,,,no,no,,,,https://erowid.org/library/books_online/pihkal/pihkal131.shtml,"dose_ranges_by_route, duration_by_route, half_life_minutes, mechanism_of_action"
Methylamino,,伪麻黄碱 | 麻黄碱,Stimulant,recreational,,oral,oral,oral,yes,yes,,"Pseudoephedrine is a sympathomimetic amine with a mixed direct and indirect mechanism of action. It indirectly stimulates alpha-adrenergic receptors by causing neuronal granules to release endogenous norepinephrine. It also directly stimulates beta-adrenergic receptors, increasing catecholamine activity at alpha, beta-1, and beta-2 adrenergic receptors.

It is very similar to ephedrine but is appreciably weaker and has lower capacity for inducing tachycardia and raising systolic blood pressure. Its central effects are weaker than those of amphetamine, while its peripheral effects are analogous to those of epinephrine.",,,"half_life_minutes, references"
Methylcellulose,,Citrucel,,otc,bulk-forming laxative,,,,no,no,,Methylcellulose is a fiber that absorbs water into the intestine to soften the stool and increase bulk to promote peristalsis.,,,"dose_ranges_by_route, duration_by_route, half_life_minutes, references"
Methyldopa,,Aldomet | Dopamet,Cardiovascular,medical_rx,alpha2-agonist | antihypertensive | prescription-only | sedating,oral,oral,oral,yes,yes,105.0,,,https://en.wikipedia.org/wiki/Methyldopa,mechanism_of_action
Methylene blue,,MB | MTC | Methylthioninium chloride | basic blue 9,Nootropic,recreational,G6PD-caution | MAO-A-potent-reversible | MAOI-A | mitochondrial | mitochondrial-electron-carrier | nootropic | prescription-OTC-mixed | serotonin-syndrome-risk,oral,oral,oral,yes,no,1440.0,,,"FDA label for PROVAYBLUE (methylene blue), Clinical Pharmacology/Pharmacokinetics — t½ ≈ 24 hours | https://en.wikipedia.org/wiki/Methylene_blue","duration_by_route, mechanism_of_action"
Methylenedioxydeschlorobupropion,MDPT,D-Tertylone | MDPT | Tertylone | tBuONE,Other,recreational,DAT-NET-blocker-predicted | bupropion-analog | no-human-data | phenethylamine,,,,no,no,,,,,"dose_ranges_by_route, duration_by_route, half_life_minutes, mechanism_of_action, references"
Methylliberine,,Dynamine,Nootropic,recreational,adenosine-antagonist | caffeine-PK-prolonging | fast-onset | nootropic | purine-alkaloid | supplement,oral,oral,oral,yes,no,90.0,,,https://en.wikipedia.org/wiki/Methylliberine | A Toxicological Evaluation of Methylliberine (Dynamine®),"duration_by_route, mechanism_of_action"
Methylmethaqualone,,MMQ,Depressant,recreational,habit-forming | pro-convulsant | quinazolinone | research-chemical,inhalation,inhalation | sublingual,inhalation | sublingual,yes,yes,,,,,"half_life_minutes, mechanism_of_action, references"
Methylmorphenate,,,Stimulant,recreational,habit-forming | research-chemical | tentative,,,,no,no,,,,,"dose_ranges_by_route, duration_by_route, half_life_minutes, mechanism_of_action, references"
Methylnaphthidate,,HDMP-28,Stimulant,recreational,class:substituted phenidates,insufflation,insufflation | oral,insufflation | oral,yes,yes,,,,,"half_life_minutes, mechanism_of_action, references"
Methylprednisolone,,Medrol,Endocrine,medical_rx,corticosteroid | glucocorticoid,,,,no,no,143.0,"Methylprednisolone is a synthetic glucocorticoid with anti-inflammatory and immunomodulating properties, and minimal mineralocorticoid properties. After cell surface receptor attachment and cell entry, methylprednisolone enters the nucleus where it binds to and activates specific nuclear receptors, resulting in an altered gene expression and inhibition of proinflammatory cytokine production. This agent also decreases the number of circulating lymphocytes, induces cell differentiation, and stimulates apoptosis in sensitive tumor cell populations.",,Rectal and oral absorption of methylprednisolone acetate | https://dailymed.nlm.nih.gov/dailymed/search.cfm?labeltype=all&query=0703-0031,"dose_ranges_by_route, duration_by_route"
Methyprylon,,Noludar,Depressant,recreational,habit-forming | historic | non-barbiturate-hypnotic | tentative,oral,oral,oral,yes,yes,552.0,,,Pharmacokinetics of methyprylon following a single oral dose.,mechanism_of_action
Metizolam,,Desmethyletizolam | metiz | 去甲依替唑仑 | 美替唑仑,Benzodiazepine,recreational,GABAA-PAM | benzodiazepine | class:thienodiazepines | designer-benzo | habit-forming | research-chemical | tentative | thienotriazolodiazepine,oral,oral,oral,yes,yes,,,Amnesia | Analysis suppression | Anxiety suppression | Cognitive euphoria | Compulsive redosing | Delusions | Disinhibition | Dizziness | Emotion suppression | Information processing suppression | Motor control loss | Muscle relaxation | Respiratory depression | Sedation | Thought deceleration,,"half_life_minutes, mechanism_of_action, references"
Metoclopramide,,Metozolv ODT | Reglan,Gastrointestinal,medical_rx,D2-antagonist | EPS-risk | antiemetic | dopamine-antagonist | prescription-only | tardive-dyskinesia-risk,oral,oral,,no,yes,330.0,,,https://en.wikipedia.org/wiki/Metoclopramide | https://dailymed.nlm.nih.gov/dailymed/search.cfm?labeltype=all&query=0409-3414,"dose_ranges_by_route, mechanism_of_action"
Metodesnitazene,,MTD,Opioid,recreational,benzimidazole-opioid | extreme-potency | fatalities-reported | fentanyl-stronger | mu-full-agonist | nitazene,,,,no,no,,,,https://en.wikipedia.org/wiki/Metodesnitazene,"dose_ranges_by_route, duration_by_route, half_life_minutes, mechanism_of_action"
Metolazone,,Zaroxolyn,Cardiovascular,medical_rx,antihypertensive | thiazide diuretic,,,,no,no,438.0,"Inhibits sodium reabsorption by inhibiting the sodium-chloride cotransporters in the distal convoluted tubule of nephrons, causing increased excretion of sodium, chloride, potassium, magnesium, and water. Thiazide diuretics cause retention of calcium, bicarbonate, and uric acid.",,Pharmacokinetic study of single- and multiple-dosing with metolazone tablets in healthy Chinese population.,"dose_ranges_by_route, duration_by_route"
Metonitazene,,MTZ,Opioid,recreational,US-Schedule-I | benzimidazole-opioid | extreme-potency | fatalities-reported | fentanyl-stronger | mu-full-agonist | naloxone-high-dose-required | nitazene,insufflation,insufflation | oral,insufflation | oral,yes,no,,,,https://en.wikipedia.org/wiki/Metonitazene,"duration_by_route, half_life_minutes, mechanism_of_action"
Metoprolol,,Kapspargo | Lopressor | Toprol XL | Toprol-XL,Cardiovascular,medical_rx,antihypertensive | beta-1 selective | beta-1-selective | beta-blocker | prescription-only,oral,oral,,no,yes,210.0,Blocks beta-1 adrenergic receptors (cardioselective) causing decreased heart rate and myocardial contractility.,,https://en.wikipedia.org/wiki/Metoprolol | https://dailymed.nlm.nih.gov/dailymed/search.cfm?labeltype=all&query=30698-458,dose_ranges_by_route
Metronidazole,,Flagyl,Antimicrobial,non_recreational,antibiotic,,,,no,no,,"Gets reduced intracellularly in susceptible organisms forming free radicals that, along with the reduced form of metronidazole, cause DNA helical structure damage resulting in inhibition of protein synthesis.",,,"dose_ranges_by_route, duration_by_route, half_life_minutes, references"
Mexazolam,,melex | sedoxil,Benzodiazepine,recreational,GABAA-PAM | benzodiazepine | habit-forming,oral,oral,oral,yes,yes,,,,,"half_life_minutes, mechanism_of_action, references"
Mexedrone,,4-MMC-MeO | 4-MMeOC | 4-methylmethcathinone β-methoxy,Stimulant,recreational,cathinone | class:cathinone | habit-forming | research-chemical | tentative | weak-SSRA,insufflation,insufflation | oral,insufflation | oral,yes,yes,,"4-MMC-MeO acts as a releasing agent for serotonin and as a reuptake inhibitor of the monoamine neurotransmitters serotonin, dopamine, and norepinephrine. Despite its structural similarity to 4-MMC, it lacks the dopamine- and norepinephrine-releasing properties of the parent compound, and its reuptake inhibition and serotonin-releasing activity are approximately 10–20-fold weaker.

This elevation of neurotransmitter levels can account for the cognitive euphoria and the stimulant effects noted in anecdotal reports. Its serotonergic activity without significant dopaminergic or noradrenergic activity is analogous to MDAI, which is consistent with numerous user reports describing 4-MMC-MeO as sedating rather than stimulating.

Because its potency relative to 4-MMC is substantially lower (approximately 1/7 to 1/20 across different monoamine transporters), considerably higher doses are typically required to produce noticeable effects.",Auditory enhancement | Cognitive euphoria | Dehydration | Increased perspiration | Physical euphoria | Sedation | Spontaneous tactile sensations | Tactile enhancement | Teeth grinding | Temperature regulation suppression | Thought acceleration | Thought connectivity | Vibrating vision,,"half_life_minutes, references"
MGM-15,,7-OH derivative | DH-7OH-MIT | MGM-15 free base / salts | MGM15 | Matsumoto MGM-15 | dihydro-7-hydroxymitragynine,Opioid,recreational,DOR-full-agonist | MOR-full-agonist | kratom-derivative | semi-synthetic,oral,oral | rectal | sublingual,oral | rectal | sublingual,yes,yes,,,,,"half_life_minutes, mechanism_of_action, references"
Miconazole,,Equate Miconazole 1 | Exchange Select Miconazole 1 | Healthy Accents Miconazole 3 | Topcare Miconazole 7 | Up And Up Miconazole 1 | Up And Up Miconazole 3 | Up And Up Miconazole 7,,otc,,,,,no,no,1440.0,,,"FDA label for Oravig (miconazole), Clinical Pharmacology/Pharmacokinetics — terminal half-life 24 hours following systemic administration","dose_ranges_by_route, duration_by_route, mechanism_of_action"
Midodrine,,Amatine | Desglymidodrine | Gutron | Orvaten | ProAmatine | ST-1059 | 米多君,Cardiovascular,medical_rx,alpha-agonist | orthostatic-hypotension | prescription | vasopressor,,,,no,no,25.0,"Prodrug of desglymidodrine, a selective peripheral α1-adrenergic agonist — vasoconstriction without central or β-adrenergic action.",,https://dailymed.nlm.nih.gov/dailymed/drugInfo.cfm?setid=03b54024-2a26-4abe-bd8b-b66bb6781fa7,"dose_ranges_by_route, duration_by_route"
Miglitol,,Glyset,,medical_rx,,,,,no,no,120.0,"In contrast to sulfonylureas, Glyset does not enhance insulin secretion. The antihyperglycemic action of miglitol results from a reversible inhibition of membrane-bound intestinal α-glucoside hydrolase enzymes. Membrane-bound intestinal α-glucosidases hydrolyze oligosaccharides and disaccharides to glucose and other monosaccharides in the brush border of the small intestine. In diabetic patients, this enzyme inhibition results in delayed glucose absorption and lowering of postprandial hyperglycemia. Because its mechanism of action is different, the effect of Glyset to enhance glycemic control is additive to that of sulfonylureas when used in combination. In addition, Glyset diminishes the insulinotropic and weight-increasing effects of sulfonylureas. Miglitol has minor inhibitory activity against lactase and consequently, at the recommended doses, would not be expected to induce lactose intolerance.",,"FDA label for Miglitol (miglitol), Clinical Pharmacology/Pharmacokinetics/Excretion - t½ ≈ 2 h | https://dailymed.nlm.nih.gov/dailymed/search.cfm?labeltype=all&query=0009-5012","dose_ranges_by_route, duration_by_route"
Miglustat,,,,medical_rx,,,,,no,no,390.0,"Type 1 Gaucher disease is caused by a functional deficiency of glucocerebrosidase, the enzyme that mediates the degradation of the glycosphingolipid glucosylceramide. Miglustat functions as a competitive and reversible inhibitor of the enzyme glucosylceramide synthase, the initial enzyme in a series of reactions which results in the synthesis of most glycosphingolipids. Miglustat helps reduce the rate of glycosphingolipid biosynthesis so that the amount of glycosphingolipid substrate is reduced to a level which allows the residual activity of the deficient glucocerebrosidase enzyme to be more effective (substrate reduction therapy). In vitro and in vivo studies have shown that Miglustat can reduce the synthesis of glucosylceramide-based glycosphingolipids.",,"FDA label for Yargesa (miglustat), Clinical Pharmacology/Pharmacokinetics — effective t½ ≈ 6–7 hours | https://dailymed.nlm.nih.gov/dailymed/search.cfm?labeltype=all&query=10148-201","dose_ranges_by_route, duration_by_route"
Milnacipran,,Fetzima | Ixel | Levomilnacipran | Savella | Toledomin,Antidepressant,medical_rx,SNRI | antidepressant | prescription-only | serotonin-syndrome-risk,,,,no,no,480.0,Inhibits serotonin and norepinephrine reuptake in the presynaptic neurons leading to higher concentrations of serotonin and norepinephrine in the neuronal synapse.,Blood pressure elevation,https://www.accessdata.fda.gov/drugsatfda_docs/label/2013/204168s000lbl.pdf | https://en.wikipedia.org/wiki/Levomilnacipran | https://www.accessdata.fda.gov/drugsatfda_docs/label/2013/022256s009lbl.pdf | https://en.wikipedia.org/wiki/Milnacipran,"dose_ranges_by_route, duration_by_route"
Mimosa Hostilis,,细花含羞草,,medical_rx,,,,,no,no,,,,,"dose_ranges_by_route, duration_by_route, half_life_minutes, mechanism_of_action, references"
Mineral Oil,,Dynarex Laxative | Humco Mineral Oil Heavy,,otc,,,,,no,no,,,,,"dose_ranges_by_route, duration_by_route, half_life_minutes, mechanism_of_action, references"
Minocycline,,Minocin,Antimicrobial,non_recreational,tetracycline antibiotic,,,,no,no,,Inhibits protein synthesis by binding to the 30S ribosomal subunit of susceptible microorganisms.,,,"dose_ranges_by_route, duration_by_route, half_life_minutes, references"
Minoxidil,,Cerafill Retaliate | Core Values Minoxidil | Mens Rogaine Extra Strength Unscented | Up And Up Hair Regrowth Treatment For Women,,otc,,,,,no,no,252.0,,,https://dailymed.nlm.nih.gov/dailymed/search.cfm?labeltype=all&query=69968-0089,"dose_ranges_by_route, duration_by_route, mechanism_of_action"
MiPLA,,Lamide | 拉麦德,Psychedelic,recreational,class:lysergamides,oral,oral,oral,yes,yes,,"和它在结构上相关的其他麦角酰胺类物质一样，它主要作为 5-HT2A 受体的部分激动剂起作用，从而产生幻觉效应喵。不过，这些相互作用具体是怎么导致幻觉体验的，目前还不完全清楚呢。

由于结构相似，它在单胺受体（比如血清素、多巴胺和去甲肾上腺素）上的结合特性与麦角酸二乙酰胺高度相似喵。

一项研究发现，它在大鼠实验中可以完全替代麦角酸二乙酰胺，效力大约是训练药物的一半呢。",,,"half_life_minutes, references"
MIPT,,,Psychedelic,recreational,TIHKAL | class:substituted tryptamines | no-human-data | research-chemical | tentative | tryptamine,inhalation,inhalation | insufflation | oral,inhalation | insufflation | oral,yes,yes,,"与大多数致幻色胺一样，MiPT 被认为主要起着 5-HT2A 部分激动剂的作用。致幻效果被认为来自 MiPT 在 5-HT2A 受体上的结合功效。

然而，这些相互作用的作用以及它是如何导致致幻体验的，仍然难以捉摸呢。",,https://erowid.org/library/books_online/tihkal/tihkal47.shtml,half_life_minutes
Mirogabalin,,DS-5565 | Tarlige,GABAergic,recreational,,oral,oral,oral,yes,yes,,,,,"half_life_minutes, mechanism_of_action, references"
Mitotane,,Lysodren,,medical_rx,,,,,no,no,127440.0,Mitotane is an adrenal cytotoxic agent with an unknown mechanism of action. Mitotane modifies the peripheral metabolism of steroids and directly suppresses the adrenal cortex. A reduction in 17-hydroxycorticosteroids in the absence of decreased corticosteroid concentrations and increased formation of 6-β-hydroxycortisol have been reported.,,https://dailymed.nlm.nih.gov/dailymed/search.cfm?labeltype=all&query=0015-3080,"dose_ranges_by_route, duration_by_route"
Mivacurium,,Mivacron,,medical_rx,,,,,no,no,,,,,"dose_ranges_by_route, duration_by_route, half_life_minutes, mechanism_of_action, references"
MK-677,,"Ibutamoren | L-163,191 | Nutrobal",Peptide,medical_rx,GH-secretagogue | gray-market | peptide | peptide-mimetic | performance-enhancing,oral,oral,oral,yes,yes,1440.0,,,"MK-677, an orally active growth hormone secretagogue, reverses diet-induced catabolism. | https://en.wikipedia.org/wiki/Ibutamoren",mechanism_of_action
MMB-2201,,5F-AMB | 5F-AMB-PICA | 5F-MMB-PICA | AMB-FUBINACA | MMB-5F-PICA,Cannabinoid,recreational,fatalities-reported | full-agonist-CB1 | high-risk | indazole-carboxamide | synthetic-cannabinoid,,,,no,no,,,,https://en.wikipedia.org/wiki/AMB-FUBINACA,"dose_ranges_by_route, duration_by_route, half_life_minutes, mechanism_of_action"
MMDA,,,Psychedelic,recreational,5-HT2A-agonist | PIHKAL | SNDRI | myristicin-metabolite | phenethylamine,oral,oral,oral,yes,yes,,"MMDA likely acts as a releasing agent and reuptake inhibitor of the key monoamine neurotransmitters serotonin, dopamine, and norepinephrine.

It has also been proposed to act as a 5-HT2A receptor agonist. However, the precise mechanism by which it produces its psychedelic and hallucinogenic effects is not yet fully understood.

Alexander Shulgin noted that MMDA is responsible for some of the effects of myristicin.",,https://erowid.org/library/books_online/pihkal/pihkal132.shtml,half_life_minutes
MMDA-2,,,Psychedelic,recreational,PIHKAL | SNDRI | phenethylamine,oral,oral,oral,yes,yes,,,,https://erowid.org/library/books_online/pihkal/pihkal133.shtml,"half_life_minutes, mechanism_of_action"
MMDA-3a,,,Psychedelic,recreational,PIHKAL | SNDRI | phenethylamine,oral,oral,oral,yes,yes,,,,https://erowid.org/library/books_online/pihkal/pihkal134.shtml,"half_life_minutes, mechanism_of_action"
MMDA-3b,,,Psychedelic,recreational,PIHKAL | SNDRI | no-human-data | phenethylamine,,,,no,no,,,,https://erowid.org/library/books_online/pihkal/pihkal135.shtml,"dose_ranges_by_route, duration_by_route, half_life_minutes, mechanism_of_action"
MME,,,Psychedelic,recreational,PIHKAL | phenethylamine,oral,oral,oral,yes,yes,,,,https://erowid.org/library/books_online/pihkal/pihkal136.shtml,"half_life_minutes, mechanism_of_action"
Moclobemide,,Aurorex | Aurorix | Manerix | Ro 11-1163,Other,recreational,CYP2C19-substrate | MAO-A-selective | MAOI-A | RIMA | tyramine-safe,oral,oral,oral,yes,yes,90.0,,,Clinical Pharmacokinetics of the Monoamine Oxidase-A Inhibitor Moclobemide*,mechanism_of_action
Mometasone,,Asmanex HFA | Asmanex Twisthaler | Elocon | Mometasone-inhaled | Mometasone-nasal | Mometasone-topical | Nasonex,Endocrine,medical_rx,corticosteroid | inhaled corticosteroid,,,,no,no,300.0,"Inhaled corticosteroids reduce inflammation in the airways, an important component in the pathogenesis of inflammatory lung disease, through a wide range of actions on several cell types (e.g., mast cells, eosinophils, neutrophils, macrophages, lymphocytes) and mediators (e.g., histamine, eicosanoids, leukotrienes, cytokines) involved in inflammation.",,"FDA label for Asmanex HFA (mometasone furoate), Clinical Pharmacology/Pharmacokinetics — IV terminal t1/2 ≈ 5 h","dose_ranges_by_route, duration_by_route"
Mometasone-Formoterol,,Dulera,Endocrine,medical_rx,inhaled corticosteroid | long-acting beta-2 agonist,,,,no,no,,"Budesonide: Inhaled corticosteroids reduce inflammation in the airways, an important component in the pathogenesis of inflammatory lung disease, through a wide range of actions on several cell types (e.g., mast cells, eosinophils, neutrophils, macrophages, lymphocytes) and mediators (e.g., histamine, eicosanoids, leukotrienes, cytokines) involved in inflammation. Formoterol: Selectively agonizes beta-2 adrenergic receptors in the airways causing smooth muscle relaxation and bronchodilation.",,,"dose_ranges_by_route, duration_by_route, half_life_minutes, references"
Monotropa uniflora,,Convulsion root | Corpse plant | Ghost Pipe | Ghost flower | Ghost plant | Ice plant | Indian Pipe,,recreational,,oral,oral | sublingual,oral | sublingual,yes,yes,,,,,"half_life_minutes, mechanism_of_action, references"
Montelukast,,Singulair,,medical_rx,leukotriene receptor antagonist,,,,no,no,246.0,Leukotriene Receptor Antagonist,,"FDA label for montelukast sodium (montelukast), Clinical Pharmacology/Pharmacokinetics — t½ ≈ 2.7-5.5 h","dose_ranges_by_route, duration_by_route"
Morning Glory,,牵牛花,,medical_rx,,,,,no,no,,"Lysergamide and/or isolysergamide (its epimer) are commonly cited as the primary sources of psychedelic activity. This theory remains contested, however, as anecdotal reports suggest that synthetic LSA and iso-LSA produce only mildly psychedelic effects; for a summary of human trials, see the section on Ergine below, and for further discussion see chapters 17 and entry 26 of TiHKAL: The Continuation.",,,"dose_ranges_by_route, duration_by_route, half_life_minutes, references"
Morpheridine,,morpholinoethyl­norpethidine,Opioid,recreational,MOR-agonist | habit-forming | pethidine-analog | tentative,oral,oral,oral,yes,yes,,,,,"half_life_minutes, mechanism_of_action, references"
MOTS-c,,MOTS c peptide | Mitochondrial Open Reading Frame of 12S rRNA-C,Peptide,medical_rx,gray-market | longevity-research | metabolic | mitochondrial | peptide,subcutaneous,subcutaneous,subcutaneous,yes,no,240.0,,,The mitochondrial-derived peptide MOTS-c promotes metabolic homeostasis and reduces obesity and insulin resistance. | https://en.wikipedia.org/wiki/MOTS-c,mechanism_of_action
MP,,,Psychedelic,recreational,PIHKAL | phenethylamine,,,,no,no,,,,https://erowid.org/library/books_online/pihkal/pihkal137.shtml,"dose_ranges_by_route, duration_by_route, half_life_minutes, mechanism_of_action"
MPA,,Methiopropamine | 甲基噻吩丙胺,Stimulant,recreational,habit-forming | research-chemical,insufflation,insufflation | oral,insufflation | oral,yes,yes,,甲基噻吩丙胺作为一种选择性的去甲肾上腺素-多巴胺释放剂发挥作用。这使多巴胺和去甲肾上腺素能够在大脑内积累，从而产生兴奋与躯体欣快感效应。作为去甲肾上腺素再摄取抑制剂时，它的效力大约是右旋苯丙胺的三分之一；作为多巴胺再摄取抑制剂时，则约为右旋苯丙胺的五分之一。它作为血清素再摄取抑制剂几乎没有活性。,Analysis enhancement | Anxiety | Appetite suppression | Cognitive fatigue | Compulsive redosing | Depression | Focus enhancement | Increased heart rate | Increased libido | Increased perspiration | Irritability | Motivation enhancement | Stimulation | Teeth grinding | Temperature regulation suppression | Thought acceleration | Thought deceleration | Thought organization | Wakefulness,,"half_life_minutes, references"
MPM,,,Psychedelic,recreational,PIHKAL | phenethylamine,oral,oral,oral,yes,no,,,,https://erowid.org/library/books_online/pihkal/pihkal138.shtml,"duration_by_route, half_life_minutes, mechanism_of_action"
MPPP,,4-MePPP,Stimulant,recreational,cathinone | no-human-data | pure-DAT-blocker | pyrrolidinophenone | research-chemical,,,,no,no,,,,,"dose_ranges_by_route, duration_by_route, half_life_minutes, mechanism_of_action, references"
MPT,,methylpropyltryptamine,Psychedelic,recreational,no-human-data | possibly-inactive-oral | research-chemical | tryptamine,,,,no,no,,Presumed 5-HT2A partial agonist (no published binding affinity data); may be inactive orally based on Shulgin self-trials.,,https://en.wikipedia.org/wiki/Methylpropyltryptamine,"dose_ranges_by_route, duration_by_route, half_life_minutes"
MT,,Melatonin（MT） | N-乙酰-5-甲氧基色胺 | 松果体素 | 褪黑素,,medical_rx,,oral,oral,oral,yes,yes,,褪黑素是褪黑素受体 1（皮摩尔结合亲和力）和褪黑素受体 2（纳摩尔结合亲和力）的完全激动剂，两者都属于 G 蛋白偶联受体（GPCRs）类别。 褪黑素受体 1 和 2 都是 Gi/o 偶联 GPCRs，尽管褪黑素受体 1 也是 Gq 偶联的。 褪黑素还作为线粒体内的强效自由基清除剂，并通过褪黑素受体的信号转导促进抗氧化酶的表达，如超氧化物歧化酶、谷胱甘肽过氧化物酶、谷胱甘肽还原酶和过氧化氢酶。 褪黑素在肝脏中由细胞色素 P450 酶 CYP1A2 代谢为 6-羟基褪黑素。代谢物与硫酸或葡萄糖醛酸结合后通过尿液排出。5% 的褪黑素以原形药物通过尿液排出。 褪黑素与自由基反应形成的一些代谢物包括环状 3-羟基褪黑素、N1-乙酰-N2-甲酰-5-甲氧基犬尿胺 (AFMK) 和 N1-乙酰-5-甲氧基犬尿胺 (AMK)。,,,"half_life_minutes, references"
MT-45,,IC-6 | MT45,Opioid,recreational,G-protein-biased | habit-forming | moderate-potency | mu-partial-agonist | ototoxicity-reported | research-chemical,oral,oral,oral,yes,yes,,,,,"half_life_minutes, mechanism_of_action, references"
Mupirocin,,Centany,,medical_rx,,,,,no,no,30.0,Mupirocin is an antibacterial drug.,,https://dailymed.nlm.nih.gov/dailymed/search.cfm?labeltype=all&query=43538-300,"dose_ranges_by_route, duration_by_route"
Mushrooms,,Magic mushrooms | Psilocybe cubensis | Shrooms | mushroom | psylocybin | 古巴裸盖菇,Psychedelic,recreational,common | psilocybin-containing,oral,oral,oral,yes,yes,150.0,Psilocybin-Bearing Fungi → Psilocin (5-HT2A),"Acuity enhancement | After images | Analysis enhancement | Auditory distortion | Auditory enhancement | Auditory hallucinations | Autonomous entities | Changes in gravity | Color enhancement | Color shifting | Conceptual thinking | Creativity enhancement | Delusions | Drifting | Déjà vu | Emotion enhancement | Enhancement and suppression cycles | Excessive yawning | Exposure to inner mechanics of consciousness | External hallucinations | Feelings of interdependent opposites | Feelings of predeterminism | Feelings of self-design | Geometry | Immersion enhancement | Internal hallucinations | Memory suppression | Mindfulness | Nausea | Novelty enhancement | Pattern recognition enhancement | Personal bias suppression | Perspective alterations | Pupil dilation | Runny nose | Salivation | Scenarios and plots | Scenery slicing | Sedation | Settings, sceneries, and landscapes | Spirituality enhancement | Spontaneous tactile sensations | Subconscious communication | Symmetrical texture repetition | Synaesthesia | Thought connectivity | Time distortion | Tracers | Transformations",,references
MXiPr,,MXiP | N-Isopropyl-MXE | methoxipropamine,Dissociative,recreational,NMDA-antagonist | arylcyclohexylamine | class:arylcyclohexylamine | class:arylcyclohexylamines | no-human-data | research-chemical,insufflation,insufflation | oral,insufflation | oral,yes,yes,,"关于该物质的药理学知之甚少，但作为一种芳基环己胺，可以合理地假设它是一种 NMDA受体拮抗剂喵。NMDA 受体允许电信号在脑部和脊柱的神经元之间传递；为了让信号通过，受体必须处于开放状态。解离剂通过阻断 NMDA 受体来使其关闭。这种神经元的断连会导致感觉丧失、移动困难，并最终导致与著名的“K-洞”几乎完全等同的状态呢。

鉴于其与 MXE 的结构相似性以及根据轶事报告，该物质可能是一种强效的血清素再摄取抑制剂 (SRI) 喵。应避免将 MXiPr 与其他作用于血清素的药物联用哦。",,"In Europe, an early, cold dawn for modern humans.",half_life_minutes
Mxm,,methoxmetamine,Dissociative,recreational,habit-forming | research-chemical,oral,oral,oral,yes,yes,,,,,"half_life_minutes, mechanism_of_action, references"
MXPCP,,3-MeO-2'-oxo-PCP | 3-MeO-O-PCP,Dissociative,recreational,likely-very-high-NMDA-potency,insufflation,insufflation | oral | rectal,insufflation | oral | rectal,yes,yes,,,,,"half_life_minutes, mechanism_of_action, references"
MXPr,,3-MeO-2-oxo-PCPr | N-Propyl-MXE,Dissociative,recreational,NMDA-antagonist | arylcyclohexylamine | no-human-data | research-chemical,oral,oral,oral,yes,yes,,"Very little is known about the pharmacology of this substance. As an arylcyclohexylamine, however, it can reasonably be assumed to act as an NMDA receptor antagonist. NMDA receptors allow electrical signals to pass between neurons in the brain and spinal cord; for a signal to pass, the receptor must remain open. Dissociatives act by blocking NMDA receptors and forcing them closed. This disconnection of neurons results in loss of sensation, difficulty moving, and ultimately an experience analogous to the well-known ""K-hole.""",,"In Europe, an early, cold dawn for modern humans.",half_life_minutes
Mycophenolic acid,,mycophenolate sodium,,medical_rx,,,,,no,no,,,,,"dose_ranges_by_route, duration_by_route, half_life_minutes, mechanism_of_action, references"
Myristicin,,MMDA-precursor | Nutmeg | constituent of Myristica fragrans (nutmeg) and mace | nutmeg principal | principal aromatic ether in nutmeg oil | 肉豆蔻醚,Dysdelic,recreational,MMDA-precursor | class:phenylpropenes | deliriant | natural-product | weak-MAOI,oral,oral,oral,yes,yes,,"1963年，亚历山大·舒尔金推测肉豆蔻醚可能在肝脏中代谢为 MMDA，这是一种与 MDA 相关的精神活性药物。 然而，这不太可能，因为在摄入肉豆蔻醚后的尿液中没有发现苯丙胺代谢物。人们认为肉豆蔻醚是一种抗胆碱能药物，因为在过量服用时，它会产生类似于抗胆碱能药物的效果，但确切的作用机制尚未确定。肉豆蔻醚也被发现是血清素受体拮抗剂，同时也是一种弱的单胺氧化酶抑制剂哦。

榄香素与肉豆蔻醚一起存在于肉豆蔻中，并有助于其致幻效果。榄香素可能具有与肉豆蔻醚相似的效果。它也是合成生物碱麦斯卡林的传统前体呢。

摄入榄香油（一种含有榄香素但不含大量肉豆蔻醚的来源）的人声称，该油产生的视觉效果似乎比肉豆蔻油的视觉效果更类似于经典致幻剂（肉豆蔻油的效果本质上似乎更偏向谵妄和镇静）。

这种区别似乎将肉豆蔻醚描绘成一种更具镇静和精神迟钝作用的药物，而榄香素似乎更具视觉活性和刺激性。这一假设得到了进一步的支持，即虽然榄香素与麦斯卡林有直接的结构联系，但肉豆蔻醚与 MDxx 化合物（如 MDMA）有联系。

榄香素的化学结构似乎是麦斯卡林的碳基类似物，而肉豆蔻醚本身似乎是 Lophophine 的碳基类似物，这些结构差异可能是榄香素和肉豆蔻醚具有略微不同的精神活性效果的指标哦。

在肉豆蔻中没有发现任何化合物直接结合 CB1 或 CB2 受体。肉豆蔻中的三种化合物（Malabaricone C、Licarin A、5-Methoxylicarin A）已被证明通过抑制 FAAH 和 MAGL 酶来充当内源性大麻素调节剂。",,,"half_life_minutes, references"
N-Desethylprotonitazene,NDP,Desethyl-protonitazene | N-desethyl protonitazene | N-desethyl-protonitazene | NDP | Nitazene,Opioid,recreational,extreme-potency | fentanyl-stronger | mu-superagonist | naloxone-high-dose-required,insufflation,insufflation | oral,insufflation | oral,yes,no,,,,,"duration_by_route, half_life_minutes, mechanism_of_action, references"
N-Ethylhexedrone,,Ethyl-Hexedrone | Hex-en | Hexen | NEH,Stimulant,recreational,class:cathinone,inhalation,inhalation | insufflation,inhalation | insufflation,yes,yes,,,,,"half_life_minutes, mechanism_of_action, references"
N-Ethylpentedrone,,Ethyl-Pentedrone | N-ethyl-norpentedrone | N-ethylnorpentedrone | NEP | NEPD | alpha-ethylaminopentiophenone | nor | α-EAPP | α-ethylaminopentiophenone,Stimulant,recreational,DAT-selective | class:cathinone | pure-DAT-NET-blocker | research-chemical | tentative,inhalation,inhalation | insufflation | oral,inhalation | insufflation | oral,yes,yes,,由于缺乏对该物质的研究，许多关于其药理学的讨论纯粹是基于其结构以及与甲卡西酮等其他卡西酮类物质的主观效应相似性。然而，最近的一项研究表明，NEP 是一种强效的血清素-去甲肾上腺素-多巴胺再摄取抑制剂 (SNDRI)，但对 血清素转运体 (SERT) 的亲和力非常差。这使得多巴胺、血清素和去甲肾上腺素在大脑内积累，从而产生兴奋和欣快效应。尽管如此，目前还不能完全排除它与其他受体位点的相互作用喵。,,,"half_life_minutes, references"
N-Ethylpentylone,,Ephylone | MDNEP | N-Ethylnorpentylone | bk-EBDP | bk-ethyl-K | βk-EBDP | βk-Ethyl-K,Stimulant,recreational,MDMA-analog | cathinone | class:cathinone | fatalities-mdma-substitution | fatalities-reported | high-risk | pure-reuptake-inhibitor | research-chemical | triple-blocker,insufflation,insufflation | oral,insufflation | oral,yes,yes,,"关于 MDEC 与其他取代卡西酮在人类体内的药代动力学与药效动力学，目前几乎没有多少数据。与苯丙胺类似，合成卡西酮是通过提高突触间隙中儿茶酚胺（如多巴胺、血清素和去甲肾上腺素）的浓度，来发挥其兴奋与拟交感效应的。这些分子能够抑制单胺再摄取转运体，从而降低这些神经递质从突触中的清除速度。此外，它们还可能促使生物胺从细胞内储存中释放出来。

一般来说，合成卡西酮穿过血脑屏障的能力弱于苯丙胺，这是因为 β-酮基会提高分子的极性。与其他合成卡西酮不同，吡咯烷衍生物因其吡咯烷环赋予分子较低极性，所以更容易穿过血脑屏障。关于合成卡西酮代谢的研究表明，它们会经历 N-去甲基化，酮基被还原为羟基，而环上的烷基则会被氧化。",,https://www.dea.gov/sites/default/files/2018-07/N-Ethylpentylone-2018.pdf | https://en.wikipedia.org/wiki/Ephylone,half_life_minutes
N-Ethylphenethylamine hydrochloride,,N-ethyl-β-PEA | NEPEA,Other,recreational,no-human-data | phenethylamine,,,,no,no,,,,,"dose_ranges_by_route, duration_by_route, half_life_minutes, mechanism_of_action, references"
N-Methyl-Cyclazodone,,Cyclazodone N-methyl analogue | N-methyl-cyclaz | N-methyl-cyclazadone | N-methylcyclazodone | NMC | NMCY,Stimulant,recreational,DAT-NET-inhibitor | stimulant,oral,oral | sublingual,oral | sublingual,yes,yes,,,,,"half_life_minutes, mechanism_of_action, references"
N-Methylbisfluoromodafinil,,4'-difluoro-modafinil | Dehydroxyfluorafinil | Modafiendz | N-Methyl-4 | N-甲基二氟莫达菲尼,Stimulant,recreational,class:benzhydryl,oral,oral,oral,yes,yes,,"除了有一篇讨论其化学性质的论文外，这种化合物还没有经过任何研究呢。虽然可以假设它与莫达非尼具有药理相似性，但它似乎更有可能与阿屈非尼和 CRL-40,941 相似。在进行进一步（虽然可能性不大）的研究之前，绝对不能假设这种化合物是安全的喵。",,,"half_life_minutes, references"
N-methylphenethylamine,NMPEA,N-methyl-β-PEA | NMPEA,Other,recreational,TAAR1-agonist | endogenous-trace-amine | no-human-data | phenethylamine,,,,no,no,,,,,"dose_ranges_by_route, duration_by_route, half_life_minutes, mechanism_of_action, references"
N-nicotinoyl-γ-aminobutyric acid,,匹卡米隆,,medical_rx,,oral,oral,oral,yes,yes,,"Picamilon is able to cross the blood-brain barrier (BBB), an effect attributed primarily to niacin's vasodilatory properties. Once inside the brain, the molecule is hydrolyzed into GABA and niacin.

Once in the brain, GABA activates GABA receptors (including GABAA and GABAB), potentially producing relaxing and anxiolytic effects, while niacin increases cerebral blood flow through vasodilation. This additional cerebral blood flow is generally considered to account for picamilon's neuroprotective and nootropic benefits. Fresh blood entering the brain delivers new oxygen and enhances the delivery and uptake of glucose and other nutrients, which may improve alertness and overall brain energy.

Research indicates that the combination of niacin and GABA affects the regulation of neurotransmitters in the brain. One study on Parkinson's disease found that picamilon can normalize levels of serotonin and dopamine in the brain, as well as dopamine uptake.",,,"half_life_minutes, references"
N-Pyrrolidino-etonitazene,PYRETZ,Etazene-pyrrolidine | Etonitazepyne | PYRETZ,Opioid,recreational,benzimidazole-opioid | extreme-potency | fatalities-reported | fentanyl-stronger | mu-full-agonist | naloxone-high-dose-required | nitazene,,,,no,no,,,,https://en.wikipedia.org/wiki/Etonitazepyne,"dose_ranges_by_route, duration_by_route, half_life_minutes, mechanism_of_action"
N-Pyrrolidino-metonitazene,PYRMTZ,Metonitazepyne | PYRMTZ,Opioid,recreational,benzimidazole-opioid | extreme-potency | fatalities-reported | fentanyl-stronger | mu-full-agonist | naloxone-high-dose-required | nitazene,,,,no,no,,,,,"dose_ranges_by_route, duration_by_route, half_life_minutes, mechanism_of_action, references"
N-甲基环唑酮,,,,medical_rx,,oral,oral,oral,yes,yes,,"N-methyl cyclazodone is an N,N-methylcyclopropyl derivative of pemoline, with approximately 4- to 6-fold greater potency. Pemoline is believed to have dopaminergic activity, although its precise mechanism has not been fully established. Pemoline has very low affinity for norepinephrine receptors, resulting in relatively mild sympathomimetic side effects (although increased dopamine release is thought to secondarily drive increased norepinephrine release, producing sympathomimetic effects).",,,"half_life_minutes, references"
Nabilone,,Cesamet | Synthetic cannabinoid analogue,Cannabinoid,recreational,CB1-partial-agonist | FDA-approved | US-Schedule-II | antiemetic | cannabinoid | prescription-only | psychoactive | synthetic-cannabinoid-analogue,oral,oral,oral,yes,yes,120.0,,,https://www.accessdata.fda.gov/drugsatfda_docs/label/2006/018677s011lbl.pdf | https://en.wikipedia.org/wiki/Nabilone,mechanism_of_action
Nabiximols,,GW-1000-02 | Sativex,Cannabinoid,recreational,CB1-partial-agonist | antispasmodic | cannabinoid | combination-product | phytocannabinoid | prescription-only | psychoactive,sublingual,sublingual,sublingual,yes,yes,1800.0,,,https://en.wikipedia.org/wiki/Nabiximols,mechanism_of_action
Nabumetone,,Relafen DS,Analgesic,medical_rx,analgesic | moderate cox-2 selectivity | nsaid,,,,no,no,,"Reversibly inhibits cyclooxygenase-1 and 2 (COX-1 and 2) enzymes (with increased COX-2 selectivity compared to non-selective NSAIDs) causing decreased prostaglandin precursor formation. This results in anti-inflammatory, analgesic, and antipyretic effects.",,,"dose_ranges_by_route, duration_by_route, half_life_minutes, references"
Nadolol,,Corgard,Cardiovascular,medical_rx,antihypertensive | beta-1 & beta-2 non-selective | beta-blocker | non-selective | prescription-only,,,,no,no,1200.0,Blocks beta-1 and beta-2 adrenergic receptors (non-selective) causing decreased heart rate and myocardial contractility.,,https://en.wikipedia.org/wiki/Nadolol,"dose_ranges_by_route, duration_by_route"
Naphyrone,,Energy-1 | NRG-1 | Naphthylpyrovalerone | O-2482 | α-naphyrone | β-naphyrone,Stimulant,recreational,cathinone | habit-forming | pure-reuptake-inhibitor | pyrrolidinophenone | research-chemical | triple-reuptake-inhibitor,insufflation,insufflation | oral,insufflation | oral,yes,yes,,,,https://en.wikipedia.org/wiki/Naphyrone,"half_life_minutes, mechanism_of_action"
Naratriptan,,Amerge,,medical_rx,5-ht1b/1d agonist | triptan,,,,no,no,360.0,"Selectively agonizes 5-HT1B/1D receptors causing vasoconstriction of cranial blood vessels, inhibition of pro-inflammatory neuropeptide release, and decreased pain transmission.",,"FDA label for naratriptan tablets, Clinical Pharmacology 12.3 — mean t½ 6 h | https://dailymed.nlm.nih.gov/dailymed/search.cfm?labeltype=all&query=0574-0214","dose_ranges_by_route, duration_by_route"
Nateglinide,,Starlix,,medical_rx,antidiabetic | meglitinide,,,,no,no,90.0,"Stimulates insulin secretion from pancreatic beta cells, decreasing postprandial blood glucose.",,"FDA label for nateglinide tablets (nateglinide), Clinical Pharmacology/Pharmacokinetics — t½ ≈ 1.5 h","dose_ranges_by_route, duration_by_route"
NB-5-MeO-DALT,,5-MeO-DALT-BOC,Psychedelic,recreational,n1-boc-prodrug | no-human-data | prodrug | research-chemical | tryptamine,,,,no,no,,"N1-Boc thermolabile prodrug of 5-MeO-DALT; inactive until pyrolysis (~150–200°C) or acid conditions cleave the Boc group, releasing the 5-HT1A/2A agonist 5-MeO-DALT.",,https://en.wikipedia.org/wiki/NB-5-MeO-DALT,"dose_ranges_by_route, duration_by_route, half_life_minutes"
NB-5-MeO-MiPT,,5-MeO-MiPT-BOC,Psychedelic,recreational,n1-boc-prodrug | no-human-data | prodrug | research-chemical | tryptamine,,,,no,no,,N1-Boc thermolabile prodrug of 5-MeO-MiPT ('moxy'); inactive until Boc cleavage releases the potent 5-HT1A/2A agonist.,vasoconstriction,https://en.wikipedia.org/wiki/NB-5-MeO-MiPT,"dose_ranges_by_route, duration_by_route, half_life_minutes"
NBOC-DMT,,N1-BOC-DMT | NB-DMT,Psychedelic,recreational,n1-boc-prodrug | no-human-data | prodrug | research-chemical | tryptamine,,,,no,no,,"N1-Boc thermolabile prodrug of DMT; inactive until pyrolysis (~150–200 °C) or acid conditions cleave the Boc group, releasing DMT (5-HT2A agonist, σ1 ligand).",,https://en.wikipedia.org/wiki/NBoc-DMT,"dose_ranges_by_route, duration_by_route, half_life_minutes"
Neb,,n-ethylbuphedrone | α-ethylaminobutyrophenone,Stimulant,recreational,DA-NE-blocker-predicted | habit-forming | research-chemical,insufflation,insufflation | oral,insufflation | oral,yes,yes,,,,,"half_life_minutes, mechanism_of_action, references"
Nebivolol,,Bystolic,Cardiovascular,medical_rx,beta-1 selective | beta-blocker | nitric oxide-dependent vasodilator,,,,no,no,,"Blocks beta-1 adrenergic receptors (cardioselective) causing decreased heart rate and myocardial contractility. Unlike other beta-blockers, nebivolol also produces a nitric oxide-dependent vasodilatory effect that reduces vascular resistance systemically.",,,"dose_ranges_by_route, duration_by_route, half_life_minutes, references"
Nefazodone,,Serzone,Antidepressant,medical_rx,CYP3A4-inhibitor | SARI | antidepressant | black-box-warning | hepatotoxicity-risk | prescription-only | serotonin-syndrome-risk,,,,no,no,180.0,,,https://www.accessdata.fda.gov/drugsatfda_docs/label/2013/020152s018lbl.pdf | https://en.wikipedia.org/wiki/Nefazodone | https://dailymed.nlm.nih.gov/dailymed/search.cfm?labeltype=all&query=0093-1024,"dose_ranges_by_route, duration_by_route, mechanism_of_action"
Nefiracetam,,DM-9384 | Translon | nerfiracetam,Nootropic,recreational,Ca-channel-modulator | GABAergic | Japan-only | PKA-dependent | nAChR-potentiator | nootropic | racetam | research-chemical | tentative,oral,oral,oral,yes,yes,200.0,,,https://en.wikipedia.org/wiki/Nefiracetam | Nefiracetam (DM‐9384): A Novel Antiamnesic Drug,mechanism_of_action
Nelarabine,,Arranon,,medical_rx,,,,,no,no,,"Nelarabine is a prodrug of the deoxyguanosine analogue 9-β- D -arabinofuranosylguanine (ara-G), a nucleoside metabolic inhibitor. Nelarabine is demethylated by adenosine deaminase (ADA) to ara-G, mono-phosphorylated by deoxyguanosine kinase and deoxycytidine kinase, and subsequently converted to the active 5’-triphosphate, ara-GTP. Accumulation of ara-GTP in leukemic blasts allows for incorporation into deoxyribonucleic acid (DNA), leading to inhibition of DNA synthesis and cell death. Other mechanisms may contribute to the cytotoxic and systemic toxicity of nelarabine.",,,"dose_ranges_by_route, duration_by_route, half_life_minutes, references"
Nicomorphine,,"Vilan | morphine-3,6-dinicotinate",Opioid,recreational,MOR-prodrug | habit-forming | morphine-ester | tentative,oral,oral,oral,yes,yes,,,,,"half_life_minutes, mechanism_of_action, references"
Nifedipine,,Adalat CC | Procardia | Procardia XL,Cardiovascular,medical_rx,"antihypertensive | calcium channel blocker, dihydropyridine",,,,no,no,120.0,Inhibits calcium ion influx into vascular smooth muscle and cardiac muscle causing peripheral vasodilation and coronary artery vasodilation.,,"FDA label for Procardia XL (nifedipine), Clinical Pharmacology/Pharmacokinetics — t½ ≈ 2 h | https://dailymed.nlm.nih.gov/dailymed/search.cfm?labeltype=all&query=0093-0819","dose_ranges_by_route, duration_by_route"
Nifoxipam,,3-Hydroxydesmethylflunitrazepam | 尼氟西泮,Benzodiazepine,recreational,GABAA-PAM | UGT-substrate | benzodiazepine | class:benzodiazepines | designer-benzo | habit-forming | metabolite-as-drug | research-chemical | tentative,oral,oral,oral,yes,yes,,,Amnesia | Analysis suppression | Anxiety suppression | Cognitive euphoria | Compulsive redosing | Delusions | Disinhibition | Dizziness | Emotion suppression | Information processing suppression | Motor control loss | Muscle relaxation | Respiratory depression | Sedation | Thought deceleration,,"half_life_minutes, mechanism_of_action, references"
Nimetazepam,,Erimin | Erimin 5 | Happy 5 | Hypnon,Benzodiazepine,recreational,GABAA-PAM | benzodiazepine | habit-forming | nitro-benzodiazepine,oral,oral,oral,yes,yes,,,,,"half_life_minutes, mechanism_of_action, references"
Niraparib,,Zejula,,medical_rx,,,,,no,no,,"Niraparib is an inhibitor of poly(ADP-ribose) polymerase (PARP) enzymes, PARP-1 and PARP-2, which play a role in DNA repair. In vitro studies have shown that niraparib-induced cytotoxicity may involve inhibition of PARP enzymatic activity and increased formation of PARP-DNA complexes resulting in DNA damage, apoptosis and cell death. Increased niraparib-induced cytotoxicity was observed in tumor cell lines with or without deficiencies in BRCA1/2. Niraparib decreased tumor growth in mouse xenograft models of human cancer cell lines with deficiencies in BRCA1/2 and in human patient-derived xenograft tumor models with homologous recombination deficiency that had either mutated or wild type BRCA1/2.",,,"dose_ranges_by_route, duration_by_route, half_life_minutes, references"
Nitemazepam,,3-hydroxynimetazepam,Benzodiazepine,recreational,GABAA-PAM | benzodiazepine | habit-forming | metabolite-as-drug | tentative,oral,oral,oral,yes,yes,,,,,"half_life_minutes, mechanism_of_action, references"
Nitracaine,,,Stimulant,recreational,habit-forming | tentative,insufflation,insufflation | oral,insufflation | oral,yes,no,,,,,"duration_by_route, half_life_minutes, mechanism_of_action, references"
Nitrazepam,,Mogadon | N05CD02 | Nitrazepamum | Nitrazépam | RO 4-5360 | RO 5-3059 | baronite | dormin | dreem | enzed | gentravit | hypnonex | hypnoril | hypnotex | konit | nicare | nigap | nipam | nirosun | nitavan | nithra,Benzodiazepine,recreational,GABAA-PAM | benzodiazepine | class:Benzodiazepine | habit-forming,oral,oral,oral,yes,yes,1800.0,,,Clinical pharmacokinetics of nitrazepam,mechanism_of_action
Nitrazolam,,,Benzodiazepine,recreational,GABAA-PAM | benzodiazepine | designer-benzo | habit-forming | nitro-benzodiazepine | tentative | triazolobenzodiazepine,oral,oral,oral,yes,yes,,,,,"half_life_minutes, mechanism_of_action, references"
Nitrofurantoin,,Macrobid | Macrodantin | Nitrofurantoin Monohydrate/macrocrystalline | Nitrofurantoin Monohydrate/macrocrystals | nitrofurantoin/nitrofurantoin,Antimicrobial,non_recreational,antibiotic,,,,no,no,60.0,"Nitrofurantoin is reduced by bacterial flavoproteins to reactive intermediates which inactivate or alter bacterial ribosomal proteins and other macromolecules. As a result of such inactivations, the vital biochemical processes of protein synthesis, aerobic energy metabolism, DNA synthesis, RNA synthesis, and cell wall synthesis are inhibited.",,Pharmacological properties of oral antibiotics for the treatment of uncomplicated urinary tract infections. | https://dailymed.nlm.nih.gov/dailymed/search.cfm?labeltype=all&query=0378-3422,"dose_ranges_by_route, duration_by_route"
Nitroglycerin,,Nitroglycerin In Dextrose,,medical_rx,,,,,no,no,3.0,,,https://dailymed.nlm.nih.gov/dailymed/search.cfm?labeltype=all&query=0338-1047,"dose_ranges_by_route, duration_by_route, mechanism_of_action"
Nitromethaqualone,,硝基甲喹酮,Depressant,recreational,,insufflation,insufflation | oral,insufflation | oral,yes,yes,,,,,"half_life_minutes, mechanism_of_action, references"
Nizatidine,,Axid | Tazac,Antihistamine,medical_rx,H2-antagonist | OTC | acid-reducer | antihistamine | non-sedating,,,,no,no,90.0,,,https://en.wikipedia.org/wiki/Nizatidine,"dose_ranges_by_route, duration_by_route, mechanism_of_action"
NM-2-AI,,N-methyl-2-AI | N-甲基-2-AI | NM-2AI | NM2AI | NMe-2-AI,Stimulant,recreational,aminoindane-class | class:Aminoindane | class:aminoindane | class:amphetamine,insufflation,insufflation | oral,insufflation | oral,yes,yes,,,,,"half_life_minutes, mechanism_of_action, references"
NMH,,,,medical_rx,,oral,oral,oral,yes,yes,,"Due to the scarcity of research on this substance, discussion of its pharmacology is largely based on its chemical structure and its subjective similarity to other cathinone-class substances such as alpha-methylaminopentiophenone. NMH likely acts as both a dopamine and norepinephrine reuptake inhibitor, causing dopamine and norepinephrine to accumulate in the brain and producing effects such as stimulation and physical euphoria.

Compared to alpha-methylaminopentiophenone and ethyl-hexedrone, NMH has lower potency, which is relatively straightforward to explain. It bears a larger non-polar side chain than alpha-methylaminopentiophenone, while ethyl-hexedrone carries an ethyl rather than a methyl group, producing a notable shift in electronegativity.",,,"half_life_minutes, references"
NMP,,α-甲氨基苯戊酮,,medical_rx,,insufflation,insufflation | oral,insufflation | oral,yes,yes,,"由于缺乏关于该物质的研究，以下关于其药理学的讨论都只是基于其结构，以及其主观效应与其他卡西酮类物质及相关分子（如普罗林坦、α-PVP、α-PHP 以及诸如 N-ethyl-(nor)-pentedrone（即 NEP）等类似物）之间相似性的推测哦。

与许多同时具有再摄取抑制剂与神经递质释放剂特性的取代卡西酮类物质不同，NMP 已被证明对于主要的儿茶酚胺类神经递质——多巴胺与去甲肾上腺素——表现为一种纯粹的再摄取抑制剂，而对血清素的活性则相当有限。这使它的药理活性与哌甲酯、可卡因或 MDPV 相似（尽管后两者还具有较强的额外促血清素活性）。这些纯摄取抑制剂很可能不会通过转运体进入突触的细胞内空间，因此相较于底物型释放剂，它们可能伴随更少的细胞内药理效应与毒性。这使得内源性的多巴胺与去甲肾上腺素能在大脑不同突触区域中积累，从而产生兴奋与躯体欣快感效应。

值得注意的是，在 NMP 分子的末端胺基（-NH2）上增加一个乙基，似乎会显著提高其效力；这一点也体现在它的后续类似物 N-ethyl-(nor)-pentedrone（即 NEP）上，而后者通常被认为具有更偏向娱乐性使用的特征呢。",,,"half_life_minutes, references"
NMT,,,Psychedelic,recreational,TIHKAL | no-human-data | tryptamine,,,,no,no,,,,https://erowid.org/library/books_online/tihkal/tihkal50.shtml,"dose_ranges_by_route, duration_by_route, half_life_minutes, mechanism_of_action"
Noctec,,aquachloral | chloral-hydrate | somnos,Depressant,recreational,duplicate-of-chloral-hydrate | habit-forming,oral,oral,oral,yes,yes,,,,,"half_life_minutes, mechanism_of_action, references"
Norbaeocystin,,4-PO-T | 4-phosphoryloxytryptamine,Other,recreational,mushroom-minor-alkaloid | no-human-data | no-psychedelic-activity | tryptamine,,,,no,no,,,,,"dose_ranges_by_route, duration_by_route, half_life_minutes, mechanism_of_action, references"
Nordazepam,,desmethyldiazepam | nordaz | nordiazepam,Benzodiazepine,recreational,GABAA-PAM | benzodiazepine | common-active-metabolite | habit-forming | very-long-half-life,oral,oral,oral,yes,yes,4200.0,,,Clinical Pharmacokinetics of Diazepam,mechanism_of_action
Norethisterone,,Aranelle | Jencycla | Jolivette | Junel 1/20 | Minastrin 24 Fe | Nortrel 7/7/7 | Ortho Micronor | Tri-norinyl | norethindrone | norethindrone/ethinyl estradiol,,medical_rx,,,,,no,no,450.0,"Ortho Micronor ® progestin-only oral contraceptives prevent conception by suppressing ovulation in approximately half of users, thickening the cervical mucus to inhibit sperm penetration, lowering the midcycle LH and FSH peaks, slowing the movement of the ovum through the fallopian tubes, and altering the endometrium.",,Pharmacological profile of progestins,"dose_ranges_by_route, duration_by_route"
Norflurazepam,,Dealkylflurazepam | Desalkylflurazepam | Descarbethoxyloflazepate | Desmethylflurazepam | N-desalkylflurazepam | N-desalkylflutoprazepam | Norfludiazepam | Norflutoprazepam | RO-05-3367,Benzodiazepine,recreational,GABAA-PAM | benzodiazepine | class:Benzodiazepine | designer-benzo | habit-forming | metabolite-as-drug | tentative | very-long-half-life,oral,oral,oral,yes,yes,4500.0,,,https://en.wikipedia.org/wiki/Norflurazepam,mechanism_of_action
Norgestimate,,Ortho Tri Cyclen Lo,,medical_rx,,,,,no,no,,COCs lower the risk of becoming pregnant primarily by suppressing ovulation. Other possible mechanisms may include cervical mucus changes that inhibit sperm penetration and endometrial changes that reduce the likelihood of implantation.,,,"dose_ranges_by_route, duration_by_route, half_life_minutes, references"
Norketamine,,DMK | N-Desmethylketamine,Dissociative,recreational,NMDA-antagonist | active-metabolite | arylcyclohexylamine | metabolite | no-human-data,,,,no,no,350.0,,,https://en.wikipedia.org/wiki/Norketamine | ASA Award,"dose_ranges_by_route, duration_by_route, mechanism_of_action"
Norpsilocin,,4-HO-NMT,Other,recreational,no-HTR | no-human-data | peripherally-restricted-5-HT2A | tryptamine,,,,no,no,,,,,"dose_ranges_by_route, duration_by_route, half_life_minutes, mechanism_of_action, references"
Nortriptyline,,Aventyl | Pamelor,Antidepressant,medical_rx,QTc-prolongation-risk | TCA | anticholinergic | antidepressant | overdose-risk | prescription-only | secondary amine | serotonin-syndrome-risk,,,,no,no,2160.0,"Primarily inhibits norepinephrine and serotonin reuptake at the presynaptic neurons leading to higher concentrations of these neurotransmitters in the neuronal synapse. As a secondary amine (TCAs are either tertiary or secondary amines), this drug displays more selectivity towards norepinephrine reuptake inhibition. Additionally, blocks histamine-H1, alpha-1 adrenergic, and muscarinic receptors accounting for sedative, hypotensive and anticholinergic effects, respectively.",,https://www.accessdata.fda.gov/drugsatfda_docs/label/2011/012230s062lbl.pdf | https://en.wikipedia.org/wiki/Nortriptyline,"dose_ranges_by_route, duration_by_route"
NSI-189,,amdiglurax,Nootropic,recreational,failed-phase-2-MDD-primary-endpoint | investigational | long-half-life | neurogenesis | nootropic | research-chemical | unknown-receptor,oral,oral,oral,yes,no,1140.0,,,"https://en.wikipedia.org/wiki/NSI-189 | A Phase 1B, randomized, double blind, placebo controlled, multiple-dose escalation study of NSI-189 phosphate, a neurogenic compound, in depressed patients","duration_by_route, mechanism_of_action"
Nystatin,,,,medical_rx,,,,,no,no,,,,,"dose_ranges_by_route, duration_by_route, half_life_minutes, mechanism_of_action, references"
O-2172,,,Stimulant,recreational,DRI | investigational | no-human-data | radioligand-origin | research-chemical,,,,no,no,,,,https://en.wikipedia.org/wiki/Phenyltropane,"dose_ranges_by_route, duration_by_route, half_life_minutes, mechanism_of_action"
O-pce,,2'-oxo-PCE | 2'-氧代-PCE | 2-DCNEK | 2-oxo-PCE | Eticyclidone | N-Ethyldeschloroketamine | OPCE | eticyclidon | 乙环利定,Dissociative,recreational,NMDA-antagonist | arylcyclohexylamine | class:Arylcyclohexylamine | class:arylcyclohexylamines | designer-dissociative | duplicate-of-O-PCE | habit-forming | research-chemical | tentative,insufflation,insufflation | oral,insufflation | oral,yes,yes,,"由于缺乏关于该物质的研究，所有关于其药理学的讨论纯粹是基于其结构以及与 氯胺酮、PCE 和 甲氧色胺 等其他芳基环己胺解离剂的效应相似性。虽然还没有进行科学研究来证实这一点，但结构-活性关系分析表明，2'-氧代-PCE 可能主要作为 NMDA受体拮抗剂表现出其观察到的效应，尽管也可能涉及其他神经递质系统。

NMDA受体（谷氨酸受体的一种亚型，谷氨酸是神经系统中主要的兴奋性神经递质）允许电信号在脑部和脊髓的神经细胞之间传递；为了让信号通过，受体必须是开放的。NMDA受体拮抗剂已被证明通过阻断这些受体来干扰这种信号传递。这种神经系统中信息流的断连会导致感觉丧失（麻醉）、移动困难（运动失调），并最终导致该物质等效的“K-hole”。",,https://en.wikipedia.org/wiki/Eticyclidone,half_life_minutes
O-PCP,,2'-oxo-PCP | 2-keto-PCP | 2-oxo-PCP,Dissociative,recreational,β-keto-PCP-analog,inhalation,inhalation | insufflation | intramuscular | oral | rectal,inhalation | insufflation | intramuscular | oral | rectal,yes,yes,,,,,"half_life_minutes, mechanism_of_action, references"
O-PCPr,,2'-oxo-PCPr | 2-keto-PCPr | 2-oxo-PCPr | Deschloro-N-propyl ketamine | N-Propyl-DCK,Dissociative,recreational,NMDA-antagonist | arylcyclohexylamine | no-human-data | research-chemical,insufflation,insufflation | oral,insufflation | oral,yes,yes,,,,"In Europe, an early, cold dawn for modern humans.","half_life_minutes, mechanism_of_action"
Octreotide,,,,medical_rx,,,,,no,no,,,,,"dose_ranges_by_route, duration_by_route, half_life_minutes, mechanism_of_action, references"
Olmesartan,,Benicar,Cardiovascular,medical_rx,angiotensin-ii receptor blocker | antihypertensive,,,,no,no,750.0,"Blocks angiotensin II from binding to the angiotensin II receptor, which prevents subsequent vasoconstriction.",,The new oral angiotensin II antagonist olmesartan medoxomil: a concise overview,"dose_ranges_by_route, duration_by_route"
Olodaterol,,Striverdi Respimat,,medical_rx,long-acting beta-2 agonist,,,,no,no,,Selectively agonizes beta-2 adrenergic receptors in the airways causing smooth muscle relaxation and bronchodilation.,,,"dose_ranges_by_route, duration_by_route, half_life_minutes, references"
Olopatadine,,Olopatadine-nasal | Pataday | Patanase | Patanol | Pazeo,Antihistamine,medical_rx,"H1-antagonist | antihistamine | antihistamine, 2nd generation | mast-cell-stabilizer | non-sedating | prescription-only | second-gen-antihistamine",,,,no,no,183.0,Blocks histamine at peripheral histamine-1 receptors (H1 receptors).,,https://www.accessdata.fda.gov/drugsatfda_docs/label/2004/021521s004lbl.pdf | https://en.wikipedia.org/wiki/Olopatadine | https://dailymed.nlm.nih.gov/dailymed/search.cfm?labeltype=all&query=0065-4273,"dose_ranges_by_route, duration_by_route"
Omberacetam,,GVS-111 | Noopept | Ноопепт,Nootropic,recreational,class:peptide,insufflation,insufflation | oral,insufflation | oral,yes,yes,,Omberacetam 调节乙酰胆碱系统以及 AMPA 受体哦。这种调节本质上允许乙酰胆碱积累到比原本更高的水平。由于乙酰胆碱参与记忆功能，这可能就是它产生益智效果的原因呢。一些研究还表明，NMDA 受体也参与了 Omberacetam 的作用机制。,,,"half_life_minutes, references"
Omega-3 Fatty Acids,,Algal Oil | DHA | Docosahexaenoic Acid | EPA | Eicosapentaenoic Acid | Fish Oil | Krill Oil,Supplement,otc,OTC | anti-inflammatory | cardiovascular | essential-fatty-acid | nootropic | supplement,oral,oral,oral,yes,no,4320.0,,,https://ods.od.nih.gov/factsheets/Omega3FattyAcids-HealthProfessional/ | https://en.wikipedia.org/wiki/Omega-3_fatty_acid,"duration_by_route, mechanism_of_action"
Omeprazole,,Care One Omeprazole | Healthy Accents Omeprazole | Humana Pharmacy Omeprazole | Leader Omeprazole | Prilosec | Prilosec Otc | Sunmark Omeprazole,,otc,proton pump inhibitor,,,,no,no,,Binds to and irreversibly inhibits H+/K+ ATPase pumps (proton pumps) on gastric parietal cells resulting in decreased gastric acid secretion.,,,"dose_ranges_by_route, duration_by_route, half_life_minutes, references"
Opium,,O | Papaver somniferum latex,Opioid,recreational,MOR-via-morphine | habit-forming | plant-mixture,inhalation,inhalation | oral,inhalation | oral,yes,yes,,,,,"half_life_minutes, mechanism_of_action, references"
ORTHO-DOT,,,Psychedelic,recreational,PIHKAL | phenethylamine,,,,no,no,,,,https://erowid.org/library/books_online/pihkal/pihkal139.shtml,"dose_ranges_by_route, duration_by_route, half_life_minutes, mechanism_of_action"
Oseltamivir,,Tamiflu,Antimicrobial,non_recreational,antiviral | neuraminidase inhibitor,,,,no,no,,"Inhibits influenza virus neuraminidase, an enzyme that releases viral particles from the plasma membrane of infected cells and promotes virus spread in the respiratory tract.",,,"dose_ranges_by_route, duration_by_route, half_life_minutes, references"
Oxazolam,,,Benzodiazepine,recreational,GABAA-PAM | benzodiazepine | habit-forming | prodrug-of-nordazepam,oral,oral,oral,yes,yes,,,,,"half_life_minutes, mechanism_of_action, references"
Oxcarbazepine,,Oxtellar | Oxtellar XR | Trileptal,Anticonvulsant,medical_rx,anticonvulsant | mood-stabilizer | prescription-only | sodium-channel-blocker,,,,no,no,570.0,Voltage-Gated Sodium Channel Blocker,,https://en.wikipedia.org/wiki/Oxcarbazepine,"dose_ranges_by_route, duration_by_route"
Oxiracetam,,CGP-21690E | CT-848 | Hydroxypiracetam | ISF-2522 | Neuractiv | Neuromet | Oxiracetamum,Nootropic,recreational,HACU-upregulator | cholinergic | class:Racetam | class:racetams | italy-approved | nootropic | racetam | renal-eliminated,oral,oral,oral,yes,yes,480.0,,,https://en.wikipedia.org/wiki/Oxiracetam,mechanism_of_action
Oxycodone-Acetaminophen,,Endocet | Percocet | Primlev,Opioid,recreational,analgesic | antipyretic | opioid,,,,no,no,,"Oxycodone: is a semisynthetic full opioid agonist that binds to opioid receptors (primarily mu-opioid receptors) blocking transmission of nociceptive signals and inhibiting other pain pathways. The primary therapeutic action is analgesia, however, this agent also exhibits dose-related degrees of anxiolysis, euphoria, sedation, respiratory depression, and gastrointestinal system smooth muscle contraction. Acetaminophen: The mechanism of action of acetaminophen is not well-defined. Its antipyretic and analgesic activity are thought to result from inhibition of prostaglandin synthesis and release in the central nervous system. Inhibition of the nitric oxide (NO) pathway via action on neurotransmitter receptors, such as N-methyl-D-aspartate (NMDA) and substance P, also may result in elevation of the pain threshold.",,,"dose_ranges_by_route, duration_by_route, half_life_minutes, references"
Oxymetazoline,,Afrin | Oxymetazoline-nasal,,otc,alpha adrenergic agonist | decongestant,,,,no,no,,"Oxymetazoline is an alpha adrenergic-agonist, direct acting sympathomimetic agent used nasally as a vasoconstrictor that shrinks swollen nasal membranes to relieve nasal congestion.",,,"dose_ranges_by_route, duration_by_route, half_life_minutes, references"
P,,,Psychedelic,recreational,PIHKAL | phenethylamine,oral,oral,oral,yes,yes,,,,https://erowid.org/library/books_online/pihkal/pihkal140.shtml,"half_life_minutes, mechanism_of_action"
Pagoclone,,,Depressant,recreational,BZ-site-partial-agonist | cyclopyrrolone | habit-forming | research-chemical | tentative,,,,no,no,,,,,"dose_ranges_by_route, duration_by_route, half_life_minutes, mechanism_of_action, references"
Palfium,,dextromoramide,Opioid,recreational,MOR-full-agonist | habit-forming | high-oral-F | methadone-class | short-half-life,oral,oral,oral,yes,yes,71.0,,,Determination and pharmacokinetics of dextromoramide in methadone maintenance therapy,mechanism_of_action
Paliperidone,,9-hydroxyrisperidone | Invega | Invega Sustenna | Invega Trinza,Antipsychotic,medical_rx,2nd generation antipsychotic | 5HT2A-antagonist | D2-antagonist | antipsychotic | atypical-antipsychotic | long-acting-injectable | prescription-only,,,,no,no,1380.0,"Competitively blocks of D2 dopamine and 5HT-2A serotonin receptors. These mechanisms are notably thought to be related to its efficacy for indicated conditions. Also blocks, to varying degrees, other subtypes of dopamine receptors (D1, D3, D4, D5), serotonin (5HT-1A, 5HT-2C and 5HT-7) receptors, histamine-1 receptors, and alpha-1 and alpha-2 adrenergic receptors..",,https://www.accessdata.fda.gov/drugsatfda_docs/label/2014/021999s026lbl.pdf | https://en.wikipedia.org/wiki/Paliperidone | https://dailymed.nlm.nih.gov/dailymed/search.cfm?labeltype=all&query=50458-560,"dose_ranges_by_route, duration_by_route"
Panax Ginseng,,American Ginseng | Asian Ginseng | Ginsenosides | Korean Ginseng | Panax quinquefolius | Red Ginseng,Supplement,otc,CYP450-inducer | OTC | adaptogen | herbal | immunomodulator | insulin-sensitizer | nootropic | supplement,oral,oral,oral,yes,no,360.0,,,https://en.wikipedia.org/wiki/Panax_ginseng | https://examine.com/supplements/panax-ginseng/,"duration_by_route, mechanism_of_action"
Pancrelipase/Pancrelipase/Pancrelipase,,Zenpep,,medical_rx,,,,,no,no,,"The pancreatic enzymes in Zenpep catalyze the hydrolysis of fats to monoglycerides, glycerol, and free fatty acids, protein into peptides and amino acids, and starch into dextrins and short chain sugars such as maltose and maltriose in the duodenum and proximal small intestine, thereby acting like digestive enzymes physiologically secreted by the pancreas.",,,"dose_ranges_by_route, duration_by_route, half_life_minutes, references"
Panitumumab,,Vectibix,,medical_rx,,,,,no,no,10800.0,"The EGFR is a transmembrane glycoprotein that is a member of a subfamily of type I receptor tyrosine kinases, including EGFR, HER2, HER3, and HER4. EGFR is constitutively expressed in normal epithelial tissues, including the skin and hair follicle. EGFR is overexpressed in certain human cancers, including colon and rectum cancers. Interaction of EGFR with its normal ligands (e.g., EGF, transforming growth factor-alpha) leads to phosphorylation and activation of a series of intracellular proteins, which in turn regulate transcription of genes involved with cellular growth and survival, motility, and proliferation. KRAS (Kirsten rat sarcoma 2 viral oncogene homologue) and NRAS (Neuroblastoma RAS viral oncogene homologue) are highly related members of the RAS oncogene family.",,https://dailymed.nlm.nih.gov/dailymed/search.cfm?labeltype=all&query=55513-954,"dose_ranges_by_route, duration_by_route"
Pantoprazole,,Protonix,,medical_rx,proton pump inhibitor,,,,no,no,60.0,Binds to and irreversibly inhibits H+/K+ ATPase pumps (proton pumps) on gastric parietal cells resulting in decreased gastric acid secretion.,,"FDA label for Pantoprazole Sodium for Injection (pantoprazole), Clinical Pharmacology/Pharmacokinetics — terminal t½ ≈ 1 hour | https://dailymed.nlm.nih.gov/dailymed/search.cfm?labeltype=all&query=0904-6235","dose_ranges_by_route, duration_by_route"
Para-Methoxyamphetamine,PMA,4-MA | 4-methoxyamphetamine | 4-甲氧基苯丙胺 | Dr. Death | PMA | death | paramethoxyamphetamine | 对甲氧基苯丙胺,Empathogen,recreational,CYP2D6-substrate | MAO-A-inhibitor | SERT-dominant | class:amphetamine | class:substituted amphetamines | deadly | delayed-onset | tentative,oral,oral,,no,yes,,,,,"dose_ranges_by_route, half_life_minutes, mechanism_of_action, references"
Parafluorobutyrfentanyl,,4-FBF | 4-fluorobutyrfentanyl | pfbf,Opioid,recreational,CYP3A4-substrate | habit-forming | mu-full-agonist | mu-opioid-agonist | research-chemical | wooden-chest-syndrome-risk,oral,oral,oral,yes,yes,,,,,"half_life_minutes, mechanism_of_action, references"
Parafluorofentanyl,,4-fluorofentanyl | pff,Opioid,recreational,CYP3A4-substrate | habit-forming | mu-full-agonist | mu-opioid-agonist | tentative | wooden-chest-syndrome-risk,insufflation,insufflation,insufflation,yes,no,,,,,"duration_by_route, half_life_minutes, mechanism_of_action, references"
PARGY-LAD,,N | N-丙炔基-去甲-LSD | PARGY-LSD,Psychedelic,recreational,class:lysergamides,oral,oral,oral,yes,yes,,"更多信息请参见：血清素能迷幻剂

PARGY-LAD 可能作为 血清素 的受体激动剂。人们认为迷幻效应源于 PARGY-LAD 对血清素受体的作用。然而，这些相互作用的作用以及它们如何导致迷幻体验，目前仍然是科学阐明对象呢。",,,"half_life_minutes, references"
Paricalcitol,,,,medical_rx,,,,,no,no,300.0,"Paricalcitol is a synthetic, biologically active vitamin D analog of calcitriol with modifications to the side chain (D 2 ) and the A (19-nor) ring. Preclinical and in vitro studies have demonstrated that Paricalcitol's biological actions are mediated through binding of the VDR, which results in the selective activation of vitamin D responsive pathways. Vitamin D and Paricalcitol have been shown to reduce parathyroid hormone levels by inhibiting PTH synthesis and secretion.",,"FDA label for Paricalcitol capsules, Clinical Pharmacology 12.3 — t½ = 4–6 hours (healthy adults) | https://dailymed.nlm.nih.gov/dailymed/search.cfm?labeltype=all&query=0143-9596","dose_ranges_by_route, duration_by_route"
Paroxetine,,Aropax | Brisdelle | Paxil | Paxil CR | Pexeva | Seroxat,Antidepressant,medical_rx,CYP2D6-inhibitor | CYP2D6-inhibitor-strong | NOS-inhibitor | SRI | SSRI | anticholinergic | anticholinergic-SSRI | antidepressant | high-discontinuation-risk | prescription-only | serotonin-syndrome-risk,,,,no,no,1260.0,Inhibits serotonin reuptake at the presynaptic neurons leading to higher concentrations of serotonin in the neuronal synapse.,,https://www.accessdata.fda.gov/drugsatfda_docs/label/2012/020031s071lbl.pdf | https://en.wikipedia.org/wiki/Paroxetine | https://dailymed.nlm.nih.gov/dailymed/search.cfm?labeltype=all&query=54766-201,"dose_ranges_by_route, duration_by_route"
PCE,,Eticyclidine,Dissociative,recreational,class:arylcyclohexylamines | habit-forming | tentative,inhalation,inhalation | insufflation | oral,inhalation | insufflation | oral,yes,yes,,"NMDA 受体（谷氨酸受体的一种亚型，谷氨酸是神经系统中主要的兴奋性神经递质）允许电信号在大脑和脊柱的神经细胞之间传递；为了传递信号，受体必须是开放的。NMDA 受体拮抗剂已被证明可以通过阻断这些受体来破坏这种信号传递。神经系统中信息流的这种断开导致感觉丧失（麻醉）、运动困难（运动不协调），最终导致这种物质相当于“'孔洞'”的状态，这主要与氯胺酮的体验相关，尽管性质上有所不同。

除了其独特的 NMDA 受体阻断能力外，PCE 还作为多巴胺-去甲肾上腺素 再摄取抑制剂以及血清素 再摄取抑制剂，具有可疑的 μ-阿片亲和力和典型的解离效应。这为其欣快和经常出现的刺激特性提供了解释。

PCE 比 PCP 稍微强效一点，效果相似，但其令人不快的味道和引起恶心的倾向使其不太被使用者接受。",,,"half_life_minutes, references"
PCP,,Angel Dust | Boat | Crystal | Dust | Embalming Fluid | Fry | Goon | Hog | KW | Killer Weed | Love Boat | Mintweed | Monkey Dust | Peace Pill | Phencyclidine | Rocket Fuel | Sernyl | Sherm | Sherman | Supergrass | Tic | Tic Tac | Wet | Zoom | angel | angel_dust | angeldust,Dissociative,recreational,NMDA-antagonist | arylcyclohexylamine | class:Arylcyclohexylamine | class:arylcyclohexylamines | habit-forming | sigma-1,inhalation,inhalation | insufflation | oral,inhalation | insufflation | oral,yes,yes,,Non-Competitive NMDA Antagonist and Dopamine Reuptake Inhibitor,Acuity suppression | Amnesia | Analysis enhancement | Anxiety suppression | Auditory distortion | Auditory hallucinations | Auditory suppression | Cognitive euphoria | Compulsive redosing | Conceptual thinking | Consciousness disconnection | Creativity enhancement | Delusions | Depersonalization | Derealization | Disinhibition | Dizziness | Double vision | Déjà vu | Environmental cubism | Environmental orbism | External hallucinations | Frame rate suppression | Geometry | Immersion enhancement | Information processing suppression | Internal hallucinations | Memory suppression | Motor control loss | Nausea | Pattern recognition suppression | Perception of decreased weight | Perspective distortions | Physical autonomy | Physical euphoria | Psychosis | Scenery slicing | Spontaneous tactile sensations | Tactile disconnection | Tactile suppression | Thought acceleration | Time distortion | Visual disconnection | Visual sliding,,"half_life_minutes, references"
PE,,,Psychedelic,recreational,PIHKAL | phenethylamine,,,,no,no,,,,https://erowid.org/library/books_online/pihkal/pihkal141.shtml,"dose_ranges_by_route, duration_by_route, half_life_minutes, mechanism_of_action"
PE-22-28,,Spadin analog,Peptide,medical_rx,no-human-data | nootropic | peptide,,,,no,no,,TREK-1 (K2P) potassium channel blocker; fast antidepressant candidate.,,"https://www.ncbi.nlm.nih.gov/pmc/?term=spadin+TREK-1 | spadin/TREK-1 antidepressant literature (Mazella, PMC)","dose_ranges_by_route, duration_by_route, half_life_minutes"
PEA,,Phenethylamine | β-PEA,Psychedelic,recreational,PIHKAL | phenethylamine,,,,no,no,,,,https://erowid.org/library/books_online/pihkal/pihkal142.shtml,"dose_ranges_by_route, duration_by_route, half_life_minutes, mechanism_of_action"
Pectin,,Throat Relief Pops,,otc,,,,,no,no,,,,,"dose_ranges_by_route, duration_by_route, half_life_minutes, mechanism_of_action, references"
Peginterferon alfa-2b,,Sylatron,,medical_rx,,,,,no,no,,Peginterferon alfa-2b is a pleiotropic cytokine; the mechanism by which it exerts its effects in patients with melanoma is unknown.,,,"dose_ranges_by_route, duration_by_route, half_life_minutes, references"
Pemoline,,Betanamin | Ceractiv | Cylert | Magnesium pemoline | PemADD | Pemoline magnesium | Phenoxazole | Phenylisohydantoin | Tradon,Stimulant,recreational,DA-selective | habit-forming | hepatotoxic | withdrawn-US-2005,oral,oral,oral,yes,yes,600.0,,,Neuropsychopharmacological mechanisms of stimulant drug action in attention-deficit hyperactivity disorder: a review and integration,mechanism_of_action
Penicillin V Potassium,,Pen VK,Antimicrobial,non_recreational,beta-lactam antibiotic | natural penicillin,,,,no,no,,Inhibits bacterial cell wall synthesis by binding to and inactivating penicillin-binding proteins (PBPs) present in the bacterial cell wall.,,,"dose_ranges_by_route, duration_by_route, half_life_minutes, references"
Pentazocine,,Talwin,Opioid,recreational,KOR-agonist | MOR-partial-agonist | dysphoric | habit-forming | sigma-1-agonist,intramuscular,intramuscular | intravenous,intramuscular | intravenous,yes,yes,177.0,,,Bioavailability and first-pass metabolism of oral pentazocine in man.,mechanism_of_action
Pentedrone,,Drone | α-Methylamino-valerophenone,Stimulant,recreational,DAT-NET-blocker | DAT-selective | cathinone | class:cathinone | habit-forming | research-chemical,insufflation,insufflation | oral | rectal,insufflation | oral | rectal,yes,yes,,,,https://en.wikipedia.org/wiki/Pentedrone,"half_life_minutes, mechanism_of_action"
Pentylone,,4-meppp | bk-MBDP | bk-methyl-K | β-Keto-methylbenzodioxolylpentanamine,Stimulant,recreational,DAT-preferring | MDMA-analog | cathinone | fatalities-reported | habit-forming | hybrid-DAT-blocker-SERT-partial-substrate | research-chemical,oral,oral,oral,yes,yes,,,,https://en.wikipedia.org/wiki/Pentylone,"half_life_minutes, mechanism_of_action"
Perampanel,,Fycompa,Anticonvulsant,medical_rx,AMPA-antagonist | US-Schedule-V | anticonvulsant | glutamate-modulator | prescription-only | psychiatric-warning,,,,no,no,6120.0,,,https://en.wikipedia.org/wiki/Perampanel | https://dailymed.nlm.nih.gov/dailymed/search.cfm?labeltype=all&query=62856-272,"dose_ranges_by_route, duration_by_route, mechanism_of_action"
Perphenazine,,Etrafon | Trilafon,Antipsychotic,medical_rx,1st generation antipsychotic | D2-antagonist | antipsychotic | phenothiazine | prescription-only | typical-antipsychotic,oral,oral,,no,yes,540.0,"Competitively blocks postsynaptic dopamine receptors (notably D2) in the brain. Increased dopamine activity in the brain is thought to be associated with the ""positive"" symptoms of schizophrenia/psychosis such as hallucinations, hearing voices, aggression/hostility, disorganized speech, and psychomotor agitation. Also blocks, to varying degrees, several other subtypes of dopamine receptors (D1, D3, D4), serotonin (5HT-2A, 5HT-2C, and 5HT-7) receptors, histamine-1 receptors, and alpha-1 and alpha-2 (slightly) adrenergic receptors.",,https://www.accessdata.fda.gov/drugsatfda_docs/label/2011/012013s074lbl.pdf | https://en.wikipedia.org/wiki/Perphenazine,dose_ranges_by_route
Peruvian Torch,,秘鲁火炬仙人掌,,medical_rx,,,,,no,no,,,,,"dose_ranges_by_route, duration_by_route, half_life_minutes, mechanism_of_action, references"
Peyote,,,Psychedelic,recreational,,other,other,other,yes,yes,,,,,"half_life_minutes, mechanism_of_action, references"
Pfbt,,4-fluorotropacocaine,Stimulant,recreational,habit-forming | local-anaesthetic | research-chemical | tentative | weak-DAT,insufflation,insufflation,insufflation,yes,yes,,,,,"half_life_minutes, mechanism_of_action, references"
PGPIPN,,,Peptide,medical_rx,immunomodulator | no-human-data | peptide,subcutaneous,subcutaneous,,no,no,,Casein-derived immunomodulatory hexapeptide.,,https://pubmed.ncbi.nlm.nih.gov/ | Preclinical β-casein peptide literature (PubMed),half_life_minutes
Phalaris,,水虉草,,medical_rx,,,,,no,no,,,,,"dose_ranges_by_route, duration_by_route, half_life_minutes, mechanism_of_action, references"
Phenazopyridine,,AZO Urinary Pain Relief | Pyridium,Analgesic,otc,urinary tract analgesic,,,,no,no,,"Phenazopyridine is excreted in the urine where it exerts a topical analgesic effect on the mucosa of the urinary tract. This action helps to relieve pain, burning, urgency and frequency.",,,"dose_ranges_by_route, duration_by_route, half_life_minutes, references"
Phendimetrazine,,Adipost | Bontril | Fendique ER | Melfiat | Statobex,Stimulant,recreational,anorectic | prodrug,oral,oral,oral,yes,yes,240.0,,,Role of phenmetrazine as an active metabolite of phendimetrazine: evidence from studies of drug discrimination and pharmacokinetics in rhesus monkeys,mechanism_of_action
Phenelzine,,2-phenylethylhydrazine | Nardil | Nardil® | Phenelzinum | W-1544a | phenethyl-hydrazine | phenethylhydrazine | β-phenylethylhydrazine,Antidepressant,medical_rx,GABA-T-inhibitor | MAOI | MAOI-A | MAOI-B | aldehyde-scavenger | antidepressant | dietary-restriction | hydrazine-hepatotoxic-risk | hypertensive-crisis-risk | irreversible-MAOI | no-human-data | phenethylamine | prescription-only | serotonin-syndrome-risk,,,,no,no,696.0,,,"FDA label for Nardil (phenelzine sulfate), Clinical Pharmacology - Pharmacokinetics, Elimination | https://www.accessdata.fda.gov/drugsatfda_docs/label/2014/009768s055lbl.pdf | https://en.wikipedia.org/wiki/Phenelzine | https://dailymed.nlm.nih.gov/dailymed/search.cfm?labeltype=all&query=40032-360","dose_ranges_by_route, duration_by_route, mechanism_of_action"
Phenethylamine,,2-Phenethylamine | 2-Phenylethylamine | 2-phenylethanamine | Benzeneethanamine | PEA | Phenylethylamine | beta-Phenylethylamine | beta-aminoethylbenzene | beta-phenethylamine | β-PEA | β-Phenethylamine | β-aminoethylbenzene,Nootropic,recreational,MAO-substrate | endogenous-TAAR1-agonist | no-human-data | orally-inactive | phenethylamine,oral,oral,oral,yes,yes,10.0,,,Trace amines: identification of a family of mammalian G protein-coupled receptors,mechanism_of_action
Phenetrazine,,,Stimulant,recreational,habit-forming | tentative,insufflation,insufflation | oral,insufflation | oral,yes,no,,,,,"duration_by_route, half_life_minutes, mechanism_of_action, references"
Phenmetrazine,,Preludin,Stimulant,recreational,NDRA | VMAT2-substrate | habit-forming,oral,oral,oral,yes,yes,480.0,,,Role of phenmetrazine as an active metabolite of phendimetrazine: evidence from studies of drug discrimination and pharmacokinetics in rhesus monkeys,mechanism_of_action
Phenol,,Phylorinol,,otc,,,,,no,no,,,,,"dose_ranges_by_route, duration_by_route, half_life_minutes, mechanism_of_action, references"
Phentermine+Fenfluramine,,Adipex-P + Pondimin | Fen-Phen | Phen/Fen | Pondimin + phentermine | Redux (dexfenfluramine) + phentermine | phen-fen | phentermine + (dex)fenfluramine | phentermine + fenfluramine | phentermine/fenfluramine,,recreational,PPH | valvulopathy | withdrawn-1997,oral,oral,oral,yes,yes,,,,,"half_life_minutes, mechanism_of_action, references"
Phentolamine,,Oraverse | Phentolamine Mesylate,,medical_rx,,,,,no,no,19.0,"The mechanism by which Oraverse accelerates reversal of soft-tissue anesthesia and the associated functional deficits is not fully understood. Phentolamine mesylate, the active ingredient in Oraverse, produces an alpha-adrenergic block of relatively short duration resulting in vasodilatation when applied to vascular smooth muscle. In an animal model, Oraverse increased local blood flow in submucosal tissue of the dog when given after an intraoral injection of lidocaine 2% with 1:100,000 epinephrine.",,https://dailymed.nlm.nih.gov/dailymed/search.cfm?labeltype=all&query=0362-0101,"dose_ranges_by_route, duration_by_route"
Phenylpiracetam,,Carphedon | Fonturacetam | Phenotropil,Nootropic,recreational,DAT-inhibitor | WADA-banned | class:racetams | nootropic | racetam | stimulant-adjacent,oral,oral,oral,yes,yes,300.0,,,https://en.wikipedia.org/wiki/Phenylpiracetam,mechanism_of_action
Phenylpiracetam hydrazide,,Fonturacetam hydrazide,Nootropic,recreational,BBB-penetrant | anticonvulsant-original-purpose | mechanism-unknown | no-human-data | racetam | research-chemical,,,,no,no,,,,https://en.wikipedia.org/wiki/Phenylpiracetam,"dose_ranges_by_route, duration_by_route, half_life_minutes, mechanism_of_action"
Phenylpropylaminopentane,PPAP,"DPPEA | MK-306 | PPAP | α,N-dipropylphenethylamine",Stimulant,recreational,,insufflation,insufflation | intramuscular | oral | sublingual,insufflation | intramuscular | oral | sublingual,yes,yes,,,,,"half_life_minutes, mechanism_of_action, references"
Phenytoin,,Dilantin | Diphenylhydantoin | Phenytek | Phenytoin Sodium,Anticonvulsant,medical_rx,anticonvulsant | narrow-therapeutic-index | prescription-only | sodium-channel-blocker,,,,no,no,1320.0,"Phenytoin selectively blocks voltage-gated sodium channels during their recovery phase, promoting sodium efflux from neurons located in the motor cortex reducing post-tetanic potentiation at synapses. This prevents cortical seizure foci from spreading to adjacent areas, thus stabilizing the threshold against hyperexcitability. Additionally, phenytoin appears to reduce sensitivity of muscle spindles to stretch causing muscle relaxation.",,https://en.wikipedia.org/wiki/Phenytoin | https://dailymed.nlm.nih.gov/dailymed/search.cfm?labeltype=all&query=0378-3850,"dose_ranges_by_route, duration_by_route"
Phosphatidylserine,,PS | Phosphatidyl Serine | Sharp-PS | Soy-Derived Phosphatidylserine,Supplement,otc,HPA-modulator | OTC | cognitive-enhancement | cortisol-reducer | neuroprotective | nootropic | supplement,oral,oral,oral,yes,yes,720.0,,,https://en.wikipedia.org/wiki/Phosphatidylserine | https://examine.com/supplements/phosphatidylserine/,mechanism_of_action
Phytonadione,,Mephyton,,medical_rx,,,,,no,no,,,,,"dose_ranges_by_route, duration_by_route, half_life_minutes, mechanism_of_action, references"
Picamilon,,N-Nicotinoyl-GABA | Pikamilon | Pycamilon,Nootropic,recreational,GABA-prodrug | GABAergic | habit-forming | nootropic | vasodilator | vasodilator-niacin,oral,oral,oral,yes,yes,,,Cerebral vasodilation,https://en.wikipedia.org/wiki/Picamilon,"half_life_minutes, mechanism_of_action"
Pimavanserin,,Nuplazid,Antipsychotic,medical_rx,5HT2C-inverse-agonist | QTc-risk | antipsychotic | atypical-antipsychotic | inverse-agonist-5HT2A | parkinsons-psychosis | prescription-only,oral,oral,oral,yes,no,3780.0,,,https://www.accessdata.fda.gov/drugsatfda_docs/label/2016/207318orig1s000lbl.pdf | https://en.wikipedia.org/wiki/Pimavanserin,"duration_by_route, mechanism_of_action"
Pimozide,,Orap,Antipsychotic,medical_rx,D2-antagonist | QTc-risk | antipsychotic | diphenylbutylpiperidine | high-EPS-risk | prescription-only | tourette-syndrome | typical-antipsychotic,oral,oral,oral,yes,no,3360.0,,,https://www.accessdata.fda.gov/drugsatfda_docs/label/2012/017473s055lbl.pdf | https://en.wikipedia.org/wiki/Pimozide,"duration_by_route, mechanism_of_action"
Pinazepam,,domar,Benzodiazepine,recreational,GABAA-PAM | benzodiazepine | habit-forming | prodrug,oral,oral,oral,yes,yes,,,,,"half_life_minutes, mechanism_of_action, references"
Pindolol,,Visken,Cardiovascular,medical_rx,beta-1 & beta-2 non-selective | beta-blocker,,,,no,no,,Blocks beta-1 and beta-2 adrenergic receptors (non-selective) causing decreased heart rate and myocardial contractility.,,,"dose_ranges_by_route, duration_by_route, half_life_minutes, references"
Pioglitazone,,Actos,,medical_rx,antidiabetic | thiazolidinedione,,,,no,no,,"Agonizes peroxisome proliferator-activated receptor-gamma ( PPAR receptors ) causing increased peripheral insulin sensitivity. PPAR receptors are found in tissues important for insulin action such as adipose tissue, skeletal muscle, and the liver.",,,"dose_ranges_by_route, duration_by_route, half_life_minutes, references"
Pipradrol,,Meratran | diphenyl(piperidin-2-yl)methanol,Stimulant,recreational,NDRI | stimulant-miscategorized,oral,oral,oral,yes,yes,,,,,"half_life_minutes, mechanism_of_action, references"
PiPT,,,Psychedelic,recreational,research-chemical | tentative,inhalation,inhalation,inhalation,yes,yes,,,,,"half_life_minutes, mechanism_of_action, references"
Piroxicam,,Feldene,Analgesic,medical_rx,analgesic | cox-1/cox-2 non-selective | nsaid,,,,no,no,3000.0,"Reversibly inhibits cyclooxygenase-1 and 2 (COX-1 and 2) enzymes causing decreased prostaglandin precursor formation. This results in anti-inflammatory, analgesic, and antipyretic effects.",,"FDA label for Piroxicam capsules, Clinical Pharmacology/Pharmacokinetics — plasma half-life approximately 50 hours","dose_ranges_by_route, duration_by_route"
Pitavastatin,,Livalo | Zypitamag,,medical_rx,antihyperlipidemic | statin,,,,no,no,,"Inhibits HMG-CoA reductase, the rate-limiting enzyme that converts 3-hydroxy-3-methylglutaryl-coenzyme A to mevalonate, a precursor of sterols, including cholesterol.",,,"dose_ranges_by_route, duration_by_route, half_life_minutes, references"
Placdyl,,Placidyl | ethchlorvnol,Depressant,recreational,habit-forming | historic | tertiary-alcohol-hypnotic,oral,oral,oral,yes,yes,,,,,"half_life_minutes, mechanism_of_action, references"
PMMA,,4-甲氧基甲基苯丙胺 | para-Methoxymethamphetamine | 对甲氧基甲基苯丙胺,Empathogen,recreational,class:amphetamine | class:substituted amphetamines,,,,no,no,,,,,"dose_ranges_by_route, duration_by_route, half_life_minutes, mechanism_of_action, references"
PNC-27,,p53-derived anticancer peptide,Peptide,medical_rx,no-human-data | peptide,,,,no,no,,Membrane-disrupting anticancer peptide; p53(12-26) MDM2-binding domain plus penetratin leader.,,https://www.ncbi.nlm.nih.gov/pmc/?term=PNC-27+p53+peptide | Michl/Pincus p53 peptide literature,"dose_ranges_by_route, duration_by_route, half_life_minutes"
Polycarbophil,,FiberCon,,otc,bulk-forming laxative,,,,no,no,,Polycarbophil is an insoluble fiber that absorbs water into the intestine to soften the stool and increase bulk to promote peristalsis.,,,"dose_ranges_by_route, duration_by_route, half_life_minutes, references"
Polyethylene glycol,,MiraLax,,otc,,,,,no,no,,"Produces an osmotic effect in the colon that increases stool water content, softens the stool, and promotes peristalsis.",,,"dose_ranges_by_route, duration_by_route, half_life_minutes, references"
Polyethylene Glycol 3350,,Basic Care Clearlax | Berkley And Jensen Clearlax | Welby Clearlax,,otc,,,,,no,no,,,,,"dose_ranges_by_route, duration_by_route, half_life_minutes, mechanism_of_action, references"
Polygala tenuifolia,,Chinese senega | Radix Polygalae | Yuan zhi,Nootropic,recreational,BACE1-inhibitor-weak | TCM | TCM-herb | herb | nootropic | saponin-mixture,oral,oral,oral,yes,no,,,,https://en.wikipedia.org/wiki/Polygala_tenuifolia,"duration_by_route, half_life_minutes, mechanism_of_action"
Poppers,,亚硝酸酯,,medical_rx,,,,,no,no,,,,,"dose_ranges_by_route, duration_by_route, half_life_minutes, mechanism_of_action, references"
Potassium,,Golytely | Isoplate | K-tab | Normosol-r And Dextrose | PEG-3350 And Electrolytes | Plasma-lyte 148 | Thyrosafe | dextrose/sodium/sodium/sodium/potassium/magnesium | polyethylene glycol 3350/sodium/potassium/sodium/sodium | polyethylene glycol 3350/sodium/sodium/sodium/potassium | sodium/sodium/sodium/potassium/magnesium | sodium/sodium/sodium/potassium/magnesium/sodium/potassium,,medical_rx,,,,,no,no,,,,,"dose_ranges_by_route, duration_by_route, half_life_minutes, mechanism_of_action, references"
PQQ,,BioPQQ | Methoxatin | Pyrroloquinoline Quinone,Supplement,otc,OTC | antioxidant | mitochondrial-support | neuroprotective | nootropic | supplement,oral,oral,oral,yes,no,240.0,,,https://en.wikipedia.org/wiki/Pyrroloquinoline_quinone | https://examine.com/supplements/pyrroloquinoline-quinone/,"duration_by_route, mechanism_of_action"
Pramipexole,,Mirapex | Mirapex ER,,medical_rx,dopamine agonist,,,,no,no,480.0,Non-ergot dopamine agonist with high selectivity for D2 receptors. Also has affinity for D3 receptors and mild affinity for D2 and D4 receptors. Stimulation of dopamine receptors in the striatum is thought to be responsible for treatment effects in Parkinson's disease and Restless Legs Syndrome.,,"FDA label for Pramipexole Dihydrochloride tablets (pramipexole dihydrochloride), Clinical Pharmacology 12.3 Pharmacokinetics - t½ ≈ 8 h","dose_ranges_by_route, duration_by_route"
Pramiracetam,,CI-879 | Neupramir | Pramistar | 普拉西坦,Nootropic,recreational,HACU-enhancer | brain-penetrant | cholinergic | class:racetams | lipophilic | lipophilic-racetam | nootropic | racetam,oral,oral,oral,yes,yes,300.0,,,https://en.wikipedia.org/wiki/Pramiracetam,mechanism_of_action
Prasugrel,,Effient,,medical_rx,antiplatelet | p2y12 inhibitor,,,,no,no,,"Prasugrel irreversibly binds to the P2Y12 receptor on the platelet surface, blocking adenosine diphosphate (ADP) from binding to it. This interferes with platelet adhesion and aggregation by inhibiting both ADP-mediated activation of the glycoprotein complex GPIIb/IIIa and fibrinogen binding to platelets.",,,"dose_ranges_by_route, duration_by_route, half_life_minutes, references"
Pravastatin,,Pravachol | Pravastatin Sodium,,medical_rx,antihyperlipidemic | statin,,,,no,no,108.0,"Inhibits HMG-CoA reductase, the rate-limiting enzyme that converts 3-hydroxy-3-methylglutaryl-coenzyme A to mevalonate, a precursor of sterols, including cholesterol.",,Evidence-based review of statin use in patients with HIV on antiretroviral therapy,"dose_ranges_by_route, duration_by_route"
Prazepam,,Centrax | Demetrin | Lysanxia | Prazepamum | Sedapran | Trepidan | centrac | pozapam | prasepine | prazene | reapam,Benzodiazepine,recreational,CYP3A4-substrate | GABAA-PAM | benzodiazepine | habit-forming | prodrug-of-nordazepam,oral,oral,oral,yes,yes,4200.0,,,[Pharmacokinetics of oral prazepam].,mechanism_of_action
Prazosin,,Minipress,Cardiovascular,medical_rx,PTSD-nightmares | alpha1-blocker | antihypertensive | non-selective alpha-1 blocker | prescription-only,oral,oral,,no,yes,180.0,Systemically blocks alpha-1 adrenergic receptors resulting in reduction in vascular resistance (lowering blood pressure).,,https://en.wikipedia.org/wiki/Prazosin,dose_ranges_by_route
PRE-084,,Research ligand PRE-084,Other,recreational,tentative,insufflation,insufflation | oral | sublingual,insufflation | oral | sublingual,yes,yes,,,,,"half_life_minutes, mechanism_of_action, references"
Prednicarbate,,Dermatop | Prednicarbate-topical,Endocrine,medical_rx,corticosteroid,,,,no,no,,"Prednicarbate is a synthetic glucocorticoid with potent anti-inflammatory and immunomodulating properties. After cell entry, it binds to corticosteroid receptors on the nucleus and produces anti-inflammatory, antiproliferative, immunosuppressive, and vasoconstrictive effects that can be beneficial for psoriatic, pruritic, and other corticosteroid responsive dermatoses.",,,"dose_ranges_by_route, duration_by_route, half_life_minutes, references"
Prednisolone,,Millipred | Orapred ODT | Pediapred,Endocrine,medical_rx,corticosteroid | glucocorticoid,,,,no,no,,"Prednisolone is a synthetic glucocorticoid with anti-inflammatory and immunomodulating properties, and minimal mineralocorticoid properties. After cell surface receptor attachment and cell entry, it enters the nucleus where it binds to and activates specific nuclear receptors, resulting in an altered gene expression and inhibition of proinflammatory cytokine production. This agent also decreases the number of circulating lymphocytes, induces cell differentiation, and stimulates apoptosis in sensitive tumor cell populations.",,,"dose_ranges_by_route, duration_by_route, half_life_minutes, references"
Prednisone,,Deltasone | Rayos,Endocrine,medical_rx,corticosteroid | glucocorticoid,,,,no,no,,"Prednisone is completely converted to the active metabolite prednisolone, a synthetic glucocorticoid with anti-inflammatory and immunomodulating properties, and minimal mineralocorticoid properties. After cell surface receptor attachment and cell entry, it enters the nucleus where it binds to and activates specific nuclear receptors, resulting in an altered gene expression and inhibition of proinflammatory cytokine production. This agent also decreases the number of circulating lymphocytes, induces cell differentiation, and stimulates apoptosis in sensitive tumor cell populations.",,,"dose_ranges_by_route, duration_by_route, half_life_minutes, references"
Primidone,,Mysoline,Anticonvulsant,medical_rx,anticonvulsant | barbiturate,,,,no,no,,"Primidone is an analog of phenobarbital and prodrug of phenobarbital and phenylethylmalonamide (PEMA), both active metabolites. These agents are barbiturates that bind to and activate the gamma-aminobutyric acid (GABA)-A receptor, thereby mimicking and enhancing the inhibitory actions of GABA in the brain.",,,"dose_ranges_by_route, duration_by_route, half_life_minutes, references"
PRL-8-53,,prl853,Nootropic,recreational,investigational | nootropic | research-chemical | single-trial-1978 | tentative | unknown-mechanism | unreplicated,oral,oral,oral,yes,yes,,,,https://en.wikipedia.org/wiki/PRL-8-53,"half_life_minutes, mechanism_of_action"
PRO-LAD,,,Psychedelic,recreational,TIHKAL | class:lysergamides | tentative | tryptamine,oral,oral,oral,yes,yes,,"更多信息请参阅：血清素能迷幻剂

PRO-LAD 可能作为 5-HT 受体激动剂（部分激动剂）发挥作用。人们认为，迷幻效应源于 PRO-LAD 对 5-HT 受体的效能。然而，这些相互作用的作用以及它们如何导致迷幻体验，仍然是科学阐明研究的对象嘛。

作为 LSD 的衍生物，PRO-LAD 的药效学和药动学特性与 LSD 相似。然而，它们并不完全相同。在 R6 甲基上增加两个碳形成的丙基链可能导致 PRO-LAD 的吸收速度较慢，从而导致不同的初始起效和峰值效应。这可能是其阈值和中等剂量较高的原因喵。",,https://erowid.org/library/books_online/tihkal/tihkal51.shtml,half_life_minutes
Progesterone,,Endometrin,Depressant,recreational,class:steroid,oral,oral | rectal,oral | rectal,yes,yes,,"Progesterone is a naturally occurring steroid that is secreted by the ovary, placenta, and adrenal gland. In the presence of adequate estrogen, progesterone transforms a proliferative endometrium into a secretory endometrium. Progesterone is necessary to increase endometrial receptivity for implantation of an embryo. Once an embryo is implanted, progesterone acts to maintain a pregnancy.",,,"half_life_minutes, references"
Progesterone Oral Contraceptive - Drospirenone,,Slynd,,medical_rx,contraceptive | progestin,,,,no,no,,"Drospirenone, a progestin, prevents the pre-ovulation surge of luteinizing hormone (LH), which decreases the likelihood that ovulation will occur. Progestins also thicken cervical mucus, inhibiting the ability of sperm to travel into the uterus, and thin the endometrium (lining of the uterus), making implantation of a fertilized egg more difficult.",,,"dose_ranges_by_route, duration_by_route, half_life_minutes, references"
Progesterone Oral Contraceptive - Norethindrone,,Various product names,,medical_rx,contraceptive | progestin,,,,no,no,,"Norethindrone, a progestin, prevents the pre-ovulation surge of luteinizing hormone (LH), which decreases the likelihood that ovulation will occur. Progestins also thicken cervical mucus, inhibiting the ability of sperm to travel into the uterus, and thin the endometrium (lining of the uterus), making implantation of a fertilized egg more difficult.",,,"dose_ranges_by_route, duration_by_route, half_life_minutes, references"
Prolintane,,1-(α-propylphenethyl)pyrrolidine | ATC N06BX14 | Katovit | catovit | promotil | villescon | βk-Prolintane analog class relates to α-PVP | 普罗林坦 | 苯基吡咯烷基戊烷,Stimulant,recreational,class:amphetamine | class:substituted amphetamines | class:substituted pyrrolidines | habit-forming | research-chemical | tentative,insufflation,insufflation | oral | rectal,insufflation | oral | rectal,yes,yes,,"Prolintane is believed to act primarily as a mild norepinephrine-dopamine reuptake inhibitor. Reducing the reuptake of norepinephrine and dopamine leads to elevated concentrations of both catecholamine neurotransmitters in the synaptic cleft (the gap between neurons). This reduction in reuptake activity enhances and prolongs dopaminergic and noradrenergic signaling at dopamine and norepinephrine receptors on receiving neurons. This acute increase in neurotransmitter concentrations in the brain is believed to be responsible for the pharmacological effects of prolintane at high doses.

Because it acts primarily as a catecholamine reuptake inhibitor, prolintane is pharmacologically closer to cocaine or methylphenidate than to amphetamine. By contrast, amphetamine acts primarily as an agonist that indirectly releases dopamine and norepinephrine by activating TAAR1 receptors.",,,"half_life_minutes, references"
Promethazine,,Avomine | Lergigan | Phenergan | Pipolphen | Promethegan | Romergan | 异丙嗪,Antihistamine,dual_use,Beers-criteria-avoid-elderly | D2-antagonist | FDA-black-box-IV-tissue-injury | FDA-black-box-pediatric-respiratory-depression | H1-antagonist | H1-inverse-agonist | anticholinergic | antiemetic | antihistamine | class:phenothiazine | first-gen-antihistamine | hERG-strong | phenothiazine | potent-anticholinergic | prescription-only | sedating,intramuscular,intramuscular | oral,intramuscular | oral,yes,yes,720.0,,,https://www.accessdata.fda.gov/drugsatfda_docs/label/2004/007491s044lbl.pdf | https://en.wikipedia.org/wiki/Promethazine | Pharmacokinetics of promethazine hydrochloride after administration of rectal suppositories and oral syrup to healthy subjects,mechanism_of_action
Promethazine-Codeine,,Phenergan w/ Codeine,Opioid,recreational,"antihistamine, 1st generation | antitussive | opioid",,,,no,no,,"Codeine: is an opioid agonist with preferential selectivity for mu-opioid receptors. Codeine has relatively weak analgesic activity; however, its active metabolites morphine (5-15%, via CYP2D6 metabolism ) and codeine-6-glucuronide (50-70% via UGT2B7 metabolism ) have notable analgesic properties ( especially morphine, a potent opioid agonist). The therapeutic effects of codeine include analgesic, antidiarrheal and antitussive actions. Promethazine: is a phenothiazine derivative, which differs structurally from the antipsychotic phenothiazines by the presence of a branched side chain and no ring substitution. Promethazine possesses antihistamine (H1 receptor antagonist), antiemetic, sedative, and anticholinergic effects. It prevents released histamine from dilating capillaries and causing edema of the respiratory mucosa.",,,"dose_ranges_by_route, duration_by_route, half_life_minutes, references"
Propofol,,"2,6-diisopropylphenol | diprivan | milk-of-amnesia",Depressant,recreational,GABA-A-PAM-beta-pocket | IV-anaesthetic | PRIS-risk | UGT1A9-substrate | habit-forming,intravenous,intravenous,intravenous,yes,no,360.0,,,Pharmacokinetic implications for the clinical use of propofol,"duration_by_route, mechanism_of_action"
Propoxyphene,,Darvon,Opioid,recreational,MOR-weak | cardiotoxic | habit-forming | withdrawn,,,,no,no,900.0,,,Pharmacokinetics of dextropropoxyphene and nordextropropoxyphene in young and elderly volunteers after single and multiple dextropropoxyphene dosage,"dose_ranges_by_route, duration_by_route, mechanism_of_action"
Propylhexedrine,,Benzedrex | Hexahydromethamphetamine | hexahdromethamphetamine | propylhexadrine | 奥贝辛 | 环己丙甲胺 | 苯齐德雷克斯,Stimulant,recreational,OTC-decongestant | class:cycloalkylamines | cyclohexyl-amphetamine | habit-forming,insufflation,insufflation | oral | other,insufflation | oral | other,yes,yes,,"环己丙甲胺通过作为神经递质释放剂作用于单胺神经递质多巴胺、去甲肾上腺素和血清素（SNDRA），与它们的转运体结合并使其反向运作，从而将这些神经递质从细胞质泵送到突触间隙，在那里它们可以与各自的受体结合。此外，环己丙甲胺还会抑制VMAT2，这会进一步增加上述单胺的浓度，因为VMAT2负责将这三种神经递质从突触间隙转运回细胞质。

与苯乙胺、苯丙胺、甲基苯丙胺和MDMA类似，环己丙甲胺也会激动TAAR1。TAAR1激动作用通过蛋白激酶A与C（PKA和PKC）信号传导，引起多巴胺转运体（DAT）磷酸化。PKA和PKC都会导致非竞争性的多巴胺再摄取抑制，而单独的PKC还会导致多巴胺释放／DAT反转。

环己丙甲胺的药理作用与苯乙胺类物质（如苯丙胺类物质）相似，不过总体上其中枢活性较弱，也较不适合作为娱乐性用途。

由于环己丙甲胺以环己烷环取代了甲基苯丙胺中的苯基，它缺乏苯基赋予苯丙胺类物质的那种血脑屏障通透性，因此相较于中枢神经系统，它对外周神经系统的作用比例更高。

环己丙甲胺的半衰期为2.5-6.5小时，具体会因尿液pH值以及某些细胞色素P450酶的活性水平而变化。较高的尿液pH值会延长持续时间，而较低的尿液pH值会缩短持续时间。某些细胞色素P450酶活性较高时，也会缩短持续时间。

环己丙甲胺会被某些细胞色素P450酶代谢为去甲环己丙甲胺、环己基乙酮肟、顺式-4-羟基环己丙甲胺以及反式-4-羟基环己丙甲胺。",,,"half_life_minutes, references"
Propylphenidate,,PPH,Stimulant,recreational,DAT-selective | habit-forming | research-chemical | tentative,oral,oral,oral,yes,yes,,,,,"half_life_minutes, mechanism_of_action, references"
Propynyl,,,Psychedelic,recreational,PIHKAL | phenethylamine,oral,oral,oral,yes,yes,,,,https://erowid.org/library/books_online/pihkal/pihkal143.shtml,"half_life_minutes, mechanism_of_action"
Proscaline,,普罗斯卡林,Psychedelic,recreational,class:substituted phenethylamines | research-chemical,oral,oral,oral,yes,yes,,,,,"half_life_minutes, mechanism_of_action, references"
Protonitazene,,PTZ | Pronitazene | Propoxynitazene,Opioid,recreational,benzimidazole-opioid | extreme-potency | fatalities-reported | fentanyl-stronger | mu-full-agonist | naloxone-high-dose-required | nitazene,inhalation,inhalation | insufflation | oral,inhalation | insufflation | oral,yes,yes,,,,https://en.wikipedia.org/wiki/Protonitazene,"half_life_minutes, mechanism_of_action"
Protriptyline,,Vivactil,Antidepressant,medical_rx,TCA | secondary amine,,,,no,no,,"Primarily inhibits norepinephrine and serotonin reuptake at the presynaptic neurons leading to higher concentrations of these neurotransmitters in the neuronal synapse. As a secondary amine (TCAs are either tertiary or secondary amines), this drug displays more selectivity towards norepinephrine reuptake inhibition. Additionally, blocks histamine-H1, alpha-1 adrenergic, and muscarinic receptors accounting for sedative, hypotensive and anticholinergic effects, respectively.",,,"dose_ranges_by_route, duration_by_route, half_life_minutes, references"
PSI-2C-T-4,,,Psychedelic,recreational,2C-x | 5-HT2A-agonist | PIHKAL | phenethylamine,oral,oral,oral,yes,no,,,,https://erowid.org/library/books_online/pihkal/pihkal042.shtml,"duration_by_route, half_life_minutes, mechanism_of_action"
psi-DOM,,Ψ-DOM,Psychedelic,recreational,5-HT2A-agonist | DOx | PIHKAL | no-human-data | phenethylamine,oral,oral,oral,yes,yes,,,,https://erowid.org/library/books_online/pihkal/pihkal069.shtml,"half_life_minutes, mechanism_of_action"
Psilocin,,4-HO-DMT | 4-OH-DMT | 4-hydroxy-DMT | Psilocine | Psilocyn | Psilotsin,Psychedelic,recreational,5-HT2A-agonist | 5-HT2A-full-efficacy | 5HT2A-agonist | MAO-A-substrate | MISCATEGORIZED | TIHKAL | UGT1A10-substrate | active-metabolite-of-psilocybin | class:substituted tryptamines | no-human-data | psychedelic | research-chemical | tentative | tryptamine,insufflation,insufflation | oral,insufflation | oral,yes,yes,120.0,,,https://en.wikipedia.org/wiki/Psilocin | https://erowid.org/library/books_online/tihkal/tihkal18.shtml | Clinical Pharmacokinetics of Psilocin After Psilocybin Administration: A Systematic Review and Post-Hoc Analysis,mechanism_of_action
Psilocybe Cyanescens,,蓝柄裸盖菇,,medical_rx,,,,,no,no,,,,,"dose_ranges_by_route, duration_by_route, half_life_minutes, mechanism_of_action, references"
Psilocybe Mexicana,,墨西哥裸盖菇,,medical_rx,,,,,no,no,,,,,"dose_ranges_by_route, duration_by_route, half_life_minutes, mechanism_of_action, references"
Psilocybin mushrooms,,4-PO-DMT | Magic Mushrooms | Shrooms,Psychedelic,recreational,class:substituted tryptamines,oral,oral,oral,yes,yes,,,,,"half_life_minutes, mechanism_of_action, references"
Pst,,poppy seed tea | poppy tea | poppy-seed-tea | poppy-tea,Opioid,recreational,MOR-via-morphine | habit-forming | highly-variable-dose | plant-extract,,,,no,no,,,,,"dose_ranges_by_route, duration_by_route, half_life_minutes, mechanism_of_action, references"
Psychotria Viridis,,查克罗纳 | 查克鲁纳 | 绿九节,,medical_rx,,,,,no,no,,,,,"dose_ranges_by_route, duration_by_route, half_life_minutes, mechanism_of_action, references"
Psyllium,,Metamucil,,otc,bulk-forming laxative,,,,no,no,,Psyllium is a soluble fiber that absorbs water into the intestine to soften the stool and increase bulk to promote peristalsis.,,,"dose_ranges_by_route, duration_by_route, half_life_minutes, references"
Psyllium Husk,,Konsyl Naturally Sweetened Psyllium Fiber | Natural Daily Fiber | Natural Fiber Therapy Natural Laxative | Reguloid,,otc,,,,,no,no,,,,,"dose_ranges_by_route, duration_by_route, half_life_minutes, mechanism_of_action, references"
PT-141,,Bremelanotide | Vyleesi,Peptide,medical_rx,HSDD-treatment | aphrodisiac | melanocortin-agonist | peptide | prescription-only,subcutaneous,subcutaneous,subcutaneous,yes,yes,120.0,,,https://www.accessdata.fda.gov/drugsatfda_docs/label/2019/210557s000lbl.pdf | https://en.wikipedia.org/wiki/Bremelanotide,mechanism_of_action
Pterostilbene,,,Nootropic,recreational,BBB-permeable | PPAR-alpha-activator | nootropic | resveratrol-analog-improved-bioavailability | sirtuin-activator | supplement,oral,oral,oral,yes,no,,,,https://en.wikipedia.org/wiki/Pterostilbene,"duration_by_route, half_life_minutes, mechanism_of_action"
PV-8,,a-phpp,Stimulant,recreational,habit-forming | research-chemical | tentative,oral,oral,oral,yes,no,,,,,"duration_by_route, half_life_minutes, mechanism_of_action, references"
Pynazolam,,pinazolam,Benzodiazepine,recreational,designer-benzo | no-human-data | research-chemical,,,,no,no,,GABA-A positive allosteric modulator (triazolobenzodiazepine); in-silico QSAR suggests high potency. First described 1970s (Sternbach); never marketed.,sedation | amnesia,https://en.wikipedia.org/wiki/Pynazolam | PMC7569319 | https://www.ncbi.nlm.nih.gov/pmc/articles/PMC7569319/,"dose_ranges_by_route, duration_by_route, half_life_minutes"
Pyrantel,,Vermocks,,otc,,,,,no,no,104.0,,,10.1016/s0020-7519(96)00134-8,"dose_ranges_by_route, duration_by_route, mechanism_of_action"
Pyrilamine,,Mepyramine | Neo-Synephrine Nighttime | PBZ,Antihistamine,medical_rx,H1-antagonist | OTC | anticholinergic | antihistamine | first-gen-antihistamine | sedating,,,,no,no,150.0,,Sedation,https://en.wikipedia.org/wiki/Mepyramine,"dose_ranges_by_route, duration_by_route, mechanism_of_action"
Pyritinol,,Cerbon 6 | Encephabol | Pyridoxine disulfide | pyrithioxine,Nootropic,recreational,B6-derivative | B6-disulfide | cholinergic | hepatotoxicity-risk | nootropic | old-pharmaceutical,oral,oral,oral,yes,no,,,,https://en.wikipedia.org/wiki/Pyritinol,"duration_by_route, half_life_minutes, mechanism_of_action"
Pyrophenidone,,,Stimulant,recreational,habit-forming | research-chemical | stimulant | tentative,inhalation,inhalation | insufflation,inhalation | insufflation,yes,yes,,,,,"half_life_minutes, mechanism_of_action, references"
Pyrovalerone,,O-2371 | beta-keto-prolintane,Stimulant,recreational,class:Pyrrolidinophenone cathinone,insufflation,insufflation | intravenous | oral | rectal,insufflation | intravenous | oral | rectal,yes,yes,,,,,"half_life_minutes, mechanism_of_action, references"
Pyrrolidino-protonitazene,PYRPTZ,PYRPTZ | Protonitazepyne,Opioid,recreational,benzimidazole-opioid | extreme-potency | fatalities-reported | fentanyl-stronger | mu-full-agonist | naloxone-high-dose-required | nitazene,,,,no,no,,,,,"dose_ranges_by_route, duration_by_route, half_life_minutes, mechanism_of_action, references"
Quazepam,,doral,Benzodiazepine,recreational,CYP3A4-substrate | GABAA-PAM | alpha1-preferring | benzodiazepine | habit-forming | long-acting-metabolite | thione,oral,oral,oral,yes,yes,,,,,"half_life_minutes, mechanism_of_action, references"
Quercetin,,Quercetin Dihydrate | Quercetin Phytosome | Sophora japonica extract,Supplement,otc,OTC | anti-inflammatory | antihistamine | antioxidant | herbal | polyphenol | senolytic | supplement,oral,oral,oral,yes,yes,720.0,,,https://en.wikipedia.org/wiki/Quercetin | https://examine.com/supplements/quercetin/,mechanism_of_action
Quinapril,,Accupril,Cardiovascular,medical_rx,ace inhibitor | antihypertensive,,,,no,no,,"Competitively inhibits the angiotensin-converting enzyme (ACE), which prevents both the conversion of angiotensin I to angiotensin II (vasoconstrictor), and the breakdown of bradykinin (vasodilator). Lower levels of angiotensin II also reduces aldosterone secretion, decreasing sodium and water reabsorption.",,,"dose_ranges_by_route, duration_by_route, half_life_minutes, references"
Quinidine,,Quinidine Gluconate,,medical_rx,,,,,no,no,420.0,"In patients with malaria, quinidine acts primarily as an intra-erythrocytic schizonticide, with little effect upon sporozites or upon pre-erythrocytic parasites. Quinidine is gametocidal to Plasmodium vivax and malariae, but not to falciparum. In cardiac muscle and in Purkinje fibers, quinidine depresses the rapid inward depolarizing sodium current, thereby slowing phase-0 depolarization and reducing the amplitude of the action potential without affecting the resting potential. In normal Purkinje fibers, it reduces the slope of phase-4 depolarization, shifting the threshold voltage upward toward zero. The result is slowed conduction and reduced automaticity in all parts of the heart, with increase of the effective refractory period relative to the duration of the action potential in the atria, ventricles, and Purkinje tissues. Quinidine also raises the fibrillation thresholds of the atria and ventricles, and it raises the ventricular de fibrillation threshold as well.",,https://dailymed.nlm.nih.gov/dailymed/search.cfm?labeltype=all&query=53489-141,"dose_ranges_by_route, duration_by_route"
Quinine,,Qualaquin,,medical_rx,,,,,no,no,666.0,Quinine is an antimalarial agent.,,"FDA label for Quinine Sulfate (quinine sulfate), Clinical Pharmacology/Pharmacokinetics — t1/2 ≈ 9.7-12.5 h in healthy subjects | https://dailymed.nlm.nih.gov/dailymed/search.cfm?labeltype=all&query=13310-153","dose_ranges_by_route, duration_by_route"
RAD-150,,TLB-150 | Testolone Benzoate,Endocrine,medical_rx,no-human-data | research-chemical | sarm | wada-prohibited,oral,oral,,no,no,,Presumed AR agonist prodrug — benzoate ester hydrolysis releases RAD-140-like moiety.,,,"half_life_minutes, references"
Ramipril,,Altace,Cardiovascular,medical_rx,ace inhibitor | antihypertensive,,,,no,no,,"Competitively inhibits the angiotensin-converting enzyme (ACE), which prevents both the conversion of angiotensin I to angiotensin II (vasoconstrictor), and the breakdown of bradykinin (vasodilator). Lower levels of angiotensin II also reduces aldosterone secretion, decreasing sodium and water reabsorption.",,,"dose_ranges_by_route, duration_by_route, half_life_minutes, references"
Rasburicase,,Elitek,,medical_rx,,,,,no,no,1146.0,"In humans, uric acid is the final step in the catabolic pathway of purines. Rasburicase catalyzes enzymatic oxidation of poorly soluble uric acid into an inactive and more soluble metabolite (allantoin).",,"FDA label for Elitek (rasburicase), Clinical Pharmacology/Pharmacokinetics — t½ ≈ 15.7-22.5 h | https://dailymed.nlm.nih.gov/dailymed/search.cfm?labeltype=all&query=0024-5150","dose_ranges_by_route, duration_by_route"
Reishi,,Ganoderma lucidum | Lingzhi | Mannentake,Supplement,otc,OTC | adaptogen | herbal | immunomodulator | mushroom | sleep | supplement,oral,oral,oral,yes,no,720.0,,,https://en.wikipedia.org/wiki/Ganoderma_lucidum | https://examine.com/supplements/ganoderma-lucidum/,"duration_by_route, mechanism_of_action"
Repaglinide,,Prandin,,medical_rx,antidiabetic | meglitinide,,,,no,no,60.0,"Stimulates insulin secretion from pancreatic beta cells, decreasing postprandial blood glucose.",,"FDA label for repaglinide tablets, Clinical Pharmacology 12.3 — t½ ≈ 1 h","dose_ranges_by_route, duration_by_route"
Resveratrol,,"3,5,4'-Trihydroxystilbene | Polygonum cuspidatum extract | Trans-Resveratrol",Supplement,otc,OTC | antioxidant | cardiovascular | polyphenol | sirtuin-activator | supplement,oral,oral,oral,yes,yes,90.0,,,https://en.wikipedia.org/wiki/Resveratrol | https://examine.com/supplements/resveratrol/,mechanism_of_action
Retapamulin,,Altabax,,medical_rx,,,,,no,no,,Altabax is an antibacterial agent.,,,"dose_ranges_by_route, duration_by_route, half_life_minutes, references"
Retatrutide,,LY3437943,Peptide,medical_rx,GIP-agonist | GLP-1-agonist | anti-obesity | peptide | weight-loss,subcutaneous,subcutaneous,subcutaneous,yes,no,8640.0,,,Triple–Hormone-Receptor Agonist Retatrutide for Obesity — A Phase 2 Trial | https://en.wikipedia.org/wiki/Retatrutide,mechanism_of_action
RGPU-95,,对氯苯基吡拉西坦,Nootropic,recreational,,oral,oral,oral,yes,yes,,,,,"half_life_minutes, mechanism_of_action, references"
Rhodiola Rosea,,Arctic Root | Golden Root | Rosavin | Salidroside,Supplement,otc,MAO-inhibitor-weak | OTC | adaptogen | anti-fatigue | anxiolytic | herbal | nootropic | supplement,oral,oral,oral,yes,yes,180.0,,,https://en.wikipedia.org/wiki/Rhodiola_rosea | https://examine.com/supplements/rhodiola-rosea/,mechanism_of_action
Ribavirin,,Virazole,,medical_rx,,,,,no,no,570.0,"In cell cultures the inhibitory activity of ribavirin for respiratory syncytial virus (RSV) is selective. The mechanism of action is unknown. Reversal of the in vitro antiviral activity by guanosine or xanthosine suggests ribavirin may act as an analogue of these cellular metabolites. Microbiology Ribavirin has demonstrated antiviral activity against RSV in vitro 1 and in experimentally infected cotton rats. 2 Several clinical isolates of RSV were evaluated for ribavirin susceptibility by plaque reduction in tissue culture. Plaques were reduced 85-98% by 16 mcg/mL; however, results may vary with the test system. The development of resistance has not been evaluated in vitro or in clinical trials. In addition to the above, ribavirin has been shown to have in vitro activity against influenza A and B viruses and herpes simplex virus, but the clinical significance of these data is unknown.",,https://dailymed.nlm.nih.gov/dailymed/search.cfm?labeltype=all&query=0187-0007,"dose_ranges_by_route, duration_by_route"
Rifabutin,,Mycobutin,,medical_rx,,,,,no,no,,"Rifabutin inhibits DNA-dependent RNA polymerase in susceptible strains of Escherichia coli and Bacillus subtilis but not in mammalian cells. In resistant strains of E. coli, rifabutin, like rifampin, did not inhibit this enzyme. It is not known whether rifabutin inhibits DNA-dependent RNA polymerase in Mycobacterium avium or in M. intracellulare which comprise M. avium complex (MAC).",,,"dose_ranges_by_route, duration_by_route, half_life_minutes, references"
Rilmazafone,,rhythmy,Benzodiazepine,recreational,GABAA-PAM | benzodiazepine | habit-forming | peptidic-prodrug | prodrug | triazolobenzodiazepine,oral,oral,,no,yes,,,,,"dose_ranges_by_route, half_life_minutes, mechanism_of_action, references"
Rimcazole,,BW-234U,Antipsychotic,medical_rx,DAT-inhibitor | DRI | atypical-mechanism | investigational | research-chemical | sigma-antagonist,,,,no,no,,,,https://en.wikipedia.org/wiki/Rimcazole,"dose_ranges_by_route, duration_by_route, half_life_minutes, mechanism_of_action"
Rimegepant,,Nurtec ODT,,medical_rx,cgrp antagonist,,,,no,no,660.0,"Binds to the calcitonin gene-related peptide (CGRP) receptor, thus blocking the CGRP ligand. When the CGRP ligand binds to its receptor, it activates a cascade of events associated with migraine pain.",,"FDA label for Nurtec ODT (rimegepant), Clinical Pharmacology/Pharmacokinetics — t½ ≈ 11 h","dose_ranges_by_route, duration_by_route"
Risedronate,,Actonel | Atelvia,,medical_rx,bisphosphonate,,,,no,no,,"Binds to bone hydroxyapatite and inhibits osteoclast activity, thus reducing bone resorption (breakdown).",,,"dose_ranges_by_route, duration_by_route, half_life_minutes, references"
Rivaroxaban,,Xarelto,,medical_rx,anticoagulant | direct factor xa inhibitor,,,,no,no,,"Directly inhibits coagulation factor Xa, disrupting platelet activation and fibrin clot formation.",,,"dose_ranges_by_route, duration_by_route, half_life_minutes, references"
Rizatriptan,,Maxalt | Maxalt-MLT,Other,medical_rx,5-ht1b/1d agonist | 5HT1B-agonist | antimigraine | prescription-only | serotonin-agonist | triptan,oral,oral,,no,yes,150.0,"Selectively agonizes 5-HT1B/1D receptors causing vasoconstriction of cranial blood vessels, inhibition of pro-inflammatory neuropeptide release, and decreased pain transmission.",,https://en.wikipedia.org/wiki/Rizatriptan,dose_ranges_by_route
RK-0202,,acetylcysteine,,medical_rx,,,,,no,no,,"Acetylcysteine has been shown to reduce the extent of liver injury following acetaminophen overdose. Acetaminophen doses of 150 mg/kg or greater have been associated with hepatotoxicity. Acetylcysteine probably protects the liver by maintaining or restoring the glutathione levels, or by acting as an alternate substrate for conjugation with, and thus detoxification of, the reactive metabolite of acetaminophen.",,,"dose_ranges_by_route, duration_by_route, half_life_minutes, references"
Rolicyclidine,,PCPy | 咯环利定,Dissociative,recreational,NMDA-antagonist | arylcyclohexylamine | class:arylcyclohexylamines | habit-forming | research-chemical | tentative,inhalation,inhalation | insufflation | oral,inhalation | insufflation | oral,yes,yes,,"PCPy is an NMDA receptor antagonist. NMDA receptors allow electrical signals to pass between neurons in the brain and spinal cord; for a signal to pass, the receptor must remain open. Dissociatives act by blocking NMDA receptors and forcing them closed. This disconnection of neurons results in loss of sensation, difficulty moving, and ultimately a state nearly equivalent to the well-known K-hole.

PCPy likely shares biochemical properties with PCP, including antagonism at NMDA receptors and PCP2 glutamate receptors, activity as a sigma-1 receptor agonist, and modulation of the serotonin transporter; the latter may account for some of its pupil-dilating effects.

In animals, PCPy induces ataxia at a potency roughly equivalent to that of PCP.",,,"half_life_minutes, references"
Ronlax,,Meilax | Victan | ethyl loflazepate | ethyl-loflazepate,Depressant,recreational,BZ-prodrug | habit-forming | very-long-acting,oral,oral,oral,yes,yes,,,,,"half_life_minutes, mechanism_of_action, references"
Ropinirole,,Requip | Requip XL,,medical_rx,dopamine agonist,,,,no,no,360.0,Non-ergot dopamine agonist with high selectivity for D2 receptors. Stimulation of dopamine receptors in the striatum is thought to be responsible for treatment effects in Parkinson's disease and Restless Legs Syndrome.,,Clinical pharmacokinetics of ropinirole,"dose_ranges_by_route, duration_by_route"
Rosiglitazone,,Avandia,,medical_rx,antidiabetic | thiazolidinedione,,,,no,no,294.0,"Agonizes peroxisome proliferator-activated receptor-gamma ( PPAR receptors ) causing increased peripheral insulin sensitivity. PPAR receptors are found in tissues important for insulin action such as adipose tissue, skeletal muscle, and the liver.",,The effect of acarbose on the pharmacokinetics of rosiglitazone.,"dose_ranges_by_route, duration_by_route"
Rosuvastatin,,Crestor | Ezallor,,medical_rx,antihyperlipidemic | statin,,,,no,no,1140.0,"Inhibits HMG-CoA reductase, the rate-limiting enzyme that converts 3-hydroxy-3-methylglutaryl-coenzyme A to mevalonate, a precursor of sterols, including cholesterol.",,"FDA label for Crestor (rosuvastatin), Clinical Pharmacology/Pharmacokinetics — elimination t½ ≈ 19 hours","dose_ranges_by_route, duration_by_route"
Rotigotine,,Neupro,,medical_rx,,,,,no,no,,"Rotigotine is a non-ergoline dopamine agonist. The precise mechanism of action of rotigotine as a treatment for Parkinson's disease is unknown, although it is thought to be related to its ability to stimulate dopamine receptors within the caudate-putamen in the brain. The precise mechanism of action of rotigotine as a treatment for Restless Legs Syndrome is unknown but is thought to be related to its ability to stimulate dopamine receptors.",,,"dose_ranges_by_route, duration_by_route, half_life_minutes, references"
RTI-111,,dichloropane,Stimulant,recreational,habit-forming | research-chemical | tentative,insufflation,insufflation | oral,insufflation | oral,yes,yes,,,,,"half_life_minutes, mechanism_of_action, references"
RTI-113,,,Stimulant,recreational,DAT-selective | DRI | cocaine-substitution-candidate | investigational | long-duration | no-human-data | radioligand-origin | research-chemical,,,,no,no,,,,https://en.wikipedia.org/wiki/Phenyltropane,"dose_ranges_by_route, duration_by_route, half_life_minutes, mechanism_of_action"
RTI-55,,Iometopane | RTI-4229-55 | β-CIT,Stimulant,recreational,DAT-SERT-dual | SDRI | SPECT-tracer | investigational | no-human-data | radioligand-origin | research-chemical,,,,no,no,,,,https://en.wikipedia.org/wiki/Iometopane,"dose_ranges_by_route, duration_by_route, half_life_minutes, mechanism_of_action"
Rupatadine,,Rinialer | Rupa | Rupafin,Antihistamine,medical_rx,H1-antagonist | PAF-antagonist | antihistamine | non-sedating | prescription-only | second-gen-antihistamine,,,,no,no,360.0,,,https://en.wikipedia.org/wiki/Rupatadine,"dose_ranges_by_route, duration_by_route, mechanism_of_action"
Sabroxy,,Oroxylin A,Nootropic,recreational,GABA-A-NAM | flavone | flavonoid | miscategorized | nootropic,oral,oral,oral,yes,no,,,,https://en.wikipedia.org/wiki/Oroxylin_A,"duration_by_route, half_life_minutes, mechanism_of_action"
Salbutamol,,Albuterol | ProAir | Proventil | Ventolin | Ventolinhfa,,medical_rx,short-acting beta-2 agonist,,,,no,no,360.0,β2-Adrenergic Receptor Agonist (Short-Acting Bronchodilator),,"FDA label for Albuterol Sulfate Inhalation Aerosol (albuterol sulfate), Clinical Pharmacology 12.2 — terminal t½ ≈ 6 hours | https://dailymed.nlm.nih.gov/dailymed/search.cfm?labeltype=all&query=21695-423","dose_ranges_by_route, duration_by_route"
Salicylic acid,,Backache Relief | Circle K Stomach | Ibuprofen Sodium | Moore Medical Bismuth | Pepto Bismol | Salonpas Arthritis Pain | Stomach Relief | Stomach Relief Maximum Strength | menthol/methyl salicylate,,otc,,,,,no,no,,,,,"dose_ranges_by_route, duration_by_route, half_life_minutes, mechanism_of_action, references"
Salmeterol,,Serevent Diskus,,medical_rx,long-acting beta-2 agonist,,,,no,no,330.0,Selectively agonizes beta-2 adrenergic receptors in the airways causing smooth muscle relaxation and bronchodilation.,,"FDA label for Serevent Diskus (salmeterol xinafoate), Clinical Pharmacology/Pharmacokinetics — t½ ≈ 5.5 hours","dose_ranges_by_route, duration_by_route"
Salsalate,,Disalcid,Analgesic,medical_rx,analgesic | nsaid | salicylate,,,,no,no,,"Irreversibly inhibits cyclooxygenase-1 and 2 (COX-1 and 2) enzymes causing decreased prostaglandin precursor formation. This results in anti-inflammatory, analgesic, and antipyretic effects. Salsalate also appears to inhibit nuclear factor-kappa B (NF-kB), preventing activation of the NF-kB-mediated pathway and the expression of genes involved in inflammation.",,,"dose_ranges_by_route, duration_by_route, half_life_minutes, references"
Salvia,,,Dysdelic,recreational,,,,,no,no,,,Amnesia | Anxiety | Auditory distortion | Auditory hallucinations | Changes in felt bodily form | Changes in gravity | Cognitive dysphoria | Depth perception distortions | Drifting | Environmental cubism | Feelings of impending doom | Information processing suppression | Internal hallucinations | Language suppression | Laughter | Machinescapes | Memory suppression | Perspective distortions | Scenery slicing | Spontaneous tactile sensations | Synaesthesia | Thought deceleration | Transformations | Unity and interconnectedness,,"dose_ranges_by_route, duration_by_route, half_life_minutes, mechanism_of_action, references"
Salvinicin A,,,Dysdelic,recreational,KOR-partial-agonist | kappa-opioid-partial-agonist | no-human-data | research-chemical | salvinorin,,,,no,no,,,,"Salvinicins A and B, new neoclerodane diterpenes from Salvia divinorum","dose_ranges_by_route, duration_by_route, half_life_minutes, mechanism_of_action"
Salvinicin B,,,Dysdelic,recreational,MOR-antagonist | mu-opioid-antagonist | no-human-data | research-chemical | salvinorin,,,,no,no,,,,"Salvinicins A and B, new neoclerodane diterpenes from Salvia divinorum","dose_ranges_by_route, duration_by_route, half_life_minutes, mechanism_of_action"
Salvinorin B,,Sal B,Dysdelic,recreational,inactive | inactive-metabolite | kappa-opioid-inactive | research-chemical | salvinorin | synthetic-precursor,,,,no,no,,,,https://en.wikipedia.org/wiki/Salvinorin_B,"dose_ranges_by_route, duration_by_route, half_life_minutes, mechanism_of_action"
Salvinorin B ethoxymethyl ether,,EOM-Sal B | EOM-SalB | Salvinorin B ethyl glycol ether,Dysdelic,recreational,EAE-active | anti-cocaine-preclinical | biased-agonist-G-protein | kappa-opioid-agonist | long-duration | no-human-data | research-chemical | salvinorin,,,,no,no,,,,,"dose_ranges_by_route, duration_by_route, half_life_minutes, mechanism_of_action, references"
Salvinorin C,,2-acetoxysalvinorin A,Dysdelic,recreational,kappa-opioid-agonist | no-human-data | research-chemical | salvinorin | weak-KOR-agonist,,,,no,no,,,,https://en.wikipedia.org/wiki/Salvinorin_C,"dose_ranges_by_route, duration_by_route, half_life_minutes, mechanism_of_action"
Salvinorin D,,,Dysdelic,recreational,inactive-or-near-inactive | no-human-data | research-chemical | salvinorin,,,,no,no,,,,https://en.wikipedia.org/wiki/Salvinorin,"dose_ranges_by_route, duration_by_route, half_life_minutes, mechanism_of_action"
Salvinorin E,,,Dysdelic,recreational,no-human-data | research-chemical | salvinorin | weak-KOR-agonist,,,,no,no,,,,https://en.wikipedia.org/wiki/Salvinorin,"dose_ranges_by_route, duration_by_route, half_life_minutes, mechanism_of_action"
Salvinorin F,,,Dysdelic,recreational,no-human-data | research-chemical | salvinorin | weak-KOR-agonist-or-inactive,,,,no,no,,,,https://en.wikipedia.org/wiki/Salvinorin,"dose_ranges_by_route, duration_by_route, half_life_minutes, mechanism_of_action"
SAM-e,,Methylguanidoacetic Acid | S-Adenosyl Methionine,Nootropic,recreational,class:nitrogenous organic acid,oral,oral,oral,yes,yes,,"SAM-e 是一种内源性分子，具有许多作用，包括在神经递质合成中提供甲基、发挥抗氧化作用（自由基清除、谷胱甘肽前体）、抗炎作用以及神经保护作用。

SAM-e 除了为细胞提供 ATP 外，还可通过烟酰胺 N-甲基转移酶将烟酰胺转化为 N-甲基烟酰胺（NMNA）；而 NMNA 能防止胆碱从脑和神经元中外流，这一过程可能解释了 SAM-e 某些益智药效应的来源。SAM-e 参与血清素、肌酸和多巴胺合成的过程，也很可能在其益智药效应中发挥作用。",,,"half_life_minutes, references"
Sargramostim,,Leukine,,medical_rx,,,,,no,no,,,,,"dose_ranges_by_route, duration_by_route, half_life_minutes, mechanism_of_action, references"
Saxagliptin,,Onglyza,,medical_rx,antidiabetic | dpp-4 inhibitor,,,,no,no,,"Inhibits dipeptidyl peptidase 4 (DPP-4) enzymes from inactivating incretin hormones, including glucagon-like peptide-1 (GLP-1) and glucose-dependent insulinotropic polypeptide (GIP). Incretin hormones help regulate blood glucose levels by increasing insulin synthesis and release, and lowering glucagon secretion, which reduces hepatic glucose production.",,,"dose_ranges_by_route, duration_by_route, half_life_minutes, references"
SB,,,Psychedelic,recreational,PIHKAL | phenethylamine,,,,no,no,,,,https://erowid.org/library/books_online/pihkal/pihkal144.shtml,"dose_ranges_by_route, duration_by_route, half_life_minutes, mechanism_of_action"
Scopolamine,,Hyoscine | Hyoscine butylbromide | Transderm Scop | Transderm Scōp,Deliriant,medical_rx,BBB-penetrant-high | Beers-criteria-avoid-elderly | CYP3A4-substrate | M1-pan-muscarinic-antagonist | antidepressant-rapid-investigational | physostigmine-reversible | tentative | tropane-alkaloid,,,,no,no,270.0,"Scopolamine, a belladonna alkaloid, is an anticholinergic agent. Scopolamine acts: i) as a competitive inhibitor at postganglionic muscarinic receptor sites of the parasympathetic nervous system, and ii) on smooth muscles that respond to acetylcholine but lack cholinergic innervation. It has been suggested that scopolamine acts in the central nervous system (CNS) by blocking cholinergic transmission from the vestibular nuclei to higher centers in the CNS and from the reticular formation to the vomiting center. Scopolamine can inhibit the secretion of saliva and sweat, decrease gastrointestinal secretions and motility, cause drowsiness, dilate the pupils, increase heart rate, and depress motor function.","Abnormal heartbeat | Acuity suppression | After images | Amnesia | Anxiety | Auditory enhancement | Auditory hallucinations | Autonomous entities | Cognitive dysphoria | Depression | Difficulty urinating | Dizziness | Dream potentiation | Drifting | Emotion suppression | External hallucinations | Frequent urination | Increased heart rate | Information processing suppression | Internal hallucinations | Language suppression | Muscle cramps | Muscle spasms | Nausea | Paranoia | Pattern recognition suppression | Perception of increased weight | Peripheral information misinterpretation | Perspective alterations | Photophobia | Psychosis | Pupil dilation | Restless leg syndrome | Scenarios and plots | Settings, sceneries, and landscapes | Shadow people | Spontaneous tactile sensations | Thought deceleration | Thought disorganization | Time distortion | Unspeakable horrors | Vibrating vision | Visual haze",https://dailymed.nlm.nih.gov/dailymed/search.cfm?labeltype=all&query=0067-4345,"dose_ranges_by_route, duration_by_route"
Sebelipase Alfa,,Kanuma,,medical_rx,,,,,no,no,,"LAL deficiency is an autosomal recessive lysosomal storage disorder characterized by a genetic defect resulting in a marked decrease or loss in activity of the lysosomal acid lipase (LAL) enzyme. The primary site of action of the LAL enzyme is the lysosome, where the enzyme normally causes the breakdown of lipid particles including LDL-c. Deficient LAL enzyme activity results in progressive complications due to the lysosomal accumulation of cholesteryl esters and triglycerides in multiple organs, including the liver, spleen, intestine, and the walls of blood vessels. The resulting lipid accumulation in the liver may lead to increased liver fat content and progression of liver disease, including fibrosis and cirrhosis. Lipid accumulation in the intestinal wall leads to malabsorption and growth failure. In parallel, dyslipidemia due to impaired degradation of lysosomal lipid is common with elevated LDL-c and triglycerides and low HDL-cholesterol (HDL-c).",,,"dose_ranges_by_route, duration_by_route, half_life_minutes, references"
Secobarbital,,Secobarbitone | Seconal | quinalbarbitone | 司可巴比妥 | 司可巴比妥酮 | 速可眠,Depressant,recreational,MAID-protocol-drug | barbiturate-short-acting | class:barbiturates | habit-forming,oral,oral,oral,yes,yes,,,,,"half_life_minutes, mechanism_of_action, references"
Selank,,TKPRPGP,Peptide,medical_rx,Russian-clinical-only | anxiolytic | indirect-GABAergic | intranasal-only-practical-route | nootropic | peptide | tuftsin-analog,insufflation,insufflation,insufflation,yes,no,,,,https://en.wikipedia.org/wiki/Selank,"half_life_minutes, mechanism_of_action"
Selegiline,,Eldepryl | Emsam | L-Deprenyl | Zelapar | 司来吉兰+苯乙胺 | 司来吉兰（Selegiline） | 咪多吡（Eldepryl） | 金思平,Antidepressant,medical_rx,MAO-B-selective | MAOI | antidepressant | dietary-restriction | dopamine-enhancer | prescription-only | serotonin-syndrome-risk,,,,no,no,120.0,,,https://www.accessdata.fda.gov/drugsatfda_docs/label/2014/021336s010lbl.pdf | https://en.wikipedia.org/wiki/Selegiline,"dose_ranges_by_route, duration_by_route, mechanism_of_action"
Selenium,,Se | Selenium Yeast | Selenomethionine | Sodium Selenate,Supplement,otc,OTC | antioxidant | immunomodulator | mineral | supplement | thyroid,oral,oral,oral,yes,no,14400.0,,,https://ods.od.nih.gov/factsheets/Selenium-HealthProfessional/ | https://en.wikipedia.org/wiki/Selenium#Biological_role,"duration_by_route, mechanism_of_action"
Seletracetam,,UCB-44212,Nootropic,recreational,SV2A-high-affinity | SV2A-ligand | discontinued-development | investigational | racetam | research-chemical,,,,no,no,480.0,,,Seletracetam (UCB 44212) | https://en.wikipedia.org/wiki/Seletracetam,"dose_ranges_by_route, duration_by_route, mechanism_of_action"
Semaglutide,,Ozempic | Rybelsus | Wegovy,Peptide,medical_rx,GLP-1-agonist | anti-diabetic | anti-obesity | antidiabetic | glp-1 agonist | peptide | prescription-only | weight-loss,,,,no,no,9900.0,"Glucagon-like peptide 1 (GLP-1) agonists are analogs of GLP-1, an incretin hormone, that improve glycemic control by increasing glucose-dependent insulin secretion, decrease glucagon secretion, slow gastric emptying and increase satiety.",,https://www.accessdata.fda.gov/drugsatfda_docs/label/2021/213051s006lbl.pdf | https://en.wikipedia.org/wiki/Semaglutide,"dose_ranges_by_route, duration_by_route"
Semax,,MEHFPGP,Peptide,medical_rx,ACTH-4-10-analog | BDNF-upregulator | Russian-clinical-only | intranasal-only-practical-route | neurotrophic | nootropic | peptide,insufflation,insufflation,insufflation,yes,yes,,"Semax的神经保护与神经再生效应，通常被归因于它对脑源性神经营养因子（BDNF）及其信号受体TrkB的提升与表达。BDNF是一种支持突触和树突生长/维持的蛋白，同时也会促进保护性通路，从而增强细胞存活能力。

此外，Semax还能迅速刺激多巴胺能与血清素能系统。研究表明，这不仅会显著增强更传统精神兴奋剂（如右旋苯丙胺）的效应，同时也使它具备焦虑抑制、抗抑郁以及抗应激（无论是生物学还是心理学层面）等特性呢。",,https://en.wikipedia.org/wiki/Semax,half_life_minutes
Senna,,Ex-Lax | Senokot,Stimulant,recreational,stimulant laxative,,,,no,no,,Stimulates constriction and relaxation of smooth muscle in the colon and increases fecal water content to increase motility of feces through the large intestine.,,,"dose_ranges_by_route, duration_by_route, half_life_minutes, references"
Senna Leaf/Docusate,,Senna Leaf And Docusate Sodium,,otc,,,,,no,no,,,,,"dose_ranges_by_route, duration_by_route, half_life_minutes, mechanism_of_action, references"
Senna-Docusate,,Senna Plus | Senokot-S,Stimulant,recreational,stimulant laxative | stool softener,,,,no,no,,Senna: Stimulates constriction and relaxation of smooth muscle in the colon and increases fecal water content to increase motility of feces through the large intestine. Docusate: Reduces surface tension of the stool resulting in enhanced incorporation of water and fat resulting in softer fecal mass.,,,"dose_ranges_by_route, duration_by_route, half_life_minutes, references"
Sennosides,,Agoral | Senna-lax,,otc,,,,,no,no,,,,,"dose_ranges_by_route, duration_by_route, half_life_minutes, mechanism_of_action, references"
Serdexmethylphenidate,,Azstarys SDX component | KP-415 inner salt | SDX | Serdexmethylphenidate chloride,Stimulant,recreational,extended-duration | low-IV-abuse-liability | prodrug,oral,oral,,no,yes,,,,,"dose_ranges_by_route, half_life_minutes, mechanism_of_action, references"
Sermorelin,,GHRH | GRF 1-29 | Geref,Peptide,medical_rx,GH-secretagogue | GHRH-analogue | anti-aging | gray-market | peptide,subcutaneous,subcutaneous,subcutaneous,yes,yes,15.0,,,Transactivation of the human renin promoter by the cyclic AMP/protein kinase A pathway is mediated by both cAMP-responsive element binding protein-1 (CREB)-dependent and CREB-independent mechanisms in Calu-6 cells. | https://en.wikipedia.org/wiki/Sermorelin,mechanism_of_action
Sertraline,,Lustral | Sertraline Hydrochloride Tablets | Zoloft,Antidepressant,medical_rx,CYP2B6-substrate | DAT-affinity | SRI | SSRI | antidepressant | prescription-only | serotonin-syndrome-risk | sigma-1-inverse-agonist,,,,no,no,1560.0,Inhibits serotonin reuptake at the presynaptic neurons leading to higher concentrations of serotonin in the neuronal synapse.,,https://www.accessdata.fda.gov/drugsatfda_docs/label/2016/019839s092lbl.pdf | https://en.wikipedia.org/wiki/Sertraline | Clinical Pharmacokinetics of Sertraline,"dose_ranges_by_route, duration_by_route"
Sibutramine,,Butramin | Medaria | Meridia | Reductil | Sibutramine hydrochloride monohydrate,Stimulant,recreational,,oral,oral,oral,yes,no,,,,,"duration_by_route, half_life_minutes, mechanism_of_action, references"
Silodosin,,Rapaflo,,medical_rx,selective alpha-1a blocker,,,,no,no,,Selectively blocks alpha-1 adrenergic receptors in the prostate resulting in effects including relaxation of smooth muscle around the bladder neck (improving urinary flow).,,,"dose_ranges_by_route, duration_by_route, half_life_minutes, references"
Simvastatin,,FloLipid | Zocor,,medical_rx,antihyperlipidemic | statin,,,,no,no,291.0,"Inhibits HMG-CoA reductase, the rate-limiting enzyme that converts 3-hydroxy-3-methylglutaryl-coenzyme A to mevalonate, a precursor of sterols, including cholesterol.",,"Simvastatin pharmacokinetics in healthy Chinese subjects and its relations with CYP2C9, CYP3A5, ABCB1, ABCG2 and SLCO1B1 polymorphisms.","dose_ranges_by_route, duration_by_route"
Sinecatechins,,Veregen,,medical_rx,,,,,no,no,,"The mode of action of Veregen ® involved in the clearance of genital and perianal warts is unknown. In vitro, sinecatechins had anti-oxidative activity; the clinical significance of this finding is unknown.",,,"dose_ranges_by_route, duration_by_route, half_life_minutes, references"
Sinicuichi,,heimia-salicifolia | shrubby-yellowcrest | sini | sun-opener | willow-leaf-heimia,Psychedelic,recreational,tentative,,,,no,no,,,,,"dose_ranges_by_route, duration_by_route, half_life_minutes, mechanism_of_action, references"
Sitagliptin,,Januvia,,medical_rx,antidiabetic | dpp-4 inhibitor,,,,no,no,,"Inhibits dipeptidyl peptidase 4 (DPP-4) enzymes from inactivating incretin hormones, including glucagon-like peptide-1 (GLP-1) and glucose-dependent insulinotropic polypeptide (GIP). Incretin hormones help regulate blood glucose levels by increasing insulin synthesis and release, and lowering glucagon secretion, which reduces hepatic glucose production.",,,"dose_ranges_by_route, duration_by_route, half_life_minutes, references"
SL-164,,Dicloqualone | SL 164 | SL164 | methaqualone analogue | quinazolinone sedative,Depressant,recreational,quinazolinone | research-chemical,insufflation,insufflation | oral,insufflation | oral,yes,yes,,,,,"half_life_minutes, mechanism_of_action, references"
SLU-PP-332,,SR9861,Endocrine,medical_rx,no-human-data | research-chemical,,,,no,no,,Pan-ERR agonist (ERRα/ERRβ/ERRγ); recruits PGC-1α → mitochondrial biogenesis and fatty acid oxidation.,,https://en.wikipedia.org/wiki/SLU-PP-332 | PMC11584170,"dose_ranges_by_route, duration_by_route, half_life_minutes"
Sodium,,Dr. Sheffield Fluoride Anticavity | Ferrlecit | Goodsense Sensitive Extra Whitening | Listerine Healthy White Anticavity Fluoride Gentle Clean Mint | Meropenem And Sodium Chloride | Oral Saline Laxative Lemon Ginger | Plus White Super White Tooth With Peroxide | Premier Value Sodium Bicarbonate | Sodium Chloride | Sodium Chloride For Irrigation | Sodium Ferric Gluconate Complex In Sucrose | Sodium Polystyrene Sulfonate | Up And Up Sensitive Maximum Strength Mint | eucalyptol/menthol/methyl salicylate/thymol | meropenem/sodium | potassium/sodium | sodium/sodium,,otc,,,,,no,no,,"Sodium Ferric Gluconate Complex In Sucrose injection is used to replete the body content of iron. Iron is critical for normal hemoglobin synthesis to maintain oxygen transport. Additionally, iron is necessary for metabolism and various enzymatic processes.",,,"dose_ranges_by_route, duration_by_route, half_life_minutes, references"
Somatropin recombinant,,Zorbtive | somatropin,,medical_rx,,,,,no,no,,"Intestinal mucosa contains receptors for growth hormone and for insulin-like growth factor-1 (IGF-1), which is known to mediate many of the cellular actions of growth hormone. Thus, the actions of somatropin on the gut may be direct or mediated via the local or systemic production of IGF-1. In human clinical studies the administration of growth hormone has been shown to enhance the transmucosal transport of water, electrolytes, and nutrients.",,,"dose_ranges_by_route, duration_by_route, half_life_minutes, references"
SoRI-20041,,,Stimulant,recreational,DAT-allosteric | DRI | atypical | investigational | no-human-data | research-chemical,,,,no,no,,,,https://pubmed.ncbi.nlm.nih.gov/,"dose_ranges_by_route, duration_by_route, half_life_minutes, mechanism_of_action"
Sotalol,,Betapace | Sorine | Sotylize,Cardiovascular,medical_rx,QT-prolonging | antiarrhythmic | antihypertensive | beta-blocker | non-selective | prescription-only,oral,oral,oral,yes,yes,720.0,,,https://en.wikipedia.org/wiki/Sotalol,mechanism_of_action
Spirochlorphine,,R-6890 | R6890 | SPC,Opioid,recreational,class:Spiropiperidine opioid,insufflation,insufflation | intravenous,insufflation | intravenous,yes,yes,,,,,"half_life_minutes, mechanism_of_action, references"
Spironolactone,,Aldactone | CaroSpir,,medical_rx,aldosterone antagonist | potassium-sparing diuretic,,,,no,no,,"Spironolactone is a synthetic steroid that, along with its active metabolites, antagonizes aldosterone receptors. Its diuretic/antihypertensive action is caused by competitive binding of receptors at the aldosterone-dependent sodium-potassium exchange site in the distal convoluted renal tubule, which results in increased sodium and water excretion and potassium retention. It also prevents androgen-mediated cardiac remodeling, which is useful in certain heart failure patients. Additionally, spironolactone antagonizes androgen receptors and has mild affinity for progesterone receptors, which results in endocrine side effects.",,,"dose_ranges_by_route, duration_by_route, half_life_minutes, references"
Squalene monooxygenase,,Cvs Pharmacy | Preferred Plus | terbinafine,,otc,,,,,no,no,2160.0,,,https://dailymed.nlm.nih.gov/dailymed/search.cfm?labeltype=all&query=61715-158,"dose_ranges_by_route, duration_by_route, mechanism_of_action"
SR-14968,,SR-14 | SR14968,Opioid,recreational,,oral,oral | sublingual,oral | sublingual,yes,yes,,,,,"half_life_minutes, mechanism_of_action, references"
SR-17018,,SR 17018 | SR-17 | SR17018,Opioid,recreational,,oral,oral | sublingual,oral | sublingual,yes,yes,,,,,"half_life_minutes, mechanism_of_action, references"
STS-135,,5-氟-APICA,Cannabinoid,recreational,class:adamantanes | class:indolecarboxamide,inhalation,inhalation,inhalation,yes,yes,,"尽管这种物质尚未被正式研究过，但根据其结构分析，推测 STS-135 具有与其他大麻类物质相似的结合谱，并且符合许多Δ9-THC的体内性质。

正式研究已经表明，STS-135 在体外是一种强效的大麻素受体激动剂：其对人类 CB2 受体的 EC50 为 51nM，对人类 CB1 受体的 EC50 为 13nM。STS-135 在 1-10mg/kg 剂量下会使大鼠出现心动过缓和低体温，这提示它具有类似大麻类的活性。不过，这些相互作用在大麻类药效体验中究竟扮演什么角色，以及它们是如何产生这种药效的，目前仍不太清楚呢。",,,"half_life_minutes, references"
Sufentanil,,Chronogesic | Sufenta | Sufentanyl | 舒芬太尼,Opioid,recreational,CYP3A4-substrate | class:anilidopiperidine | fentanyl-stronger | habit-forming | mu-full-agonist | mu-opioid-agonist,intravenous,intravenous,intravenous,yes,yes,164.0,,,Optimization of the Radioimmunoassays for Measuring Fentanyl and Alfentanil in Human Serum,mechanism_of_action
Sugammadex,,Bridion,,medical_rx,,,,,no,no,120.0,"Bridion is a modified gamma cyclodextrin. It forms a complex with the neuromuscular blocking agents rocuronium and vecuronium, and it reduces the amount of neuromuscular blocking agent available to bind to nicotinic cholinergic receptors in the neuromuscular junction. This results in the reversal of neuromuscular blockade induced by rocuronium and vecuronium.",,"FDA label for sugammadex sodium injection (sugammadex; Bridion generic), Clinical Pharmacology/Pharmacokinetics — t½ ≈ 2 hours | https://dailymed.nlm.nih.gov/dailymed/search.cfm?labeltype=all&query=0006-5423","dose_ranges_by_route, duration_by_route"
Sulbutiamine,,Arcalion | Bisibutiamine | Enerion | bisibuthiamine | isobutyryl-thiamine disulfide | sulbut | youvitan,Nootropic,recreational,D1-upregulation-chronic | habit-forming | habit-forming-anecdotal | nootropic | tentative | thiamine-derivative | thiamine-prodrug-lipophilic,oral,oral,oral,yes,yes,,,,https://en.wikipedia.org/wiki/Sulbutiamine,"half_life_minutes, mechanism_of_action"
Sulfacetamide,,sulfacetamide/prednisolone,,medical_rx,,,,,no,no,,,,,"dose_ranges_by_route, duration_by_route, half_life_minutes, mechanism_of_action, references"
Sulfamethoxazole-Trimethoprim,,Bactrim,Antimicrobial,non_recreational,sulfonamide antibiotic,,,,no,no,,"Sulfamethoxazole: inhibits bacterial synthesis of dihydrofolic acid by competing with para aminobenzoic acid (PABA). Trimethoprim: blocks the production of tetrahydrofolic acid from dihydrofolic acid by binding to and reversibly inhibiting the required enzyme, dihydrofolate reductase. These actions result in inhibition of bacterial folic acid synthesis.",,,"dose_ranges_by_route, duration_by_route, half_life_minutes, references"
Sulfasalazine,,Azulfidine,,medical_rx,,,,,no,no,450.0,,,https://dailymed.nlm.nih.gov/dailymed/search.cfm?labeltype=all&query=0179-0174,"dose_ranges_by_route, duration_by_route, mechanism_of_action"
Sulforaphane,,SFN,Nootropic,recreational,Keap1-cysteine-modifier | Nrf2-activator | Nrf2-activator-covalent | myrosinase-dependent | nootropic | supplement,oral,oral,oral,yes,no,102.0,,,https://en.wikipedia.org/wiki/Sulforaphane | Sulforaphane Bioavailability from Glucoraphanin-Rich Broccoli: Control by Active Endogenous Myrosinase,"duration_by_route, mechanism_of_action"
Sulindac,,Clinoril,Analgesic,medical_rx,analgesic | cox-1/cox-2 non-selective | nsaid,,,,no,no,,"Reversibly inhibits cyclooxygenase-1 and 2 (COX-1 and 2) enzymes causing decreased prostaglandin precursor formation. This results in anti-inflammatory, analgesic, and antipyretic effects.",,,"dose_ranges_by_route, duration_by_route, half_life_minutes, references"
Sumatriptan,,Imitrex | Migraine Pack | Sumavel DosePro | Treximet | Zembrace,Other,medical_rx,5-ht1b/1d agonist | 5HT1B-agonist | antimigraine | prescription-only | serotonin-agonist | triptan,oral,oral | subcutaneous,,no,yes,150.0,"Selectively agonizes 5-HT1B/1D receptors causing vasoconstriction of cranial blood vessels, inhibition of pro-inflammatory neuropeptide release, and decreased pain transmission.",,https://en.wikipedia.org/wiki/Sumatriptan | https://dailymed.nlm.nih.gov/dailymed/search.cfm?labeltype=all&query=69176-150,dose_ranges_by_route
Sunifiram,,DM-235,AMPAkine,recreational,AMPA-PAM | investigational | mechanism-uncertain | no-direct-AMPA-binding-shown | no-human-data | racetam-adjacent | research-chemical | research-chemical-popular,,,,no,no,,,,https://en.wikipedia.org/wiki/Sunifiram,"dose_ranges_by_route, duration_by_route, half_life_minutes, mechanism_of_action"
Suvorexant,,Belsomra,OrexinAntagonist,medical_rx,DORA | US-Schedule-IV | orexin-antagonist | prescription-only | sedative-hypnotic,oral,oral,oral,yes,yes,720.0,,,https://en.wikipedia.org/wiki/Suvorexant,mechanism_of_action
Syrian Rue,,骆驼蓬,,medical_rx,,,,,no,no,,,,,"dose_ranges_by_route, duration_by_route, half_life_minutes, mechanism_of_action, references"
T,,,Psychedelic,recreational,TIHKAL | tryptamine,intravenous,intravenous,intravenous,yes,no,,,,https://erowid.org/library/books_online/tihkal/tihkal53.shtml,"duration_by_route, half_life_minutes, mechanism_of_action"
TA,,,Psychedelic,recreational,PIHKAL | phenethylamine,oral,oral,oral,yes,no,,,,https://erowid.org/library/books_online/pihkal/pihkal145.shtml,"duration_by_route, half_life_minutes, mechanism_of_action"
Tamsulosin,,Flomax,,medical_rx,selective alpha-1a blocker,,,,no,no,,Selectively blocks alpha-1 adrenergic receptors in the prostate resulting in effects including relaxation of smooth muscle around the bladder neck (improving urinary flow).,,,"dose_ranges_by_route, duration_by_route, half_life_minutes, references"
Taurine,,2-Aminoethanesulfonic Acid,Supplement,otc,GABAergic | OTC | amino-acid | antioxidant | cardiovascular | supplement,oral,oral,oral,yes,yes,90.0,,,https://en.wikipedia.org/wiki/Taurine | https://examine.com/supplements/taurine/,mechanism_of_action
TB,,,Psychedelic,recreational,PIHKAL | phenethylamine,oral,oral,oral,yes,yes,,,,https://erowid.org/library/books_online/pihkal/pihkal149.shtml,"half_life_minutes, mechanism_of_action"
TB-500,,Thymosin Beta-4 | Tβ4,Peptide,medical_rx,anti-inflammatory | gray-market | healing-peptide | peptide,subcutaneous,subcutaneous,subcutaneous,yes,no,1440.0,,,[FGFR2 gene mutation in a family with Crouzon syndrome and a sporadic Crouzon syndrome patient]. | https://en.wikipedia.org/wiki/Thymosin_beta-4,mechanism_of_action
TE,,,Psychedelic,recreational,PIHKAL | phenethylamine,oral,oral,oral,yes,yes,,,,https://erowid.org/library/books_online/pihkal/pihkal151.shtml,"half_life_minutes, mechanism_of_action"
Technetium Tc-99M Disofenin,,Kit For The Preparation Of Technetium Tc99m Disofenin,,medical_rx,,,,,no,no,,,,,"dose_ranges_by_route, duration_by_route, half_life_minutes, mechanism_of_action, references"
Technetium Tc-99M Pyrophosphate,,Kit For The Preparation Of Technetium Tc99m Pyrophosphate,,medical_rx,,,,,no,no,,,,,"dose_ranges_by_route, duration_by_route, half_life_minutes, mechanism_of_action, references"
Technetium Tc-99M Sestamibi,,Kit For The Preparation Of Technetium Tc 99m Sestamibi,,medical_rx,,,,,no,no,,"Technetium Tc 99m Sestamibi is a cationic Tc 99m complex which has been found to accumulate in viable myocardial tissue in a manner analogous to that of thallous chloride TI-201. Scintigraphic images obtained in humans after the intravenous administration of the drug have been comparable to those obtained with thallous chloride TI-201 in normal and abnormal myocardial tissue. Animal studies have shown that myocardial uptake is not blocked when the sodium pump mechanism is inhibited. Although studies of subcellular fractionation and electron micrographic analysis of heart cell aggregates suggest that Tc 99m Sestamibi cellular retention occurs specifically within the mitochondria as a result of electrostatic interactions, the clinical relevance of these findings has not been determined. The mechanism of Tc 99m Sestamibi localization in various types of breast tissue (e.g., benign, inflammatory, malignant, fibrous) has not been established.",,,"dose_ranges_by_route, duration_by_route, half_life_minutes, references"
Telithromycin,,Ketek,,medical_rx,,,,,no,no,,,,,"dose_ranges_by_route, duration_by_route, half_life_minutes, mechanism_of_action, references"
Tenofovir,,Viread,,medical_rx,,,,,no,no,1920.0,"Tenofovir DF is an acyclic nucleoside phosphonate diester analog of adenosine monophosphate. Tenofovir DF requires initial diester hydrolysis for conversion to tenofovir and subsequent phosphorylations by cellular enzymes to form tenofovir diphosphate, an obligate chain terminator. Tenofovir diphosphate inhibits the activity of HIV-1 reverse transcriptase and HBV reverse transcriptase by competing with the natural substrate deoxyadenosine 5'-triphosphate and, after incorporation into DNA, by DNA chain termination. Tenofovir diphosphate is a weak inhibitor of mammalian DNA polymerases α, β, and mitochondrial DNA polymerase γ. Activity against HIV Antiviral Activity The antiviral activity of tenofovir against laboratory and clinical isolates of HIV-1 was assessed in lymphoblastoid cell lines, primary monocyte/macrophage cells and peripheral blood lymphocytes. The EC 50 (50% effective concentration) values for tenofovir were in the range of 0.04 µM to 8.5 µM.",,Bictegravir/Emtricitabine/Tenofovir Alafenamide: A Review in HIV-1 Infection. | https://dailymed.nlm.nih.gov/dailymed/search.cfm?labeltype=all&query=50090-0754,"dose_ranges_by_route, duration_by_route"
Terazosin,,Hytrin | Tarazosin,,medical_rx,non-selective alpha-1 blocker,,,,no,no,720.0,"Systemically blocks alpha-1 adrenergic receptors resulting in effects including relaxation of smooth muscle around the bladder neck (improving urinary flow), and reduction in vascular resistance (may reduce blood pressure).",,https://dailymed.nlm.nih.gov/dailymed/search.cfm?labeltype=all&query=51079-936,"dose_ranges_by_route, duration_by_route"
Tesamorelin,,Egrifta | Egrifta SV | TH9507,Peptide,medical_rx,GH-secretagogue | GHRH-analogue | anti-lipodystrophy | peptide | prescription-only,subcutaneous,subcutaneous,subcutaneous,yes,yes,26.0,,,https://www.accessdata.fda.gov/drugsatfda_docs/label/2023/022505s013lbl.pdf | https://en.wikipedia.org/wiki/Tesamorelin,mechanism_of_action
Testosterone,,Testopel | Testosterone Enanthate | Vogelxo,,medical_rx,,,,,no,no,,,,,"dose_ranges_by_route, duration_by_route, half_life_minutes, mechanism_of_action, references"
Tetracosactide,,cosyntropin,,medical_rx,,,,,no,no,,,,,"dose_ranges_by_route, duration_by_route, half_life_minutes, mechanism_of_action, references"
Tetracycline,,Sumycin,,medical_rx,,,,,no,no,540.0,,,https://dailymed.nlm.nih.gov/dailymed/search.cfm?labeltype=all&query=49884-732,"dose_ranges_by_route, duration_by_route, mechanism_of_action"
Tetradecyl Hydrogen Sulfate (Ester),,Sotradecol,,medical_rx,,,,,no,no,,,,,"dose_ranges_by_route, duration_by_route, half_life_minutes, mechanism_of_action, references"
Tetrahydrofuran-fentanyl,,thf-f | thff,Opioid,recreational,CYP3A4-substrate | habit-forming | mu-full-agonist | mu-opioid-agonist | research-chemical | wooden-chest-syndrome-risk,,,,no,no,,,,,"dose_ranges_by_route, duration_by_route, half_life_minutes, mechanism_of_action, references"
Tetrahydroharmine,,THH,Psychedelic,recreational,SSRI | TIHKAL | tryptamine | weak-MAO-A,oral,oral,oral,yes,no,534.0,,,https://erowid.org/library/books_online/tihkal/tihkal54.shtml | Pharmacokinetics of Hoasca alkaloids in healthy humans,"duration_by_route, mechanism_of_action"
Tetrazepam,,,Benzodiazepine,recreational,GABAA-PAM | SJS-risk | benzodiazepine | habit-forming | withdrawn-EMA-2013,oral,oral,oral,yes,yes,,,,,"half_life_minutes, mechanism_of_action, references"
Tetrofosmin,,Myoview,,medical_rx,,,,,no,no,,"Technetium (99mTc) tetrofosmin is a lipophilic, cationic complex which diffuses passively through the cell membrane and is locally retained actively due to the presence of intact mitochondria reflecting the presence of viable cells. After intravenous injection, it is distributed within the myocardium according to myocardial perfusion and viability.",,,"dose_ranges_by_route, duration_by_route, half_life_minutes, references"
Th-pvp,,tetrahydronaphthyl-PVP,Stimulant,recreational,DRI | habit-forming | pyrrolidinophenone | pyrrolidinophenone-predicted | research-chemical | tentative,inhalation,inhalation | insufflation | oral,inhalation | insufflation | oral,yes,no,,,,,"duration_by_route, half_life_minutes, mechanism_of_action, references"
THC-O,,ATHC | O-acetyl-THC | THC acetate ester,Cannabinoid,recreational,CB1-partial-agonist | US-Schedule-I | cannabinoid | evali-risk | high-potency | prodrug | psychoactive | semi-synthetic,inhalation,inhalation | oral,inhalation | oral,yes,yes,1800.0,,,https://en.wikipedia.org/wiki/THC-O-acetate,mechanism_of_action
THCP,,Tetrahydrocannabiphorol | Δ9-THCP,Cannabinoid,recreational,CB1-full-agonist | cannabinoid | high-risk | phytocannabinoid | psychoactive | semi-synthetic | ultra-potent,inhalation,inhalation | oral,inhalation | oral,yes,yes,2400.0,,,https://en.wikipedia.org/wiki/Tetrahydrocannabiphorol,mechanism_of_action
THCV,,Delta-9-THCV | Tetrahydrocannabivarin | Δ9-THCV,Cannabinoid,recreational,CB1-antagonist-low-dose | CB1-partial-agonist | appetite-suppressant | cannabinoid | phytocannabinoid | psychoactive-high-dose,inhalation,inhalation | oral,inhalation | oral,yes,yes,960.0,,,https://en.wikipedia.org/wiki/Tetrahydrocannabivarin,mechanism_of_action
Theacrine,,Temorine | Temurin,Stimulant,recreational,class:purine alkaloid | class:xanthines,insufflation,insufflation | oral,insufflation | oral,yes,yes,,,,,"half_life_minutes, mechanism_of_action, references"
Theanine,,,Nootropic,recreational,,oral,oral,oral,yes,yes,,,,,"half_life_minutes, mechanism_of_action, references"
Theobromine,,,Other,recreational,,oral,oral,oral,yes,no,,,,,"duration_by_route, half_life_minutes, mechanism_of_action, references"
Thiopental,,Nesdonal | Penthiobarbital | Pentothal | Sodipental | Thiomebumal | Thionembutal | Thiopental Sodium | Thiopentobarbital | Thiopentone | Trapanal,Depressant,recreational,IV-anaesthetic | class:Barbiturate | context-sensitive-half-life | habit-forming | thiobarbiturate,intravenous,intravenous,intravenous,yes,yes,,,,,"half_life_minutes, mechanism_of_action, references"
Thiopropamine,,normethiopropamine | tpa,Stimulant,recreational,habit-forming | research-chemical,oral,oral,oral,yes,no,,,,,"duration_by_route, half_life_minutes, mechanism_of_action, references"
Thioridazine,,Mellaril,Antipsychotic,medical_rx,1st generation antipsychotic,,,,no,no,483.0,"Competitively blocks postsynaptic dopamine receptors (notably D2) in the brain. Increased dopamine activity in the brain is thought to be associated with the ""positive"" symptoms of schizophrenia/psychosis such as hallucinations, hearing voices, aggression/hostility, disorganized speech, and psychomotor agitation. Also blocks, to varying degrees, several other subtypes of dopamine receptors (D1, D3, D4, D5), serotonin (5HT-1A, 5HT-2A, 5HT-2C, and 5HT-7) receptors, histamine-1 receptors, muscarinic (M1) receptors, and alpha-1 and alpha-2 (slightly) adrenergic receptors.",,S-oxidation of thioridazine to psychoactive metabolites: an oral dose-proportionality study in healthy volunteers.,"dose_ranges_by_route, duration_by_route"
Thiotepa,,,,medical_rx,,,,,no,no,141.0,,,"FDA label for Thiotepa for Injection (thiotepa), Clinical Pharmacology — parent t½ 2.4±0.3 h (60 mg) and 2.3±0.3 h (80 mg) IV | https://dailymed.nlm.nih.gov/dailymed/search.cfm?labeltype=all&query=0143-9565","dose_ranges_by_route, duration_by_route, mechanism_of_action"
Thiothixene,,Navane,Antipsychotic,medical_rx,1st generation antipsychotic | D2-antagonist | antipsychotic | high-EPS-risk | prescription-only | thioxanthene | typical-antipsychotic,oral,oral,,no,yes,2040.0,"Competitively blocks postsynaptic dopamine receptors (notably D2) in the brain. Increased dopamine activity in the brain is thought to be associated with the ""positive"" symptoms of schizophrenia/psychosis such as hallucinations, hearing voices, aggression/hostility, disorganized speech, and psychomotor agitation. Also blocks, to varying degrees, several other subtypes of dopamine receptors (D1, D3, D4, D5), serotonin (5HT-1A, 5HT-2A, and 5HT-7) receptors, histamine-1 receptors, and alpha-1 adrenergic receptors.",,https://en.wikipedia.org/wiki/Thiothixene | https://dailymed.nlm.nih.gov/dailymed/search.cfm?labeltype=all&query=0378-1001,dose_ranges_by_route
THJ-018,,,Cannabinoid,recreational,class:naphthoylindazole,inhalation,inhalation,inhalation,yes,yes,,尽管这种物质尚未被正式研究过，但根据其结构分析，推测 THJ-018 具有与JWH-018相似的结合谱，并且符合许多Δ9-THC的体内性质。与JWH-018相似，THJ-018 通过对 CB 和 CB 大麻素受体的完全激动来展现其一系列效应，并且对 CB 具有一定选择性。THJ-018 的效力大约是Δ9-THC的 5 倍。不过，这些相互作用在大麻类药效体验中究竟扮演什么角色，以及它们是如何产生这种药效的，目前仍不太清楚呢。,,,"half_life_minutes, references"
THJ-2201,,,Cannabinoid,recreational,class:naphthoylindazole,inhalation,inhalation,inhalation,yes,yes,,虽然这种物质尚未经过正式研究，但从其结构分析来看，通常推测THJ-2201具有与AM-2201相似的结合谱，并且与Δ9-THC在体内表现出的许多性质相符。和AM-2201一样，这种化合物被认为是中枢CB1受体与外周CB2受体的强效完全激动剂，其Ki值分别为1.0和2.6nM。不过，这些相互作用在多大程度上塑造了大麻类药效体验，目前仍然不是很清楚呢。,,,"half_life_minutes, references"
Thozalinone,,CL-39808 | Stimsen,Stimulant,recreational,discontinued | historical | research-chemical | stimulant,oral,oral,oral,yes,no,,NE and DA releaser (amphetamine-like mechanism); milder stimulant profile than amphetamine with minimal serotonergic activity.,,"https://en.wikipedia.org/wiki/Thozalinone | A double-blind study of thozalinone (C1 39,808) in depressed outpatients.","duration_by_route, half_life_minutes"
Thujone,,侧柏酮,,medical_rx,,,,,no,no,,"Thujone is a GABAA receptor antagonist — more specifically, a competitive GABAA receptor antagonist. Because it inhibits the activation of GABA receptors, neurons fire more readily, which can trigger muscle spasms and convulsions. This interaction with GABAA receptors is specific to α-thujone.",,,"dose_ranges_by_route, duration_by_route, half_life_minutes, references"
Thymalin,,,Peptide,medical_rx,bioregulator | no-human-data | peptide,intramuscular,intramuscular,,no,no,,,,"Khavinson, Springer Adv Gerontol 2014","half_life_minutes, mechanism_of_action"
Ticagrelor,,Brilinta,,medical_rx,antiplatelet | p2y12 inhibitor,,,,no,no,,"Ticagrelor reversibly binds to the P2Y12 receptor on the platelet surface, blocking adenosine diphosphate (ADP) from binding to it. This interferes with platelet adhesion and aggregation by inhibiting both ADP-mediated activation of the glycoprotein complex GPIIb/IIIa and fibrinogen binding to platelets.",,,"dose_ranges_by_route, duration_by_route, half_life_minutes, references"
Tiletamine,,CI-634 | Telazol | Telazol component | Tiletaminum | Zoletil,Dissociative,recreational,NMDA-antagonist | arylcyclohexylamine | habit-forming | no-human-data | research-chemical | tentative | veterinary-only,insufflation,insufflation | intramuscular | oral | rectal | sublingual,insufflation | intramuscular | oral | rectal | sublingual,yes,yes,,,,https://en.wikipedia.org/wiki/Tiletamine,"half_life_minutes, mechanism_of_action"
Tilmetamine,,,Dissociative,recreational,class:Arylcyclohexylamine,insufflation,insufflation,insufflation,yes,yes,,,,,"half_life_minutes, mechanism_of_action, references"
Tinidazole,,Tindamax,Antimicrobial,non_recreational,antibiotic,,,,no,no,,Gets reduced intracellularly in susceptible organisms forming free radicals that cause DNA helical structure damage resulting in inhibition of protein synthesis.,,,"dose_ranges_by_route, duration_by_route, half_life_minutes, references"
Tiotropium,,Spiriva Handihaler | Spiriva Respimat,,medical_rx,long-acting muscarinic antagonist,,,,no,no,,Reversibly competes and antagonizes muscarinic receptors in the airways causing smooth muscle relaxation and bronchodilation.,,,"dose_ranges_by_route, duration_by_route, half_life_minutes, references"
Tiotropium-Olodaterol,,Stiolto Respimat,,medical_rx,long-acting beta-2 agonist | long-acting muscarinic antagonist,,,,no,no,,Tiotropium: Reversibly competes and antagonizes muscarinic receptors in the airways causing smooth muscle relaxation and bronchodilation. Olodaterol: Selectively agonizes beta-2 adrenergic receptors in the airways causing smooth muscle relaxation and bronchodilation.,,,"dose_ranges_by_route, duration_by_route, half_life_minutes, references"
Tirzepatide,,Mounjaro | Zepbound,Peptide,medical_rx,GIP-agonist | GLP-1-agonist | anti-diabetic | anti-obesity | peptide | prescription-only | weight-loss,subcutaneous,subcutaneous,subcutaneous,yes,no,7200.0,,,https://www.accessdata.fda.gov/drugsatfda_docs/label/2022/215866s000lbl.pdf | https://en.wikipedia.org/wiki/Tirzepatide,mechanism_of_action
TM,,,Psychedelic,recreational,PIHKAL | phenethylamine,oral,oral,oral,yes,yes,,,,https://erowid.org/library/books_online/pihkal/pihkal156.shtml,"half_life_minutes, mechanism_of_action"
TMA,,"3,4,5-TMA | 3,4,5-Trimethoxyamphetamine | 5-Trimethoxyamphetamine | Mescaline amphetamine analog | TMA-1 | Trimethoxyamphetamine",Psychedelic,recreational,PIHKAL | phenethylamine,oral,oral,oral,yes,yes,,,,https://erowid.org/library/books_online/pihkal/pihkal157.shtml,"half_life_minutes, mechanism_of_action"
TMA-2,,"2,4,5-TMA | 2,4,5-Trimethoxyamphetamine | 2,4,5-三甲氧基苯丙胺 | 5-Trimethoxyamphetamine",Psychedelic,recreational,PIHKAL | class:substituted amphetamines | phenethylamine | research-chemical | tentative,oral,oral,oral,yes,yes,,一般认为，TMA-2的迷幻剂效应来自它作为部分激动剂对5-HT受体的作用。然而，这些相互作用究竟扮演怎样的角色，以及它们是如何进一步形成迷幻剂体验的，目前仍然没有被完全阐明呢。,,https://erowid.org/library/books_online/pihkal/pihkal158.shtml,half_life_minutes
TMA-3,,,Psychedelic,recreational,PIHKAL | phenethylamine,,,,no,no,,,,https://erowid.org/library/books_online/pihkal/pihkal159.shtml,"dose_ranges_by_route, duration_by_route, half_life_minutes, mechanism_of_action"
TMA-4,,,Psychedelic,recreational,PIHKAL | phenethylamine,oral,oral,,no,yes,,,,https://erowid.org/library/books_online/pihkal/pihkal160.shtml,"dose_ranges_by_route, half_life_minutes, mechanism_of_action"
TMA-5,,,Psychedelic,recreational,PIHKAL | phenethylamine,oral,oral,oral,yes,yes,,,,https://erowid.org/library/books_online/pihkal/pihkal161.shtml,"half_life_minutes, mechanism_of_action"
TMA-6,,"2,4,6-trimethoxyamphetamine | 2,4,6-三甲氧基苯丙胺",Psychedelic,recreational,PIHKAL | class:amphetamine | class:substituted amphetamines | phenethylamine | research-chemical | tentative,oral,oral,oral,yes,yes,,TMA-6 的迷幻剂效应被认为来自它对5-HT 受体的作用，也就是作为一种部分激动剂发挥效力。不过，这些相互作用究竟扮演了怎样的角色，以及它们如何最终形成迷幻剂体验，目前仍然没有被完全弄清楚呢。,,https://erowid.org/library/books_online/pihkal/pihkal162.shtml,half_life_minutes
TMPEA,,,Psychedelic,recreational,PIHKAL | phenethylamine,,,,no,no,,,,https://erowid.org/library/books_online/pihkal/pihkal168.shtml,"dose_ranges_by_route, duration_by_route, half_life_minutes, mechanism_of_action"
Tobacco,,烟草_ODW,,medical_rx,,,,,no,no,,,,,"dose_ranges_by_route, duration_by_route, half_life_minutes, mechanism_of_action, references"
Tobramycin,,,,medical_rx,,,,,no,no,120.0,,,https://dailymed.nlm.nih.gov/dailymed/search.cfm?labeltype=all&query=0093-4085,"dose_ranges_by_route, duration_by_route, mechanism_of_action"
Tocilizumab,,Actemra,,medical_rx,,,,,no,no,,"Tocilizumab binds to both soluble and membrane-bound IL-6 receptors (sIL-6R and mIL-6R), and has been shown to inhibit IL-6-mediated signaling through these receptors. IL-6 is a pleiotropic pro-inflammatory cytokine produced by a variety of cell types including T- and B-cells, lymphocytes, monocytes and fibroblasts. IL-6 has been shown to be involved in diverse physiological processes such as T-cell activation, induction of immunoglobulin secretion, initiation of hepatic acute phase protein synthesis, and stimulation of hematopoietic precursor cell proliferation and differentiation. IL-6 is also produced by synovial and endothelial cells leading to local production of IL-6 in joints affected by inflammatory processes such as rheumatoid arthritis.",,,"dose_ranges_by_route, duration_by_route, half_life_minutes, references"
Tolbutamide,,,,medical_rx,,,,,no,no,,"Tolbutamide appears to lower the blood glucose acutely by stimulating the release of insulin from the pancreas, an effect dependent upon functioning beta cells in the pancreatic islets. The mechanism by which Tolbutamide lowers blood glucose during long-term administration has not been clearly established. With chronic administration in Type II diabetic patients, the blood-glucose-lowering effect persists despite a gradual decline in the insulin secretory response to the drug. Extrapancreatic effects may be involved in the mechanism of action of oral sulfonylurea hypoglycemic drugs. Some patients who are initially responsive to oral hypoglycemic drugs, including Tolbutamide, may become unresponsive or poorly responsive over time. Alternatively, Tolbutamide may be effective in some patients who have become unresponsive to one or more of the other sulfonylurea drugs.",,,"dose_ranges_by_route, duration_by_route, half_life_minutes, references"
Tolcapone,,,,medical_rx,,,,,no,no,150.0,,,"FDA label for Tasmar (tolcapone), Clinical Pharmacology, Pharmacokinetics of Tolcapone — t½ = 2–3 hours | https://dailymed.nlm.nih.gov/dailymed/search.cfm?labeltype=all&query=49884-254","dose_ranges_by_route, duration_by_route, mechanism_of_action"
Tolibut,,tolybut,Depressant,recreational,GABA-B-agonist | habit-forming | phenibut-analog | research-chemical | tentative,,,,no,no,,,,,"dose_ranges_by_route, duration_by_route, half_life_minutes, mechanism_of_action, references"
Tolmetin,,Tolmetin Sodium,,medical_rx,,,,,no,no,,,,,"dose_ranges_by_route, duration_by_route, half_life_minutes, mechanism_of_action, references"
TOMSO,,,Psychedelic,recreational,PIHKAL | phenethylamine,oral,oral,oral,yes,yes,,,,https://erowid.org/library/books_online/pihkal/pihkal173.shtml,"half_life_minutes, mechanism_of_action"
Topiramate,,Eprontia | Qudexy | Qudexy XR | Topamax | Topiragen | Trokendi | Trokendi XR,Anticonvulsant,medical_rx,GABA-modulator | anticonvulsant | appetite-suppressant | mood-stabilizer | prescription-only | teratogenic,,,,no,no,1260.0,Multimodal Anticonvulsant,,https://en.wikipedia.org/wiki/Topiramate,"dose_ranges_by_route, duration_by_route"
Topotecan,,Hycamtin,,medical_rx,,,,,no,no,150.0,"Topoisomerase I relieves torsional strain in DNA by inducing reversible single-strand breaks. Topotecan binds to the topoisomerase I-DNA complex and prevents re-ligation of these single-strand breaks. The cytotoxicity of topotecan is thought to be due to double-strand DNA damage produced during DNA synthesis, when replication enzymes interact with the ternary complex formed by topotecan, topoisomerase I, and DNA. Mammalian cells cannot efficiently repair these double-strand breaks.",,"FDA label for Topotecan Injection, Clinical Pharmacology 12.3 — terminal t½ 2 to 3 hours | https://dailymed.nlm.nih.gov/dailymed/search.cfm?labeltype=all&query=0007-4205","dose_ranges_by_route, duration_by_route"
Torsemide,,Demadex,Cardiovascular,medical_rx,antihypertensive | loop diuretic,,,,no,no,210.0,"Inhibits sodium-potassium-chloride cotransporters at the ascending Loop of Henle of nephrons, producing a potent diuretic effect that causes increased excretion of sodium, chloride, potassium, magnesium, calcium, and water. Loop diuretics cause retention of bicarbonate and uric acid.",,A reappraisal of loop diuretic choice in heart failure patients.,"dose_ranges_by_route, duration_by_route"
TP,,,Psychedelic,recreational,PIHKAL | phenethylamine,oral,oral,oral,yes,yes,,,,https://erowid.org/library/books_online/pihkal/pihkal174.shtml,"half_life_minutes, mechanism_of_action"
Tranylcypromine,,Parnate | Racemic tranylcypromine | SKF-385,Antidepressant,medical_rx,LSD1-inhibitor | MAOI | amphetamine-scaffold | antidepressant | dietary-restriction | hypertensive-crisis-risk | irreversible-MAOI | prescription-only | serotonin-syndrome-risk | tyramine-restricted,,,,no,no,130.0,,,https://www.accessdata.fda.gov/drugsatfda_docs/label/2013/010894s042lbl.pdf | https://en.wikipedia.org/wiki/Tranylcypromine,"dose_ranges_by_route, duration_by_route, mechanism_of_action"
Travoprost,,Travatan Z,,medical_rx,,,,,no,no,45.0,"Travoprost free acid, a prostaglandin analog is a selective FP prostanoid receptor agonist which is believed to reduce intraocular pressure by increasing uveoscleral outflow. The exact mechanism of action is unknown at this time.",,https://dailymed.nlm.nih.gov/dailymed/search.cfm?labeltype=all&query=0065-0260,"dose_ranges_by_route, duration_by_route"
Tretinoin,,Renova,,medical_rx,,,,,no,no,48.0,,,Clinical pharmacology of oral all-trans retinoic acid in patients with acute promyelocytic leukemia. | https://dailymed.nlm.nih.gov/dailymed/search.cfm?labeltype=all&query=0187-5150,"dose_ranges_by_route, duration_by_route, mechanism_of_action"
Triamcinolone,,24 Hour Nasal Allergy | Aristospan | Equaline Nasal Allergy | Kenalog | Nasacort | Nasal Allergy 24 Hour | Triamcinolone-nasal | Triamcinolone-topical | Triderm,Endocrine,otc,corticosteroid,,,,no,no,,"Triamcinolone is a synthetic glucocorticoid that reduces inflammation and causes vasoconstriction in the nasal passage. Corticosteroids exert a wide range of actions on several cell types (e.g., mast cells, eosinophils, neutrophils, macrophages, lymphocytes) and mediators (e.g., histamine, eicosanoids, leukotrienes, cytokines) involved in inflammation.",,,"dose_ranges_by_route, duration_by_route, half_life_minutes, references"
Triamterene,,Dyrenium,,medical_rx,epithelial sodium channel blocker | potassium-sparing diuretic,,,,no,no,,"Inhibits potassium excretion and sodium resorption by blocking epithelial cell sodium channels in the collecting duct of nephrons. The primary action of epithelial sodium channel blockers is potassium retention. They have weak diuretic and antihypertensive properties, and alone have minimal effect on the excretion and retention of other electrolytes.",,,"dose_ranges_by_route, duration_by_route, half_life_minutes, references"
Triamterene-Hydrochlorothiazide,,Dyazide | Maxzide,,medical_rx,epithelial sodium channel blocker | potassium-sparing diuretic | thiazide diuretic,,,,no,no,,"Triamterene: Inhibits potassium excretion and sodium resorption by blocking epithelial cell sodium channels in the collecting duct of nephrons. The primary action of epithelial sodium channel blockers is potassium retention. They have weak diuretic and antihypertensive properties, and alone have minimal effect on the excretion and retention of other electrolytes. Hydrochlorothiazide: Inhibits sodium reabsorption by inhibiting the sodium-chloride cotransporters in the distal convoluted tubule of nephrons, causing increased excretion of sodium, chloride, potassium, magnesium, and water. Thiazide diuretics cause retention of calcium, bicarbonate, and uric acid.",,,"dose_ranges_by_route, duration_by_route, half_life_minutes, references"
Trifluoperazine,,Stelazine,Antipsychotic,medical_rx,1st generation antipsychotic | D2-antagonist | antipsychotic | high-EPS-risk | phenothiazine | prescription-only | typical-antipsychotic,oral,oral,,no,yes,1440.0,"Competitively blocks postsynaptic dopamine receptors (notably D2) in the brain. Increased dopamine activity in the brain is thought to be associated with the ""positive"" symptoms of schizophrenia/psychosis such as hallucinations, hearing voices, aggression/hostility, disorganized speech, and psychomotor agitation. Also blocks, to varying degrees, several other subtypes of dopamine receptors (D1, D3, D4), serotonin (5HT-1A, 5HT-2A, 5HT-2C, and 5HT-7) receptors, histamine-1 receptors, muscarinic (M1) receptors, and alpha-1 adrenergic receptors.",,https://en.wikipedia.org/wiki/Trifluoperazine | https://dailymed.nlm.nih.gov/dailymed/search.cfm?labeltype=all&query=0378-2401,dose_ranges_by_route
Trihexyphenidyl,,苯海索,,medical_rx,,,,,no,no,222.0,,,Pharmacokinetics of trihexyphenidyl after short-term and long-term administration to dystonic patients.,"dose_ranges_by_route, duration_by_route, mechanism_of_action"
Trimethobenzamide,,Tigan,,medical_rx,,,,,no,no,480.0,"The mechanism of action of Tigan ® as determined in animals is obscure, but may involve the chemoreceptor trigger zone (CTZ), an area in the medulla oblongata through which emetic impulses are conveyed to the vomiting center; direct impulses to the vomiting center apparently are not similarly inhibited. In dogs pretreated with trimethobenzamide HCl, the emetic response to apomorphine is inhibited, while little or no protection is afforded against emesis induced by intragastric copper sulfate.",,"FDA label for Trimethobenzamide Hydrochloride (trimethobenzamide hydrochloride), Clinical Pharmacology 12.3 Pharmacokinetics/Elimination - t½ = 7 to 9 h | https://dailymed.nlm.nih.gov/dailymed/search.cfm?labeltype=all&query=21695-853","dose_ranges_by_route, duration_by_route"
Trimipramine,,Surmontil,Antidepressant,medical_rx,TCA | tertiary amine,,,,no,no,600.0,"Primarily inhibits norepinephrine and serotonin reuptake at the presynaptic neurons leading to higher concentrations of these neurotransmitters in the neuronal synapse. As a tertiary amine (TCAs are either tertiary or secondary amines), this drug displays more selectivity towards serotonin reuptake inhibition. Additionally, blocks histamine-H1, alpha-1 adrenergic, and muscarinic receptors accounting for sedative, hypotensive and anticholinergic effects, respectively.",,Chronopharmacokinetic and bioequivalence studies of two formulations of trimipramine after oral administration in man | https://dailymed.nlm.nih.gov/dailymed/search.cfm?labeltype=all&query=51285-538,"dose_ranges_by_route, duration_by_route"
Triprolidine,,Vanahist Pd,,otc,,,,,no,no,240.0,,,"Bioavailability of Triprolidine as a Single Agent or in Combination With Pseudoephedrine: A Randomized, Open-Label Crossover Study in Healthy Volunteers | https://dailymed.nlm.nih.gov/dailymed/search.cfm?labeltype=all&query=58809-501","dose_ranges_by_route, duration_by_route, mechanism_of_action"
TRIS,,,Psychedelic,recreational,PIHKAL | phenethylamine,,,,no,no,,,,https://erowid.org/library/books_online/pihkal/pihkal175.shtml,"dose_ranges_by_route, duration_by_route, half_life_minutes, mechanism_of_action"
Tropacocaine,,benzoylpseudotropine | descarbomethoxycocaine | pseudotropine benzoate,Stimulant,recreational,cocaine-adulterant | local-anesthetic | research-chemical | tropane-alkaloid,,,,no,no,,Sodium channel blocker (local anesthesia) + weaker DAT inhibitor than cocaine; tropane alkaloid naturally occurring in some Erythroxylum species.,vasoconstriction,https://en.wikipedia.org/wiki/Tropacocaine,"dose_ranges_by_route, duration_by_route, half_life_minutes"
Troparil,,,Stimulant,recreational,habit-forming | research-chemical | tentative,oral,oral,oral,yes,yes,,,,,"half_life_minutes, mechanism_of_action, references"
Truffles,,,Psychedelic,recreational,,other,other,other,yes,yes,,,,,"half_life_minutes, mechanism_of_action, references"
Tuinal,,beans | chirstmas-trees | jeebs | nawls | rainbows | tuinol,Depressant,recreational,barbiturate-combination-product | habit-forming | historic,oral,oral,oral,yes,yes,,,,,"half_life_minutes, mechanism_of_action, references"
Tyrosine,,4-Hydroxyphenylalanine,Stimulant,recreational,class:amino acid | class:substituted phenethylamines,oral,oral,oral,yes,yes,,,,,"half_life_minutes, mechanism_of_action, references"
U-47700,,u47700,Opioid,recreational,class:benzamide | fatalities-reported | habit-forming | mu-full-agonist | mu-opioid-agonist | naloxone-responsive | research-chemical,insufflation,insufflation | oral,insufflation | oral,yes,yes,,"U-47700 对 µ-阿片受体具有选择性，各种来源称其效力是吗啡的 7.5 倍。

阿片类药物通过结合并激活 μ-阿片 受体来发挥作用。这是因为阿片类药物在结构上模仿了体内天然存在的内源性内啡肽，内啡肽也作用于 μ-阿片受体系统。阿片类药物结构上模仿这些天然内啡肽的方式导致了它们的欣快感、镇痛和焦虑抑制效应呢。这是因为内啡肽负责减轻疼痛、引起睡意和愉悦感。它们会在疼痛、剧烈运动、性高潮或普遍兴奋时释放。

U-47700 也可能是 κ-阿片受体系统的激动剂。因此，它已成为选择性 κ-阿片受体配体（如 U-50488 和 U-69,593，它们具有非常相似的结构）的先导化合物。它的结构导致其他化学家对其进行实验，以观察刚性类似物是否能保持活性。虽然不用于医疗，但选择性 κ 配体被用于研究中。",Anxiety | Anxiety suppression | Cognitive euphoria | Cognitive fatigue | Compulsive redosing | Constipation | Cough suppression | Depression | Difficulty urinating | Irritability | Itchiness | Pain relief | Physical euphoria | Pupil constriction | Respiratory depression | Sedation | Thought deceleration,,"half_life_minutes, references"
U-49900,,,Opioid,recreational,mu-agonist | research-chemical | tentative,,,,no,no,,,,,"dose_ranges_by_route, duration_by_route, half_life_minutes, mechanism_of_action, references"
U-51754,,U51754 | methene-U-47700 | methene-u47700,Dysdelic,recreational,KOR-selective | U-series-opioid | designer-opioid | research-chemical | tentative,rectal,rectal,rectal,yes,yes,,,,,"half_life_minutes, mechanism_of_action, references"
Ubrogepant,,Ubrelvy,,medical_rx,cgrp antagonist,,,,no,no,360.0,"Binds to the calcitonin gene-related peptide (CGRP) receptor, thus blocking the CGRP ligand. When the CGRP ligand binds to its receptor, it activates a cascade of events associated with migraine pain.",,"FDA label for Ubrelvy (ubrogepant), Clinical Pharmacology/Pharmacokinetics — t½ ≈ 5-7 h","dose_ranges_by_route, duration_by_route"
Umeclidinium,,Incruse Ellipta,,medical_rx,long-acting muscarinic antagonist,,,,no,no,660.0,Reversibly competes and antagonizes muscarinic receptors in the airways causing smooth muscle relaxation and bronchodilation.,,"FDA label for Anoro Ellipta (umeclidinium and vilanterol), Clinical Pharmacology 12.3 — effective t½ 11 h","dose_ranges_by_route, duration_by_route"
Umeclidinium-Vilanterol,,Anoro Ellipta,,medical_rx,long-acting beta-2 agonist | long-acting muscarinic antagonist,,,,no,no,,Umeclidinium: Reversibly competes and antagonizes muscarinic receptors in the airways causing smooth muscle relaxation and bronchodilation. Vilanterol: Selectively agonizes beta-2 adrenergic receptors in the airways causing smooth muscle relaxation and bronchodilation.,,,"dose_ranges_by_route, duration_by_route, half_life_minutes, references"
Unifiram,,DM-232,AMPAkine,recreational,AMPA-PAM | investigational | mechanism-uncertain | no-direct-AMPA-binding-shown | no-human-data | preclinical-only | racetam-adjacent | research-chemical,,,,no,no,,,,https://en.wikipedia.org/wiki/Unifiram,"dose_ranges_by_route, duration_by_route, half_life_minutes, mechanism_of_action"
Urofollitropin,,Bravelle,,medical_rx,,,,,no,no,,"Bravelle ® administered for 7 to 12 days produces ovarian follicular growth in women who do not have primary ovarian failure. Treatment with Bravelle ® in most instances results only in follicular growth and maturation. When sufficient follicular maturation has occurred, hCG must be given to induce ovulation.",,,"dose_ranges_by_route, duration_by_route, half_life_minutes, references"
Valacyclovir,,Valtrex,Antimicrobial,non_recreational,antiviral,,,,no,no,,"Valacyclovir is a prodrug of acyclovir, which is a synthetic nucleoside analogue that prevents viral DNA replication in multiple ways: competitive inhibition of viral DNA polymerase, incorporation into and termination of the growing viral DNA chain, and inactivation of the viral DNA polymerase.",,,"dose_ranges_by_route, duration_by_route, half_life_minutes, references"
Valerylfentanyl,,vf,Opioid,recreational,CYP3A4-substrate | habit-forming | mu-full-agonist | mu-opioid-agonist | research-chemical | tentative | wooden-chest-syndrome-risk,oral,oral,oral,yes,no,,,,,"duration_by_route, half_life_minutes, mechanism_of_action, references"
Valproate,,Depacon | Depakene | Depakote | Divalproex | Epilim | Valproic Acid | divalproex sodium,Anticonvulsant,medical_rx,GABA-modulator | anticonvulsant | antimanic | mood-stabilizer | narrow-therapeutic-index | prescription-only | teratogenic,,,,no,no,900.0,Multimodal Anticonvulsant and Mood Stabilizer,,https://en.wikipedia.org/wiki/Valproate,"dose_ranges_by_route, duration_by_route"
Valsartan,,Diovan,Cardiovascular,medical_rx,angiotensin-ii receptor blocker | antihypertensive,,,,no,no,360.0,"Blocks angiotensin II from binding to the angiotensin II receptor, which prevents subsequent vasoconstriction.",,"FDA label for Diovan (valsartan), Clinical Pharmacology/Pharmacokinetics — t½ ≈ 6 h","dose_ranges_by_route, duration_by_route"
Vardenafil,,Levitra | Staxyn,,medical_rx,phosphodiesterase-5 inhibitor,,,,no,no,,"Inhibits cGMP specific phosphodiesterase type-5 (PDE-5) enzymes from degrading cyclic guanosine monophosphate (cGMP). Sexual stimulation creates a release of nitric oxide, which increases cGMP that causes smooth muscle relaxation allowing blood flow into the penis to produce an erection.",,,"dose_ranges_by_route, duration_by_route, half_life_minutes, references"
Varenicline,,CP-526555 | Champix | Chantix,Nootropic,recreational,FDA-approved-smoking-cessation | alpha4beta2-partial-agonist-subnanomolar | nAChR-partial-agonist | nootropic | partial nicotine agonist | prescription-only | renally-cleared | smoking-cessation,oral,oral,oral,yes,no,1440.0,Selectively binds to and acts as a partial agonist of α4β2 nicotinic receptors. The efficacy in smoking cessation is believed to be the result of the partial agonist activity while simultaneously preventing nicotine binding to these receptors.,,https://en.wikipedia.org/wiki/Varenicline | https://www.accessdata.fda.gov/drugsatfda_docs/label/2009/021928s011lbl.pdf,duration_by_route
Venlafaxine,,Effexor | Effexor XR,Antidepressant,medical_rx,SNRI | antidepressant | hypertension-risk | prescription-only | serotonin-syndrome-risk,,,,no,no,300.0,Inhibits serotonin and norepinephrine reuptake in the presynaptic neurons leading to higher concentrations of serotonin and norepinephrine in the neuronal synapse.,,"https://www.accessdata.fda.gov/drugsatfda_docs/label/2017/020151s068,020699s057lbl.pdf | https://en.wikipedia.org/wiki/Venlafaxine | https://www.accessdata.fda.gov/drugsatfda_docs/label/2012/020151s059lbl.pdf","dose_ranges_by_route, duration_by_route"
Verapamil,,Calan SR | Verelan | Verelan PM,Cardiovascular,medical_rx,"antianginal | antiarrhythmic, class iv | antihypertensive | calcium channel blocker, nondihydropyridine",,,,no,no,,"Verapamil blocks L-type voltage-sensitive calcium channels in the blood vessels and myocardium leading to dilatation of the main coronary and systemic arteries and decreasing myocardial contractility, decreased peripheral arterial resistance, improved oxygen delivery to the myocardial tissue, and decreased cardiac output.",,,"dose_ranges_by_route, duration_by_route, half_life_minutes, references"
Verteporfin,,Visudyne,,medical_rx,,,,,no,no,,"Visudyne (verteporfin for injection) therapy is a two-stage process requiring administration of both verteporfin for injection and nonthermal red light. Verteporfin is transported in the plasma primarily by lipoproteins. Once verteporfin is activated by light in the presence of oxygen, highly reactive, short-lived singlet oxygen and reactive oxygen radicals are generated. Light activation of verteporfin results in local damage to neovascular endothelium, resulting in vessel occlusion. Damaged endothelium is known to release procoagulant and vasoactive factors through the lipoxygenase (leukotriene) and cyclo-oxygenase (eicosanoids such as thromboxane) pathways, resulting in platelet aggregation, fibrin clot formation and vasoconstriction. Verteporfin appears to somewhat preferentially accumulate in neovasculature, including choroidal neovasculature. However, animal models indicate that the drug is also present in the retina.",,,"dose_ranges_by_route, duration_by_route, half_life_minutes, references"
Vilazodone,,EMD-68843 | SB-659746A | Viibryd,Antidepressant,medical_rx,5-HT1A-partial-agonist | CYP3A4-substrate | SPARI | SSRI | antidepressant | prescription-only | serotonin-syndrome-risk | ssri & 5-ht1a partial agonist,,,,no,no,1500.0,SSRI and 5-HT1A Partial Agonist,,https://www.accessdata.fda.gov/drugsatfda_docs/label/2015/022567s012lbl.pdf | https://en.wikipedia.org/wiki/Vilazodone,"dose_ranges_by_route, duration_by_route"
Viloxazine,,Catatrol | Qelbree | Vivalan,Stimulant,recreational,5-HT2C-partial-agonist | CYP1A2-inhibitor-strong | NRI | tentative,oral,oral,oral,yes,yes,420.0,,,https://www.accessdata.fda.gov/drugsatfda_docs/label/2025/211964s013lbl.pdf,mechanism_of_action
Vinpocetine,,Cavinton | Ethyl apovincaminate | RGH-4405,Nootropic,recreational,PDE1-inhibitor | cerebral-vasodilator | low-oral-bioavailability | nootropic | pregnancy-contraindicated | vasodilator,oral,oral,oral,yes,yes,90.0,,Cerebral vasodilation,https://en.wikipedia.org/wiki/Vinpocetine,mechanism_of_action
Vitamin A,,Beta-Carotene | Retinol | Retinyl Palmitate,Supplement,otc,OTC | fat-soluble | immunomodulator | supplement | vision | vitamin,oral,oral,oral,yes,no,,,,https://ods.od.nih.gov/factsheets/VitaminA-HealthProfessional/ | https://en.wikipedia.org/wiki/Vitamin_A,"duration_by_route, half_life_minutes, mechanism_of_action"
Vitamin B1,,Benfotiamine | TTFD | Thiamin | Thiamine,Supplement,otc,B-vitamin | OTC | energy-metabolism | neurological | supplement | vitamin | water-soluble,oral,oral,oral,yes,yes,1080.0,,,https://ods.od.nih.gov/factsheets/Thiamin-HealthProfessional/ | https://en.wikipedia.org/wiki/Thiamine,mechanism_of_action
Vitamin B12,,B12 | B12 Inject Kit | Cobalamin | Cyanocobalamin | MeCbl | Methylcobalamin,Supplement,otc,B-vitamin | OTC | methylation | neurological | supplement | vitamin | water-soluble,oral,oral | sublingual,oral | sublingual,yes,no,14400.0,,,https://ods.od.nih.gov/factsheets/VitaminB12-HealthProfessional/ | https://en.wikipedia.org/wiki/Vitamin_B12,"duration_by_route, mechanism_of_action"
Vitamin B3,,NMN | NR | Niacin | Niacinamide | Nicotinamide | Nicotinamide Mononucleotide | Nicotinamide Riboside | Nicotinic Acid,Supplement,otc,B-vitamin | NAD-precursor | OTC | energy-metabolism | hepatotoxic-at-high-dose | supplement | vitamin | water-soluble,oral,oral,oral,yes,yes,60.0,,,https://ods.od.nih.gov/factsheets/Niacin-HealthProfessional/ | https://en.wikipedia.org/wiki/Niacin,mechanism_of_action
Vitamin B6,,P5P | Pyridoxine,Supplement,otc,B-vitamin | OTC | energy-metabolism | neurotransmitter-synthesis | supplement | vitamin | water-soluble,oral,oral,oral,yes,no,36000.0,,,https://ods.od.nih.gov/factsheets/VitaminB6-HealthProfessional/ | https://en.wikipedia.org/wiki/Pyridoxal_phosphate,"duration_by_route, mechanism_of_action"
Vitamin C,,Ascorbate | Ascorbic Acid | L-Ascorbic Acid | Liposomal Vitamin C | Sodium Ascorbate,Supplement,otc,OTC | antioxidant | collagen-precursor | immune | supplement | vitamin | water-soluble,oral,oral,oral,yes,yes,900.0,,,https://ods.od.nih.gov/factsheets/VitaminC-HealthProfessional/ | https://en.wikipedia.org/wiki/Vitamin_C,mechanism_of_action
Vitamin D3,,Cholecalciferol | Colecalciferol | Vitamin D,Supplement,otc,OTC | bone-health | fat-soluble | hormonal | immunomodulator | supplement | vitamin,oral,oral,oral,yes,no,34560.0,,,https://ods.od.nih.gov/factsheets/VitaminD-HealthProfessional/ | https://en.wikipedia.org/wiki/Cholecalciferol,"duration_by_route, mechanism_of_action"
Vitamin E,,Alpha-Tocopherol | Mixed Tocopherols | Tocopherol | d-Alpha Tocopherol,Supplement,otc,OTC | antioxidant | fat-soluble | supplement | vitamin,oral,oral,oral,yes,no,1440.0,,,https://ods.od.nih.gov/factsheets/VitaminE-HealthProfessional/ | https://en.wikipedia.org/wiki/Vitamin_E,"duration_by_route, mechanism_of_action"
Vitamin K2,,MK-7 | MenaQ7 | Menaquinone-7 | Vitamin K2 MK-7,Supplement,otc,OTC | bone-health | cardiovascular | fat-soluble | supplement | vitamin,oral,oral,oral,yes,no,4320.0,,,https://ods.od.nih.gov/factsheets/VitaminK-HealthProfessional/ | https://en.wikipedia.org/wiki/Menaquinone,"duration_by_route, mechanism_of_action"
Vorapaxar,,Zontivity,,medical_rx,,,,,no,no,,"Vorapaxar is a reversible antagonist of the protease-activated receptor-1 (PAR-1) expressed on platelets, but its long half-life makes it effectively irreversible. Vorapaxar inhibits thrombin-induced and thrombin receptor agonist peptide (TRAP)-induced platelet aggregation in in vitro studies. Vorapaxar does not inhibit platelet aggregation induced by adenosine diphosphate (ADP), collagen or a thromboxane mimetic and does not affect coagulation parameters ex vivo. PAR-1 receptors are also expressed in a wide variety of cell types, including endothelial cells, neurons, and smooth muscle cells, but the pharmacodynamic effects of vorapaxar in these cell types have not been assessed.",,,"dose_ranges_by_route, duration_by_route, half_life_minutes, references"
Vortioxetine,,Brintellix | Trintellix,Antidepressant,medical_rx,"SSRI | antidepressant | prescription-only | serotonin-modulator | serotonin-syndrome-risk | ssri, 5-ht ra, 5-ht1a agonist",,,,no,no,4320.0,Multimodal Serotonergic Antidepressant,,https://www.accessdata.fda.gov/drugsatfda_docs/label/2020/204447s013lbl.pdf | https://en.wikipedia.org/wiki/Vortioxetine,"dose_ranges_by_route, duration_by_route"
W-15,,,Opioid,recreational,habit-forming | mis-classified-opioid | not-opioid | research-chemical | tentative,oral,oral,oral,yes,yes,,,,,"half_life_minutes, mechanism_of_action, references"
Warfarin,,Coumadin | Jantoven,Supplement,otc,anticoagulant | vitamin k antagonist,,,,no,no,,Vitamin K Epoxide Reductase Inhibitor (Anticoagulant),,,"dose_ranges_by_route, duration_by_route, half_life_minutes, references"
WIN-35428,,CFT | β-CFT,Stimulant,recreational,DRI | cocaine-like-DAT | investigational | no-human-data | radioligand | radioligand-origin | research-chemical,,,,no,no,,,,https://en.wikipedia.org/wiki/CFT,"dose_ranges_by_route, duration_by_route, half_life_minutes, mechanism_of_action"
Xanomeline,,Cobenfy | KarXT | Xanomeline and trospium chloride | Xanomeline/trospium,Antipsychotic,medical_rx,,oral,oral,,no,yes,300.0,"Muscarinic acetylcholine receptor agonist functionally selective for the M1 and M4 subtypes — the CNS-active component of Cobenfy, paired with trospium, a peripheral antimuscarinic that blunts cholinergic side effects without entering the brain. The first antipsychotic that works without blocking dopamine D2 receptors.",,FDA/DailyMed Cobenfy prescribing information §12.3 — xanomeline t½ ≈ 5 h | https://dailymed.nlm.nih.gov/dailymed/drugInfo.cfm?setid=8f0e73bf-6025-44f6-ab64-0983322de0df | Muscarinic Cholinergic Receptor Agonist and Peripheral Antagonist for Schizophrenia | https://en.wikipedia.org/wiki/Xanomeline/trospium_chloride,dose_ranges_by_route
Xeroquel,,Ketipinor | 喹硫平,,medical_rx,,oral,oral,oral,yes,yes,,喹硫平是一种强效的多巴胺、血清素和肾上腺素受体拮抗剂，同时也是一种强效的抗组胺药，其抗胆碱能特性在临床上可以忽略不计。喹硫平与血清素受体结合紧密；它还是 5-HT1A 受体的部分受体激动剂。就其抗精神病作用而言，精确的作用机制尚不明确，但根据精神分裂症的多巴胺理论，抗精神病效果可能与该药物降低中脑边缘通路内的多巴胺能神经递质传递的能力有关呢喵。,,,"half_life_minutes, references"
Yerba-mate,,,Stimulant,recreational,habit-forming,oral,oral,oral,yes,yes,,,,,"half_life_minutes, mechanism_of_action, references"
YK-11,,Myostine,Endocrine,medical_rx,no-human-data | research-chemical | sarm | wada-prohibited,oral,oral,,no,no,,Steroidal SARM with dual mechanism: partial AR agonism plus functional myostatin inhibition via follistatin upregulation.,,https://en.wikipedia.org/wiki/YK-11,half_life_minutes
Yopo,,Anadenanthera peregrina snuff | anadenanthera,Empathogen,recreational,MISCATEGORIZED | psychedelic,,,,no,no,,,,,"dose_ranges_by_route, duration_by_route, half_life_minutes, mechanism_of_action, references"
Zafirlukast,,Accolate,,medical_rx,leukotriene receptor antagonist,,,,no,no,600.0,Selectively antagonizes leukotriene receptors (CysLT-1 receptor) blocking activation of cellular activity associated with the inflammation process and smooth muscle contraction in the airways.,,"FDA label for Zafirlukast (zafirlukast), Clinical Pharmacology/Pharmacokinetics — mean terminal t½ ≈ 10 hours","dose_ranges_by_route, duration_by_route"
Zanamivir,,Relenza,Antimicrobial,non_recreational,antiviral | neuraminidase inhibitor,,,,no,no,228.0,"Inhibits influenza virus neuraminidase, an enzyme that releases viral particles from the plasma membrane of infected cells and promotes virus spread in the respiratory tract.",,"FDA label for RELENZA (zanamivir), Clinical Pharmacology 12.3 — serum t½ = 2.5–5.1 hours (oral inhalation)","dose_ranges_by_route, duration_by_route"
Zidovudine,,Retrovir,,medical_rx,,,,,no,no,,Zidovudine is an antiRetroviral agent.,,,"dose_ranges_by_route, duration_by_route, half_life_minutes, references"
Zinc Picolinate,,Zinc | Zinc Bisglycinate | Zinc Gluconate | Zinc L-Carnosine,Supplement,otc,OTC | antioxidant | immune | mineral | supplement | testosterone,oral,oral,oral,yes,no,1440.0,,,https://ods.od.nih.gov/factsheets/Zinc-HealthProfessional/ | https://en.wikipedia.org/wiki/Zinc_picolinate,"duration_by_route, mechanism_of_action"
Zinc/Zinc/Sambucus Nigra Flowering Top,,Nbb,,otc,,,,,no,no,,,,,"dose_ranges_by_route, duration_by_route, half_life_minutes, mechanism_of_action, references"
Zolazepam,,,Benzodiazepine,recreational,GABAA-PAM | benzodiazepine | habit-forming | pyrazolodiazepine | veterinary,insufflation,insufflation | intramuscular | oral,insufflation | intramuscular | oral,yes,no,,,,,"duration_by_route, half_life_minutes, mechanism_of_action, references"
Zoledronic acid,,Reclast,,medical_rx,,,,,no,no,8760.0,Reclast is a bisphosphonate and acts primarily on bone. It is an inhibitor of osteoclast-mediated bone resorption. The selective action of bisphosphonates on bone is based on their high affinity for mineralized bone. Intravenously administered zoledronic acid rapidly partitions to bone and localizes preferentially at sites of high bone turnover. The main molecular target of zoledronic acid in the osteoclast is the enzyme farnesyl pyrophosphate synthase. The relatively long duration of action of zoledronic acid is attributable to its high binding affinity to bone mineral.,,"FDA label for Zoledronic acid (zoledronic acid injection), Clinical Pharmacology/Pharmacokinetics — terminal t1/2 = 146 h | https://dailymed.nlm.nih.gov/dailymed/search.cfm?labeltype=all&query=0078-0435","dose_ranges_by_route, duration_by_route"
Zolmitriptan,,Zomig,Other,recreational,5-ht1b/1d agonist | 5HT1B-1D-agonist | CYP1A2-substrate | MAO-A-substrate | no-human-data | triptan | tryptamine,,,,no,no,180.0,"Selectively agonizes 5-HT1B/1D receptors causing vasoconstriction of cranial blood vessels, inhibition of pro-inflammatory neuropeptide release, and decreased pain transmission.",,https://www.accessdata.fda.gov/drugsatfda_docs/label/2013/020768s029lbl.pdf,"dose_ranges_by_route, duration_by_route"
Zonisamide,,Zonegran,Anticonvulsant,medical_rx,GABA-modulator | anticonvulsant | appetite-suppressant | prescription-only | sodium-channel-blocker,,,,no,no,4680.0,,,https://en.wikipedia.org/wiki/Zonisamide,"dose_ranges_by_route, duration_by_route, mechanism_of_action"
α-PCYP,,A-PCYP | alpha-PCyP | alpha-PyrrolidinoCyclohexanoPhenone,Stimulant,recreational,,insufflation,insufflation | oral,insufflation | oral,yes,yes,,,,,"half_life_minutes, mechanism_of_action, references"
α-Pyrrolidinopropiophenone,APPP,APPP | a-PPP | alpha-PPP,Stimulant,recreational,class:Pyrrolidinophenone cathinone stimulant,inhalation,inhalation | insufflation | intravenous | oral | sublingual,inhalation | insufflation | intravenous | oral | sublingual,yes,yes,,,,,"half_life_minutes, mechanism_of_action, references"
βH-2C-B,,2C-B-OH | 2C-B-Β-OL | BH-2c-B | BH-2cb | BH2CB | BOH-2C-B | BOH-2cb | BOH2CB | BOHB | Β-hydroxy-2C-B | βOH-2C-B,Psychedelic,recreational,2C-x | 5-HT2A-agonist | phenethylamine | research-chemical | tentative,insufflation,insufflation | oral,insufflation | oral,yes,yes,,,,,"half_life_minutes, mechanism_of_action, references"
复方甘草片,,,,medical_rx,,,,,no,no,,,,,"dose_ranges_by_route, duration_by_route, half_life_minutes, mechanism_of_action, references"
多拉西敏,,,,medical_rx,,oral,oral,oral,yes,yes,,"Doxylamine acts primarily as an inverse agonist at H1 histamine receptors, an action responsible for its antihistaminic and sedative properties. To a lesser extent, doxylamine also acts as an antagonist at muscarinic acetylcholine receptors, an action that underlies its deliriant effects.

Doxylamine is broken down in the liver by the cytochrome P450 enzymes CYP2D6, CYP1A2, and CYP2C9. Its primary metabolites are N-desmethyldoxylamine, N,N-didesmethyldoxylamine, and doxylamine N-oxide. Doxylamine reaches peak plasma concentration 1.5–2.5 hours after administration and has a half-life of 10–12 hours.

At sufficiently high doses, doxylamine may cause a false positive result on methadone screening tests.

The oral bioavailability of doxylamine is 24.7% and the intranasal bioavailability is 70.8%.",,,"half_life_minutes, references"
大果柯拉豆,,科奥巴 | 约波 | 霍波,,medical_rx,,,,,no,no,,,,,"dose_ranges_by_route, duration_by_route, half_life_minutes, mechanism_of_action, references"
愈美片,,,,medical_rx,,,,,no,no,,,,,"dose_ranges_by_route, duration_by_route, half_life_minutes, mechanism_of_action, references"
橙黄鹅膏,,,,medical_rx,,,,,no,no,,,,,"dose_ranges_by_route, duration_by_route, half_life_minutes, mechanism_of_action, references"
环唑酮,,N-环丙基匹莫林,Stimulant,recreational,,,,,no,no,,"环唑酮是匹莫林的大约3x - 5x更强的N-环丙基衍生物。匹莫林被认为是多巴胺能的，但其确切作用方式尚未完全确定。匹莫林对去甲肾上腺素受体有最小亲和力，因此与典型的多巴胺能中枢神经系统兴奋剂如哌甲酯和右旋-苯丙胺相比，具有最小的拟交感副作用哦。

根据发明人提交的专利，环唑酮表现出中枢神经系统刺激特性以及比匹莫林和其他N-低烷基取代匹莫林衍生物更强的食欲抑制特性。当时环唑酮也提供了比匹莫林和其他N-低烷基取代匹莫林衍生物更有利的治疗指数和安全边际呢。

在动物模型中，环唑酮表现出中枢神经系统兴奋剂和抗抑郁药效和效力至少等于右旋-苯丙胺。最大活性持续时间为180分钟，总兴奋持续时间超过6小时。而且，根据发明人的专利，环唑酮在动物模型中也具有至少等于右旋-苯丙胺的食欲抑制效力和效力，但环唑酮的毒性与其活性相比被发现较低欸。

环唑酮很可能是一种苯丙胺样的Trace Amine Associated Receptor 1 (TAAR1)的激动剂，这是常见和微量脑单胺如多巴胺、血清素和去甲肾上腺素的关键调节器。这一组受体的激动导致突触间隙中多巴胺、血清素和去甲肾上腺素浓度的增加。这导致用户内的认知和躯体刺激嘛。",,,"dose_ranges_by_route, duration_by_route, half_life_minutes, references"
石山碱甲,,石杉碱甲,,medical_rx,,oral,oral,oral,yes,yes,,Huperzine A is a reversible acetylcholinesterase inhibitor and an NMDA receptor antagonist.,,,"half_life_minutes, references"
羟吗啡酮腙,,吗啡喃-6-酮,,medical_rx,,oral,oral,oral,yes,yes,,"羟吗啡酮腙是一种长效、不可逆的μ-阿片受体（MOR）激动剂。这是因为阿片类药物在结构上会模拟体内内源性内啡肽。内啡肽负责产生镇痛（减轻疼痛）、引起困倦，以及带来愉悦感。它们可能会在疼痛、剧烈运动、性高潮或兴奋状态下释放。这种对天然内啡肽的模拟，会带来该药物的躯体欣快感、镇痛以及焦虑抑制效应。

这些效应似乎都来源于阿片类药物对内源性内啡肽的模拟。内啡肽负责镇痛（减轻疼痛）、引起困倦，以及带来愉悦感。它们可能会在疼痛、剧烈运动、性高潮或兴奋状态下释放。对天然内啡肽的这种模拟，最终产生了该药物的各种效应。

据估计，羟吗啡酮腙的效力约为羟吗啡酮的50%-100%。尽管羟吗啡酮腙本身具有活性，但研究表明，它异常漫长的作用时长和不可逆结合，可能是由于其迅速降解为氧吗啡腙。氧吗啡腙的效力约高出20-40倍，并会与MOR形成共价键，因此清除时间极长。

由于其强结合亲和力和长效特征，羟吗啡酮腙的耐受会建立得非常快，而且哪怕只给药一次，也几乎必然会形成躯体依赖。",,,"half_life_minutes, references"
翠冠玉,,,,medical_rx,,,,,no,no,,,,,"dose_ranges_by_route, duration_by_route, half_life_minutes, mechanism_of_action, references"
苏摩,,,,medical_rx,,,,,no,no,,,,,"dose_ranges_by_route, duration_by_route, half_life_minutes, mechanism_of_action, references"
苦茶碱,,"1,3,7,9-四甲基尿酸",Stimulant,recreational,,insufflation,insufflation | oral,insufflation | oral,yes,yes,,,,,"half_life_minutes, mechanism_of_action, references"
萘哌甲酯,,,Stimulant,recreational,,oral,oral,oral,yes,yes,,"Methylnaphthidate is believed to act primarily as a monoamine triple reuptake inhibitor—that is, it binds to and partially blocks the transporter proteins normally responsible for clearing dopamine, norepinephrine, and serotonin from the synaptic cleft, effectively elevating levels of these neurotransmitters throughout the brain and central nervous system. This leads to an accumulation of these molecules in the brain, particularly within reward pathways, producing stimulant and euphoric effects.",,,"half_life_minutes, references"
银冠玉,,,,medical_rx,,,,,no,no,,,,,"dose_ranges_by_route, duration_by_route, half_life_minutes, mechanism_of_action, references"
鹅花树,,伊博加,,medical_rx,,,,,no,no,,,,,"dose_ranges_by_route, duration_by_route, half_life_minutes, mechanism_of_action, references"
麦斯卡林,,"3,4,5-三甲氧基苯乙胺",,medical_rx,,oral,oral,oral,yes,yes,,"Mescaline acts similarly to other psychedelics. It binds to and activates the serotonin 5-HT2A receptor with high affinity. How activation of the 5-HT2A receptor produces a psychedelic state is not fully understood, but it likely involves excitation of neurons in the prefrontal cortex. Mescaline is also known to bind to and activate the serotonin 5-HT2C receptor.",,,"half_life_minutes, references"
鼠尾草素乙,,,,medical_rx,,,,,no,no,,,,,"dose_ranges_by_route, duration_by_route, half_life_minutes, mechanism_of_action, references"
