name,display_name,aliases,category,display_class,tags,default_route,all_routes,routes_with_dose,has_dose_data,has_duration_data,half_life_minutes,mechanism_summary,effects,references,data_gaps
"1,3-Dimethyl-8-Chloroxanthine",,8-氯茶碱,,medical_rx,,,,,no,no,,,,,"dose_ranges_by_route, duration_by_route, half_life_minutes, mechanism_of_action, references"
"1,4-BDO",,"1,4-B | 1,4-butylene glycol | 4-Butanediol | BDO | butane-1,4-DIOL | liquid fantasy | one comma four | one-four bee | tetramethylene glycol",GABAergic,recreational,,oral,oral,oral,yes,yes,,,,,"half_life_minutes, mechanism_of_action, references"
"1,4-Butanediol",,"1,4-B | 1,4-BD | 1,4-丁二醇 | 14bd | BD | BDO | Butylene Glycol | One Comma Four | One Four B-D-O | One Four Bee | butane-1,4-DIOL | tetramethylene glycol",Depressant,recreational,ADH-substrate | GHB-prodrug | class:alkanediol | class:diol | ethanol-interaction-major | habit-forming,oral,oral,oral,yes,yes,39.3,Prodrug → GHB (GABA-B Agonist),"Amnesia | Anxiety suppression | Cognitive euphoria | Dehydration | Disinhibition | Dizziness | Empathy, love, and sociability enhancement | Increased libido | Information processing suppression | Motor control loss | Nausea | Physical euphoria | Respiratory depression | Sedation | Stimulation | Thought deceleration",,references
"1-(2,3,4-Trimethoxybenzyl)piperazine","2,3,4-TMBZP","2,3,4-TMBZP | 2,3,4-trimethoxybenzyl-piperazine | 2,3,4-trimethoxybenzylpiperazine",,recreational,,oral,oral,oral,yes,yes,,,,,"half_life_minutes, mechanism_of_action, references"
"1-(2,5-Dimethoxybenzyl) piperazine","2,5-DMBZP","2,5-DMBZP | 2,5-dimethoxybenzylpiperazine | DMBZP",,recreational,,oral,oral,oral,yes,yes,,,,,"half_life_minutes, mechanism_of_action, references"
16-Bromo-salvinorin A,,16-BR-Sal A | 16-BR-SalA | 16-bromosalvinorin A,Dysdelic,recreational,anti-cocaine-preclinical | biased-agonist-G-protein | kappa-opioid-agonist | longer-duration-than-Sal-A | no-human-data | research-chemical | salvinorin,,,,no,no,,,,,"dose_ranges_by_route, duration_by_route, half_life_minutes, mechanism_of_action, references"
1B-LSD,,1-Bu-LSD | 1-BuLSD | 1-butanoyl-LSD | 1-butyryl-LSD | 1-丁酰基-D-麦角酸二乙酰胺 | 1b | N1-butanoyl-LSD,Psychedelic,recreational,class:lysergamides | prodrug-of-LSD | research-chemical | tentative,oral,oral | sublingual,oral | sublingual,yes,yes,,"基于其与 LSD 的结构相似性，1B-LSD 可能作为 5-HT 受体的部分激动剂。 迷幻效应被认为主要源于其对分布在整个大脑中的 5-HT 受体的效力。1B-LSD 还可能在广泛的单胺受体（如多巴胺和去甲肾上腺素受体）上表现出结合活性。然而，目前还没有数据支持这些说法。

研究表明，1B-LSD（以及酰基同系物 1P-LSD 和 ALD-52）在体内通过 CYP1A2 和 CYP3A4 脱酰基，通过消除丁酸转化为 LSD，这在人类血清和大鼠的研究中都得到了证实哦。",,,"half_life_minutes, references"
1BP-LSD,,,Psychedelic,recreational,boron-compound | lsd-prodrug | no-human-data | psychedelic | research-chemical,,,,no,no,,Presumed LSD prodrug via boronate ester hydrolysis → 5-HT2A partial agonist; boron toxicology completely unstudied.,cognitive amplification,https://en.wikipedia.org/wiki/1BP-LSD,"dose_ranges_by_route, duration_by_route, half_life_minutes"
1Bz-LSD,,1-benzoyl-LSD | syn-L-018,Psychedelic,recreational,lsd-prodrug | no-human-data | psychedelic | research-chemical,,,,no,no,,Presumed LSD prodrug via sequential deethylation (→ 1Bz-LAE) then hydrolysis → LSD; full chain characterized in vitro only.,cognitive amplification,https://en.wikipedia.org/wiki/1Bz-LSD | Azuma 2026 Drug Test Anal,"dose_ranges_by_route, duration_by_route, half_life_minutes"
1cP-AL-LAD,,N1-cyclopropanoyl AL-LAD,Psychedelic,recreational,class:lysergamides,insufflation,insufflation | oral | sublingual,insufflation | oral | sublingual,yes,yes,,"1cP-AL-LAD 可能作为 5-HT 部分激动剂发挥作用喵。人们认为迷幻剂效应来自于 1cP-AL-LAD 在 5-HT 家族受体上的效能。然而，这些相互作用的作用方式以及它们如何导致迷幻体验，仍然是科学界不断阐明的主题呢。

鉴于其 1-环丙酰基取代，1cP-AL-LAD 也被怀疑是 AL-LAD 的前药。这可以与 1cP-LSD 进行类比，后者也很可能是 LSD 的前药。然而，目前还没有足够的数据、轶事或保证来确认 1cP-AL-LAD 具有完全相同的属性哦。

1cP-AL-LAD 还与其母体化合物 LSD 具有许多共同特征；在人类身上，它的效力似乎大致相等（或略低），作用机制也相似，尽管效应的进展和持续时间有所压缩（同时在性质上不那么强烈且更易于管理——这可能是因为它更容易被分解代谢）。",,,"half_life_minutes, references"
1Cp-LSD,,1-(cyclopropanoyl)-LSD | 1-CPA-LSD | 1-cyclopropanecarbonyl-LSD | 1-cyclopropionyl-LSD | 1-环丙酰基-D-麦角酸二乙酰胺 | 1cP | 1cplsd | Curie,Psychedelic,recreational,class:Lysergamide | class:lysergamides | prodrug-of-LSD | research-chemical | tentative,insufflation,insufflation | oral | sublingual,insufflation | oral | sublingual,yes,yes,,"更多信息请见：迷幻剂

基于其与 LSD 的结构相似性，1cP-LSD 可能作为 5-HT 受体的受体激动剂（部分激动剂）发挥作用喵。 迷幻剂效应被认为主要源于它在分布于整个大脑的 5-HT 受体上的效力。1cP-LSD 可能还对广泛的单胺受体显示出结合活性，例如多巴胺和去甲肾上腺素受体。不过，目前还没有数据支持这些说法呢。

由于其与 LSD 的结构相似性，可以提出以下假设：大多数血清素类迷幻剂没有显著的多巴胺活性，因此 1cP-LSD 在这方面被认为是异类喵。在 D 受体上的任何激动活性都可能对其在人类身上的精神活性产生贡献。此外，1cP-LSD 可能会结合除 5-HT 和 5-HT 受体之外的大多数血清素受体亚型。然而，大多数这些受体的亲和力太低，不足以被大约 10–20 nM 的大脑浓度充分激活。娱乐剂量可能会影响 5-HT、5-HT、5-HT、5-HT、5-HT [在克隆的大鼠组织中] 和 5-HT 受体哦。

1cP-LSD 可能是偏向激动剂，它会诱导血清素受体产生一种构象，从而优先招募 β-arrestin 而不是激活 G 蛋白。5-HT 与 1cP-LSD 结合的晶体结构显示，一个胞外环在结合腔的二乙酰胺端形成了一个“盖子”，这解释了它从血清素受体上解离速度缓慢的原因喵。",,,"half_life_minutes, references"
1cP-MiPLA,,1-cP-MiPLA | 1-cyclopropionyl-MiPLA | 1-环丙酰基甲基异丙基麦角酰胺 | LAMIDE 1-cP,Psychedelic,recreational,class:Lysergamides | class:lysergamides,oral,oral | sublingual,oral | sublingual,yes,yes,,,,,"half_life_minutes, mechanism_of_action, references"
1D-LSD,,Valerie | syn-L-229,Psychedelic,recreational,anecdotal-dose-only | lsd-prodrug | psychedelic | research-chemical,oral,oral | sublingual,oral | sublingual,yes,yes,216.0,LSD prodrug — strained cyclobutane ring hydrolyzes to release LSD → 5-HT2A partial agonist.,cognitive amplification | emotional amplification | synesthesia | ego dissolution,https://en.wikipedia.org/wiki/1D-LSD | https://www.ncbi.nlm.nih.gov/pmc/articles/PMC9191647/,
1P-ETH-LAD,,1pethlad,Psychedelic,recreational,class:lysergamides | research-chemical | tentative,oral,oral,oral,yes,yes,,"更多信息请参阅：血清素能致幻剂

这种化合物可能作为 5-HT 受体激动剂起作用喵。人们认为致幻剂效应源于 1P-ETH-LAD 对 5-HT 受体的效能。然而，这些相互作用的作用以及它们如何导致幻觉体验目前仍然不明确呢。

1P-ETH-LAD 与其母体化合物 LSD 有许多共同特征；它的效力似乎大致相等，机制也相似，尽管由于代谢方式的疑似差异，其效果的进展和持续时间会被压缩（同时在性质上不那么强烈且更易于管理）哦。研究表明，在人血清中孵育的 1P-ETH-LAD 会形成 ETH-LAD，这表明它起到前药的作用呢。",,,"half_life_minutes, references"
1P-LSD,,1-propionyl-LSD | 1-propionyl-lysergic acid diethylamide | 1P | 1P-LSD hemitartrate | 1plsd,Psychedelic,recreational,CES1-substrate | class:Lysergamide | class:lysergamides | prodrug-of-LSD | research-chemical,oral,oral | sublingual,oral | sublingual,yes,yes,240.0,"另见：血清素能迷幻剂

基于它和LSD的结构相似性，1P-LSD很可能作为5-HT2A受体的部分激动剂起作用。它的迷幻效果被认为主要来自于它对分布在大脑各处的5-HT2A受体的作用呢。

1P-LSD也很可能对各种单胺受体显示出结合活性，比如多巴胺和去甲肾上腺素受体。不过，目前还没有实验数据支持这些说法哦。

理论上，1P-LSD可能是LSD的前药。虽然1P-LSD在小鼠体内的效力只有LSD的38%，但当1P-LSD在人血清中孵育时，通过LC-MS可以检测到LSD。目前正在进行后续研究，比较LSD和1P-LSD在5-HT受体上的亲和力和选择性，并确定1P-LSD是否在体内水解为LSD。除此之外，1P-LSD也有可能本身就具有活性呢。

在上述研究发表之前，药物化学家和迷幻剂研究员David E. Nichols据报道在私人通信中评论了1P-LSD潜在的血清素受体结合动力学：

“我确信1-丙酰基也会从吲哚上水解下来，但我不知道体内条件是否允许。在化学实验室里，你可以去掉N-苯甲酰基，所以N-丙酰基可能也会掉下来。但在体内呢？我不知道答案。不过，作为N-丙酰基化合物，它本身是没有活性的。LSD停靠在5-HT2A受体的方式是吲哚NH与丝氨酸5.46形成氢键。有了丙酰基，它就塞不进受体了。”","Acuity enhancement | Analysis enhancement | Auditory distortion | Auditory enhancement | Auditory hallucinations | Autonomous entities | Bodily control enhancement | Colour enhancement | Colour shifting | Conceptual thinking | Creativity enhancement | Delusions | Depth perception distortions | Drifting | Emotion enhancement | External hallucinations | Feelings of interdependent opposites | Feelings of self-design | Geometry | Immersion enhancement | Increased heart rate | Internal hallucinations | Memory suppression | Mindfulness | Muscle spasms | Nausea | Novelty enhancement | Pattern recognition enhancement | Personal bias suppression | Perspective alterations | Perspective distortions | Pupil dilation | Scenarios and plots | Settings, sceneries, and landscapes | Spirituality enhancement | Spontaneous tactile sensations | Stimulation | Symmetrical texture repetition | Tactile enhancement | Thought acceleration | Thought disorganization | Thought loops | Time distortion | Tracers | Transformations | Unity and interconnectedness | Wakefulness",Pharmacokinetics and subjective effects of 1P‐LSD in humans after oral and intravenous administration,
1S-LSD,,N1-TMS-propionyl lysergamide,Psychedelic,recreational,class:Lysergamide,oral,oral | sublingual,oral | sublingual,yes,yes,,,,,"half_life_minutes, mechanism_of_action, references"
1V-LSD,,1-戊酰基-D-麦角酸二乙酰胺,Psychedelic,recreational,class:lysergamides,oral,oral,oral,yes,yes,,"更多信息请见：血清素能致幻剂

基于其与 LSD 的结构相似性，1V-LSD 可能作为 5-HT 受体的部分激动剂起作用喵。致幻剂效应被认为主要源于其对分布在整个大脑中的 5-HT 受体的效力呢。

1V-LSD 可能还对广泛的单胺受体表现出结合活性，例如多巴胺和去甲肾上腺素受体哦。然而，目前还没有数据支持这些说法喵。

理论上认为，1V-LSD（以及酰基同系物 1P-LSD 或 ALD-52）在体内通过消除戊酸脱酰基化为 LSD，这已通过人血清研究得到证实呢。",,,"half_life_minutes, references"
"2,4-DMA",,"2,4-dimethoxyamphetamine",Psychedelic,recreational,PIHKAL | no-human-data | phenethylamine,,,,no,no,,,,https://erowid.org/library/books_online/pihkal/pihkal053.shtml,"dose_ranges_by_route, duration_by_route, half_life_minutes, mechanism_of_action"
"2,5-Dimethoxy-4-ethoxyamphetamine",MEM,MEM,,recreational,,oral,oral,oral,yes,yes,,,,,"half_life_minutes, mechanism_of_action, references"
"2,5-DMA",,"2,5-dimethoxyamphetamine | 5-二甲氧基苯丙胺 | DOH",Psychedelic,recreational,PIHKAL | class:amphetamine | no-human-data | phenethylamine,oral,oral,oral,yes,yes,,"目前没有 2,5-DMA 在人体中的试验记录，关于其药理特性、代谢和毒性的数据也非常有限呢。",,https://erowid.org/library/books_online/pihkal/pihkal054.shtml,half_life_minutes
"2,a-DMT",,,Psychedelic,recreational,5-HT2A-agonist | TIHKAL | tryptamine,oral,oral,oral,yes,yes,,,,https://erowid.org/library/books_online/tihkal/tihkal07.shtml,"half_life_minutes, mechanism_of_action"
2-AI,,2-aminoindan | 2ai,Stimulant,recreational,habit-forming | research-chemical | tentative,oral,oral,oral,yes,yes,90.0,,Acuity enhancement | Analysis enhancement | Anxiety | Appetite suppression | Cognitive euphoria | Cognitive fatigue | Compulsive redosing | Dehydration | Depression | Focus enhancement | Increased heart rate | Increased perspiration | Irritability | Memory enhancement | Motivation enhancement | Nausea | Pain relief | Stimulation | Teeth grinding | Temporary erectile dysfunction | Thought acceleration | Thought deceleration | Wakefulness,,"mechanism_of_action, references"
2-Aminoindane,,2-AI | 2-aminoindan | 2-indanamine,Stimulant,recreational,class:aminoindane,insufflation,insufflation | oral | rectal,insufflation | oral | rectal,yes,yes,,由于缺乏关于该物质的研究，所有关于其药理学的讨论都纯粹基于其结构以及与其他兴奋剂（如苯丙胺、甲基苯丙胺和2-FMA）的主观效应相似性推测的呢。2-AI最可能是一种多巴胺和去甲肾上腺素神经递质释放剂。这意味着它通过结合并部分阻断通常从突触间隙移除这些单胺的转运蛋白，从而有效地提高大脑中去甲肾上腺素和多巴胺神经递质的水平。这使得多巴胺和去甲肾上腺素在大脑中积累，从而产生兴奋和欣快的效应哦。,,,"half_life_minutes, references"
"2-BR-4,5-MDA",,6-BR-MDA,Psychedelic,recreational,PIHKAL | SNDRI | no-human-data | phenethylamine | psychedelic-leaning,oral,oral,oral,yes,no,,,,https://erowid.org/library/books_online/pihkal/pihkal019.shtml,"duration_by_route, half_life_minutes, mechanism_of_action"
"2-Bromo-4,5-MDMA",,"2-BR-4,5-MDMA | 6-BR-MDMA",Psychedelic,recreational,psychedelic-leaning,insufflation,insufflation | oral,insufflation | oral,yes,yes,,,,,"half_life_minutes, mechanism_of_action, references"
2-Chloro-Ephenidine,,2-CL-ephenidine | 2-chloroephenidine | 2chloroephenidine | 2clephenidine,Dissociative,recreational,NMDA-antagonist | diarylethylamine | research-chemical | tentative,oral,oral,oral,yes,yes,,,,,"half_life_minutes, mechanism_of_action, references"
2-CMC,,2-Chloromethcathinone,Stimulant,recreational,cathinone | less-toxic-than-4CMC | neurotoxic-evidence-preliminary | no-human-data | research-chemical | weak-substrate-releaser,,,,no,no,,,,,"dose_ranges_by_route, duration_by_route, half_life_minutes, mechanism_of_action, references"
2-DPMP,,2-desoxypiperadol | 2-diphenylmethylpiperidine | 2-二苯甲基哌啶 | 2dpmp | Desoxypipradol | Desoxypipradrol | Ivory Wave,Stimulant,recreational,class:substituted piperidines | habit-forming | research-chemical | tentative,insufflation,insufflation | oral,insufflation | oral,yes,yes,1080.0,2-DPMP主要作为一种去甲肾上腺素-多巴胺再摄取抑制剂 (NDRI) 发挥作用，但作为一种兴奋剂，它的效力异常高，持续时间极长，剂量反应也不可预测。这些风险可能归因于它异常高的亲脂性和长消除半衰期，这也增加了滥用时引发兴奋剂精神病状态的相对风险，而且在人类中已经证实它的阈值低得惊人。,,,references
2-FEA,,2-Fluoroethamphetamine | 2-fluoroethylamphetamine,Stimulant,recreational,class:substituted amphetamines | research-chemical | tentative,insufflation,insufflation,insufflation,yes,yes,,,,,"half_life_minutes, mechanism_of_action, references"
2-Fluoroamphetamine,2-FA,2-F-amphetamine | 2-FA | 2-FMP | 2-氟苯丙胺 | 2fa | o-FA | ortho-fluoroamphetamine,Stimulant,recreational,DA-selective-releaser | class:substituted amphetamines | habit-forming | research-chemical,insufflation,insufflation | oral,insufflation | oral,yes,yes,,,,,"half_life_minutes, mechanism_of_action, references"
2-Fluorodeschloroketamine,2-FDCK,2-F-DCK | 2-FDCK | 2-FL-2'-oxo-PCM | 2-FL-2'-氧代-PCM | 2f-DCK | 2f-KET | 2f-ketamine | 2fdck | 2fket | Fluoroketamine,Dissociative,recreational,NMDA-antagonist | arylcyclohexylamine | class:arylcyclohexylamines | designer-dissociative | fatalities-reported | habit-forming | research-chemical | tentative,insufflation,insufflation | oral,insufflation | oral,yes,yes,,"更多信息：NMDA受体拮抗剂类药物

由于缺乏关于该物质的研究，所有关于其药理学的讨论都纯粹基于它的结构，以及它与其他芳基环己胺类物质解离剂，例如DCK和氯胺酮之间的主观效应相似性。考虑到这一点，2-氟去氯氯胺酮被认为可作为NMDA受体拮抗剂类药物发挥作用。

NMDA受体允许电信号在脑和脊髓中的神经元之间传递；要让信号通过，受体必须处于开放状态。解离剂会通过阻断NMDA受体来关闭它们。神经元之间的这种断连会导致感觉丧失、运动困难，并最终导致这种物质相当于“K洞”的状态。",,,"half_life_minutes, references"
2-Fluoroethamphetamine,2-FEA,2-F-ethylamphetamine | 2-FEA | 2-氟乙基苯丙胺,Empathogen,recreational,,insufflation,insufflation | oral | rectal | sublingual,insufflation | oral | rectal | sublingual,yes,yes,,目前还没有像对传统苯丙胺类药物那样对 2-FEA 进行正式的研究喵。目前假设它主要作为一种三重神经递质再摄取抑制剂起作用，并会释放以下神经递质：血清素、多巴胺和去甲肾上腺素。2-FEA 可能是通过作为这些神经递质的释放剂，或者通过结合并部分阻断那些在完成神经冲动传导后通常会将物质从突触间隙清除的转运蛋白来产生效果的呢。,,,"half_life_minutes, references"
2-FMA,,2-fluoromethamphetamine | 2-氟甲基苯丙胺 | 2fma,Stimulant,recreational,class:amphetamine | class:substituted amphetamines | habit-forming | research-chemical,insufflation,insufflation | oral,insufflation | oral,yes,yes,,虽然 2-FMA 还没有像传统 苯丙胺 那样被正式研究过，但人们认为它既是 多巴胺 也是 去甲肾上腺素 的 释放剂。这意味着它通过结合并部分阻断通常从 突触间隙 移除它们的转运蛋白，从而有效地增加大脑中去甲肾上腺素和多巴胺的水平。这使得多巴胺和去甲肾上腺素在大脑中积累，从而产生兴奋和欣快的效果。,Analysis enhancement | Anxiety | Anxiety suppression | Appetite suppression | Cognitive fatigue | Compulsive redosing | Dehydration | Depression | Focus enhancement | Increased heart rate | Increased perspiration | Irritability | Motivation enhancement | Physical euphoria | Stimulation | Tactile enhancement | Teeth grinding | Thought acceleration | Thought deceleration | Wakefulness,,"half_life_minutes, references"
2-FMC,,2-Fluoromethcathinone,Stimulant,recreational,cathinone | no-human-data | research-chemical | weak-releaser-predicted,,,,no,no,,,,https://en.wikipedia.org/wiki/2-Fluoromethcathinone,"dose_ranges_by_route, duration_by_route, half_life_minutes, mechanism_of_action"
2-FXiPr,,2-F-2-oxo-PCiPr | FXiPr,Dissociative,recreational,dissociative | no-human-data | oxo-arylcyclohexylamine | research-chemical,,,,no,no,,Presumed NMDA receptor antagonist; 2-oxo-arylcyclohexylamine (methoxetamine/MXiPr relative with 2-fluoro substituent replacing 2-methoxy of MXE).,,https://en.wikipedia.org/wiki/2-FXPr | https://nervewing.blogspot.com/2025/10/fxipr.html,"dose_ranges_by_route, duration_by_route, half_life_minutes"
2-MAPB,,2-(methylamino)propylbenzofuran,Empathogen,recreational,class:Benzofuran-substituted amphetamine,insufflation,insufflation | oral,insufflation | oral,yes,yes,,,,,"half_life_minutes, mechanism_of_action, references"
2-ME-DET,,2-methyl-diethyltryptamine,Psychedelic,recreational,TIHKAL | no-human-data | tryptamine,oral,oral,oral,yes,yes,,,,https://erowid.org/library/books_online/tihkal/tihkal33.shtml,"half_life_minutes, mechanism_of_action"
2-ME-DMT,,"2,N,N-TMT | 2,N,N-Trimethyltryptamine | 2-Methyl-N | 2-methyl-DMT | N | N-TMT | N-dimethyltryptamine | TIHKAL #34",Psychedelic,recreational,5-HT2A-agonist | TIHKAL | class:substituted tryptamine | research-chemical | tentative | tryptamine,inhalation,inhalation | insufflation | oral,inhalation | insufflation | oral,yes,yes,,,,https://erowid.org/library/books_online/tihkal/tihkal34.shtml,"half_life_minutes, mechanism_of_action"
2-Me-PiHP,,2-Me-Α-PiHP,Stimulant,recreational,autopsy-cases | cathinone | high-abuse-potential | no-human-data | pyrovalerone | research-chemical,,,,no,no,,Highly DAT-selective reuptake inhibitor (DAT IC50 = 7.6 nM); DAT/SERT selectivity ratio >40× cocaine → very high addiction and abuse potential.,,"In vitro monoamine reuptake inhibition and forensic case series in Sweden of the synthetic cathinones 2-, 3-, and 4-Me-alpha-PiHP. | PMID 40992254 (Forensic Sci Int 2025) | PMC11051472 | https://www.ncbi.nlm.nih.gov/pmc/articles/PMC11051472/","dose_ranges_by_route, duration_by_route, half_life_minutes"
2-MEC,,,Stimulant,recreational,habit-forming | research-chemical | tentative,insufflation,insufflation | oral,insufflation | oral,yes,yes,,,,,"half_life_minutes, mechanism_of_action, references"
2-MeO-Ketamine,,2-MeO-K | MXM | Methoxyketamine | O-methoxyketamine,Dissociative,recreational,NMDA-antagonist | arylcyclohexylamine | class:Arylcyclohexylamine | duplicate-of-2-MeO-Ketamine | habit-forming | research-chemical,insufflation,insufflation | intramuscular | oral,insufflation | intramuscular | oral,yes,yes,,,,,"half_life_minutes, mechanism_of_action, references"
2-Methoxymethyl-salvinorin B,,MOM-Sal B | MOM-SalB | SymBMS,Dysdelic,recreational,balanced-KOR-full-agonist | designer-drug-encountered-2020 | kappa-opioid-agonist | long-duration-3h | no-human-data | research-chemical | salvinorin,,,,no,no,,,,https://en.wikipedia.org/wiki/Salvinorin_B_methoxymethyl_ether,"dose_ranges_by_route, duration_by_route, half_life_minutes, mechanism_of_action"
2-Methyl-2-Butanol,,2-甲基-2-丁醇 | 2M2B | tert-amyl alcohol,Depressant,recreational,ADH-resistant | GABA-A-PAM-alcohol-pocket | habit-forming | tentative | tertiary-alcohol,oral,oral,oral,yes,yes,,2-甲基-2-丁醇会抑制 GABA 受体 上一个促惊厥位点的结合，[[10]](#cite_note-10) 这会导致带负电荷的氯离子进入神经元，从而增加神经元放电所需的兴奋量。由于它是一种叔醇，它不能像乙醇那样被乙醇脱氢酶代谢成醛（醛是导致大量摄入 乙醇 后宿醉的原因）。这使得 2M2B 比伯醇安全得多呢。[[11]](#cite_note-11) 但是嘛，这也导致了一个后果，就是 2-甲基-2-丁醇的作用时间延长了，摄入后效果可持续长达 12 小时哦。,Amnesia | Anxiety suppression | Cognitive euphoria | Disinhibition | Dizziness | Information processing suppression | Motor control loss | Muscle relaxation | Pain relief | Respiratory depression | Sedation | Thought deceleration,,"half_life_minutes, references"
2-Methylamphetamine,2-MeA,2-MA | 2-Me-AMP | 2-MeA | Ortetamine | o-Methylamphetamine | o-TAP | o-Tolylaminopropane | ortho-methylamphetamine,Stimulant,recreational,DRI | NDRI | TAAR1 | class:substituted amphetamine | habit-forming | phenethylamine | research-chemical | tentative,insufflation,insufflation | oral | rectal,insufflation | oral | rectal,yes,yes,,,,,"half_life_minutes, mechanism_of_action, references"
2-Methylethcathinone,2-MEC,2-MEC | ortho-methylethcathinone,,recreational,weak-predicted,insufflation,insufflation | oral | rectal | sublingual,insufflation | oral | rectal | sublingual,yes,yes,,,,,"half_life_minutes, mechanism_of_action, references"
2-MMC,,2-Methylmethcathinone | 2-甲基甲卡西酮 | Orthophedrone,Stimulant,recreational,cathinone | habit-forming | research-chemical | tentative | weak-substrate-releaser-predicted,insufflation,insufflation | oral,insufflation | oral,yes,yes,,,,https://en.wikipedia.org/wiki/2-Methylmethcathinone,"half_life_minutes, mechanism_of_action"
2-MPPP,,n-piperidinecathinone | piperidinyl ketone,Stimulant,recreational,DAT-blocker-predicted | habit-forming | research-chemical | tentative,insufflation,insufflation | oral | rectal,insufflation | oral | rectal,yes,yes,,,,,"half_life_minutes, mechanism_of_action, references"
2-NMC,,2'-Propionaphthone | 2-naphthyl methcathinone | 2-naphthylmethcathinone | 2NMC,Other,recreational,inactive,inhalation,inhalation | insufflation | oral,inhalation | insufflation | oral,yes,yes,,,,,"half_life_minutes, mechanism_of_action, references"
2-PTA,,2-(p-tolyl)acetamide | 4-methyl-2-PA,Stimulant,recreational,habit-forming | research-chemical | tentative,oral,oral,oral,yes,yes,,,,,"half_life_minutes, mechanism_of_action, references"
2-TFMXP,,2-(trifluoromethyl)-methoxphenidine | 2-TFM-MXP | 2-TFM-diphenidine | 2-trifluoromethyl-MXP | TFMXP,,recreational,,insufflation,insufflation | oral | sublingual,insufflation | oral | sublingual,yes,yes,,,,,"half_life_minutes, mechanism_of_action, references"
2-TIM,,,Psychedelic,recreational,PIHKAL | phenethylamine,,,,no,no,,,,https://erowid.org/library/books_online/pihkal/pihkal152.shtml,"dose_ranges_by_route, duration_by_route, half_life_minutes, mechanism_of_action"
2-TOET,,,Psychedelic,recreational,PIHKAL | no-human-data | phenethylamine,,,,no,no,,,,https://erowid.org/library/books_online/pihkal/pihkal169.shtml,"dose_ranges_by_route, duration_by_route, half_life_minutes, mechanism_of_action"
2-TOM,,,Psychedelic,recreational,PIHKAL | no-human-data | phenethylamine,oral,oral,oral,yes,yes,,,,https://erowid.org/library/books_online/pihkal/pihkal171.shtml,"half_life_minutes, mechanism_of_action"
22-Thiocyanatosalvinorin A,,RB-64,Dysdelic,recreational,biased-agonist-Gi | irreversible-covalent-agonist | kappa-opioid-agonist | no-human-data | research-chemical | research-probe | salvinorin,,,,no,no,,,,,"dose_ranges_by_route, duration_by_route, half_life_minutes, mechanism_of_action, references"
25B-NBOH,,25B NBOH | 25bnboh | 2C-B-NBOH | 2cb-NBOH | NBOH-25B | NBOH-2C-B | NBOH-2cb,Psychedelic,recreational,5-HT2A-agonist | NBOH | phenethylamine | research-chemical | tentative,buccal,buccal | sublingual,buccal | sublingual,yes,yes,,,,,"half_life_minutes, mechanism_of_action, references"
25B-NBOMe,,25b | 2C-B-NBOMe | BOM 2-CB | Cimbi-36 | New Nexus | Nova,Psychedelic,recreational,5-HT2A-agonist | NBOMe | class:substituted phenethylamines | phenethylamine | research-chemical,insufflation,insufflation | oral | sublingual,insufflation | sublingual,yes,yes,,,"Acuity enhancement | After images | Analysis enhancement | Auditory distortion | Auditory enhancement | Auditory hallucinations | Autonomous entities | Colour enhancement | Colour shifting | Conceptual thinking | Drifting | Emotion enhancement | Empathy, love, and sociability enhancement | Geometry | Immersion enhancement | Increased heart rate | Increased libido | Internal hallucinations | Memory suppression | Nausea | Novelty enhancement | Pattern recognition enhancement | Perception of decreased weight | Personal bias suppression | Perspective alterations | Pupil dilation | Scenarios and plots | Scenery slicing | Settings, sceneries, and landscapes | Spontaneous tactile sensations | Stimulation | Sublingual numbing | Symmetrical texture repetition | Thought acceleration | Thought connectivity | Time distortion | Tracers | Transformations | Vasoconstriction | Wakefulness",,"half_life_minutes, mechanism_of_action, references"
25C-NB3OMe,,25C-NB-3-OMe | 2C-C-NB3OMe | NB3OMe-2C-C,Psychedelic,recreational,,buccal,buccal | insufflation | oral,buccal | insufflation | oral,yes,yes,,,,,"half_life_minutes, mechanism_of_action, references"
25C-NBOH,,2C-C-NBOH,Psychedelic,recreational,5-HT2A-agonist | NBOH | class:substituted phenethylamines | phenethylamine | research-chemical | tentative,sublingual,sublingual,sublingual,yes,yes,,"更多信息请见：血清素类迷幻剂

25C-NBOH 在 血清素受体 上具有效力，它作为一个强效的激动剂发挥作用喵。

与其它迷幻剂相比，这种化合物在药理上非常独特，因为它对各种血清素受体表现出极高的选择性。它是 5-HT2A 受体最具有选择性的激动剂配体之一，pEC50 值为 9.43。

它作为强效的血清素受体激动剂，在 5-HT2A 和 5-HT2C 受体上与更知名的化合物 25C-NBOMe 具有相似的亲和力，pKis 值分别为 9.4 和 7.8 呢。

然而，这些相互作用具体是如何导致迷幻体验的，目前仍然是一个谜喵。",,,"half_life_minutes, references"
25C-NBOMe,,25c | 2C-C-NBOMe | 2c-NBOMe | Cimbi-82 | NBOMe-2C-C,Psychedelic,recreational,5-HT2A-agonist | NBOMe | class:substituted phenethylamines | phenethylamine | research-chemical,sublingual,sublingual,sublingual,yes,yes,,Full 5-HT2A Receptor Agonist (High Potency),"Acuity enhancement | After images | Analysis enhancement | Auditory distortion | Auditory enhancement | Auditory hallucinations | Autonomous entities | Changes in gravity | Colour enhancement | Colour shifting | Conceptual thinking | Diffraction | Drifting | Emotion enhancement | Empathy, love, and sociability enhancement | Environmental cubism | External hallucinations | Geometry | Immersion enhancement | Increased blood pressure | Increased heart rate | Increased libido | Internal hallucinations | Memory suppression | Nausea | Novelty enhancement | Pattern recognition enhancement | Perception of decreased weight | Personal bias suppression | Perspective alterations | Pupil dilation | Recursion | Scenarios and plots | Scenery slicing | Sedation | Settings, sceneries, and landscapes | Spontaneous tactile sensations | Stimulation | Sublingual numbing | Symmetrical texture repetition | Tactile hallucinations | Temperature regulation suppression | Thought acceleration | Thought connectivity | Time distortion | Tracers | Transformations | Vasoconstriction | Wakefulness",,"half_life_minutes, references"
25CN-NBOH,,25CN NBOH | 2C-CN-NBOH | C18H20N2O3 | NBOH-2C-CN | PubChem CID 90489020,Psychedelic,recreational,misclassified-not-a-dissociative,buccal,buccal | insufflation | sublingual,buccal | insufflation | sublingual,yes,yes,,,,,"half_life_minutes, mechanism_of_action, references"
25D-NBOMe,,25d | 2C-D-NBOMe,Psychedelic,recreational,5-HT2A-agonist | NBOMe | class:substituted phenethylamines | phenethylamine | research-chemical,sublingual,sublingual,sublingual,yes,yes,,25D-NBOMe 对 5-HT 受体 具有效力，在其中充当部分激动剂喵。然而，这些相互作用的作用以及它们如何导致迷幻体验，目前仍然难以捉摸呢。在结构中加入 NBOMe 组导致其效力比 2C-D 增加了 16 倍，这使得即使是极端的剂量也能以液体形式滴在贴纸或滤纸上，人们经常将其误认为是 LSD 呢。,,,"half_life_minutes, references"
25E-NBOH,,,Psychedelic,recreational,class:substituted phenethylamines,sublingual,sublingual,sublingual,yes,yes,,,,,"half_life_minutes, mechanism_of_action, references"
25E-NBOMe,,25e,Psychedelic,recreational,5-HT2A-agonist | NBOMe | phenethylamine | research-chemical,sublingual,sublingual,sublingual,yes,yes,,,,,"half_life_minutes, mechanism_of_action, references"
25G-NBOMe,,25g | 25gnbome,Psychedelic,recreational,5-HT2A-agonist | NBOMe | phenethylamine | research-chemical | tentative,sublingual,sublingual,sublingual,yes,yes,,,,,"half_life_minutes, mechanism_of_action, references"
25H-NBOMe,,25-H-NBOMe | 25H | 2C-H-NBOMe | NBOMe-2C-H | NBOMe-H,Psychedelic,recreational,5-HT2A-agonist | NBOMe | phenethylamine | research-chemical | tentative,insufflation,insufflation | sublingual,insufflation | sublingual,yes,yes,,,,,"half_life_minutes, mechanism_of_action, references"
25I-NBF,,2C-I-NBF,Psychedelic,recreational,5-HT2A-agonist | NBF | phenethylamine | research-chemical | tentative,insufflation,insufflation | oral | sublingual,insufflation | oral | sublingual,yes,yes,,,,,"half_life_minutes, mechanism_of_action, references"
25I-NBMD,,25I-NB34MD | 2C-I-NBMD | Cimbi-29 | INBMDO,Psychedelic,recreational,NBMD | phenethylamine | research-chemical | tentative,buccal,buccal | insufflation | sublingual,buccal | insufflation | sublingual,yes,yes,,,,,"half_life_minutes, mechanism_of_action, references"
25I-NBOH,,2C-I-NBOH | Cimbi-27 | NBOH-2C-I | NBOH-2ci,Psychedelic,recreational,5-HT2A-agonist | NBOH | class:substituted phenethylamines | phenethylamine | research-chemical | tentative,buccal,buccal | oral | sublingual,buccal | oral | sublingual,yes,yes,,,,,"half_life_minutes, mechanism_of_action, references"
25I-NBOMe,,2-C-I-NBOMe | 25-I | 25I | 2C-I-NBOMe | Cimbi-5 | N-bomb | NBOMe-2C-I,Psychedelic,recreational,5-HT2A-agonist | NBOMe | class:substituted phenethylamines | phenethylamine | research-chemical,buccal,buccal | insufflation | oral | sublingual,buccal | insufflation | sublingual,yes,yes,,Full 5-HT2A Receptor Agonist (High Potency),"Acuity enhancement | After images | Analysis enhancement | Auditory distortion | Auditory enhancement | Auditory hallucinations | Autonomous entities | Colour enhancement | Colour shifting | Conceptual thinking | Difficulty urinating | Drifting | Emotion enhancement | Empathy, love, and sociability enhancement | Feelings of impending doom | Geometry | Immersion enhancement | Increased blood pressure | Increased heart rate | Increased libido | Internal hallucinations | Language suppression | Laughter | Magnification | Memory suppression | Nausea | Novelty enhancement | Pattern recognition enhancement | Perception of decreased weight | Personal bias suppression | Perspective alterations | Pupil dilation | Scenarios and plots | Scenery slicing | Settings, sceneries, and landscapes | Spontaneous tactile sensations | Stimulation | Sublingual numbing | Symmetrical texture repetition | Thought acceleration | Thought connectivity | Time distortion | Tracers | Transformations | Vasoconstriction | Wakefulness",,"half_life_minutes, references"
25Ip-NBOMe,,"25iP-NBMe | 25ip | 2C-iP-NBOMe | NBOMe isopropyl-2,5-DMPEA | NBOMe-2C-iP",Psychedelic,recreational,5-HT2A-agonist | NBOMe | phenethylamine | research-chemical | tentative,buccal,buccal | insufflation | oral | sublingual,buccal | insufflation | oral | sublingual,yes,yes,,,,,"half_life_minutes, mechanism_of_action, references"
25N-NBOMe,,2-C-N-NBOMe | 25n,Psychedelic,recreational,5-HT2A-agonist | NBOMe | class:substituted phenethylamines | phenethylamine | research-chemical | tentative,sublingual,sublingual,sublingual,yes,yes,,,,,"half_life_minutes, mechanism_of_action, references"
25P-NBOMe,,,Psychedelic,recreational,5-HT2A-agonist | NBOMe | phenethylamine | research-chemical | tentative,oral,oral,oral,yes,yes,,,,,"half_life_minutes, mechanism_of_action, references"
25T-2-NBOMe,,25T2-NBOMe | 2C-T-2-NBOMe | NBOMe-2C-T-2 | OZEBFZPAWCXEGK,Psychedelic,recreational,5-HT2A-agonist | NBOMe | phenethylamine | research-chemical | tentative,buccal,buccal | insufflation | sublingual,buccal | insufflation | sublingual,yes,yes,,,,,"half_life_minutes, mechanism_of_action, references"
25T-4-NBOMe,,25t4-NBOMe,Psychedelic,recreational,5-HT2A-agonist | NBOMe | phenethylamine | research-chemical | tentative,sublingual,sublingual,sublingual,yes,yes,,,,,"half_life_minutes, mechanism_of_action, references"
25T-NBOMe,,25T2-NBOMe | 25T4-NBOMe | 25T7-NBOMe | 2C-T-NBOMe | NBOMe-2C-T,Psychedelic,recreational,5-HT2A-superpotent | NBOMe,buccal,buccal | insufflation | sublingual,buccal | insufflation | sublingual,yes,yes,,,,,"half_life_minutes, mechanism_of_action, references"
2C-B,,2-CB | 2cb | BDMPEA | Bees | Bromo-mescaline | Nexus | Venus,Psychedelic,recreational,2C-x | 5-HT2A-agonist | 5-HT2B-agonist | 5HT2A-agonist | PIHKAL | class:substituted phenethylamines | no-human-data | phenethylamine | psychedelic,insufflation,insufflation | intravenous | oral | rectal,insufflation | intravenous | oral | rectal,yes,yes,,,"Acuity enhancement | After images | Analysis enhancement | Auditory distortion | Auditory enhancement | Auditory hallucinations | Autonomous entities | Bodily control enhancement | Colour enhancement | Colour shifting | Conceptual thinking | Delusions | Depth perception distortions | Drifting | Emotion enhancement | Empathy, love, and sociability enhancement | Feelings of interdependent opposites | Feelings of predeterminism | Feelings of self-design | Geometry | Immersion enhancement | Increased blood pressure | Increased heart rate | Increased libido | Internal hallucinations | Memory suppression | Nausea | Novelty enhancement | Pattern recognition enhancement | Personal bias suppression | Perspective alterations | Physical euphoria | Pupil dilation | Rejuvenation | Scenarios and plots | Scenery slicing | Settings, sceneries, and landscapes | Spontaneous tactile sensations | Stimulation | Symmetrical texture repetition | Synaesthesia | Tactile enhancement | Teeth grinding | Thought acceleration | Thought connectivity | Time distortion | Tracers | Transformations | Visual haze",https://en.wikipedia.org/wiki/2C-B | https://erowid.org/library/books_online/pihkal/pihkal020.shtml,"half_life_minutes, mechanism_of_action"
2C-B-AN,,,Psychedelic,recreational,2C-x | 5-HT2A-agonist | phenethylamine | research-chemical | tentative,oral,oral,oral,yes,yes,,,,,"half_life_minutes, mechanism_of_action, references"
2C-B-FLY,,2C-Bromo-FLY | 2CBFLY | 2cb-FLY,Psychedelic,recreational,2C-x | 5-HT2A-agonist | class:substituted benzofurans | class:substituted phenethylamines | phenethylamine | research-chemical,insufflation,insufflation | oral,insufflation | oral,yes,yes,,"更多信息：血清素能致幻剂

2C-B-FLY 是一种致幻苯乙胺，是 2C-B 的二氢二呋喃类似物。

关于其全部效应是如何产生的知之甚少，一般认为 2C-B-FLY 的致幻效应来自于它作为部分激动剂对5-HT2A 受体的功效。然而，这些相互作用的作用以及它们如何导致致幻体验，仍然是正在进行的科学研究的主题呢。",,,"half_life_minutes, references"
2C-B-FLY-NBOMe,,2cbflynbome | NBOMe-2C-B-FLY,Empathogen,recreational,2C-x | 5-HT2A-agonist | MISCATEGORIZED | NBOMe | fatality-risk | phenethylamine | psychedelic | research-chemical | tentative,buccal,buccal | insufflation | sublingual,buccal | insufflation | sublingual,yes,yes,,,,,"half_life_minutes, mechanism_of_action, references"
2C-C,,"2CC | 4-氯-2,5-二甲氧基苯乙胺 | BDMCPA",Psychedelic,recreational,2C-x | 5-HT2A-agonist | PIHKAL | class:substituted phenethylamines | no-human-data | phenethylamine | research-chemical,insufflation,insufflation | oral,insufflation | oral,yes,yes,,"更多信息请见：血清素能迷幻剂

2C-C 的迷幻效果被认为源于它对 5-HT2A 受体的部分激动剂作用。不过呢，这些相互作用具体是如何导致迷幻体验的，目前的科学界还在持续研究中喵。","Acuity enhancement | Analysis enhancement | Auditory distortion | Auditory enhancement | Auditory hallucinations | Autonomous entities | Bodily control enhancement | Colour enhancement | Colour shifting | Conceptual thinking | Drifting | Emotion enhancement | Empathy, love, and sociability enhancement | External hallucinations | Geometry | Immersion enhancement | Increased heart rate | Increased libido | Internal hallucinations | Machinescapes | Memory suppression | Mindfulness | Nausea | Novelty enhancement | Pattern recognition enhancement | Personal bias suppression | Perspective alterations | Pupil dilation | Scenarios and plots | Sedation | Settings, sceneries, and landscapes | Spontaneous tactile sensations | Stimulation | Tactile enhancement | Temperature regulation suppression | Thought acceleration | Thought connectivity | Time distortion | Tracers | Transformations | Unity and interconnectedness | Wakefulness",https://erowid.org/library/books_online/pihkal/pihkal022.shtml,half_life_minutes
2C-D,,"2,5-二甲氧基-4-甲基苯乙胺 | 2C-M | 2CD | 2cm | LE-25",Psychedelic,recreational,2C-x | 5-HT2A-agonist | PIHKAL | class:Phenethylamine | class:substituted phenethylamines | phenethylamine | research-chemical,insufflation,insufflation | oral,insufflation | oral,yes,yes,,"更多信息：血清素能迷幻剂

2C-D 的迷幻作用被认为来自于它作为部分激动剂在 5-HT2A 受体上的功效。然而，这些相互作用的作用以及它们如何导致迷幻体验仍然难以捉摸。","Acuity enhancement | Analysis enhancement | Auditory distortion | Auditory enhancement | Auditory hallucinations | Autonomous entities | Bodily control enhancement | Colour enhancement | Colour shifting | Conceptual thinking | Drifting | Emotion enhancement | External hallucinations | Geometry | Internal hallucinations | Memory suppression | Nausea | Novelty enhancement | Pattern recognition enhancement | Personal bias suppression | Perspective alterations | Pupil dilation | Scenarios and plots | Sedation | Settings, sceneries, and landscapes | Spontaneous tactile sensations | Tactile enhancement | Temperature regulation suppression | Thought acceleration | Thought connectivity | Time distortion | Tracers | Transformations",https://erowid.org/library/books_online/pihkal/pihkal023.shtml,half_life_minutes
2C-E,,"2,5-二甲氧基-4-乙基苯乙胺 | 2ce | CAS 71539-34-9 | Eternity | aqua rust | aquarust",Psychedelic,recreational,2C-x | 5-HT2A-agonist | PIHKAL | class:substituted phenethylamines | no-human-data | phenethylamine | research-chemical,insufflation,insufflation | oral,insufflation | oral,yes,yes,,"更多信息：血清素能迷幻剂

人们认为 2C-E 的迷幻效果来自其作为部分激动剂在 5-HT2A 受体上的功效。然而，这些相互作用的作用以及它们如何导致迷幻体验仍然是正在进行的科学研究的主题嘛。","Acuity enhancement | After images | Analysis enhancement | Auditory distortion | Auditory enhancement | Auditory hallucinations | Autonomous entities | Bodily control enhancement | Colour enhancement | Colour shifting | Conceptual thinking | Creativity enhancement | Drifting | Emotion enhancement | Empathy, love, and sociability enhancement | Geometry | Immersion enhancement | Increased blood pressure | Increased heart rate | Increased libido | Internal hallucinations | Memory suppression | Nausea | Novelty enhancement | Pattern recognition enhancement | Personal bias suppression | Perspective alterations | Pupil dilation | Scenarios and plots | Scenery slicing | Settings, sceneries, and landscapes | Spirituality enhancement | Spontaneous tactile sensations | Stimulation | Symmetrical texture repetition | Synaesthesia | Tactile enhancement | Temperature regulation suppression | Thought acceleration | Thought connectivity | Time distortion | Tracers | Transformations | Wakefulness",https://erowid.org/library/books_online/pihkal/pihkal024.shtml,half_life_minutes
2C-EF,,"2,5-DMPEA-2F-Et | PiHKAL #370",Psychedelic,recreational,,oral,oral,oral,yes,yes,,"See also: Serotonergic psychedelics

The psychedelic effects of 2C-EF are believed to stem from its activity as a partial agonist at 5-HT receptors. The precise role of these interactions, and how they give rise to the psychedelic experience, remains an active area of scientific investigation.",,,"half_life_minutes, references"
2C-F,,"4-F-2,5-DMPEA | CAS 207740-15-6",Psychedelic,recreational,2C-x | 5-HT2A-agonist | 5HT2A-agonist | PIHKAL | no-human-data | phenethylamine | psychedelic,oral,oral,,no,yes,,,,https://en.wikipedia.org/wiki/2C-F | https://erowid.org/library/books_online/pihkal/pihkal026.shtml,"dose_ranges_by_route, half_life_minutes, mechanism_of_action"
2C-G,,2cg | PiHKAL #27,Psychedelic,recreational,2C-x | 5-HT2A-agonist | PIHKAL | no-human-data | phenethylamine | research-chemical | tentative,oral,oral,oral,yes,yes,,,,https://erowid.org/library/books_online/pihkal/pihkal027.shtml,"half_life_minutes, mechanism_of_action"
2C-G-3,,,Psychedelic,recreational,2C-x | 5-HT2A-agonist | PIHKAL | no-human-data | phenethylamine,oral,oral,oral,yes,yes,,,,https://erowid.org/library/books_online/pihkal/pihkal028.shtml,"half_life_minutes, mechanism_of_action"
2C-G-5,,,Psychedelic,recreational,2C-x | 5-HT2A-agonist | PIHKAL | no-human-data | phenethylamine | research-chemical,oral,oral,oral,yes,yes,,,,https://erowid.org/library/books_online/pihkal/pihkal030.shtml,"half_life_minutes, mechanism_of_action"
2C-G-N,,2C-G-NPH,Psychedelic,recreational,2C-x | 5-HT2A-agonist | PIHKAL | no-human-data | phenethylamine,oral,oral,oral,yes,yes,,,,https://erowid.org/library/books_online/pihkal/pihkal031.shtml,"half_life_minutes, mechanism_of_action"
2C-H,,"2,5-DMPEA | 2,5-dimethoxyphenethylamine | 2,5-二甲氧基苯乙胺",Psychedelic,recreational,2C-x | 5-HT2A-agonist | PIHKAL | no-human-data | phenethylamine,,,,no,no,,目前还没有 2C-H 在人类身上进行试验的记录，因为它在产生任何显著的精神活性效应之前，很可能就会被单胺氧化酶分解掉啦。关于 2C-H 的药理特性、代谢和毒性的数据非常少。不过，研究表明它对大鼠的 5-HT2C 和 5-HT2A 受体具有结合亲和力。在实验中，2C-H 已被证明能抑制超过 50% 的 MAO-B 活性呢。,,https://erowid.org/library/books_online/pihkal/pihkal032.shtml,"dose_ranges_by_route, duration_by_route, half_life_minutes"
2C-I,,"2,5-DM-4-I-PEA | 2,5-二甲氧基-4-碘苯乙胺 | 25I | 2C I | 2CI | Cimbi-88 | Smiles”",Psychedelic,recreational,2C-x | 5-HT2A-agonist | PIHKAL | class:Phenethylamine | class:substituted phenethylamines | no-human-data | phenethylamine | research-chemical,insufflation,insufflation | oral,insufflation | oral,yes,yes,,"更多信息：血清素能致幻剂

2C-I 是 2C-x 家族的一种迷幻苯乙胺。2C-I 通常以片剂或胶囊形式口服，或以粉末形式鼻吸。也有发现它被浸泡在小方块吸墨纸上用于口服，这是一种常见于分发和滥用 LSD 的技术。2C-I 主要引起刺激和致幻效果，包括增强的视觉、听觉和触觉感受。中等剂量可能会引起完全的幻觉，也能产生欣快感。

人们认为 2C-I 的迷幻效果来自于它作为部分激动剂在 5-HT2A 受体上的功效。然而，这些相互作用的作用机制以及它们如何导致迷幻体验，仍然是正在进行的科学研究的主题呢。","Acuity enhancement | Analysis enhancement | Auditory distortion | Auditory enhancement | Auditory hallucinations | Autonomous entities | Bodily control enhancement | Colour enhancement | Colour shifting | Drifting | Emotion enhancement | Empathy, love, and sociability enhancement | External hallucinations | Geometry | Immersion enhancement | Increased heart rate | Increased libido | Internal hallucinations | Memory suppression | Nausea | Novelty enhancement | Pattern recognition enhancement | Perspective alterations | Physical euphoria | Pupil dilation | Scenarios and plots | Scenery slicing | Settings, sceneries, and landscapes | Spontaneous tactile sensations | Stimulation | Symmetrical texture repetition | Synaesthesia | Tactile enhancement | Temperature regulation suppression | Time distortion | Tracers | Transformations | Unity and interconnectedness | Wakefulness",https://erowid.org/library/books_online/pihkal/pihkal033.shtml,half_life_minutes
2C-IP,,,Psychedelic,recreational,2C-x | 5-HT2A-agonist | phenethylamine | research-chemical | tentative,insufflation,insufflation | oral,insufflation | oral,yes,yes,,,,,"half_life_minutes, mechanism_of_action, references"
2C-N,,2C-N nitrate | 2cn,Psychedelic,recreational,2C-x | 5-HT2A-agonist | PIHKAL | no-human-data | phenethylamine | research-chemical | tentative,oral,oral,oral,yes,yes,,,,https://erowid.org/library/books_online/pihkal/pihkal034.shtml,"half_life_minutes, mechanism_of_action"
2C-O-4,,,Psychedelic,recreational,2C-x | 5-HT2A-agonist | 5-HT2A-presumed | PIHKAL | no-human-data | phenethylamine | weak-psychedelic | wrong-group-classification,,,,no,no,,,,https://erowid.org/library/books_online/pihkal/pihkal035.shtml,"dose_ranges_by_route, duration_by_route, half_life_minutes, mechanism_of_action"
2C-P,,"2,5-二甲氧基-4-丙基苯乙胺 | 2CP | selene",Psychedelic,recreational,2C-x | 5-HT2A-agonist | PIHKAL | class:substituted phenethylamines | no-human-data | phenethylamine | research-chemical,insufflation,insufflation | oral,insufflation | oral,yes,yes,,"更多信息：血清素致幻剂

2C-P 是 2C 家族中一种相对强效且长效的致幻苯乙胺，同时也具有兴奋剂类型的效果。它最早由亚历山大·舒尔金在他的书 PiHKAL 中描述。

2C-P 已被证明能产生各种强烈的 致幻 效果，从意识和感知的剧烈变化，到睁眼和闭眼视觉效果。按同等剂量计算，2C-P 被认为是 2C-x 化合物中最强的一种，只有 2C-TFM 能与之匹敌呢。

2C-P 的 致幻 效果被认为来自于它作为 部分激动剂 对 5-HT2A 受体 的功效。然而，这些相互作用的作用以及它们如何导致 致幻 体验仍然是个谜哦。","Acuity enhancement | After images | Analysis enhancement | Auditory distortion | Auditory enhancement | Auditory hallucinations | Autonomous entities | Bodily control enhancement | Colour enhancement | Colour shifting | Conceptual thinking | Creativity enhancement | Delusions | Depth perception distortions | Drifting | Emotion enhancement | Feelings of interdependent opposites | Geometry | Immersion enhancement | Increased blood pressure | Increased heart rate | Increased libido | Internal hallucinations | Machinescapes | Memory suppression | Nausea | Novelty enhancement | Pattern recognition enhancement | Personal bias suppression | Personal meaning enhancement | Perspective alterations | Pupil dilation | Scenarios and plots | Scenery slicing | Settings, sceneries, and landscapes | Spirituality enhancement | Spontaneous tactile sensations | Stimulation | Subconscious communication | Symmetrical texture repetition | Tactile enhancement | Temperature regulation suppression | Thought acceleration | Thought loops | Time distortion | Tracers | Transformations | Unity and interconnectedness | Unspeakable horrors",https://erowid.org/library/books_online/pihkal/pihkal036.shtml,half_life_minutes
2C-P-NBOMe,,25P | 25P-NBOMe | NBOMe | NBOMe-2C-P | P-NBOMe,,recreational,,inhalation,inhalation | insufflation | sublingual,inhalation | insufflation | sublingual,yes,yes,,,,,"half_life_minutes, mechanism_of_action, references"
2C-SE,,,Psychedelic,recreational,2C-x | 5-HT2A-agonist | PIHKAL | no-human-data | phenethylamine,oral,oral,oral,yes,yes,,,,https://erowid.org/library/books_online/pihkal/pihkal038.shtml,"half_life_minutes, mechanism_of_action"
2C-T,,2ct | Tesseract,Empathogen,recreational,2C-x | 5-HT2A-agonist | PIHKAL | class:substituted phenethylamines | no-human-data | phenethylamine | research-chemical | tentative,oral,oral,oral,yes,yes,,"延伸阅读：血清素能迷幻剂

能够产生2C-T致幻与宗教致幻效应的作用机制，目前尚未在科学文献中得到明确建立；不过，它的主要迷幻效应很可能来自其在5-HT受体处作为部分激动剂的活性。许多其他迷幻性苯乙胺类物质和色胺类物质也共享这一作用机制。

不过，这些相互作用究竟扮演什么角色、又是如何导向迷幻体验的，目前仍然没有完全弄明白呢。

由于其结构与2C-T-2和2C-T-7相近，这种化合物可能具有一定的单胺氧化酶抑制剂特性。",,https://erowid.org/library/books_online/pihkal/pihkal039.shtml,half_life_minutes
2C-T-13,,,Psychedelic,recreational,2C-x | 5-HT2A-agonist | PIHKAL | no-human-data | phenethylamine,oral,oral,oral,yes,yes,,,,https://erowid.org/library/books_online/pihkal/pihkal046.shtml,"half_life_minutes, mechanism_of_action"
2C-T-15,,SESQUI,Psychedelic,recreational,2C-x | 5-HT2A-agonist | PIHKAL | no-human-data | phenethylamine,,,,no,no,,,,https://erowid.org/library/books_online/pihkal/pihkal047.shtml,"dose_ranges_by_route, duration_by_route, half_life_minutes, mechanism_of_action"
2C-T-17,,NIMITZ,Psychedelic,recreational,2C-x | 5-HT2A-agonist | PIHKAL | no-human-data | phenethylamine,oral,oral,oral,yes,yes,,,,https://erowid.org/library/books_online/pihkal/pihkal048.shtml,"half_life_minutes, mechanism_of_action"
2C-T-2,,"2,5-DM-4-ET-PEA | 2C-T2 | 2CT2 | Rosy | T-2”",Psychedelic,recreational,2C-x | 5-HT2A-agonist | PIHKAL | class:substituted phenethylamines | no-human-data | phenethylamine | research-chemical,insufflation,insufflation | oral | rectal,insufflation | oral | rectal,yes,yes,,"更多信息：血清素能致幻剂

2C-T-2 产生致幻和神圣致幻效果的作用机制尚未在科学文献中确立；然而，它主要的迷幻效果很可能是作为5-HT2A受体的部分激动剂的结果。这个作用机制也是许多其他迷幻苯乙胺类物质和色胺类物质所共有的呢。

虽然目前还没有确定的科学实验来证实 2C-T-2 的 MAO-A 抑制作用，但在 4 位被烷硫基取代的苯乙胺衍生物（如 4-MTA，以及 2C-T-7 的 2,5-去甲氧基衍生物）已知是选择性单胺氧化酶A抑制剂。[需要引用] 此外，许多 2C-T-x 的苯丙胺类似物已被发现具有高度选择性的 MAO-A 抑制作用[[5]](#cite_note-Gallardo-Godoy2005-5)。因此，这种物质可能同样具有 MAOI 效应哦。[[6]](#cite_note-6)

不过，这些相互作用的作用以及它们如何导致迷幻体验，目前还是个谜呢。","Acuity enhancement | After images | Analysis enhancement | Auditory distortion | Auditory enhancement | Auditory hallucinations | Autonomous entities | Bodily control enhancement | Colour enhancement | Colour shifting | Conceptual thinking | Delusions | Drifting | Emotion enhancement | External hallucinations | Feelings of interdependent opposites | Geometry | Immersion enhancement | Increased heart rate | Internal hallucinations | Memory suppression | Nausea | Novelty enhancement | Pattern recognition enhancement | Personal bias suppression | Perspective alterations | Pupil dilation | Scenarios and plots | Scenery slicing | Settings, sceneries, and landscapes | Spontaneous tactile sensations | Stimulation | Stomach cramps | Symmetrical texture repetition | Tactile enhancement | Temperature regulation suppression | Thought acceleration | Thought loops | Time distortion | Tracers | Transformations | Unity and interconnectedness | Vasoconstriction | Wakefulness",https://erowid.org/library/books_online/pihkal/pihkal040.shtml,half_life_minutes
2C-T-21,,Aurora | T-21,Psychedelic,recreational,2C-x | 5-HT2A-agonist | PIHKAL | class:substituted phenethylamines | no-human-data | phenethylamine | research-chemical | tentative,insufflation,insufflation | oral,insufflation | oral,yes,yes,,"2C-T-21 的迷幻效应被认为源于它作为部分激动剂对 5-HT 受体的作用。然而，这些相互作用的具体角色以及它们如何导致迷幻体验，目前仍然难以捉摸呢。

由于这种化合物在结构上与 2C-T-2 和 2C-T-7 相似，也被认为可能具有 MAOI 特性哦。",,https://erowid.org/library/books_online/pihkal/pihkal049.shtml,half_life_minutes
2C-T-4,,2-ct4 | 2CT4 | 2c-t4 | 2ct-4 | PSI-2C-T-4,Psychedelic,recreational,2C-x | 5-HT2A-agonist | PIHKAL | no-human-data | phenethylamine | research-chemical,insufflation,insufflation | oral,insufflation | oral,yes,yes,,,,https://erowid.org/library/books_online/pihkal/pihkal041.shtml,"half_life_minutes, mechanism_of_action"
2C-T-4-NBOMe,,25T4-NBOMe | NBOMe-2C-T-4,,recreational,,buccal,buccal | insufflation | sublingual,buccal | insufflation | sublingual,yes,yes,,,,,"half_life_minutes, mechanism_of_action, references"
2C-T-7,,2C-T7 | 2ct7 | 7-UP | 7th Heaven | Beautiful | Blue Mystic | PT-DM-PEA | T7 | Tripstasy | tweety-bird mescaline,Psychedelic,recreational,2C-x | 5-HT2A-agonist | PIHKAL | class:substituted phenethylamines | no-human-data | phenethylamine | research-chemical,insufflation,insufflation | oral | rectal,insufflation | oral | rectal,yes,yes,,"另见：血清素能致幻剂

2C-T-7 的迷幻作用已被证明来自于其作为部分激动剂在 5-HT2A 受体上的功效。然而，这些相互作用的作用机制以及它们如何导致迷幻体验仍然难以捉摸呢。

由于该化合物过量服用会出现严重的副作用（可能是血清素综合征），并且 2C-T-7 的 2,5-去甲氧基衍生物已被证明是中等强度的单胺氧化酶 A 抑制剂，而且 2,5-二甲氧基苯乙胺类物质 系列的许多苯丙胺类似物是高选择性的 MAO-A 抑制剂（其中 ALEPH-7 是最有效的之一），因此人们普遍认为该物质也具有 单胺氧化酶抑制剂（MAOI） 效应。","Acuity enhancement | After images | Analysis enhancement | Auditory distortion | Auditory enhancement | Auditory hallucinations | Autonomous entities | Bodily control enhancement | Colour enhancement | Colour shifting | Conceptual thinking | Delusions | Drifting | Emotion enhancement | Feelings of interdependent opposites | Geometry | Headaches | Immersion enhancement | Increased blood pressure | Increased heart rate | Internal hallucinations | Memory suppression | Nausea | Novelty enhancement | Pattern recognition enhancement | Personal bias suppression | Perspective alterations | Pupil dilation | Scenarios and plots | Scenery slicing | Settings, sceneries, and landscapes | Spontaneous tactile sensations | Stimulation | Symmetrical texture repetition | Tactile enhancement | Temperature regulation suppression | Thought acceleration | Thought loops | Time distortion | Tracers | Transformations | Unity and interconnectedness | Wakefulness",https://erowid.org/library/books_online/pihkal/pihkal043.shtml,half_life_minutes
2C-T-7-NBOMe,,25T7-NBOMe | NBOMe-2C-T-7,Psychedelic,recreational,,insufflation,insufflation | oral | sublingual,insufflation | oral | sublingual,yes,yes,,,,,"half_life_minutes, mechanism_of_action, references"
2C-T-8,,,Psychedelic,recreational,2C-x | 5-HT2A-agonist | PIHKAL | no-human-data | phenethylamine,oral,oral,oral,yes,yes,,,,https://erowid.org/library/books_online/pihkal/pihkal044.shtml,"half_life_minutes, mechanism_of_action"
2C-T-9,,,Psychedelic,recreational,2C-x | 5-HT2A-agonist | PIHKAL | no-human-data | phenethylamine,oral,oral,oral,yes,yes,,,,https://erowid.org/library/books_online/pihkal/pihkal045.shtml,"half_life_minutes, mechanism_of_action"
2M2B,,,Depressant,recreational,class:alcohol,oral,oral,oral,yes,yes,,,,,"half_life_minutes, mechanism_of_action, references"
2T-MMDA-3a,,,Psychedelic,recreational,PIHKAL | SNDRI | no-human-data | phenethylamine,,,,no,no,,,,https://erowid.org/library/books_online/pihkal/pihkal166.shtml,"dose_ranges_by_route, duration_by_route, half_life_minutes, mechanism_of_action"
"3,3-Diphenylcyclobutanamine",3-DPCB,"3,3-Diphenylcyclobutylamine | 3-DPCB | DPCB",,recreational,class:Diphenyl-substituted cyclobutylamine,oral,oral,oral,yes,yes,,,,,"half_life_minutes, mechanism_of_action, references"
"3,4-CFPP",,CFPP | Kleferein,Stimulant,recreational,,insufflation,insufflation | oral,insufflation | oral,yes,yes,,,,,"half_life_minutes, mechanism_of_action, references"
"3,4-CTMP",,"3,4-DCMP | 3,4-dichloromethylphenidate | 34ctmp | 4-二氯哌甲酯",Stimulant,recreational,class:substituted phenidates | habit-forming | high-DAT-affinity | long-duration | research-chemical,oral,oral,oral,yes,yes,,"3,4-CTMP 作为多巴胺和去甲肾上腺素再摄取抑制剂发挥作用，这意味着它通过结合并部分阻断通常将这些单胺从突触间隙中移除的转运蛋白，从而有效提高大脑中多巴胺和去甲肾上腺素神经递质的水平喵。这使得多巴胺和去甲肾上腺素在大脑内积累，从而产生兴奋和欣快的效果。3,4-CTMP 还被鉴定为 5-HT2B 血清素受体的相对强效激动剂。这很令人担心呢，因为 5-HT2B 受体的激动会导致一种潜在的严重效应，称为肺动脉高压，即把血液从心脏泵向肺部的肺动脉发生收缩。此外，长期刺激 5-HT2B 受体还与通过纤维化导致的严重心脏瓣膜疾病有关。具有这种效应的其他药物，如阿米雷司（一种已退市的药物减肥药），已导致全球大量长期心脏损伤和死亡案例。",,,"half_life_minutes, references"
"3,4-Dimethoxy-A-PHP",,"3,4-DMPV” | 3,4-DiMeO-Α-PHP | DMO-PHP",Stimulant,recreational,pyrrolidinophenone-predicted,inhalation,inhalation | insufflation | oral,inhalation | insufflation | oral,yes,yes,,,,,"half_life_minutes, mechanism_of_action, references"
"3,4-DMA",,"3,4-dimethoxyamphetamine | 3,4-dimethoxyphenylisopropylamine | EA-1316",Psychedelic,recreational,PIHKAL | no-human-data | phenethylamine,,,,no,no,,,,https://erowid.org/library/books_online/pihkal/pihkal055.shtml,"dose_ranges_by_route, duration_by_route, half_life_minutes, mechanism_of_action"
"3,4-DMMC",,"3,4-dimethyl methcathinone | 3,4-dimethylmethcathinone | 4-dimethyl-methcathinone | DMMC | M2",Stimulant,recreational,substrate-releaser-predicted,insufflation,insufflation | oral,insufflation | oral,yes,yes,,,,,"half_life_minutes, mechanism_of_action, references"
"3,4-Methylenedioxy-phencyclidine",4-MD-PCP,"3,4-MD-PCP | 3,4-benzodioxole-PCP | 3,4-methylenedioxy-PCP | 4-MD-PCP | MDPCP",Dissociative,recreational,,insufflation,insufflation | oral,insufflation | oral,yes,yes,,,,,"half_life_minutes, mechanism_of_action, references"
"3,4-Methylenedioxyamphetamine",,"3,4-MDA | 3,4-亚甲双氧基苯丙胺 | EA-1299 | MDA | SKF-5 | Sally | Sass | Sassafras | Tenamfetamine | methylendioxyamphetamine",Empathogen,recreational,5-HT2A-agonist | 5-HT2B-agonist | DRI | NDRI | PIHKAL | SNDRA | SNDRI | TAAR1 | class:amphetamine | duplicate-of-MDA | habit-forming | no-human-data | phenethylamine | psychedelic-entactogen-hybrid,oral,oral,oral,yes,yes,480.0,Serotonin-Predominant Monoamine Releasing Agent,,"https://erowid.org/library/books_online/pihkal/pihkal100.shtml | Acute effects of MDMA, MDA, lysine-MDMA, and lysine-MDA in a randomized, double-blind, placebo-controlled, crossover trial in healthy participants",
"3,4-Methylenedioxyphenmetrazine",3-MDPM,"3,4-MD-phenmetrazine | 3,4-MDPM | 3-MDPM | MDPM | Methylenedioxyphenmetrazine",Stimulant,recreational,NDRA,insufflation,insufflation | oral,insufflation | oral,yes,yes,,,,,"half_life_minutes, mechanism_of_action, references"
"3,4-Trimethylenepentedrone","3,4-TMPD","3,4-TMPD | TMPD",Stimulant,recreational,DAT-NET-blocker-predicted,insufflation,insufflation | oral | rectal,insufflation | oral | rectal,yes,yes,,,,,"half_life_minutes, mechanism_of_action, references"
"3,6-DMPM",,,Stimulant,recreational,research-chemical | tentative,,,,no,no,,,,,"dose_ranges_by_route, duration_by_route, half_life_minutes, mechanism_of_action, references"
3-CAF,,3-CA | 3-chloroamphetamine | MCA | m-CA | meta-chloroamphetamine,Stimulant,recreational,,insufflation,insufflation | oral,insufflation | oral,yes,yes,,,,,"half_life_minutes, mechanism_of_action, references"
3-CEC,,3-CL-ethcathinone | 3-Chloroethcathinone | 3-chloro-NEC,Stimulant,recreational,hybrid-DAT-preferring-predicted,insufflation,insufflation | oral,insufflation | oral,yes,yes,,,,,"half_life_minutes, mechanism_of_action, references"
3-Chloromethcathinone,3-CMC,3-CMC | 3-氯甲卡西酮 | 3cmc | clophedrone | m-chloro-methcathinone,Stimulant,recreational,DA-preferring | DRI | cathinone | delayed-cytotoxicity | fatalities-reported | habit-forming | neurotoxic-evidence-preliminary | no-human-data | phenethylamine | research-chemical | substrate-releaser | tentative,insufflation,insufflation | oral,insufflation | oral,yes,yes,,3-CMC 的药理学尚未被充分研究，不过已知它会促进多巴胺、去甲肾上腺素 和血清素 的释放，类似于其他取代甲卡西酮类物质。,,https://www.emcdda.europa.eu/publications/risk-assessments/3-cmc_en,half_life_minutes
3-Chlorophenmetrazine,,3-CPM | 3-chloro-phenmetrazine | PAL-594 | PAL594,Stimulant,recreational,NDRA | class:Substituted phenylmorpholine,inhalation,inhalation | insufflation | oral,inhalation | insufflation | oral,yes,yes,,,,,"half_life_minutes, mechanism_of_action, references"
3-CL-PCP,,3-Chloro-PCP,Dissociative,recreational,,,,,no,no,,,,,"dose_ranges_by_route, duration_by_route, half_life_minutes, mechanism_of_action, references"
3-EtO-PCP,,3-OEt-PCP | 3-ethoxy-PCP,Dissociative,recreational,class:Arylcyclohexylamine dissociative,inhalation,inhalation | insufflation | oral,inhalation | insufflation | oral,yes,yes,,,,,"half_life_minutes, mechanism_of_action, references"
3-FA,,3-Fluoroamphetamine | 3fa | PAL-353,Stimulant,recreational,class:amphetamine | class:substituted amphetamines | habit-forming | research-chemical | tentative,oral,oral,oral,yes,yes,,,,,"half_life_minutes, mechanism_of_action, references"
3-FEA,,,Stimulant,recreational,class:amphetamine | class:substituted amphetamines | habit-forming | research-chemical | tentative,insufflation,insufflation | oral,insufflation | oral,yes,yes,,,,,"half_life_minutes, mechanism_of_action, references"
3-Fluoro-PCP,,3'-F-PCP | 3-F-PCP | 3-fluoro phencyclidine | 3F-PCP | 3FPCP,Dissociative,recreational,NMDA-antagonist | PCP-analog | arylcyclohexylamine | class:Arylcyclohexylamine dissociative | duplicate-of-3-Fluoro-PCP | no-human-data | research-chemical,insufflation,insufflation | intramuscular | oral | rectal | sublingual,insufflation | intramuscular | oral | rectal | sublingual,yes,yes,,,,,"half_life_minutes, mechanism_of_action, references"
3-Fluoroamphetamine,3-FA,3-FA | 3-氟苯丙胺 | 3F-AMP | PAL-353 | m-fluoroamphetamine | meta-fluoroamphetamine,Stimulant,recreational,DA-NE-releaser,insufflation,insufflation | oral,insufflation | oral,yes,yes,90.0,虽然目前对 3-FA 的正式研究程度还不如传统的苯丙胺类药物那么深，但我们有理由推测，就像其他在类似位置有取代基的取代苯丙胺类物质（4-FA 是个显著的例外）一样，它很可能主要作为多巴胺和去甲肾上腺素的释放剂起作用，并且对血清素也有适度的选择性。这意味着它可以有效地增加大脑中去甲肾上腺素和多巴胺神经递质的水平，原理是它会结合并部分阻断那些通常负责从突触间隙清除和再摄取这些分子的转运蛋白，让它们无法被回收利用。这样一来，多巴胺和去甲肾上腺素就会在大脑中积累到超过人体内源性水平的程度，这在人类身上已知会产生刺激、提升动力和欣快的效果呢。,,The pharmacokinetics of 3-fluoroamphetamine following delivery using clinically relevant routes of administration.,
3-Fluoroethamphetamine,3-FEA,3-FEA | meta-fluoro ethylamphetamine,Stimulant,recreational,,insufflation,insufflation | oral,insufflation | oral,yes,yes,,"虽然 3-FEA 还没有像传统苯丙胺那样被正式研究过，但目前认为，就像在类似位置有取代基的其他取代苯丙胺类物质一样，它最可能的作用机制是作为单胺神经递质——血清素、多巴胺和去甲肾上腺素的三重再摄取抑制剂和/或释放剂哦。

研究表明，与未取代的乙基苯丙胺相比，3-氟乙基苯丙胺释放多巴胺的能力较弱，但释放血清素和去甲肾上腺素的能力更强。在动物实验中，尽管它不是最强效的多巴胺释放剂，但在所测试的一系列 3-取代苯丙胺衍生物中，它产生的强化效应是最强的喵。

这表明 3-FEA 通过作为释放剂和/或通过结合并部分阻断转运蛋白，有效地增加了大脑中这三种主要单胺神经递质的水平。这种转运蛋白阻断作用让这些分子在大脑核心突触区域积累到超过内源性的水平，从而产生放松、兴奋、去抑制和欣快感的结合效果，这与 MDMA 或 4-FA 等共情类取代苯丙胺类物质非常相似呢。",,,"half_life_minutes, references"
3-Fluoromethcathinone,3-FMC,3-FMC | 3F-MC,Stimulant,recreational,cathinone | habit-forming | no-human-data | research-chemical | substrate-releaser,insufflation,insufflation | oral | rectal,insufflation | oral | rectal,yes,yes,,,,https://en.wikipedia.org/wiki/3-Fluoromethcathinone,"half_life_minutes, mechanism_of_action"
3-FMA,,3-Fluoromethamphetamine | 3fma,Stimulant,recreational,class:amphetamine | class:substituted amphetamines | habit-forming | research-chemical,oral,oral,oral,yes,yes,,虽然 3-FMA 还没有像传统苯丙胺类物质那样被正式研究过，但目前假设它像其他在相似位置有取代基的取代苯丙胺类物质一样，最主要的作用可能是作为血清素、多巴胺和去甲肾上腺素的三重释放剂喵。,,,"half_life_minutes, references"
3-FPM,,"3-FPH | 3-Fluorophenmetrazine | 3FPM | 3f-P | 3f-phenmetrazine | 3fp | PAL-593 | PAL-593,3-Fluorophenmetrazine",Stimulant,recreational,NDRA | VMAT2-substrate | class:phenylmorpholine | class:substituted amphetamines | habit-forming | research-chemical,inhalation,inhalation | insufflation | oral | rectal,inhalation | insufflation | oral | rectal,yes,yes,,"3-FPM 是一种拟交感神经药物，食用后具有经典的兴奋剂作用呢。它的作用机制似乎是作为多巴胺和去甲肾上腺素的释放剂，增加它们在大脑神经元突触间隙中的浓度。这些神经递质的积累导致了欣快感和兴奋效果的体验。它的母体化合物苯吗啉曾在 60 和 70 年代作为食欲抑制剂上市，但由于担心滥用和成瘾，后来已从市场撤出喵。

下表显示了 3-FPM 诱导释放（EC50）多巴胺 (DA)、血清素 (5-HT) 和去甲肾上腺素 (NE) 的效价，并与苯吗啉进行了比较哦：",Analysis enhancement | Anxiety | Appetite suppression | Cognitive fatigue | Depression | Focus enhancement | Increased heart rate | Increased libido | Increased perspiration | Irritability | Motivation enhancement | Stimulation | Teeth grinding | Thought acceleration | Thought deceleration | Vasoconstriction | Wakefulness,,"half_life_minutes, references"
3-HO-PCE,,3-HO-Eticyclidine | 3-Hydroxyeticyclidine | 3-hydroxy-PCE | 3HOPCE | HO-PCE | Hydroxyeticyclidine,Dissociative,recreational,NMDA-antagonist | arylcyclohexylamine | class:arylcyclohexylamines | habit-forming | possible-μ-opioid-agonist | research-chemical | respiratory-depression-risk | tentative,insufflation,insufflation | oral,insufflation | oral,yes,yes,,,,,"half_life_minutes, mechanism_of_action, references"
3-HO-PCP,,3-HOP | 3-HOPCP | 3-Hydroxy-PCP | 3-Hydroxyphencyclidine | 3hopcp | Hydroxyphencyclidine,Dissociative,recreational,MOR-agonist | NMDA-antagonist | PCP-analog | arylcyclohexylamine | class:Arylcyclohexylamine | class:arylcyclohexylamines | habit-forming | mu-opioid-agonist | naloxone-responsive-respiratory-depression | no-human-data | research-chemical | sigma-1 | sigma-1-agonist | tentative,insufflation,insufflation | oral,insufflation | oral,yes,yes,,,,https://en.wikipedia.org/wiki/3-HO-PCP,"half_life_minutes, mechanism_of_action"
3-Hydroxyphenazepam,,3-HO-Phenazepam | 3-OH-Phenazepam,Benzodiazepine,recreational,UGT-substrate | class:Benzodiazepine | designer-benzo | metabolite-as-drug,oral,oral,oral,yes,yes,,,,,"half_life_minutes, mechanism_of_action, references"
3-Me-PCE,,3-methyl-PCE | 3-methyl-eticyclidine,Dissociative,recreational,dissociative | no-human-data | pcp-analog | psychosis-risk | research-chemical,,,,no,no,,NMDA receptor antagonist (arylcyclohexylamine class); ethyl-substituted N-substituent vs piperidine ring of 3-Me-PCP.,,https://en.wikipedia.org/wiki/3-Me-PCE,"dose_ranges_by_route, duration_by_route, half_life_minutes"
3-Me-PCP,,3-methyl-PCP | 3-methyl-phencyclidine | 3-甲基苯环利定 | meta-methyl-PCP,Dissociative,recreational,dissociative | no-human-data | pcp-analog | psychosis-risk | research-chemical,inhalation,inhalation | insufflation | oral,inhalation | oral,yes,yes,,NMDA receptor antagonist (arylcyclohexylamine class); possible additional NE/DA reuptake inhibition inferred from structural analogues.,,https://en.wikipedia.org/wiki/3-Methyl-PCP | https://cfsre.org/nps-discovery/monographs/3-methyl-pcp,half_life_minutes
3-Me-PCPy,,3-MePCPy | 3-Methylrolicyclidine | 3-methyl-PCPy | M3ppy,Dissociative,recreational,,inhalation,inhalation | insufflation | oral | rectal,inhalation | insufflation | oral | rectal,yes,yes,,"更多信息请见：NMDA受体拮抗剂

3-Me-PCPy 作为 NMDA受体拮抗剂 起作用。NMDA（N-甲基-D-天冬氨酸）是一种特定的谷氨酸受体亚型，它调节大脑和脊髓神经元之间电信号的传递；信号要通过，受体必须处于开放状态。

解离剂通过结合并阻断 NMDA 受体来抑制其正常功能。这种神经元网络活动的干扰导致正常的认知和情感处理丧失、精神运动功能障碍、麻醉，并最终导致相当于“k-hole”的状态。",,,"half_life_minutes, references"
3-MEC,,,Stimulant,recreational,cathinone | habit-forming | hybrid-DAT-preferring-predicted | no-human-data | research-chemical | tentative,insufflation,insufflation | oral,insufflation | oral,yes,no,,,,,"duration_by_route, half_life_minutes, mechanism_of_action, references"
3-MeO-PCE,,3-MeO-Eticyclidine | 3-Methoxy-eticyclidine | 3-Methoxyeticyclidine | 3meopce | Methoxyeticyclidine | methoxieticyclidine | methoxyieticyclidine,Dissociative,recreational,NMDA-antagonist | PCP-analog | agitation-risk | arylcyclohexylamine | class:Arylcyclohexylamine | class:arylcyclohexylamines | designer-dissociative | habit-forming | research-chemical | tentative | σ1-active,insufflation,insufflation | oral,insufflation | oral,yes,yes,,"更多信息：NMDA受体拮抗剂

3-MeO-PCE 主要作为NMDA受体拮抗剂起作用。NMDA 受体允许电信号在通过大脑和脊柱的神经元之间传递；为了传递信号，受体必须是开放的。解离剂通过阻断 NMDA 受体来关闭它们。这种神经元的断连导致感觉丧失、运动困难，最终导致与著名的“K洞”几乎相同的状态。

3-MeO-PCE 对 NMDA 受体的 Ki 值为 61 nM，对多巴胺转运体为 743 nM，对组胺 H2 受体为 2097 nM，对 Alpha-2A 肾上腺素受体为 964 nM，对血清素转运体为 115 nM，对 σ1 受体为 4519 nM，对 σ2 受体为 525 nM。",,,"half_life_minutes, references"
3-MeO-PCMO,,3-methoxy-PCMo | PCMo,Dissociative,recreational,class:arylcyclohexylamines | research-chemical | tentative,insufflation,insufflation | oral,insufflation | oral,yes,yes,,"更多信息：NMDA受体拮抗剂

由于缺乏对该物质的研究，关于其药理学的所有讨论都纯粹基于其结构以及与3-MeO-PCP、PCP和MXE等其他芳基环己胺类解离剂的主观效应相似性哦。考虑到这一点，3-MeO-PCMo被认为是一种NMDA受体拮抗剂。NMDA受体允许电信号在大脑和脊柱的神经元之间传递；为了让信号通过，受体必须是开放的。解离剂通过阻断NMDA受体来关闭它们。这种神经元的断连会导致感觉丧失、运动困难，并最终导致该物质特有的“K-hole”状态呢。",,,"half_life_minutes, references"
3-MeO-PCP,,3-MeO | 3-MeO PCP | 3-Methoxyphencyclidine | 3-OMe-PCP | 3-甲氧基苯环己哌啶 | 3meopcp,Dissociative,recreational,NMDA-antagonist | PCP-analog | SERT-inhibitor | agitation-risk | arylcyclohexylamine | class:Arylcyclohexylamine | class:arylcyclohexylamines | designer-dissociative | fatal-overdose-narrow-window | fatalities-reported | habit-forming | psychosis-inducing | research-chemical | sigma-1,inhalation,inhalation | insufflation | oral,inhalation | insufflation | oral,yes,yes,660.0,"更多信息：NMDA 受体拮抗剂

3-MeO-PCP 充当 NMDA 受体拮抗剂。NMDA（N-甲基-D-天冬氨酸）受体是谷氨酸受体的一种特定亚型，调节大脑和脊髓神经元之间的电信号传递；为了传递信号，受体必须处于开放状态。

解离剂通过结合并阻断 NMDA 受体来抑制其正常功能。这种对神经网络活动的破坏会导致正常的认知和情感处理能力丧失、精神运动功能丧失、麻醉，最终导致相当于“k-hole”的状态。

3-MeO-PCP 对 NMDA 受体的 Ki 值为 20 nM，对 sigma-1 受体为 42 nM，对血清素转运体 (SERT) 为 216 nM，对 H1 受体为 2960 nM。[[6]](#cite_note-6) [[7]](#cite_note-.22AMCD.22-7) 它与 NMDA 受体的结合亲和力高于 PCP，并且在三种同分异构的茴香基取代物中亲和力最高，其次是 2-MeO-PCP 和 4-MeO-PCP。[[8]](#cite_note-8) 像它的姊妹化合物 PCP 一样，与氯胺酮不同，3-MeO-PCP 显示出抑制相对未被研究的 PCP2 谷氨酸受体的高亲和力。[来源请求]

尽管曾有人声称 3-MeO-PCP 具有阿片类或多巴胺能活性，[[9]](#cite_note-chemist-9) 但这一假设与数据相矛盾，数据显示 3-MeO-PCP 是 NMDA 受体的强效选择性配体，而对 µ-阿片受体或多巴胺转运体没有明显的亲和力。[[10]](#cite_note-AMCD2-10) 3-MeO-PCP 之前是效力较低的解离剂 4-MeO-PCP，并于 2011 年首次作为研究用化学品上市。[[5]](#cite_note-Morris2014-5)","Acuity enhancement | Acuity suppression | Amnesia | Analysis enhancement | Anxiety suppression | Auditory distortion | Auditory enhancement | Auditory hallucinations | Auditory suppression | Autonomous entities | Bodily control enhancement | Cognitive euphoria | Colour enhancement | Compulsive redosing | Conceptual thinking | Consciousness disconnection | Creativity enhancement | Depersonalization | Derealization | Disinhibition | Dizziness | Double vision | Déjà vu | Environmental cubism | Environmental orbism | Feelings of impending doom | Frame rate suppression | Geometry | Immersion enhancement | Increased heart rate | Information processing suppression | Internal hallucinations | Mania | Memory suppression | Mindfulness | Nausea | Pattern recognition suppression | Perception of decreased weight | Perspective alterations | Perspective distortions | Physical autonomy | Physical euphoria | Psychosis | Scenarios and plots | Scenery slicing | Settings, sceneries, and landscapes | Spontaneous tactile sensations | Stimulation | Tactile disconnection | Tactile enhancement","https://en.wikipedia.org/wiki/3-MeO-PCP | Determination of 3-MeO-PCP in human blood and urine in a fatal intoxication case, with a specific focus on metabolites identification",
3-MeO-PCPR,,3-methoxy-PCPr,Dissociative,recreational,NMDA-antagonist | arylcyclohexylamine | class:Arylcyclohexylamine | habit-forming | research-chemical | sigma-1 | tentative,insufflation,insufflation | oral,insufflation | oral,yes,yes,,,,,"half_life_minutes, mechanism_of_action, references"
3-MeO-PCPY,,,Dissociative,recreational,NMDA-antagonist | arylcyclohexylamine | habit-forming | research-chemical | sigma-1 | tentative,insufflation,insufflation | oral,insufflation | oral,yes,yes,,,,,"half_life_minutes, mechanism_of_action, references"
3-Meomc,,3-methoxymethcathinone,Empathogen,recreational,cathinone | habit-forming,insufflation,insufflation,insufflation,yes,yes,,,,,"half_life_minutes, mechanism_of_action, references"
3-Methyl-4-fluoro-A-pyrrolidinovalerophenone,MFPVP,3-Me-4-F-Α-PVP | 4F-3Me-PVP | 4F-3Me-Α-PVP | MF-PVP | MFPVP,Stimulant,recreational,fatalities-reported | pure-DAT-NET-blocker,inhalation,inhalation | insufflation | oral | sublingual,inhalation | insufflation | oral | sublingual,yes,yes,,,,,"half_life_minutes, mechanism_of_action, references"
3-Methylaminorex,,3-MAR,Stimulant,recreational,,inhalation,inhalation | insufflation | oral,inhalation | insufflation | oral,yes,yes,,,,,"half_life_minutes, mechanism_of_action, references"
3-Methylmorphine,,可待因,Opioid,recreational,,oral,oral,oral,yes,no,,"Codeine itself has no central activity and must first undergo first-pass metabolism to morphine via the cytochrome P450 enzyme CYP2D6 (making it a prodrug of morphine). Codeine is also metabolized to the inactive norcodeine by the CYP3A4 enzyme system. Both resulting products are conjugated by UGT2B7 to the corresponding 3-glucuronides.

A subset of the population produces less CYP2D6 enzyme, resulting in significantly reduced effects from codeine compared to average individuals. Conversely, others produce a greater quantity of CYP2D6, which may lead to hypersensitivity to the drug. Some methods of enhancing opioid effects — such as drinking grapefruit juice throughout the day prior to dosing — inhibit the CYP3A4 enzyme. This results in less codeine being converted to norcodeine, leaving more available for metabolism to morphine. It has also been noted that when users take antihistamines such as diphenhydramine prior to codeine ingestion, the capacity to metabolize codeine to morphine is diminished.

There is a ceiling on the amount of codeine converted to morphine via enzymatic metabolism in a single dose. This ceiling is commonly referred to as the ""ceiling dose"" and is generally considered to be around 400 mg. Consuming higher doses results in more severe adverse effects such as itchiness and nausea, but does not increase euphoria.

The active metabolites of codeine — particularly morphine — exert their effects by binding to and activating opioid receptors, primarily μ-opioid receptors. This occurs because opioids structurally mimic endogenous endorphins, which are naturally present in the body and also act on the μ-opioid receptor system. The manner in which opioids structurally mimic these natural endorphins accounts for their euphoric, analgesic, muscle-relaxant, and anxiolytic effects. This is because endorphins are responsible for reducing pain, inducing drowsiness, and producing feelings of pleasure. They are released during pain, vigorous exercise, orgasm, or general excitement.

Codeine itself is a weak ligand at opioid receptors. However, its primary active metabolite morphine exhibits more potent agonist effects.

Mu opioid receptor agonist — 589 nM",,,"duration_by_route, half_life_minutes, references"
3-MMC,,3-MEPH | 3-Methylmethcathinone | 3-mephedrone | 3methylmethcathinone | 3mmc | Metaphedrone,Stimulant,recreational,CYP2D6-substrate | DAT-preferring | cathinone | class:cathinone | empathogen-adjacent | first-in-human-published | habit-forming | research-chemical | stimulant | substrate-releaser,insufflation,insufflation | intravenous | oral,insufflation | intravenous | oral,yes,yes,180.0,,,"https://en.wikipedia.org/wiki/3-Methylmethcathinone | Safety and cognitive pharmacodynamics following dose escalations with 3-methylmethcathinone (3-MMC): a first in human, designer drug study",mechanism_of_action
3-OH-Phenazepam,,3-HO-P | 3-HO-phenazepam | 3-OH-P | 3-hydroxyphenazepam | 3hop | 3hophenazepam | 3ohp | 3ohphenazepam,Benzodiazepine,recreational,GABAA-PAM | benzodiazepine | habit-forming | research-chemical | tentative,oral,oral,oral,yes,yes,,,,,"half_life_minutes, mechanism_of_action, references"
3-PIP-OH-BTCP,,,Stimulant,recreational,DAT-inhibitor | DRI | arylcyclohexylamine | metabolite | no-human-data | research-chemical,,,,no,no,,,,https://pubmed.ncbi.nlm.nih.gov/,"dose_ranges_by_route, duration_by_route, half_life_minutes, mechanism_of_action"
3-Quinuclidinyl benzilate,3-QNB,3-QNB | Agent Buzz | BZ | EA-2277 | QNB | Substance 78,Deliriant,recreational,,intramuscular,intramuscular | oral,intramuscular | oral,yes,yes,,,,,"half_life_minutes, mechanism_of_action, references"
3-T-TRIS,,,Psychedelic,recreational,PIHKAL | no-human-data | phenethylamine,,,,no,no,,,,https://erowid.org/library/books_online/pihkal/pihkal178.shtml,"dose_ranges_by_route, duration_by_route, half_life_minutes, mechanism_of_action"
3-TASB,,3-thioasymbescaline,Psychedelic,recreational,PIHKAL | no-human-data | phenethylamine,oral,oral,oral,yes,yes,,,,https://erowid.org/library/books_online/pihkal/pihkal146.shtml,"half_life_minutes, mechanism_of_action"
3-TE,,,Psychedelic,recreational,PIHKAL | phenethylamine,oral,oral,oral,yes,yes,,,,https://erowid.org/library/books_online/pihkal/pihkal150.shtml,"half_life_minutes, mechanism_of_action"
3-TIM,,,Psychedelic,recreational,PIHKAL | phenethylamine,,,,no,no,,,,https://erowid.org/library/books_online/pihkal/pihkal153.shtml,"dose_ranges_by_route, duration_by_route, half_life_minutes, mechanism_of_action"
3-TM,,,Psychedelic,recreational,PIHKAL | phenethylamine,oral,oral,oral,yes,yes,,,,https://erowid.org/library/books_online/pihkal/pihkal155.shtml,"half_life_minutes, mechanism_of_action"
3-TME,,,Psychedelic,recreational,PIHKAL | phenethylamine,oral,oral,oral,yes,yes,,,,https://erowid.org/library/books_online/pihkal/pihkal163.shtml,"half_life_minutes, mechanism_of_action"
3-TSB,,3-thiosymbescaline,Psychedelic,recreational,PIHKAL | no-human-data | phenethylamine,,,,no,no,,,,https://erowid.org/library/books_online/pihkal/pihkal176.shtml,"dose_ranges_by_route, duration_by_route, half_life_minutes, mechanism_of_action"
3C-BZ,,,Psychedelic,recreational,PIHKAL | no-human-data | phenethylamine,oral,oral,oral,yes,yes,,,,https://erowid.org/library/books_online/pihkal/pihkal021.shtml,"half_life_minutes, mechanism_of_action"
3C-E,,3C-Escaline | 3CE | alpha-methyl escaline,Psychedelic,recreational,PIHKAL | class:substituted amphetamines | no-human-data | phenethylamine | research-chemical,insufflation,insufflation | oral,insufflation | oral,yes,yes,,"更多信息：血清素能迷幻剂

虽然它的名称看起来像是与 2C-x 家族有关，但其实并不是这样。3C-E 实际上是艾斯卡林的 3-碳类似物，因此才会有这个名字。

它的药理作用可能会与 5-HT2A 受体产生较强相互作用，这在理论上或许有助于预防丛集性头痛，或赋予该化合物缓解终末期癌症相关心理痛苦的可能性。

一般认为，3C-E 的迷幻剂效应来源于它在5-HT 受体上作为部分激动剂的活性。不过，这些相互作用具体扮演了什么角色，以及它们是如何最终产生迷幻体验的，目前仍然不清楚呢。",,https://erowid.org/library/books_online/pihkal/pihkal025.shtml,half_life_minutes
3C-P,,3cp | 4-propoxy-3 | 5-dimethoxyamphetamine | amphetamine homolog of proscaline,Psychedelic,recreational,class:substituted amphetamines | research-chemical,insufflation,insufflation | oral,insufflation | oral,yes,yes,,,,,"half_life_minutes, mechanism_of_action, references"
3F-PiHP,,3-Fluoro-PiHP | 3F-Alpha-PHIP | 3F-PHIP | 3F-alpha-PiHP | 3F-Α-PiHP,Stimulant,recreational,pyrrolidinophenone-predicted,inhalation,inhalation | insufflation | oral,inhalation | insufflation | oral,yes,yes,,,,,"half_life_minutes, mechanism_of_action, references"
4'-Chlorodiazepam,,4'-Chlordiazepam | Chlorodiazepam | Ro 5-4864 | Ro5-4864,,recreational,NOT-classical-benzodiazepine | TSPO-agonist | research-tool,oral,oral,oral,yes,yes,,,,,"half_life_minutes, mechanism_of_action, references"
4'-Fluoro-4-methylaminorex,4-FPO,4'-F-4-MAR | 4-FPO | 4F-MAR | P-F-4-MAR,Stimulant,recreational,,insufflation,insufflation | oral,insufflation | oral,yes,yes,,,,,"half_life_minutes, mechanism_of_action, references"
"4,4'-Dimethylaminorex",,"4,4'-DMAR | 4-M-4-MAR | 4-methyl-U4Euh | 4-methyl-euphoria | Serotoni",Stimulant,recreational,balanced-SNDRA | fatal-overdose-risk,insufflation,insufflation | oral,insufflation | oral,yes,yes,,,,,"half_life_minutes, mechanism_of_action, references"
"4,4-DMAR",,"4,4'-DMAR | 4,4'-dimethylaminorex | 4,4-DMAP | Serotoni",Empathogen,recreational,PAH-risk | SNDRA | aminorex-class | fatalities-confirmed | habit-forming | tentative,oral,oral,,no,yes,,,,,"dose_ranges_by_route, half_life_minutes, mechanism_of_action, references"
"4,5-MDO-DiPT",,,Psychedelic,recreational,5-HT2A-agonist | TIHKAL | tryptamine,,,,no,no,,,,https://erowid.org/library/books_online/tihkal/tihkal28.shtml,"dose_ranges_by_route, duration_by_route, half_life_minutes, mechanism_of_action"
4-AcO-DALT,,4acodalt,Psychedelic,recreational,research-chemical,inhalation,inhalation | oral,inhalation | oral,yes,yes,,,,,"half_life_minutes, mechanism_of_action, references"
4-AcO-DET,,4-Acetoxy-DET | Ethacetin | ethylacybin,Psychedelic,recreational,class:Tryptamine | class:substituted tryptamines | prodrug | research-chemical | tentative,insufflation,inhalation | insufflation | oral,insufflation | oral,yes,yes,,,,,"half_life_minutes, mechanism_of_action, references"
4-AcO-DiPT,,4-Acetoxy-DiPT | 4acodipt | Aces | Ipracetin | iprocetyl,Psychedelic,recreational,5-HT2A-agonist | class:substituted tryptamines | prodrug | research-chemical | tryptamine,oral,oral,oral,yes,yes,,,,,"half_life_minutes, mechanism_of_action, references"
4-AcO-DMT,,4-AcO | 4-Acetoxy-DMT | 4acodmt | O-Acetylpsilocin | Psilacetin | Synthetic mushrooms | acetylpsilocin,Psychedelic,recreational,5-HT2A-agonist | CES1-substrate | class:Tryptamine | class:substituted tryptamines | no-human-data | prodrug-of-psilocin | research-chemical | tryptamine,insufflation,insufflation | oral,insufflation | oral,yes,yes,,"另见：血清素能致幻剂

当 O-乙酰赛洛辛（也就是 4-AcO-DMT）进入身体后，它会在首过代谢期间以及随后经过肝脏时，被脱乙酰酶/乙酰转移酶脱去乙酰基，变成赛洛辛（因为通过非肠道途径摄入时它也有效，所以这点很明显喵）。

4-AcO-DMT 的迷幻效果被认为来自于它作为5-HT2A受体的部分激动剂的作用。不过，这些相互作用具体是如何产生迷幻体验的，科学家们还在努力研究中呢。

关于乙酰化形式（4-AcO-DMT）和非乙酰化形式（赛洛辛）在主观感受上的区别，说法不一喵：有的用户说 O-乙酰赛洛辛持续时间稍微长一点，有的却说短得多。许多用户报告说，和赛洛辛相比，它的身体负荷（Body load）和恶心感更轻。还有些用户觉得 O-乙酰赛洛辛产生的视觉效果更像 DMT，而不是赛洛辛或赛洛西宾。如果 psilacetin 本身就有精神活性，而不仅仅是作为前药的话，这些差异是有可能的。尽管如此，目前还没有对照临床研究来区分 psilacetin、psilocin 和 psilocybin 之间的现象学差异哦。","Acuity enhancement | After images | Analysis enhancement | Auditory distortion | Auditory enhancement | Auditory hallucinations | Autonomous entities | Colour enhancement | Colour shifting | Conceptual thinking | Creativity enhancement | Delusions | Drifting | Déjà vu | Emotion enhancement | Enhancement and suppression cycles | Excessive yawning | Exposure to inner mechanics of consciousness | External hallucinations | Feelings of impending doom | Feelings of interdependent opposites | Feelings of predeterminism | Feelings of self-design | Geometry | Immersion enhancement | Internal hallucinations | Machinescapes | Memory suppression | Mindfulness | Novelty enhancement | Pattern recognition enhancement | Personal bias suppression | Personal meaning enhancement | Perspective alterations | Pupil dilation | Rejuvenation | Runny nose | Salivation | Scenarios and plots | Scenery slicing | Sedation | Settings, sceneries, and landscapes | Spirituality enhancement | Spontaneous tactile sensations | Subconscious communication | Symmetrical texture repetition | Synaesthesia | Teeth grinding | Temperature regulation suppression",,"half_life_minutes, references"
4-AcO-DPT,,4-acetoxy-DPT | 4acodpt,Psychedelic,recreational,prodrug | research-chemical | tentative,insufflation,insufflation,insufflation,yes,yes,,,,,"half_life_minutes, mechanism_of_action, references"
4-AcO-MET,,4-Acetoxy-MET | 4acomet | Metacetin | O-Acetylmetocin,Psychedelic,recreational,class:substituted tryptamines | prodrug | research-chemical,oral,oral,oral,yes,yes,,,"Acuity enhancement | After images | Analysis enhancement | Auditory distortion | Auditory enhancement | Auditory hallucinations | Autonomous entities | Colour enhancement | Colour shifting | Conceptual thinking | Delusions | Drifting | Emotion enhancement | Feelings of interdependent opposites | Geometry | Immersion enhancement | Internal hallucinations | Memory suppression | Nausea | Novelty enhancement | Pattern recognition enhancement | Personal bias suppression | Perspective alterations | Pupil dilation | Scenarios and plots | Scenery slicing | Sedation | Settings, sceneries, and landscapes | Spontaneous tactile sensations | Subconscious communication | Symmetrical texture repetition | Thought acceleration | Thought connectivity | Thought loops | Time distortion | Tracers | Transformations | Unity and interconnectedness | Wakefulness",,"half_life_minutes, mechanism_of_action, references"
4-AcO-MiPT,,4-acetoxy-MiPT | 4acomipt | Mipracetin | O-Acetylmiprocin,Psychedelic,recreational,5-HT2A-agonist | MISCATEGORIZED | class:substituted tryptamines | prodrug | psychedelic | research-chemical | tentative,inhalation,inhalation | oral,inhalation | oral,yes,yes,,"更多信息：血清素能迷幻剂

与大多数迷幻色胺类物质一样，4-AcO-MiPT被认为主要作为5-HT2A部分激动剂起作用。迷幻效应被认为来自于4-AcO-MiPT在5-HT2A受体上的结合功效。

然而，这些相互作用的作用以及它们如何导致迷幻体验仍然难以捉摸。",,,"half_life_minutes, references"
4-Benzylpiperidine,4-BP,4-BP | 4-PMPD,Stimulant,recreational,DRI | habit-forming | no-human-data | research-chemical | tentative,oral,oral,oral,yes,yes,,,,https://en.wikipedia.org/wiki/4-Benzylpiperidine,"half_life_minutes, mechanism_of_action"
"4-BR-3,5-DMA",,"4,3,5-DOB",Psychedelic,recreational,PIHKAL | no-human-data | phenethylamine,oral,oral,oral,yes,yes,,,,https://erowid.org/library/books_online/pihkal/pihkal018.shtml,"half_life_minutes, mechanism_of_action"
4-Bromoamphetamine,4-BA,4-BA | 4-BR-AMP | PBA | p-BA | p-Bromoamphetamine | para-Bromoamphetamine,Stimulant,recreational,MAO-A-inhibitor | serotonergic-neurotoxin,oral,oral,oral,yes,no,,,,,"duration_by_route, half_life_minutes, mechanism_of_action, references"
4-CBC,,,Empathogen,recreational,habit-forming | research-chemical,insufflation,insufflation | oral,insufflation | oral,yes,yes,,,,,"half_life_minutes, mechanism_of_action, references"
4-CEC,,4-Chloroethcathinone | p-chloro-ethcathinone | para-chloro-ethcathinone,Stimulant,recreational,SERT-selective | class:Substituted cathinone | hybrid-DAT-blocker-SERT-substrate | para-chloro-neurotoxicity-flag,oral,oral,oral,yes,yes,,,,,"half_life_minutes, mechanism_of_action, references"
4-Chloroamphetamine,4-CA,4-CA | 4-氯苯丙胺 | PCA | p-Chloroamphetamine | para-Chloroamphetamine | 对氯苯丙胺,Stimulant,recreational,MAO-A-inhibitor | serotonergic-neurotoxin,oral,oral,oral,yes,yes,,"4-Chloroamphetamine acts as a releasing agent for the monoamine neurotransmitter serotonin. At higher doses it depletes serotonin in the brain.

Additionally, a reduction in tryptophan hydroxylase activity has been observed.",,,"half_life_minutes, references"
4-Chlorobuphedrone,,4-CBC | 4-chloro-buphedrone | 4-chloro-butyrophenone cathinone | para-Chloro-buphedrone,Stimulant,recreational,hybrid-DAT-blocker-SERT-substrate-predicted | para-chloro-neurotoxicity-flag,insufflation,insufflation | oral,insufflation | oral,yes,yes,,,,,"half_life_minutes, mechanism_of_action, references"
4-Chlorodiazepam,,4'-chlorodiazepam | ro5-4864,Benzodiazepine,recreational,GABAA-PAM | NOT-classical-benzodiazepine | TSPO-agonist | benzodiazepine | research-chemical | tentative,,,,no,no,,,,,"dose_ranges_by_route, duration_by_route, half_life_minutes, mechanism_of_action, references"
4-Chloromethamphetamine,4-CMA,4-CMA | CMA | PCMA | Ro 4-6861 | p-Chloromethamphetamine | para-Chloromethamphetamine,Other,recreational,research-chemical | serotonergic-neurotoxin,oral,oral,oral,yes,yes,,,,,"half_life_minutes, mechanism_of_action, references"
4-CL-PPP,,4-CL-Α-PPP | 4-chloro-PPP | p-chloro-α-PPP,Stimulant,recreational,,insufflation,insufflation | oral,insufflation | oral,yes,yes,,,,,"half_life_minutes, mechanism_of_action, references"
4-CMC,,4-CL-MC | 4-Chloromethcathinone | 4cmc | Clephedrone | p-Chloromethcathinone,Stimulant,recreational,DRI | SNDRA | cathinone | fatalities-reported | habit-forming | neurotoxic-evidence-preliminary | no-human-data | oxidative-stress-toxicity | para-chloro-neurotoxicity-flag | phenethylamine | research-chemical | substrate-releaser,insufflation,insufflation | oral,insufflation | oral,yes,yes,,,,https://en.wikipedia.org/wiki/Clephedrone,"half_life_minutes, mechanism_of_action"
4-D,,4-trideuteromescaline,Psychedelic,recreational,PIHKAL | no-human-data | phenethylamine,oral,oral,oral,yes,yes,,,,https://erowid.org/library/books_online/pihkal/pihkal050.shtml,"half_life_minutes, mechanism_of_action"
4-EEC,,4-Ethyl-ethcathinone | 4-Ethylethcathinone | p-ethyl ethcathinone | para-ethyl ethcathinone,Stimulant,recreational,hybrid-predicted,insufflation,insufflation | oral | rectal,insufflation | oral | rectal,yes,yes,,,,,"half_life_minutes, mechanism_of_action, references"
4-EMC,,4-Ethylmethcathinone | 4Et-MC,Stimulant,recreational,cathinone | habit-forming | no-human-data | research-chemical | substrate-releaser-predicted,insufflation,insufflation | intravenous | oral | rectal,insufflation | intravenous | oral | rectal,yes,yes,,,,https://en.wikipedia.org/wiki/4-Ethylmethcathinone,"half_life_minutes, mechanism_of_action"
4-EPD,,4-ethylpentedrone,Stimulant,recreational,DAT-preferring-predicted | habit-forming | tentative,insufflation,insufflation,insufflation,yes,yes,,,,,"half_life_minutes, mechanism_of_action, references"
4-FEA,,4-fluoroethylamphetamine,Stimulant,recreational,research-chemical | tentative,oral,oral,oral,yes,yes,,,,,"half_life_minutes, mechanism_of_action, references"
4-Fluoro-A-pyrrolidinopropiophenone,,4-FPPP | 4F-PPP | pFPPP,Stimulant,recreational,,insufflation,insufflation | oral,insufflation | oral,yes,yes,,,,,"half_life_minutes, mechanism_of_action, references"
4-Fluoroamphetamine,,4-FA | 4-FMP | 4fa | Flux | PAL-303 | PFA | p-fluoroamphetamine | para-Fluoroamphetamine,Empathogen,recreational,5-HT2B-weak | class:substituted amphetamines | empathogen-stimulant-hybrid | habit-forming | research-chemical,insufflation,insufflation | oral,insufflation | oral,yes,yes,510.0,,"Analysis enhancement | Anxiety | Appetite suppression | Cognitive euphoria | Cognitive fatigue | Compulsive redosing | Dehydration | Depression | Ego inflation | Empathy, love, and sociability enhancement | Focus enhancement | Increased heart rate | Increased libido | Increased perspiration | Irritability | Motivation enhancement | Novelty enhancement | Physical euphoria | Stimulation | Tactile enhancement | Teeth grinding | Thought acceleration | Thought connectivity | Thought deceleration | Wakefulness",Pharmacokinetic properties of 4-fluoroamphetamine in serum and oral fluid after oral ingestion,mechanism_of_action
4-Fluorodeprenyl,,4-F-Deprenyl | 4-Fluoroselegiline | p-F-Deprenyl | p-Fluoroselegiline | pF-Deprenyl | pFSL,,recreational,MAO-B-inhibitor | PET-tracer,oral,oral | sublingual,oral | sublingual,yes,yes,,,,,"half_life_minutes, mechanism_of_action, references"
4-Fluoroethamphetamine,4-FEA,4-FEA | 4-FNEA | p-FEA | para-fluoroethamphetamine,,recreational,,insufflation,insufflation | oral,insufflation | oral,yes,yes,,,,,"half_life_minutes, mechanism_of_action, references"
4-Fluoroethylphenidate,,4-FEPH | 4-氟哌乙酯 | 4F-EPH,Stimulant,recreational,DAT-selective | habit-forming | research-chemical | tentative,oral,oral,oral,yes,yes,,一般认为，4F-EPH作为多巴胺再摄取抑制剂的效率高于与其近缘的哌甲酯。这意味着它会通过结合并部分阻断通常将这些单胺从突触间隙中移除的转运蛋白，从而有效提高脑内多巴胺神经递质水平。这使多巴胺在脑内某些局部区域蓄积，并由此产生兴奋和欣快效应。,,,"half_life_minutes, references"
4-Fluoropentedrone,,4-F-pentedrone | 4-FPD | 4F-PD | 4f-pentedrone,Stimulant,recreational,DAT-NET-blocker-predicted | habit-forming | research-chemical | tentative,insufflation,insufflation | oral | rectal,insufflation | oral | rectal,yes,yes,,,,,"half_life_minutes, mechanism_of_action, references"
4-Fluorophenibut,,4-F-Phenibut | F-Phenibut | F-Phenibut FAA | Fluorobut | Fluorophenibut | 氟菲尼布特,GABAergic,recreational,GABA-B-agonist | GABA-B-partial-agonist | GABAergic | alpha-2-delta-ligand | class:gabapentinoids | duplicate-of-4-fluorophenibut | habit-forming | high-dependence-risk | research-chemical | tentative,oral,oral | sublingual,oral | sublingual,yes,yes,,,,https://en.wikipedia.org/wiki/Fluorophenibut,"half_life_minutes, mechanism_of_action"
4-Fluorophenylpiperazine,4-FPP,4-FPP | pFPP | para-Fluorophenylpiperazine,,recreational,,insufflation,insufflation | oral | rectal,insufflation | oral | rectal,yes,yes,,,,,"half_life_minutes, mechanism_of_action, references"
4-FMA,,4-Fluoromethamphetamine | 4-fluromethamphetamine | 4fma,Empathogen,recreational,class:substituted amphetamines | habit-forming | research-chemical,oral,oral,oral,yes,yes,,"就像它的结构类似物 4-FA 一样，4-FMA 被认为是一种多巴胺、血清素和去甲肾上腺素的释放剂和再摄取抑制剂。在低剂量下，它会产生类似苯丙胺的刺激效果；而在超过 125mg 的剂量下，则会产生类似 MDA 的更欣快、更像共情剂的效果呢。研究人员发现了一些证据，表明 4-FMA 的“血清素释放”能力和其他流行的共情剂（比如 MDA、4-MMC 和 4-FA）有一些相似之处。

4-FMA 的作用机制主要是通过结合并部分阻断那些通常负责从突触间隙清除单胺类物质的转运蛋白，从而有效地提高大脑中去甲肾上腺素、多巴胺和血清素这些神经递质的水平（特别是在高剂量下）。这会让多巴胺、去甲肾上腺素和血清素在大脑的各个区域（包括奖赏通路）中积累，从而产生刺激、欣快和共情的效果。

4-FMA 还是 CYP450 抑制剂哦。它会减缓甲基苯丙胺的代谢，这会增加甲基苯丙胺的效力、持续时间和全身毒性，但同时也可能会降低它的细胞毒性呢。",,,"half_life_minutes, references"
4-FPM,,,Other,recreational,research-chemical,,,,no,no,,,,,"dose_ranges_by_route, duration_by_route, half_life_minutes, mechanism_of_action, references"
4-FPP,,4-fluorophenylpiperazine | pFPP | para-Fluorophenylpiperazine,Empathogen,recreational,5-HT-agonist | class:phenylpiperazine | piperazine | tentative,insufflation,insufflation | oral,insufflation | oral,yes,yes,,,,,"half_life_minutes, mechanism_of_action, references"
4-HO-DBT,,,Psychedelic,recreational,TIHKAL | tryptamine,,,,no,no,,,,https://erowid.org/library/books_online/tihkal/tihkal15.shtml,"dose_ranges_by_route, duration_by_route, half_life_minutes, mechanism_of_action"
4-HO-DET,,"4-hydroxy-DET | 4-hydroxy-N,N diethyltryptamine | 4hodet | CZ-74 | Ethocin | Этоцин",Psychedelic,recreational,TIHKAL | class:substituted tryptamines | no-human-data | research-chemical | tryptamine,oral,oral,oral,yes,yes,,,,https://erowid.org/library/books_online/tihkal/tihkal16.shtml,"half_life_minutes, mechanism_of_action"
4-HO-DiPT,,"4-hydroxy-DiPT | 4-羟基-N,N-二异丙基色胺 | Iprocin",Psychedelic,recreational,5-HT2A-agonist | 5-HT2A-vs-2C-selective | TIHKAL | class:substituted tryptamines | research-chemical | tryptamine,oral,oral,oral,yes,yes,,与大多数致幻性色胺一样，4-HO-DiPT 被认为主要作为 5-HT 受体部分激动剂发挥作用。人们认为其致幻效果源于 4-HO-DiPT 对 5-HT 受体的结合效能。然而，这些相互作用的具体角色以及它们如何导致致幻体验的过程，目前在科学界仍然是一个谜呢。,,https://erowid.org/library/books_online/tihkal/tihkal17.shtml,half_life_minutes
4-HO-DPT,,4-Hydroxy-N | 4-hydroxy-DPT | 4hodpt | N-dimethyltryptamine | Procin | n-dipropyltryptamine | 赛洛辛,Psychedelic,recreational,TIHKAL | class:substituted tryptamines | no-human-data | research-chemical | tentative | tryptamine,insufflation,insufflation | oral,insufflation | oral,yes,yes,,,,https://erowid.org/library/books_online/tihkal/tihkal20.shtml,"half_life_minutes, mechanism_of_action"
4-HO-EPT,,4-羟基-N-乙基-N-丙基色胺 | Eprocin,Psychedelic,recreational,class:substituted tryptamines | tentative,oral,oral,oral,yes,yes,,"更多信息请参见：血清素能致幻剂

与大多数迷幻色胺类似，4-HO-EPT 被认为主要作为 5-HT 部分激动剂发挥作用。人们认为其致幻效果源于 4-HO-EPT 对 5-HT 受体的结合效能。然而，这些相互作用的具体角色以及它们如何导致致幻体验，目前仍然是一个谜呢喵。",,,"half_life_minutes, references"
4-HO-MCPT,,4-hydroxy-McPT,Psychedelic,recreational,class:Tryptamine | research-chemical | tentative,oral,insufflation | oral,oral,yes,yes,,,,,"half_life_minutes, mechanism_of_action, references"
4-HO-MET,,4homet | Colour | Methylcybin | Metocin | homet,Psychedelic,recreational,TIHKAL | class:Tryptamine | class:substituted tryptamines | research-chemical | tryptamine,inhalation,inhalation | insufflation | intravenous | oral,inhalation | insufflation | intravenous | oral,yes,yes,,"更多信息：血清素能迷幻剂

4-HO-MET 的迷幻作用被认为来自于它作为部分激动剂在 5-HT2A 受体上的活性。然而，这些相互作用的作用以及它们如何导致迷幻体验仍然是正在进行的科学研究的主题呢。","Acuity enhancement | Analysis enhancement | Auditory distortion | Auditory enhancement | Auditory hallucinations | Autonomous entities | Bodily control enhancement | Colour enhancement | Colour shifting | Conceptual thinking | Delusions | Depth perception distortions | Drifting | Emotion enhancement | Geometry | Immersion enhancement | Increased heart rate | Internal hallucinations | Memory suppression | Nausea | Novelty enhancement | Pattern recognition enhancement | Personal bias suppression | Perspective alterations | Perspective distortions | Pupil dilation | Scenarios and plots | Settings, sceneries, and landscapes | Spontaneous tactile sensations | Symmetrical texture repetition | Tactile enhancement | Thought acceleration | Thought loops | Time distortion | Tracers | Transformations | Unity and interconnectedness | Wakefulness",https://erowid.org/library/books_online/tihkal/tihkal21.shtml,half_life_minutes
4-HO-MiPT,,4-HO | 4homipt | Miprocin | ho-mipt | homipt,Psychedelic,recreational,5-HT2A-selective-vs-2B | TIHKAL | class:substituted tryptamines | research-chemical | tryptamine,oral,oral,oral,yes,yes,,"更多信息：血清素能迷幻剂

4-HO-MiPT的迷幻效应被认为来自于它作为部分激动剂对5-HT2A受体的功效。然而，这些相互作用的作用以及它们如何导致迷幻体验仍然难以捉摸。4-HO-MiPT被认为是一种血清素能迷幻剂。与其他血清素能迷幻剂一样，其作用机制被认为源于其对5-HT2A和5-HT1A血清素受体的部分激动作用。","Acuity enhancement | After images | Analysis enhancement | Auditory distortion | Auditory enhancement | Auditory hallucinations | Autonomous entities | Colour enhancement | Colour shifting | Conceptual thinking | Delusions | Drifting | Déjà vu | Emotion enhancement | Enhancement and suppression cycles | Feelings of interdependent opposites | Feelings of predeterminism | Geometry | Immersion enhancement | Internal hallucinations | Memory suppression | Novelty enhancement | Pattern recognition enhancement | Personal bias suppression | Perspective alterations | Pupil dilation | Runny nose | Scenarios and plots | Scenery slicing | Sedation | Settings, sceneries, and landscapes | Spontaneous tactile sensations | Subconscious communication | Symmetrical texture repetition | Synaesthesia | Thought connectivity | Thought loops | Time distortion | Tracers | Transformations | Unity and interconnectedness | Wakefulness | Watery eyes",https://erowid.org/library/books_online/tihkal/tihkal22.shtml,half_life_minutes
4-HO-MPMI,,lucigenol,Psychedelic,recreational,research-chemical | tentative,oral,oral,,no,yes,,,,,"dose_ranges_by_route, half_life_minutes, mechanism_of_action, references"
4-HO-MPT,,4hompt | Meprocin,Psychedelic,recreational,TIHKAL | class:substituted tryptamines | no-human-data | research-chemical | tentative | tryptamine,inhalation,inhalation | oral,inhalation | oral,yes,yes,,,,https://erowid.org/library/books_online/tihkal/tihkal23.shtml,"half_life_minutes, mechanism_of_action"
4-HO-PiPT,,,Psychedelic,recreational,class:Tryptamine,oral,oral,oral,yes,yes,,,,,"half_life_minutes, mechanism_of_action, references"
4-HO-PYR-T,,,Psychedelic,recreational,TIHKAL | tryptamine,,,,no,no,,,,https://erowid.org/library/books_online/tihkal/tihkal24.shtml,"dose_ranges_by_route, duration_by_route, half_life_minutes, mechanism_of_action"
4-MA,,,Psychedelic,recreational,PIHKAL | phenethylamine,oral,oral,oral,yes,no,,,,https://erowid.org/library/books_online/pihkal/pihkal097.shtml,"duration_by_route, half_life_minutes, mechanism_of_action"
4-MBC,,(colloquial) benzyl-mephedrone | 4-methylbenzylcathinone | Benzedrone,Stimulant,recreational,weak-DAT-blocker-predicted,insufflation,insufflation | oral,insufflation | oral,yes,yes,,,,,"half_life_minutes, mechanism_of_action, references"
4-Me-NEB,,4-methyl NEB,Stimulant,recreational,hybrid-predicted,insufflation,insufflation | oral,insufflation | oral,yes,yes,,,,,"half_life_minutes, mechanism_of_action, references"
4-MEC,,4-MeEC | 4-Methylethcathinone | 4mec,Stimulant,recreational,cathinone | class:Substituted cathinone | fatalities-reported | habit-forming | hybrid-DAT-blocker-SERT-substrate | research-chemical,insufflation,insufflation | intravenous | oral,insufflation | intravenous | oral,yes,yes,,,,https://en.wikipedia.org/wiki/4-Methyl-N-ethylcathinone,"half_life_minutes, mechanism_of_action"
4-MeO-MiPT,,,Psychedelic,recreational,TIHKAL | class:Tryptamine | research-chemical | tentative | tryptamine,insufflation,insufflation | oral,insufflation | oral,yes,yes,,,,https://erowid.org/library/books_online/tihkal/tihkal39.shtml,"half_life_minutes, mechanism_of_action"
4-MeO-PCP,,4-Methoxyphencyclidine | 4meopcp | Methoxydine,Dissociative,recreational,NMDA-antagonist | arylcyclohexylamine | class:arylcyclohexylamines | habit-forming | lower-NMDA-than-3-MeO-isomer | research-chemical | sigma-1 | σ2-active,insufflation,insufflation | oral,insufflation | oral,yes,yes,,"另见：NMDA受体拮抗剂类药物

4-MeO-PCP 作为 NMDA 受体拮抗剂发挥作用。NMDA 受体允许电信号在大脑和脊柱的神经元之间传递；为了让信号传递，受体必须是开放的。解离剂通过阻断 NMDA 受体来关闭它们。这种神经元的断连导致感觉丧失、运动困难，最终导致几乎等同于著名的“K洞”的状态。

4-MeO-PCP 对 NMDA 受体的亲和力低于 PCP，但高于氯胺酮。它具有口服活性，剂量范围与氯胺酮相似，一些用户需要超过 100mg 的剂量才能达到预期的效果。 用户报告称有效剂量存在巨大差异；这些差异部分可以用灰色市场上销售的样品中存在未反应的 PCC 和其他杂质来解释。 尽管有人认为 4-MeO-PCP 具有多巴胺能活性，但它是 NMDA 受体的相对选择性配体，对多巴胺转运蛋白没有明显的亲和力。",,,"half_life_minutes, references"
4-Methoxybutyrfentanyl,4-MeO-BF,4-MeO-BF | 4-MeO-Butryfentanyl | 4-Methoxy-butyrylfentanyl | p-MeO-butyrylfentanyl | para-Methoxybutyrylfentanyl,Opioid,recreational,CYP3A4-substrate | duplicate-of-4-methoxybutyrfentanyl | habit-forming | mu-full-agonist | mu-opioid-agonist | research-chemical | tentative | wooden-chest-syndrome-risk,insufflation,insufflation | intravenous | oral,insufflation | intravenous | oral,yes,yes,,,,,"half_life_minutes, mechanism_of_action, references"
4-Methylaminorex,,4-MAR | 4-MAX | 4-甲基阿米雷司 | Euphoria | Ice | McN-822 | McN822 | U4Euh,Stimulant,recreational,habit-forming | long-duration | potent-DA-releaser | research-chemical | tentative,inhalation,inhalation | insufflation | oral,inhalation | insufflation | oral,yes,yes,870.0,,,"A fatality involving U4Euh, a cyclic derivative of phenylpropanolamine.",mechanism_of_action
4-Methylmethylphenidate,,4'-Methylmethylphenidate | 4-MMPH | 4-Me-TMP | 4-metmp | 4M-TMP | Threo-4-methylmethylphenidate | p-Methyl methylphenidate,Stimulant,recreational,habit-forming | research-chemical | tentative,insufflation,insufflation | oral,insufflation | oral,yes,yes,,,,,"half_life_minutes, mechanism_of_action, references"
4-Methylphenmetrazine,,4-MPM | 4-Me-phenmetrazine | Mephenmetrazine | p-Methylphenmetrazine | para-methylphenmetrazine,Empathogen,recreational,class:Substituted phenylmorpholine | entactogen-like | habit-forming | non-selective-releaser | research-chemical | tentative,insufflation,insufflation | oral,insufflation | oral,yes,yes,,,,,"half_life_minutes, mechanism_of_action, references"
4-Methylthioamphetamine,MTA,4-(methylthio)amphetamine | 4-MTA | Flatliners | MTA | p-methylthioamphetamine | para-methylthioamphetamine,Empathogen,recreational,MAO-A-inhibitor | SERT-dominant | research-chemical | serotonergic-toxin | tentative,oral,oral,oral,yes,yes,,,,,"half_life_minutes, mechanism_of_action, references"
4-MPD,,4-Methylpentedrone | p-methyl pentedrone | para-methyl pentedrone,Stimulant,recreational,habit-forming | tentative,inhalation,inhalation | insufflation | oral,inhalation | insufflation | oral,yes,yes,,,,,"half_life_minutes, mechanism_of_action, references"
4-PrO-DMT,,4-ProO-DMT | 4-Propionyloxy-DMT | 4-propionoxy-DMT | O-propionylpsilocin | propylpsilocin | psilypropynone,Psychedelic,recreational,prodrug-of-psilocin,inhalation,inhalation | insufflation | oral,inhalation | insufflation | oral,yes,yes,,,,,"half_life_minutes, mechanism_of_action, references"
4-PrO-MET,,4-propanoyloxy-MET | 4-propionoxy-MET | O-propionyl-metocin,Psychedelic,recreational,prodrug,insufflation,insufflation | oral,insufflation | oral,yes,yes,,,,,"half_life_minutes, mechanism_of_action, references"
4-T-TRIS,,,Psychedelic,recreational,PIHKAL | no-human-data | phenethylamine,,,,no,no,,,,https://erowid.org/library/books_online/pihkal/pihkal179.shtml,"dose_ranges_by_route, duration_by_route, half_life_minutes, mechanism_of_action"
4-TASB,,4-thioasymbescaline,Psychedelic,recreational,PIHKAL | no-human-data | phenethylamine,oral,oral,oral,yes,yes,,,,https://erowid.org/library/books_online/pihkal/pihkal147.shtml,"half_life_minutes, mechanism_of_action"
4-TIM,,,Psychedelic,recreational,PIHKAL | phenethylamine,,,,no,no,,,,https://erowid.org/library/books_online/pihkal/pihkal154.shtml,"dose_ranges_by_route, duration_by_route, half_life_minutes, mechanism_of_action"
4-TME,,,Psychedelic,recreational,PIHKAL | phenethylamine,oral,oral,oral,yes,yes,,,,https://erowid.org/library/books_online/pihkal/pihkal164.shtml,"half_life_minutes, mechanism_of_action"
4-TSB,,,Psychedelic,recreational,PIHKAL | phenethylamine,,,,no,no,,,,https://erowid.org/library/books_online/pihkal/pihkal177.shtml,"dose_ranges_by_route, duration_by_route, half_life_minutes, mechanism_of_action"
4B-MAR,,4'-BR-4-MAR | 4-Bromo Aminorex,Stimulant,recreational,,inhalation,inhalation | insufflation | oral | sublingual,inhalation | insufflation | oral | sublingual,yes,yes,,,,,"half_life_minutes, mechanism_of_action, references"
4Cl-iBF,,4-CL-IBF | p-Chloro-isobutyrylfentanyl | p-Chloroisobutyrylfentanyl | p-Cl-IBF | para-Chloroisobutyrylfentanyl,Opioid,recreational,CYP3A4-substrate | mu-full-agonist | wooden-chest-syndrome-risk,insufflation,insufflation | intravenous | sublingual,insufflation | intravenous | sublingual,yes,yes,,,,,"half_life_minutes, mechanism_of_action, references"
4F-5-MeO-DMT,,,Psychedelic,recreational,experimental | research-chemical | tryptamine | tryptamine-halogen,inhalation,inhalation,inhalation,yes,yes,,,,,"half_life_minutes, mechanism_of_action, references"
4F-DMT,,,Psychedelic,recreational,experimental | no-human-data | research-chemical | tryptamine | tryptamine-halogen,,,,no,no,,,,,"dose_ranges_by_route, duration_by_route, half_life_minutes, mechanism_of_action, references"
4F-EPH,,4-FEPH,Stimulant,recreational,class:substituted phenidates,oral,oral,oral,yes,yes,,,,,"half_life_minutes, mechanism_of_action, references"
4F-MABP,,4-fluorobuphedrone | 4F-buphedrone,Stimulant,recreational,DAT-NET-blocker-predicted | class:substituted cathinone,insufflation,insufflation | oral,insufflation | oral,yes,yes,,,,,"half_life_minutes, mechanism_of_action, references"
4F-MDMB-BINACA,,4F-MDMB-BUTINACA | MDMB-4F-BINACA,Cannabinoid,recreational,US-Schedule-I | class:Indazole-3-carboxamide synthetic cannabinoid | duplicate-of:4F-MDMB-BINACA | fatalities-reported | full-agonist-CB1 | high-risk | indazole-carboxamide | synthetic-cannabinoid | ultrapotent,oral,oral,oral,yes,no,,,,https://en.wikipedia.org/wiki/4F-MDMB-BINACA,"duration_by_route, half_life_minutes, mechanism_of_action"
4F-MPH,,4-FL-MPH | 4-FMPH | 4-Fluoro-methylphenidate | 4-Fluoromethylphenidate | 4-fluoro-MPH | 4-氟哌甲酯 | 4F Ritalin | 4fmph | erythro-4F-MPH | pF-MPH | para-fluoromethylphenidate | threo-4F-MPH,Stimulant,recreational,DAT-selective | class:substituted phenidates | habit-forming | high-potency | research-chemical | tentative,insufflation,insufflation | oral,insufflation | oral,yes,yes,,"4F-MPH被认为主要作为多巴胺与去甲肾上腺素再摄取抑制剂发挥作用，这意味着它会通过结合并部分阻断通常从突触间隙清除这些儿茶酚胺的转运蛋白，有效提高大脑中多巴胺和去甲肾上腺素神经递质的水平。这使多巴胺和去甲肾上腺素能够在大脑的奖赏通路中积累，从而产生兴奋和欣快效应。

根据一项药理学评估，4F-MPH的(±)-苏式异构体在多巴胺再摄取抑制方面比其母体化合物哌甲酯有效2.15倍，在去甲肾上腺素再摄取抑制方面则有效2.7倍。然而，其(±)-赤式异构体在多巴胺再摄取抑制方面比哌甲酯低65倍，在去甲肾上腺素再摄取抑制方面低45.6倍。4F-MPH的两个外消旋体都不会对血清素再摄取产生显著影响。",,,"half_life_minutes, references"
4F-NEB,,,Cannabinoid,recreational,MISCLASSIFICATION | actually-cathinone-or-stimulant-not-cannabinoid | research-chemical | synthetic-cannabinoid,insufflation,insufflation | oral,insufflation | oral,yes,yes,,,,,"half_life_minutes, mechanism_of_action, references"
4F-PHP,,4'-fluoro-Α-PHP | 4F-alpha-PHP | 4F-Α-PHP,Stimulant,recreational,MISCLASSIFICATION | actually-synthetic-cathinone | habit-forming | pyrrolidinophenone | research-chemical | stimulant | synthetic-cannabinoid | tentative,insufflation,insufflation | oral,insufflation | oral,yes,yes,,,,,"half_life_minutes, mechanism_of_action, references"
4F-PVP,,4-fluoro-Α-PVP | 4f-A-PVP | pfpvp,Stimulant,recreational,DRI | habit-forming | pure-DAT-NET-blocker | pyrrolidinophenone | research-chemical | synthetic-cannabinoid | tentative | weaker-than-PVP,insufflation,insufflation,insufflation,yes,no,,,,,"duration_by_route, half_life_minutes, mechanism_of_action, references"
4T-MMDA-2,,,Psychedelic,recreational,PIHKAL | SNDRI | no-human-data | phenethylamine,,,,no,no,,,,https://erowid.org/library/books_online/pihkal/pihkal167.shtml,"dose_ranges_by_route, duration_by_route, half_life_minutes, mechanism_of_action"
4′-Chloro-4-methylaminorex,4-Cl-MAR,4-CL-MAR | 4C-MAR,Stimulant,recreational,,insufflation,insufflation | oral,insufflation | oral,yes,yes,,,,,"half_life_minutes, mechanism_of_action, references"
"5,6-MDO-DMT",,,Psychedelic,recreational,5-HT2A-agonist | TIHKAL | tryptamine,,,,no,no,,,,https://erowid.org/library/books_online/tihkal/tihkal31.shtml,"dose_ranges_by_route, duration_by_route, half_life_minutes, mechanism_of_action"
"5,6-MDO-MiPT",,,Psychedelic,recreational,TIHKAL | tryptamine,,,,no,no,,,,https://erowid.org/library/books_online/tihkal/tihkal32.shtml,"dose_ranges_by_route, duration_by_route, half_life_minutes, mechanism_of_action"
"5,6-MeO-MiPT",,,Psychedelic,recreational,TIHKAL | tryptamine,,,,no,no,,,,https://erowid.org/library/books_online/tihkal/tihkal41.shtml,"dose_ranges_by_route, duration_by_route, half_life_minutes, mechanism_of_action"
5-Amino-1MQ,,5A1MQ,Peptide,medical_rx,NNMT-inhibitor | anti-obesity | grey-market | metabolic | peptide | peptide-mimetic | weight-loss,oral,oral,oral,yes,no,480.0,,,,"duration_by_route, mechanism_of_action, references"
5-APB,,5apb | Benzo Fury | benzofury,Empathogen,recreational,5-HT2B-strong-agonist | SNDRA | cardiotoxicity-risk | class:substituted amphetamines | class:substituted benzofurans | fatalities-reported | habit-forming | research-chemical,insufflation,insufflation | oral,insufflation | oral,yes,yes,,Benzofuran Empathogen (Monoamine Releasing Agent),,,"half_life_minutes, references"
5-APDB,,EMA-3,Empathogen,recreational,5-HT2C-affinity | SSRA-NRI | habit-forming | research-chemical,oral,oral,oral,yes,yes,,,,,"half_life_minutes, mechanism_of_action, references"
5-APDI,,5-IAP | IAP | Indanyl-aminopropane | Indanylaminopropane | Indanylamphetamine,Empathogen,recreational,aminoindane-class | research-chemical | tentative,insufflation,insufflation | intravenous | oral,insufflation | intravenous | oral,yes,yes,,,,,"half_life_minutes, mechanism_of_action, references"
5-BPDI,,Indanyl-alpha-PHP | Indanyl-α-PHP,Stimulant,recreational,habit-forming | research-chemical | tentative,insufflation,insufflation | oral,insufflation | oral,yes,yes,,,,,"half_life_minutes, mechanism_of_action, references"
5-Bromo-DMT,,5-BR-DMT | 5-bromodimethyltryptamine | SpongeBob DMT,Psychedelic,recreational,5-HT2A-agonist | experimental | no-human-data | research-chemical | tentative | tryptamine | tryptamine-halogen,inhalation,inhalation,inhalation,yes,yes,,,,https://en.wikipedia.org/wiki/5-Bromo-DMT,"half_life_minutes, mechanism_of_action"
"5-chloro-N,N-dimethyltryptamine",5-Chloro-DMT,5-Chloro-DMT,Other,recreational,no-human-data | tryptamine,,,,no,no,,,,,"dose_ranges_by_route, duration_by_route, half_life_minutes, mechanism_of_action, references"
5-Dbfpv,,3-desoxy-MDPV | 5-DBF-PV,Stimulant,recreational,habit-forming | research-chemical | tentative,inhalation,inhalation | insufflation | oral,inhalation | insufflation | oral,yes,yes,,,,,"half_life_minutes, mechanism_of_action, references"
5-EAPB,,5eapb | Aminoalkylbenzofuran | N-ethyl-5-APB,Empathogen,recreational,SNDRA-presumed | habit-forming | research-chemical,insufflation,insufflation | oral,insufflation | oral,yes,yes,,,,,"half_life_minutes, mechanism_of_action, references"
5-HO-DMT,,bufotenin,Psychedelic,recreational,5-HT2A-agonist | TIHKAL | tryptamine,intravenous,intravenous,intravenous,yes,yes,,,,https://erowid.org/library/books_online/tihkal/tihkal19.shtml,"half_life_minutes, mechanism_of_action"
5-HTP,,5-Hydroxytryptophan | 5htp | Oxitriptan,Supplement,recreational,5HT-precursor | AADC-substrate | OTC | amino-acid-derivative | mood | serotonin-precursor | serotonin-syndrome-risk | sleep | supplement,oral,oral,oral,yes,yes,150.0,,,https://en.wikipedia.org/wiki/5-Hydroxytryptophan | https://examine.com/supplements/5-htp/,mechanism_of_action
5-Hydroxytryptophan,,5-HTP | Cincofarm | Levothym | Levotonine | Oxitriptan | Oxyfan | Telesol | Tript-OH | Triptum,Nootropic,recreational,class:amino acid | class:substituted tryptamines,oral,oral,oral,yes,no,,Serotonin Precursor,,,"duration_by_route, half_life_minutes, references"
5-IAI,,2-aminoindane derivative | 5iai | CAS 132367-76-1 | NRG-5 | PubChem CID 131506,Empathogen,recreational,Nichols-compound | SSRA-selective | habit-forming | research-chemical,insufflation,insufflation | oral | rectal,insufflation | oral | rectal,yes,yes,,,,,"half_life_minutes, mechanism_of_action, references"
5-IT,,5-API,Empathogen,recreational,MAO-A-inhibitor | fatalities-confirmed | habit-forming | research-chemical | self-potentiating,oral,oral,oral,yes,yes,,,,,"half_life_minutes, mechanism_of_action, references"
5-MAPB,,5MAPB | N-methyl-5-APB,Empathogen,recreational,5-HT2B-agonist | SNDRA | class:benzofuran / phenethylamine | class:substituted amphetamines | class:substituted benzofurans | habit-forming | research-chemical,insufflation,insufflation | oral | rectal,insufflation | oral | rectal,yes,yes,,"5-MAPB 是一种针对单胺类神经递质的三重神经递质再摄取抑制剂，作用对象包括norepinephrine、dopamine和serotonin；同时，它也是 5-HT 与 5-HT 受体的受体激动剂。此外，还有推测认为 5-MAPB 也会作为上述神经递质的神经递质释放剂发挥作用。

因此，像 5-MAPB 这样的释放剂，可能会通过结合并部分阻断通常负责从突触间隙清除并再摄取这些单胺的转运蛋白，来有效提高脑内血清素、去甲肾上腺素和多巴胺的水平。这样一来，血清素、多巴胺和去甲肾上腺素就会在大脑中与奖赏和认知相关的多个区域积累，从而带来兴奋和躯体欣快感等效应哦。",,,"half_life_minutes, references"
5-Mapdb,,5mapdb | N-methyl-5-APDB,Empathogen,recreational,SSRA-NRI | research-chemical,oral,oral,oral,yes,yes,,,,,"half_life_minutes, mechanism_of_action, references"
5-MeO-AET,,,Other,recreational,no-human-data | tryptamine,,,,no,no,,,,,"dose_ranges_by_route, duration_by_route, half_life_minutes, mechanism_of_action, references"
5-MeO-AMT,,"5-MeO-αMT | 5-甲氧基-Α-甲基色胺 | 5meoamt | Alpha-O,O-二甲基血清素 | Alpha-O-二甲基血清素 | α | α,O-DMS | α,O-Dimethylserotonin",Empathogen,recreational,5-HT2A-agonist | MISCATEGORIZED | fatalities-reported | no-human-data | psychedelic | research-chemical | serotonergic-toxicity-risk | tryptamine | very-long-duration,insufflation,insufflation | oral | rectal,insufflation | oral | rectal,yes,yes,,"See also: Serotonergic psychedelics

The psychedelic effects of 5-MeO-αMT are believed to arise from its activity as a partial agonist at 5-HT receptors. The precise role of these interactions and how they produce the psychedelic experience remain poorly understood.

5-MeO-αMT also inhibits the reuptake of monoamines (dopamine, serotonin, and norepinephrine) and stimulates their release.",,,"half_life_minutes, references"
5-MeO-DALT,,5-MeO DALT | 5MeO-DALT | 5meodalt | Foxtrot,Psychedelic,recreational,class:Tryptamine | class:substituted tryptamines | promiscuous-binding | research-chemical,inhalation,inhalation | insufflation | oral,inhalation | insufflation | oral,yes,yes,,,Acuity enhancement | Analysis enhancement | Auditory distortion | Auditory enhancement | Auditory hallucinations | Colour enhancement | Colour shifting | Conceptual thinking | Drifting | Emotion enhancement | Geometry | Increased heart rate | Increased libido | Memory suppression | Novelty enhancement | Pattern recognition enhancement | Personal bias suppression | Pupil dilation | Spontaneous tactile sensations | Stimulation | Symmetrical texture repetition | Tactile enhancement | Temperature regulation suppression | Thought acceleration | Thought connectivity | Time distortion | Tracers | Wakefulness,,"half_life_minutes, mechanism_of_action, references"
5-MeO-DET,,,Psychedelic,recreational,TIHKAL | tryptamine,oral,oral,oral,yes,yes,,,,https://erowid.org/library/books_online/tihkal/tihkal36.shtml,"half_life_minutes, mechanism_of_action"
5-MeO-DIBF,,5-Methoxy-diisopropylbenzofuranethylamine | benzofuran analogue of 5-MeO-DiPT,Psychedelic,recreational,class:Benzofuran analogue of 5-MeO tryptamines | class:substituted benzofurans | research-chemical | tentative,insufflation,insufflation | oral,insufflation | oral,yes,yes,,5-MeO-DiBF 可能充当 血清素 部分激动剂。致幻效果被认为来自它在 5-HT1A 和 5-HT2 家族血清素受体上的效力。这种化合物作为血清素激动剂的效力比 5-MeO-DiPT 低几倍呢喵。,,,"half_life_minutes, references"
5-MeO-DiPT,,5-甲氧基-二异丙基色胺 | 5meodipt | Foxy | Foxy Methoxy | foxy-methoxy,Psychedelic,recreational,5-HT2A-agonist | CYP2D6-substrate | TIHKAL | class:substituted tryptamines | research-chemical | tryptamine,oral,oral,oral,yes,yes,,"更多信息：血清素能迷幻剂

5-MeO-DiPT 产生的所谓致幻和致神效应的机制被认为主要源于 5-HT2A 受体激动作用，尽管其他作用机制如单胺氧化酶抑制 (MAOI) 也可能参与其中。[[4]](#cite_note-pmid17223101-4) 5-MeO-DiPT 最强的受体结合亲和力是在 5-HT1A 受体上。[[5]](#cite_note-5) 然而，这些相互作用的作用以及它们如何导致迷幻体验仍然难以捉摸。

5-MeO-DiPT 在大鼠中具有神经毒性。[[6]](#cite_note-Noworyta-Sokolowska2016-6)",,https://erowid.org/library/books_online/tihkal/tihkal37.shtml,half_life_minutes
5-MeO-DMT,,5-MeO | 5-medmt | 5-methoxydimethyltryptamine | 5meo | 5meodmt | Bufo | Jaguar | MeODMT | Methoxybufotenin | Methylbufotenine | O-methylbufotenine | The God Molecule | Toad | bufotenine methyl ether | toad venom | toads,Psychedelic,recreational,5-HT1A-dominant | 5-HT2A-agonist | CYP2D6-substrate | G-protein-biased-5HT2A | MAO-A-substrate | TIHKAL | class:substituted tryptamines | no-human-data | no-tachyphylaxis | research-chemical | tryptamine,inhalation,inhalation | insufflation,inhalation | insufflation,yes,yes,15.0,Potent 5-HT1A and 5-HT2A Receptor Agonist,Amnesia | Analysis enhancement | Anxiety | Auditory distortion | Auditory enhancement | Auditory hallucinations | Bodily control enhancement | Bodily pressures | Changes in gravity | Colour enhancement | Colour shifting | Conceptual thinking | Delusions | Drifting | Emotion enhancement | Environmental orbism | Geometry | Memory suppression | Mindfulness | Motor control loss | Nausea | Perception of increased weight | Physical euphoria | Pupil dilation | Recursion | Skin flushing | Subconscious communication | Tactile enhancement | Temperature regulation suppression | Thought connectivity | Time distortion | Unity and interconnectedness | Wakefulness,"https://erowid.org/library/books_online/tihkal/tihkal38.shtml | A Phase 1, Dose-Ranging Study to Assess Safety and Psychoactive Effects of a Vaporized 5-Methoxy-N, N-Dimethyltryptamine Formulation (GH001) in Healthy Volunteers",
5-MeO-DPT,,5meodpt | O-Me-DiPS,Psychedelic,recreational,class:Substituted tryptamine | research-chemical,inhalation,inhalation | oral,inhalation | oral,yes,yes,,,,,"half_life_minutes, mechanism_of_action, references"
5-MeO-EiPT,,5meoeipt,Psychedelic,recreational,research-chemical | tentative,insufflation,insufflation | oral,insufflation | oral,yes,yes,,,,,"half_life_minutes, mechanism_of_action, references"
5-MeO-MALT,,,Psychedelic,recreational,research-chemical,inhalation,inhalation | insufflation | oral,inhalation | insufflation | oral,yes,no,,,,,"duration_by_route, half_life_minutes, mechanism_of_action, references"
5-MeO-MET,,,Psychedelic,recreational,research-chemical,inhalation,inhalation | oral,inhalation | oral,yes,yes,,,,,"half_life_minutes, mechanism_of_action, references"
5-MeO-MiPT,,5meo-MiPT | 5meomipt | Moxy,Psychedelic,recreational,5-HT2A-preferring-5MeO | TIHKAL | class:Tryptamine | class:substituted tryptamines | research-chemical | tryptamine,inhalation,inhalation | oral | sublingual,inhalation | oral | sublingual,yes,yes,,"更多信息：血清素类迷幻剂

5-MeO-MiPT 的迷幻效应被认为源于其作为部分激动剂在 5-HT2A 受体上的功效，也有推测认为它具有抑制MAO（即胃中的消化酶）等其他作用机制，但这尚未得到科学证实。虽然 5-MeO-MiPT 与 5-HT1A 受体的结合最强，但它可能作为一种中等效力的血清素-去甲肾上腺素再摄取抑制剂（SNRI），不过其他研究未发现其在单胺转运体上有显著作用。这些机制可能有助于解释为什么有许多轶事报告称该化合物在适度剂量下具有抗抑郁和抗焦虑作用。例如，SNRI 类药物如文拉法辛常用于治疗抑郁症，而 5-HT1A 激动剂丁螺环酮主要用于治疗焦虑症。","Acuity enhancement | After images | Analysis enhancement | Auditory distortion | Auditory enhancement | Auditory hallucinations | Autonomous entities | Colour enhancement | Colour shifting | Conceptual thinking | Depersonalization | Drifting | Emotion enhancement | Empathy, love, and sociability enhancement | Geometry | Headaches | Increased heart rate | Increased libido | Internal hallucinations | Memory suppression | Nausea | Novelty enhancement | Pattern recognition enhancement | Personal bias suppression | Perspective alterations | Pupil dilation | Scenarios and plots | Scenery slicing | Sedation | Settings, sceneries, and landscapes | Spontaneous tactile sensations | Stimulation | Stomach bloating | Symmetrical texture repetition | Thought acceleration | Thought connectivity | Time distortion | Tracers | Transformations | Vasoconstriction | Wakefulness",https://erowid.org/library/books_online/tihkal/tihkal40.shtml,half_life_minutes
5-MeO-NIPT,,5meonipt,Psychedelic,recreational,research-chemical | tentative,oral,oral,oral,yes,yes,,,,,"half_life_minutes, mechanism_of_action, references"
5-MeO-NMT,,,Psychedelic,recreational,TIHKAL | no-human-data | tryptamine,,,,no,no,,,,https://erowid.org/library/books_online/tihkal/tihkal42.shtml,"dose_ranges_by_route, duration_by_route, half_life_minutes, mechanism_of_action"
5-MeO-PYR-T,,5-methoxy-pyrrolidinyltryptamine,Psychedelic,recreational,5-HT1A-selective | TIHKAL | research-chemical | tentative | tryptamine,inhalation,inhalation | oral,inhalation | oral,yes,yes,,,,https://erowid.org/library/books_online/tihkal/tihkal43.shtml,"half_life_minutes, mechanism_of_action"
5-MeO-TMT,,,Psychedelic,recreational,TIHKAL | tryptamine,oral,oral,oral,yes,yes,,,,https://erowid.org/library/books_online/tihkal/tihkal45.shtml,"half_life_minutes, mechanism_of_action"
5-MES-DMT,,,Psychedelic,recreational,5-HT2A-agonist | TIHKAL | no-human-data | tryptamine,oral,oral,oral,yes,yes,,,,https://erowid.org/library/books_online/tihkal/tihkal46.shtml,"half_life_minutes, mechanism_of_action"
5-Methyl-bk-MDEA,,5-Me | 5-methyl-ethylone,Stimulant,recreational,SNDRA-predicted | research-chemical,insufflation,insufflation | oral,insufflation | oral,yes,no,,,,,"duration_by_route, half_life_minutes, mechanism_of_action, references"
5-PPDI,,,Stimulant,recreational,habit-forming | research-chemical | tentative,oral,oral,oral,yes,yes,,,,,"half_life_minutes, mechanism_of_action, references"
5-TASB,,5-thioasymbescaline,Psychedelic,recreational,PIHKAL | no-human-data | phenethylamine,oral,oral,oral,yes,yes,,,,https://erowid.org/library/books_online/pihkal/pihkal148.shtml,"half_life_minutes, mechanism_of_action"
5-TME,,,Psychedelic,recreational,PIHKAL | phenethylamine,,,,no,no,,,,https://erowid.org/library/books_online/pihkal/pihkal165.shtml,"dose_ranges_by_route, duration_by_route, half_life_minutes, mechanism_of_action"
5-TOET,,,Psychedelic,recreational,PIHKAL | no-human-data | phenethylamine,oral,oral,oral,yes,yes,,,,https://erowid.org/library/books_online/pihkal/pihkal170.shtml,"half_life_minutes, mechanism_of_action"
5-TOM,,,Psychedelic,recreational,PIHKAL | no-human-data | phenethylamine,oral,oral,oral,yes,yes,,,,https://erowid.org/library/books_online/pihkal/pihkal172.shtml,"half_life_minutes, mechanism_of_action"
5F-ADB-PINACA,,,,medical_rx,,,,,no,no,,,,,"dose_ranges_by_route, duration_by_route, half_life_minutes, mechanism_of_action, references"
5F-Akb48,,5F-AKB-48 | 5F-APINACA | 5fakb48 | 5fapinaca,Cannabinoid,recreational,CB2-selective | class:adamantanes | class:indazolecarboxamide | full-agonist-CB1 | habit-forming | research-chemical | synthetic-cannabinoid | tentative,inhalation,inhalation,inhalation,yes,yes,,尽管这种物质尚未经过正式研究，但从其结构分析来看，通常认为5F-AKB48与其他大麻素具有相似的结合谱，并且与Δ9-THC的许多体内性质相符。不过，这些相互作用究竟如何共同产生大麻素药效，目前仍然没有被完全弄清楚呢。,,,"half_life_minutes, references"
5F-MDMB-PICA,,5F-MDMB-2201 | 5F-MMB-PICA,Cannabinoid,recreational,US-Schedule-I | fatalities-reported | full-agonist-CB1 | high-risk | indole-carboxamide | synthetic-cannabinoid | ultrapotent,,,,no,no,,,,https://en.wikipedia.org/wiki/5F-MDMB-PICA,"dose_ranges_by_route, duration_by_route, half_life_minutes, mechanism_of_action"
5F-PB-22,,5F-QUPIC,Cannabinoid,recreational,class:indolecarboxylate | fatalities-reported | full-agonist-CB1 | habit-forming | research-chemical | synthetic-cannabinoid | tentative,inhalation,inhalation | oral,inhalation | oral,yes,yes,,尽管这种物质尚未被正式研究，但根据其结构分析，人们推测5F-PB-22与其他大麻类物质具有相似的结合谱，并且与Δ9-THC的许多体内性质相吻合。不过，这些相互作用究竟扮演了什么角色，以及它们是如何共同形成大麻类药物的药效体验的，目前仍然不太清楚呢。,,,"half_life_minutes, references"
6-APB,,6APB | Benzo Fury | Benzofury,Psychedelic,recreational,5-HT2B-strong-agonist | SNDRA | cardiotoxicity-risk | class:Benzofuran phenethylamine | class:substituted amphetamines | class:substituted benzofurans | habit-forming | long-acting | research-chemical,insufflation,insufflation | oral | rectal,insufflation | oral | rectal,yes,yes,,Benzofuran Empathogen (Monoamine Releasing Agent),,,"half_life_minutes, references"
6-APDB,,4-desoxy-MDA | EMA-4,Empathogen,recreational,5-HT2B-agonist | SSRA-NRI | class:substituted amphetamines | class:substituted benzofurans | class:substituted phenethylamines | habit-forming | research-chemical,oral,oral,oral,yes,yes,,"6-APDB 作为一种神经递质释放剂和三重神经递质再摄取抑制剂发挥作用，作用对象是被称为血清素、多巴胺和去甲肾上腺素的单胺类神经递质。这些神经递质会调节大脑感受愉悦、动机、奖赏、规划、注意与专注的能力。它通过促进这些神经递质释放，并在它们完成通过突触间隙传递神经冲动的功能后抑制其再摄取与再吸收，从而使它们得以积累，并可被立即再次利用。其总体结果是一种兴奋状态，带来兼具身体刺激、放松、去抑制与欣快感的复合效应哦。

不饱和的苯并呋喃衍生物6-APB，即 6-(2-氨基丙基)苯并呋喃，也已为人所知；不过，6-APB 与 6-APDB 在药理效应上的差异，至今仍未被完全阐明呢。",,,"half_life_minutes, references"
6-EAPB,,N-ethyl-6-APB,Empathogen,recreational,SNDRA-presumed | habit-forming | research-chemical,oral,oral,oral,yes,yes,,,,,"half_life_minutes, mechanism_of_action, references"
6-MAPB,,N-methyl-6-APB,Empathogen,recreational,5-HT2B-agonist | SNDRA | habit-forming | research-chemical,insufflation,insufflation | oral,insufflation | oral,yes,yes,,,,,"half_life_minutes, mechanism_of_action, references"
6-MDDM,,6-methylenedihydrodesoxymorphine,Opioid,recreational,MOR-superagonist | habit-forming | morphine-derivative | tentative,oral,oral,oral,yes,yes,,,,,"half_life_minutes, mechanism_of_action, references"
6-MeO-THH,,,Psychedelic,recreational,TIHKAL | no-human-data | tryptamine,,,,no,no,,,,https://erowid.org/library/books_online/tihkal/tihkal44.shtml,"dose_ranges_by_route, duration_by_route, half_life_minutes, mechanism_of_action"
6-Monoacetylmorphine,,6-ACM | 6-AM | 6-Acetylmorphine | 6-MAM | 6-acetyl morphine,Opioid,recreational,MOR-full-agonist | class:Semi-synthetic morphinan opioid | heroin-metabolite | primary-active-species-after-heroin,inhalation,inhalation | insufflation | intravenous,inhalation | insufflation | intravenous,yes,yes,25.0,,,"6-Monoacetylmorphine (6-MAM), Not Morphine, Is Responsible for the Rapid Neural Effects Induced by Intravenous Heroin",mechanism_of_action
7-Hydroxymitragynine,,7-HMG | 7-OH | 7-OH-MG | 7-OHM | 7OH,Opioid,recreational,G-protein-biased | MOR-near-full-agonist | class:Terpenoid indole alkaloid | high-abuse-liability | kratom-metabolite,oral,oral | sublingual,oral | sublingual,yes,yes,240.0,,,Human Mitragynine and 7-Hydroxymitragynine Pharmacokinetics after Single and Multiple Daily Doses of Oral Encapsulated Dried Kratom Leaf Powder,mechanism_of_action
9-Me-BC,,9-MBC | 9-MeBC,Nootropic,recreational,BDNF-upregulator-astrocytic | MAO-A-moderate-selective | MAOI-A-weak | beta-carboline | class:β-Carboline alkaloid | no-human-data | nootropic | research-chemical,insufflation,insufflation | oral | sublingual,insufflation | oral | sublingual,yes,yes,,,,,"half_life_minutes, mechanism_of_action, references"
"a,N,O-TMS",,,Psychedelic,recreational,TIHKAL | tryptamine,oral,oral,oral,yes,yes,,,,https://erowid.org/library/books_online/tihkal/tihkal55.shtml,"half_life_minutes, mechanism_of_action"
"a,N-DMT",,,Psychedelic,recreational,5-HT2A-agonist | TIHKAL | tryptamine,oral,oral,oral,yes,yes,,,,https://erowid.org/library/books_online/tihkal/tihkal08.shtml,"half_life_minutes, mechanism_of_action"
"a,O-DMS",,,Psychedelic,recreational,TIHKAL | tryptamine,oral,oral,oral,yes,yes,,,,https://erowid.org/library/books_online/tihkal/tihkal05.shtml,"half_life_minutes, mechanism_of_action"
a-ET,,Monase | etryptamine | α-ethyltryptamine | αET,Psychedelic,recreational,TIHKAL | agranulocytosis-risk-historical | tryptamine,oral,oral,oral,yes,yes,,,,https://erowid.org/library/books_online/tihkal/tihkal11.shtml,"half_life_minutes, mechanism_of_action"
a-MT,,,Psychedelic,recreational,TIHKAL | tryptamine,oral,oral,oral,yes,yes,,,,https://erowid.org/library/books_online/tihkal/tihkal48.shtml,"half_life_minutes, mechanism_of_action"
A-pbp,,alpha-pbp,Stimulant,recreational,habit-forming | research-chemical | tentative,oral,oral,oral,yes,yes,,,,,"half_life_minutes, mechanism_of_action, references"
A-PHP,,PV7 | alpha-PHP | α-PHP,Stimulant,recreational,class:cathinone | class:substituted cathinones | class:substituted pyrrolidines,inhalation,inhalation | insufflation | oral,inhalation | insufflation | oral,yes,yes,,,,,"half_life_minutes, mechanism_of_action, references"
A-pihp,,pihp | α-PiHP,Stimulant,recreational,NDRI | habit-forming | pyrovalerone-cathinone | research-chemical | stimulant-not-entactogen | tentative,inhalation,inhalation | insufflation | oral,inhalation | insufflation | oral,yes,yes,,,,,"half_life_minutes, mechanism_of_action, references"
A-pvp,,Flak | Flakka | Gravel | O-2387 | Prolintanone | alpha-PVP | alpha-Pyrrolidinopentiophenone | apvp | desmethylpyrovalerone | flocka | α-PVP | α-Pyrrolidinopentiophenone | α-pyrrolidinovalerophenone | αpvp | β-ketone-prolintane,Stimulant,recreational,DAT-NET-selective | DRI | TAAR1-inactive-human | cathinone | class:cathinone | class:substituted cathinones | class:substituted pyrrolidines | fatalities-reported | habit-forming | high-psychosis-risk | high-risk | pure-reuptake-inhibitor | pyrrolidinophenone | research-chemical | slow-DAT-off-rate,inhalation,inhalation | insufflation | oral,inhalation | insufflation | oral,yes,yes,,"α-PVP 是一种强效且具有选择性的 去甲肾上腺素-多巴胺 再摄取抑制剂 (NDRI)，其效力与 MDPV 相似。α-PVP 不作为转运体底物，也就是说，它不会引起神经递质的释放（不像苯丙胺那样）。它是比经典兴奋剂可卡因和苯丙胺更强效的 DAT 和 NET 抑制剂呢。

MDPV、α-PVP、可卡因和苯丙胺对多巴胺 (DAT)、去甲肾上腺素 (NET) 和血清素 (SERT) 转运体 [3H] 递质摄取的抑制作用对比：",Acuity suppression | Analysis enhancement | Anxiety | Appetite suppression | Cognitive euphoria | Cognitive fatigue | Compulsive redosing | Dehydration | Depression | Difficulty urinating | Disinhibition | Ego inflation | Focus enhancement | Immersion enhancement | Increased heart rate | Increased libido | Increased perspiration | Irritability | Motivation enhancement | Spontaneous tactile sensations | Stimulation | Tactile enhancement | Teeth grinding | Thought acceleration | Thought deceleration | Time distortion | Vasoconstriction | Vibrating vision | Wakefulness,https://en.wikipedia.org/wiki/Alpha-Pyrrolidinopentiophenone | https://www.dea.gov/sites/default/files/2018-07/alpha-PVP-2018.pdf,half_life_minutes
A-pvt,,apvt,Stimulant,recreational,habit-forming | research-chemical | tentative,,,,no,no,,,,,"dose_ranges_by_route, duration_by_route, half_life_minutes, mechanism_of_action, references"
Ab-chminaca,,,Other,recreational,full-agonist-CB1 | habit-forming | high-toxicity | research-chemical | synthetic-cannabinoid | tentative | ultrapotent,inhalation,inhalation | oral,inhalation | oral,yes,yes,,,,,"half_life_minutes, mechanism_of_action, references"
Ab-fubinaca,,Ab-fubi | ab-fub | 艾比-富比,Cannabinoid,recreational,class:indazolecarboxamide | duplicate-of:AB-FUBINACA | full-agonist-CB1 | habit-forming | high-toxicity | research-chemical | synthetic-cannabinoid | tentative,inhalation,inhalation | oral,inhalation | oral,yes,yes,,虽然这种物质尚未经过正式研究，但从其结构分析来看，通常推测AB-FUBINACA具有与其他大麻类相似的结合谱，并且与Δ9-THC在体内表现出的许多性质相符。AB-FUBINACA通过对CB1和CB2大麻素受体的完全激动来产生其一系列效应，并且对CB2具有一定选择性。不过，这些相互作用究竟如何形成大麻类的药效体验，目前仍然不是很清楚呢。,,,"half_life_minutes, references"
AC-262536,,Accadrine,Endocrine,medical_rx,no-human-data | research-chemical | sarm | wada-prohibited,,,,no,no,,"Nonsteroidal AR partial agonist (Ki ~5 nM, ~64% DHT efficacy); anabolic:androgenic ratio ~2.45:1 in rat.",,"https://en.wikipedia.org/wiki/AC-262,536","dose_ranges_by_route, duration_by_route, half_life_minutes"
Acamprosate,,Acetyl homotaurine | Campral,Other,medical_rx,AUD-treatment | GABA-modulator | NMDA-modulator | anti-craving | prescription-only,oral,oral,oral,yes,no,1200.0,,,https://en.wikipedia.org/wiki/Acamprosate,"duration_by_route, mechanism_of_action"
Aceburic acid,,4-OAc-GHB | 4-acetoxybutanoic acid | 4-acetoxybutyric acid,GABAergic,recreational,GHB-prodrug-ester,insufflation,insufflation | oral | rectal | sublingual,insufflation | oral | rectal | sublingual,yes,yes,,,,,"half_life_minutes, mechanism_of_action, references"
Acetaminophen,,paracetamol | tylenol,Other,otc,,oral,oral,oral,yes,yes,,Centrally-Acting Analgesic and Antipyretic,,,"half_life_minutes, references"
Acetildenafil,,Hongdenafil,Other,recreational,research-chemical,oral,oral | sublingual,oral | sublingual,yes,yes,,,,,"half_life_minutes, mechanism_of_action, references"
Acetorphine,,Acetorfina | Acetylpropylorvinol,Opioid,recreational,Bentley-compound | MOR-superagonist | veterinary-only-class,,,,no,no,,,,,"dose_ranges_by_route, duration_by_route, half_life_minutes, mechanism_of_action, references"
Acetyl-L-Carnitine,,ALCAR | Acetylcarnitine | L-Acetylcarnitine,Supplement,otc,OTC | amino-acid-derivative | cholinergic | mitochondrial-support | nootropic | supplement,oral,oral,oral,yes,yes,285.0,,,https://en.wikipedia.org/wiki/Acetylcarnitine | https://examine.com/supplements/acetyl-l-carnitine/,mechanism_of_action
Acetyldihydrocodeine,,6-ADC | 6-acetyldihydrocodeine | ADC,Opioid,recreational,CYP2D6-bioactivation | MOR-prodrug | class:semi-synthetic morphinan opioid,insufflation,insufflation | oral | rectal,insufflation | oral | rectal,yes,yes,,,,,"half_life_minutes, mechanism_of_action, references"
Acetylfentanyl,,a-f | acetyl-fentanyl | 乙酰芬太尼,Opioid,recreational,CYP3A4-substrate | class:anilidopiperidine | habit-forming | mu-full-agonist | mu-opioid-agonist | research-chemical | wooden-chest-syndrome-risk,insufflation,insufflation | oral | sublingual,,no,yes,,"This compound produces its recreational effects because opioids structurally mimic endogenous endorphins naturally present in the body and act at the same mu-opioid receptors. This structural mimicry enables opioids to produce physical euphoria, analgesia, and anxiety suppression — effects that reflect the endorphins' natural roles in reducing pain, inducing drowsiness, and generating pleasure; endorphins are released in response to pain, vigorous exercise, orgasm, or general excitement.

Acetylfentanyl's high potency relative to morphine is largely attributable to its high lipophilicity — the ability of a chemical compound to dissolve in fats, oils, and lipids — which allows it to penetrate the central nervous system more readily than other opioids.

Similar to fentanyl, acetylfentanyl demonstrates opioid-like binding affinity at mu-opioid receptors in vitro and produces mu-opioid receptor agonist effects. Research has also shown that acetylfentanyl can inhibit the twitch response in electrically stimulated vas deferens preparations. Similarly, in studies using the tail-flick test and phenylquinone writhing test, acetylfentanyl produced analgesic responses in mice. Acetylfentanyl has additionally been shown to completely suppress signs of withdrawal in morphine-dependent monkeys. In drug discrimination studies, acetylfentanyl produces morphine-like subjective effects. Beyond analgesia, like other fentanyl-class substances, acetylfentanyl produces a range of pharmacological effects shared with other opioid analgesics, including mood alteration, euphoria, drowsiness, respiratory depression, cough suppression, pupil constriction, and impaired gastrointestinal motility.

No systematic human clinical studies evaluating the pharmacological effects of acetylfentanyl have been published in the scientific literature to date.

In acute toxicity studies in mice, the LD50 (the dose lethal to 50% of test animals) of acetylfentanyl and fentanyl was 9.3 mg/kg and 62 mg/kg respectively. Significant hemorrhaging of the small intestine was also observed in mice administered acetylfentanyl.",Anxiety suppression | Cognitive euphoria | Compulsive redosing | Constipation | Cough suppression | Difficulty urinating | Itchiness | Pain relief | Physical euphoria | Pupil constriction | Respiratory depression | Sedation,,"dose_ranges_by_route, half_life_minutes, references"
Acrylfentanyl,,Acryl-fentanyl | Acryloylfentanyl,Opioid,recreational,CYP3A4-substrate | duplicate-of-acrylfentanyl | habit-forming | mu-full-agonist | mu-opioid-agonist | research-chemical | tentative | wooden-chest-syndrome-risk,inhalation,inhalation | insufflation | intravenous | oral,inhalation | insufflation | intravenous | oral,yes,yes,,,,,"half_life_minutes, mechanism_of_action, references"
ADB-BUTINACA,,ADMB-BUTINACA,Cannabinoid,recreational,fatalities-reported | full-agonist-CB1 | high-risk | indazole-carboxamide | synthetic-cannabinoid | ultrapotent,,,,no,no,,,,https://en.wikipedia.org/wiki/ADB-BUTINACA,"dose_ranges_by_route, duration_by_route, half_life_minutes, mechanism_of_action"
ADB-HEXINACA,,ADB-HINACA,Cannabinoid,recreational,full-agonist-CB1 | high-risk | indazole-carboxamide | synthetic-cannabinoid,,,,no,no,,,,,"dose_ranges_by_route, duration_by_route, half_life_minutes, mechanism_of_action, references"
ADB-INACA,,,Cannabinoid,recreational,class:Synthetic cannabinoid | weak-CB1-activity,inhalation,inhalation | oral,inhalation | oral,yes,yes,,,,,"half_life_minutes, mechanism_of_action, references"
ADB-PINACA,,ADB-PINACA positional isomer | Spice”/“K2” product ingredient | indazole-3-carboxamide SCRA | isomer 1,Cannabinoid,recreational,US-Schedule-I | class:Indazole-3-carboxamide synthetic cannabinoid | fatalities-reported | full-agonist-CB1 | high-risk | indazole-carboxamide | post-K2 | synthetic-cannabinoid | ultrapotent,inhalation,inhalation | oral,inhalation | oral,yes,yes,,,,https://en.wikipedia.org/wiki/ADB-PINACA,"half_life_minutes, mechanism_of_action"
ADB-PINACA isomer 2,,ADB-PINACA iso-2 | ADB-PINACA positional isomer | ADB-PINACA structural isomer,Cannabinoid,recreational,class:Indazole-based synthetic cannabinoid | presumed-CB1-agonist | regio-isomer | structurally-related-to-ADB-PINACA,inhalation,inhalation | oral,inhalation | oral,yes,yes,,,,,"half_life_minutes, mechanism_of_action, references"
ADBICA,,ADB-ICA | ADB-PICA,Cannabinoid,recreational,class:Indole–3-carboxamide synthetic cannabinoid | full-agonist-CB1 | indole-carboxamide,inhalation,inhalation | oral,inhalation | oral,yes,yes,,,,,"half_life_minutes, mechanism_of_action, references"
Adinazolam,,Adinazolam mesylate | Deracyn,Benzodiazepine,recreational,CYP3A4-substrate | GABAA-PAM | benzodiazepine | designer-benzo | habit-forming | prodrug | tentative | triazolobenzodiazepine,oral,oral | sublingual,oral | sublingual,yes,yes,180.0,,,https://en.wikipedia.org/wiki/Adinazolam,mechanism_of_action
Adipotide,,FTPP | Prohibitin-targeting peptidomimetic,Peptide,medical_rx,nephrotoxic | no-human-data | peptide | peptidomimetic,subcutaneous,subcutaneous,,no,no,,Pro-apoptotic peptidomimetic targeting white-fat vasculature.,,https://en.wikipedia.org/wiki/Adipotide | Barnhart 2011 Sci Transl Med,half_life_minutes
Adrafinil,,"CRL-40,028 | Olmifon | 艾捉菲尼",Eugeroic,recreational,afinil | class:benzhydryl | eugeroic | habit-forming | hepatotoxic-monitor | hepatotoxic-potential | prodrug | research-chemical,oral,oral,oral,yes,yes,60.0,,,https://en.wikipedia.org/wiki/Adrafinil,mechanism_of_action
AEM,,5-trimethoxyphenyl)butane | alpha-Ethylmescaline | α-Ethylmescaline,Psychedelic,recreational,PIHKAL | no-human-data | phenethylamine,oral,oral,oral,yes,no,,,,https://erowid.org/library/books_online/pihkal/pihkal001.shtml,"duration_by_route, half_life_minutes, mechanism_of_action"
AET,,a-et | a-ethyltryptamine | alpha-ethyl-tryptamine,Empathogen,recreational,research-chemical | tentative,oral,oral,oral,yes,yes,,,,,"half_life_minutes, mechanism_of_action, references"
Afamelanotide,,MT-I | NDP-MSH | melanotan 1 | melanotan I | α-NDP-MSH,Other,recreational,no-human-data | tryptamine,subcutaneous,subcutaneous,,no,no,,,,,"half_life_minutes, mechanism_of_action, references"
Afloqualone,,Aflocualona | Afloqualon | Arofuto | HQ 495 | HQ-495,Depressant,recreational,habit-forming | muscle-relaxant-japan | quinazolinone | tentative,oral,oral,oral,yes,yes,,,,,"half_life_minutes, mechanism_of_action, references"
Agmatine,,AGM | AGS | Decarboxylated L-arginine | Decarboxylated arginine | 胍丁胺,Nootropic,recreational,NMDA-antagonist | imidazoline | imidazoline-agonist | nootropic | polyamine-derivative | supplement | weak-NMDA-antagonist,oral,oral,oral,yes,yes,,"Agmatine functions as an NMDA receptor antagonist, an alpha-2 adrenergic receptor antagonist, and an imidazoline receptor agonist.",,https://en.wikipedia.org/wiki/Agmatine,half_life_minutes
Agomelatine,,Melitor | Thymanax | Valdoxan,Antidepressant,medical_rx,MT1-MT2-agonist | antidepressant | hepatotoxicity-risk | melatonergic-antidepressant | prescription-only,,,,no,no,90.0,Melatonin Receptor Agonist and 5-HT2C Antagonist,,https://www.ema.europa.eu/en/documents/product-information/valdoxan-epar-product-information_en.pdf | https://en.wikipedia.org/wiki/Agomelatine,"dose_ranges_by_route, duration_by_route"
AH-7921,,ah7921 | doxylam,Opioid,recreational,habit-forming | kappa-agonist | morphine-equivalent-potency | mu-full-agonist | research-chemical,oral,oral,oral,yes,yes,,,,,"half_life_minutes, mechanism_of_action, references"
AHN 1-055,,,Stimulant,recreational,DRI | anticholinergic | atypical-DAT-inhibitor | investigational | no-human-data | research-chemical | slow-binding,,,,no,no,,,,https://pubmed.ncbi.nlm.nih.gov/,"dose_ranges_by_route, duration_by_route, half_life_minutes, mechanism_of_action"
AKB-57,,5F-AKB-57 | AKB57 | Spice”/“K2”-type synthetic cannabinoid,Cannabinoid,recreational,,oral,oral,oral,yes,no,,,,,"duration_by_route, half_life_minutes, mechanism_of_action, references"
AL,,,Psychedelic,recreational,PIHKAL | phenethylamine,oral,oral,oral,yes,yes,,,,https://erowid.org/library/books_online/pihkal/pihkal002.shtml,"half_life_minutes, mechanism_of_action"
AL-LAD,,Aladdin | N-allyl-nor-LSD | N6-allyl-nor-LSD | allad | 阿拉丁,Psychedelic,recreational,5-HT2A-partial-agonist | TIHKAL | class:lysergamides | research-chemical | tryptamine,oral,oral | sublingual,oral | sublingual,yes,yes,,"更多信息请参阅：血清素能迷幻剂

AL-LAD 可能作为 血清素 部分激动剂发挥作用喵。迷幻效果被认为源于 AL-LAD 对血清素受体的效力。然而，这些相互作用的作用以及它们如何导致迷幻体验，仍然是科学阐明对象呢。

AL-LAD 与其母体化合物 LSD 有许多共同特征；在人类身上，它的效力似乎大致相等（虽然略低），机制也相似，尽管效果的进展和持续时间被压缩了（同时在性质上保持较低的强度且更易于管理——可能是因为更容易被代谢掉喵）。然而在老鼠身上，测得 AL-LAD 的效力大约是 LSD 的两倍，尽管人类的轶事报告称其精神活性效力与 LSD 相当甚至略低哦。","Acuity enhancement | After images | Analysis enhancement | Auditory distortion | Auditory enhancement | Auditory hallucinations | Autonomous entities | Bodily control enhancement | Colour enhancement | Colour shifting | Conceptual thinking | Delusions | Depth perception distortions | Diffraction | Drifting | Déjà vu | Emotion enhancement | Feelings of interdependent opposites | Geometry | Immersion enhancement | Increased heart rate | Internal hallucinations | Memory suppression | Multiple thought streams | Nausea | Novelty enhancement | Pattern recognition enhancement | Personal bias suppression | Perspective alterations | Pupil dilation | Scenarios and plots | Scenery slicing | Settings, sceneries, and landscapes | Spontaneous tactile sensations | Stimulation | Symmetrical texture repetition | Tactile enhancement | Thought acceleration | Thought loops | Time distortion | Tracers | Transformations | Unity and interconnectedness | Wakefulness",https://erowid.org/library/books_online/tihkal/tihkal01.shtml,half_life_minutes
Alcohol,,Bevvy | Booze | EtOH | Ethanol | Ethyl alcohol | Juice | Liquor | Moonshine | Sauce | beer | hooch | 乙醇 | 乙醇（Ethanol） | 酒 | 酒精 | 酒精（Alcohol）,Depressant,recreational,5-HT3-PAM | ALDH2-pharmacogenetic | CYP2E1-substrate-inducer | GABA-A-PAM-delta | NMDA-antagonist | class:alcohol | common | glycine-PAM | habit-forming | zero-order-PK,oral,oral,oral,yes,yes,,Non-Selective CNS Depressant (GABAergic/Anti-Glutamatergic),"Acuity suppression | Amnesia | Analysis suppression | Anxiety suppression | Auditory suppression | Cognitive euphoria | Compulsive redosing | Creativity suppression | Dehydration | Delusions | Depression | Difficulty urinating | Disinhibition | Dizziness | Double vision | Ego inflation | Empathy, love, and sociability enhancement | Frequent urination | Headaches | Increased blood pressure | Information processing suppression | Language suppression | Motor control loss | Muscle relaxation | Nausea | Pain relief | Pattern recognition suppression | Physical euphoria | Respiratory depression | Sedation | Tactile suppression | Temporary erectile dysfunction | Thought deceleration | Thought disorganization",,"half_life_minutes, references"
ALD-52,,1-Acetyl-LSD | 1A-LAD | 1A-LSD | 1alsd | OAL-52 | Orange Sunshine | ald52,Psychedelic,recreational,class:lysergamides | prodrug-of-LSD | research-chemical | tentative,oral,oral,oral,yes,yes,,"ALD-52 通过其代谢产物 LSD 作用于大多数血清素受体亚型，作为部分激动剂，包括 5-HT1A、5-HT2A、5-HT2B、5-HT2C 和 5-HT6 受体喵。它也可以预期作为多巴胺受体（如 D2）的激动剂。人们认为其致幻效果源于 ALD-52 在 5-HT2A 受体亚型的效能呢。

ALD-52 与 1P-LSD 和 1B-LSD 一样，是 LSD 的前药，目前尚不清楚它作为母体物质是否能发挥自身的效果。研究发现，ALD-52 除了主要代谢物 LSD 外，还会代谢成两种不同的代谢产物：N-脱乙基 ALD-52 和 N-脱甲基 ALD-52（nor-ALD-52）喵。ALD-52 由 CYP3A4 酶进行 N-脱烷基化代谢，此外，CYP2D6 也参与了羟基化过程哦。",,,"half_life_minutes, references"
ALEPH,,Aleph-1 | DOT | para-DOT,Empathogen,recreational,PIHKAL | no-human-data | phenethylamine | research-chemical | tentative,oral,oral,oral,yes,yes,,,,https://erowid.org/library/books_online/pihkal/pihkal003.shtml,"half_life_minutes, mechanism_of_action"
ALEPH-2,,DOT-2 | aleph2 | dot2,Psychedelic,recreational,PIHKAL | no-human-data | phenethylamine | research-chemical | tentative,oral,oral,oral,yes,yes,,,,https://erowid.org/library/books_online/pihkal/pihkal004.shtml,"half_life_minutes, mechanism_of_action"
ALEPH-4,,,Psychedelic,recreational,PIHKAL | no-human-data | phenethylamine,oral,oral,oral,yes,yes,,,,https://erowid.org/library/books_online/pihkal/pihkal005.shtml,"half_life_minutes, mechanism_of_action"
ALEPH-6,,,Psychedelic,recreational,PIHKAL | no-human-data | phenethylamine,oral,oral,oral,yes,yes,,,,https://erowid.org/library/books_online/pihkal/pihkal006.shtml,"half_life_minutes, mechanism_of_action"
ALEPH-7,,,Psychedelic,recreational,PIHKAL | no-human-data | phenethylamine,oral,oral,oral,yes,yes,,,,https://erowid.org/library/books_online/pihkal/pihkal007.shtml,"half_life_minutes, mechanism_of_action"
Alfentanil,,Alfenta | Alfentanyl | Fanaxal | R 39209 | R-39209 | Rapifen,Opioid,recreational,CYP3A4-substrate | mu-full-agonist | rapid-onset | short-acting,intravenous,intravenous,intravenous,yes,yes,94.0,,,The pharmacokinetics of alfentanil (R39209): a new opioid analgesic.,mechanism_of_action
Allobarbital,,diallylbarbituric acid,Depressant,recreational,barbiturate-intermediate-acting | habit-forming | historic | tentative,oral,oral,,no,yes,,,,,"dose_ranges_by_route, half_life_minutes, mechanism_of_action, references"
Allylescaline,,AL | 烯丙沙林 | 烯丙艾斯卡林,Psychedelic,recreational,class:substituted phenethylamines | no-human-data | phenethylamine | research-chemical,oral,oral,oral,yes,yes,,"更多信息请参阅：血清素类致幻剂

烯丙艾斯卡林作为 血清素 受体部分激动剂发挥作用。人们认为其致幻效果源于它对血清素受体的效能喵。然而，这些相互作用的作用方式以及它们如何导致致幻体验的过程仍然难以捉摸哦。

它是麦斯卡林的 4-O-烯丙基同系物，与血清素受体的结合方式类似。它在单位重量上的药效强度似乎显著增加，据报告人类的起效剂量为 20-40 mg（相比之下，麦斯卡林为 300-400 mg）呢。

它相对罕见，人类使用的历史极短。关于烯丙艾斯卡林的药理特性、代谢和毒性的数据非常少。这种化合物的效果最初由亚历山大·舒尔金在他的著作《PiHKAL》中进行了描述嘛。",Acuity enhancement | After images | Analysis enhancement | Auditory distortion | Auditory enhancement | Auditory hallucinations | Bodily control enhancement | Colour enhancement | Colour shifting | Conceptual thinking | Drifting | Emotion enhancement | Geometry | Immersion enhancement | Memory suppression | Nausea | Novelty enhancement | Pattern recognition enhancement | Personal bias suppression | Physical euphoria | Pupil dilation | Spontaneous tactile sensations | Stimulation | Symmetrical texture repetition | Tactile enhancement | Thought acceleration | Thought disorganization | Thought loops | Time distortion | Tracers | Transformations | Unity and interconnectedness | Wakefulness,,"half_life_minutes, references"
alpha-D2PV,,A-D2PV | alpha D2PV | Α-D2PV,Stimulant,recreational,,inhalation,inhalation | insufflation | intravenous | oral,inhalation | insufflation | intravenous | oral,yes,yes,,,,,"half_life_minutes, mechanism_of_action, references"
Alpha-GPC,,Choline Alfoscerate | GPC | L-Alpha Glycerylphosphorylcholine | L-α-glycerylphosphorylcholine | α-GPC,Nootropic,recreational,ACh-precursor | TMAO-precursor | choline-donor | cholinergic | class:choline derivative | nootropic | supplement,oral,oral,oral,yes,yes,,Cholinergic Precursor,,https://en.wikipedia.org/wiki/Alpha-GPC,half_life_minutes
Alpha-Lipoic Acid,,ALA | Alpha Lipoic Acid | R-ALA | R-Lipoic Acid | Thioctic Acid,Supplement,otc,OTC | antioxidant | insulin-sensitizer | neuroprotective | supplement,oral,oral,oral,yes,yes,30.0,,,https://ods.od.nih.gov/factsheets/Antioxidants-HealthProfessional/ | https://en.wikipedia.org/wiki/Lipoic_acid,mechanism_of_action
"alpha-N,N-trimethyltryptamine",ATMT,ATMT,Other,recreational,no-human-data | tryptamine,,,,no,no,,,,,"dose_ranges_by_route, duration_by_route, half_life_minutes, mechanism_of_action, references"
alpha-PiHP,,A-PHiP | A-PiHP | alpha-PHiP | alpha-pyrrolidinoisohexanophenone | α-PHiP | α-PiHP | α-Pyrrolidinoisohexaphenone | α-pyrrolidinoisohexanophenone,Stimulant,recreational,cathinone | fatalities-reported | no-human-data | pure-DAT-NET-blocker | pyrrolidinophenone | research-chemical,inhalation,inhalation | insufflation | oral,inhalation | insufflation | oral,yes,yes,,,,,"half_life_minutes, mechanism_of_action, references"
alpha-Pyrrolidinohexiophenone,,PV-7 | PV7 | a-PHP | alpha-PHP | aphp | α-PHP | α-PHiP | α-PiHP | α-Pyrrolidinohexiophenone | αphp,Stimulant,recreational,DAT-NET-selective | TAAR1-inactive-human | cathinone | fatalities-reported | habit-forming | high-risk | pure-reuptake-inhibitor | pyrrolidinophenone | research-chemical | tentative,inhalation,inhalation | insufflation | oral,inhalation | insufflation | oral,yes,yes,,"α-PHP 的作用机制尚不清楚呢。除了持续时间明显更短之外，人们认为它的作用与 策划药 Pentedrone和 α-PVP 类似，它们都是强效的 去甲肾上腺素-多巴胺 神经递质再摄取抑制剂 (NDRI)，不过目前还没有关于这种化合物药理学的实质性研究。

这意味着它可能通过结合并部分阻断通常从突触间隙移除这些单胺的转运蛋白，从而有效地提高大脑中去甲肾上腺素和多巴胺神经递质的水平。这使得多巴胺和去甲肾上腺素在大脑内积聚，从而产生 兴奋 和 欣快 的效果。",,https://en.wikipedia.org/wiki/Alpha-PHP,half_life_minutes
Alprazolam,,Alprax | Alprazolamum | Cassadan | Ksalol | Tafil | Trankimazin | Xanax | Zopax | niravam | prazolam | 贊安諾 | 赞安诺 | 阿普唑仑 | 阿普唑侖,Benzodiazepine,recreational,CYP3A4-substrate | GABAA-PAM | active-metabolite | benzodiazepine | class:benzodiazepines | common | habit-forming | high-potency | triazolobenzodiazepine,inhalation,inhalation | oral,inhalation | oral,yes,yes,672.0,GABA-A Positive Allosteric Modulator,Amnesia | Analysis suppression | Anxiety suppression | Compulsive redosing | Delusions | Disinhibition | Dizziness | Emotion suppression | Information processing suppression | Motor control loss | Muscle relaxation | Respiratory depression | Sedation | Seizure suppression | Thought deceleration,Clinical Pharmacokinetics of Alprazolam,
AM-1248,,AM 1248,Cannabinoid,recreational,adamantoyl-indole | moderate-CB1-agonist,inhalation,inhalation | oral,inhalation | oral,yes,yes,,,,,"half_life_minutes, mechanism_of_action, references"
AM-2201,,AM2201 | JWH-2201 | NA-5F-PIMO,Cannabinoid,recreational,US-Schedule-I | aminoalkylindole | class:naphthoylindole synthetic cannabinoid | full-agonist-CB1 | habit-forming | high-risk | high-toxicity | research-chemical | synthetic-cannabinoid | tentative,inhalation,inhalation | oral,inhalation | oral,yes,yes,,,,https://en.wikipedia.org/wiki/AM-2201,"half_life_minutes, mechanism_of_action"
AM-2233,,AM2233 | CAS 444912-75-8 | R(+)-AM-2233,,recreational,class:benzoylindole synthetic cannabinoid,inhalation,inhalation | oral,inhalation | oral,yes,yes,,,,,"half_life_minutes, mechanism_of_action, references"
AM-694,,,,recreational,,inhalation,inhalation | oral,inhalation | oral,yes,yes,,,,,"half_life_minutes, mechanism_of_action, references"
Amanita Muscaria,,毒蝇伞,,medical_rx,,,,,no,no,,"Muscimol has a somewhat atypical mechanism of action. Unlike classical psychedelics (which are typically 5-HT receptor agonists) and classical dissociatives (which are typically NMDA receptor antagonists), muscimol is a potent GABA agonist — meaning it activates GABA receptors. GABA is the primary inhibitory neurotransmitter in the brain. As an agonist, muscimol binds to the same site on GABA receptors as GABA itself. This distinguishes it from benzodiazepines and barbiturates, which bind to other allosteric sites on the GABA receptor.

Research has also shown that muscimol acts as a partial agonist at GABA receptors, which may contribute to its psychoactive effects. Certain GABAergic compounds — including the Z-drugs such as zolpidem — produce hallucinogenic effects through activation of α1 subunit-containing GABA receptors; muscimol acts similarly.

Following oral ingestion of muscimol alone, effects begin approximately one hour after administration, peak around three hours, and may persist for a total of 10–24 hours.

Ibotenic acid has been shown to be a potent agonist at both NMDA receptors and at group I and group II metabotropic glutamate receptors. Because it is decarboxylated in the body to muscimol, it shares many pharmacological similarities with muscimol.",,,"dose_ranges_by_route, duration_by_route, half_life_minutes, references"
Amanita Pantherina,,豹斑鹅膏,,medical_rx,,,,,no,no,,,,,"dose_ranges_by_route, duration_by_route, half_life_minutes, mechanism_of_action, references"
Amantadine,,金刚烷胺,Dissociative,recreational,,oral,oral,oral,yes,yes,,"Amantadine is a weak NMDA receptor antagonist (Ki = 10 µM) that increases dopamine release and blocks dopamine reuptake. It also inhibits nicotinic acetylcholine receptors (nAChRs).

Amantadine has been found to bind to and act as an agonist at the σ1 receptor (Ki = 7.44 µM), and activation of the σ1 receptor has been implicated in the dopaminergic effects.

The antiviral and psychoactive mechanisms of action of amantadine are unrelated. The mechanism underlying amantadine's antiviral activity involves interference with the viral protein M2, a proton channel.",,,"half_life_minutes, references"
AMB-CHMICA,,MDMB-CHM | MDMB-CHMICA | MMB-CHMICA,Cannabinoid,recreational,fatalities-reported | full-agonist-CB1 | ultrapotent,inhalation,inhalation | oral,inhalation | oral,yes,yes,,,,,"half_life_minutes, mechanism_of_action, references"
Amfecloral,,Acutran | Amphecloral | DB08924,Stimulant,recreational,,oral,oral,oral,yes,yes,,,,,"half_life_minutes, mechanism_of_action, references"
Amfepramone,,2-(diethylamino)propiophenone | Amfepramon | Diethylcathinone | Diethylpropion | Neobes | Nobesine | Phepranon | Préfamone | Regenon | Regibon | Tenuate | Tenuate Dospan | Tepanil,Stimulant,recreational,CYP3A4-substrate | FDA-approved-anorectic | Schedule-IV | prodrug,insufflation,insufflation | oral,insufflation | oral,yes,yes,240.0,,,Pharmacogenetics of amfepramone in healthy Mexican subjects reveals potential markers for tailoring pharmacotherapy of obesity: results of a randomised trial,mechanism_of_action
Amfonelic acid,,"AA | AFA | WIN 25,978 | WIN-25,978",Stimulant,recreational,DAT-selective | DRI | investigational | neuroprotective-vs-meth | no-human-data | research-chemical,,,,no,no,,,,https://en.wikipedia.org/wiki/Amfonelic_acid,"dose_ranges_by_route, duration_by_route, half_life_minutes, mechanism_of_action"
Amfonelicacid,,aa | afa | win25978,Stimulant,recreational,habit-forming | research-chemical,oral,oral,oral,yes,yes,,,,,"half_life_minutes, mechanism_of_action, references"
Aminorex,,Menocil,Stimulant,recreational,PPH-causing | SERT-component | habit-forming | tentative | withdrawn,insufflation,insufflation | oral,insufflation | oral,yes,yes,,,,,"half_life_minutes, mechanism_of_action, references"
Aminotadalafil,,,Other,recreational,,oral,oral,oral,yes,yes,,,,,"half_life_minutes, mechanism_of_action, references"
Amisulpride,,Barhemsys | Solian | 氨磺必利 | 胺硫必利,Antipsychotic,medical_rx,D2-antagonist | D3-antagonist | antipsychotic | atypical-antipsychotic | prescription-only,oral,oral,oral,yes,no,720.0,,,https://en.wikipedia.org/wiki/Amisulpride,"duration_by_route, mechanism_of_action"
Amitriptyline,,Elavil | Endep | Tryptanol,Antidepressant,medical_rx,QTc-prolongation-risk | TCA | anticholinergic | antidepressant | overdose-risk | prescription-only | serotonin-syndrome-risk,,,,no,no,1440.0,,,https://www.accessdata.fda.gov/drugsatfda_docs/label/2014/012036s098lbl.pdf | https://en.wikipedia.org/wiki/Amitriptyline | https://www.ncbi.nlm.nih.gov/books/NBK537225/,"dose_ranges_by_route, duration_by_route, mechanism_of_action"
Amobarbital,,Amylobarbitone | Amytal | Blue Heavens/Blues | Sodium amobarbital,Depressant,recreational,barbiturate-intermediate-acting | habit-forming,intramuscular,intramuscular | intravenous | oral,intramuscular | oral,yes,yes,,,,,"half_life_minutes, mechanism_of_action, references"
Amphetamine,,(AlphaS)-alpha-methylbenzeneethanamine | Adderall | Adderall IR | Adderall XR | Addys | Amphetamine（安非他命） | Attentin | Benzedrine | DL-amphetamine | Dex | Dex/Levo-amphetamine | Dexamfetamine | Dexedrine | Dexedrine Spansule | Dextroamphetamine | Dextroamphetamine-Amphetamine | Dextrostat | Evekeo | MAS | MAS-IR | MAS-XR | Mixed Amphetamine Salts | Mydayis | Pep | ProCentra | S-(+)-amphetamine | Speed | Xelstrym | Zenzedi | adderal | aderal | aderall | alpha-Methylbenzeneethaneamine | alpha-methylphenethylamine | alpha-methylphenylethylamine | amfetamine | amfetaminum | amph | amphetamin | amphetamines | base | bennies | beta-Aminopropylbenzene | beta-Phenylisopropylamine | beta-phenylisopropylamin | black beauties | d-amph | desoxynorephedrine | dexies | dextroamphetamine/amphetamine | goey | hearts | louee | mixed amphetamine salts; MAS | pep pills | pepp | racemic amphetamine | uppers | whiz | whizz | α-methylbenzeneethaneamine | α-methylphenethylamine | α-甲基苯乙胺 | β-aminopropylbenzene | β-phenylisopropylamine | 安非他命 | 安非他明 | 苯丙胺,Stimulant,recreational,ADHD-treatment | DA-NE-releaser | DRI | NDRI | SERT-weak | TAAR1 | TAAR1-agonist | brand-of-dextroamphetamine | class:Phenethylamine | class:substituted phenethylamines | common | habit-forming | mixed-enantiomer | no-human-data | phenethylamine,insufflation,insufflation | intravenous | oral,insufflation | intravenous | oral,yes,yes,600.0,Catecholamine-Releasing Agent,Abnormal heartbeat | Analysis enhancement | Anxiety | Appetite suppression | Bronchodilation | Cognitive euphoria | Cognitive fatigue | Compulsive redosing | Dehydration | Depression | Focus enhancement | Frequent urination | Increased blood pressure | Increased heart rate | Increased libido | Increased perspiration | Irritability | Memory enhancement | Motivation enhancement | Nausea | Stimulation | Teeth grinding | Temporary erectile dysfunction | Thought acceleration | Thought deceleration | Thought organization | Vasoconstriction | Wakefulness,https://www.accessdata.fda.gov/drugsatfda_docs/label/2013/021303s026lbl.pdf,
AMT,,"164E | 3-IT | Alpha-methyltryptamine | Amthrax | Amtrak | IT-290 | IT-403 | Indopan | U-14,164E | alphamethyltryptamine | monase | α-Methyltryptamine | αMT",Psychedelic,recreational,MAO-A-inhibitor-weak | class:Tryptamine | class:substituted tryptamines | monoamine-releaser-broad | no-human-data | research-chemical | tryptamine | very-long-duration,inhalation,inhalation | insufflation | oral,inhalation | insufflation | oral,yes,yes,,"另见：血清素能致幻剂

αMT 是一种相对平衡的再摄取抑制剂，也是三种主要单胺类神经递质（血清素、去甲肾上腺素和多巴胺）的释放剂，并且是非选择性的血清素受体激动剂。

人们认为 αMT 的迷幻效果来自于它在 5-HT2A 受体上作为部分激动剂的功效。

αMT 还作为血清素、去甲肾上腺素和多巴胺的释放剂起作用。它在体外和体内也表现出非常微弱的非选择性 可逆性MAOA抑制剂（RIMA）活性，但在常规剂量下，这一点似乎不太重要（甚至可能完全不重要）。",,,"half_life_minutes, references"
Angel's Trumpets,,Devil's Apple | Devil's Weed | Moonflower | Stinkweed | Thorn Apple | 刺苹果 | 天使的号角 | 曼陀罗 | 月光花 | 臭草 | 魔鬼的苹果 | 魔鬼草,,medical_rx,,,,,no,no,,,,,"dose_ranges_by_route, duration_by_route, half_life_minutes, mechanism_of_action, references"
Aniracetam,,Ampamet | Draganon | Memodrin | Ro 13-5057 | Sarple/Sarpul | Sarpul | 茴拉西坦,AMPAkine,recreational,AMPA-PAM | class:racetams | nootropic | racetam | research-chemical,oral,oral | sublingual,oral | sublingual,yes,yes,90.0,"茴拉西坦被认为会增加海马细胞内乙酰胆碱的释放。由于乙酰胆碱参与记忆功能，这或许可以解释它的益智药效应。

此外，研究表明茴拉西坦还会调节AMPA受体、GABA能神经传递以及多巴胺能神经传递。",,https://en.wikipedia.org/wiki/Aniracetam,
AOD-9604,,ANTI-Obesity Drug 9604 | TYR-hGH 177-191,Peptide,medical_rx,hgh-fragment | lipolytic | peptide,subcutaneous,subcutaneous,,no,no,30.0,"Modified C-terminal HGH fragment — lipolytic, no growth effect.",,https://en.wikipedia.org/wiki/AOD9604,
APICA,,2NE1 | SDB-001,Cannabinoid,recreational,class:indole cannabinoid | class:indolecarboxamide,inhalation,inhalation,inhalation,yes,yes,,"APICA 是大麻素受体的完全激动剂，在CB1和CB2上的效力相近。测量大鼠对 APICA 及类似药物反应的体内实验发现，APICA 的效力与 Δ9-THC 相近，约为JWH-018的三分之一。与这些其他大麻素相比，APICA 的效应持续时间似乎更长。不过呢，解读动物实验时还是要谨慎，因为人体中的效应可能会有明显差异。

药理学研究报告显示，其在 CB1 上的 EC 值为 6.89 ± 0.11nM，在 CB2 上为 7.54 ± 0.11nM。APICA 很可能与 Δ9-THC 共享许多体内性质。不过，这些相互作用究竟如何产生大麻类药效体验，目前仍缺乏科学上的充分验证。

关于 APICA 的体内代谢研究显示，这种药物会被完全代谢，在尿液中检测不到原始化合物。其主要代谢物是在金刚烷环系上发生单羟基化或二羟基化，以及在戊基链上发生单羟基化的产物。",,,"half_life_minutes, references"
Apomorphine,,Apo-Go PEN | Apo-Go pump | Apo-go | Apokyn | Ixense | Kynmobi | Movapo | Onapgo | Uprima,,recreational,D2/D3-agonist | Parkinsons-rescue | QT-moderate | not-opioid,subcutaneous,subcutaneous | sublingual,subcutaneous | sublingual,yes,yes,40.0,,,Pharmacokinetic-pharmacodynamic relationships of apomorphine in patients with Parkinson's disease,mechanism_of_action
Arecoline,,Areca alkaloid,,recreational,,buccal,buccal | inhalation | oral | sublingual,buccal | inhalation | oral | sublingual,yes,no,,,,,"duration_by_route, half_life_minutes, mechanism_of_action, references"
Ariadne,,4C-D | 4C-DOM | BL-3912 | Dimoxamine | alpha-Et-2C-D | Α-Et-2C-D | Α-ethyl-2C-D,Psychedelic,recreational,PIHKAL | no-human-data | phenethylamine,oral,oral,oral,yes,yes,,"See also: Serotonergic psychedelics

The psychedelic effects of 4C-D are believed to arise from its activity as a partial agonist at 5-HT receptors. The precise role of these interactions, and the exact mechanism by which they produce a psychedelic experience, has not yet been fully elucidated.

In a forum discussion, users have proposed that 4C-D may function as a monoamine oxidase inhibitor (MAOI), based on its structural resemblance to 5-MeO-7-Me-AET or 7-Me-AET, the latter of which has been demonstrated to be a potent MAOI and serotonin releasing agent. No evidence supports this property for 4C-D, though it should be taken into consideration when deciding to combine this substance with other monoaminergic drugs.",,https://erowid.org/library/books_online/pihkal/pihkal008.shtml,half_life_minutes
Arimistane,,17-dione | 5-diene-7 | ADD | Androsta-3,Endocrine,medical_rx,,oral,oral | sublingual | transdermal,oral | sublingual | transdermal,yes,no,,,,,"duration_by_route, half_life_minutes, mechanism_of_action, references"
Aripiprazole,,Abilify | Abilify Maintena | Aristada,Antipsychotic,medical_rx,5HT1A-partial-agonist | 5HT2A-antagonist | D2-partial-agonist | D3-partial-agonist | antipsychotic | atypical-antipsychotic | long-acting-injectable | prescription-only,intramuscular,intramuscular | oral,intramuscular | oral,yes,no,4680.0,Dopamine D2 Partial Agonist and Serotonin Modulator,,https://www.accessdata.fda.gov/drugsatfda_docs/label/2014/021436s038lbl.pdf | https://en.wikipedia.org/wiki/Aripiprazole | https://www.fda.gov/media/71096/download,duration_by_route
ASB,,,Psychedelic,recreational,PIHKAL | phenethylamine,oral,oral,oral,yes,yes,,,,https://erowid.org/library/books_online/pihkal/pihkal009.shtml,"half_life_minutes, mechanism_of_action"
Asenapine,,Saphris | Secuado,Antipsychotic,medical_rx,5HT2A-antagonist | D2-antagonist | H1-antagonist | alpha1-blocker | antipsychotic | atypical-antipsychotic | prescription-only,sublingual,sublingual,sublingual,yes,yes,1440.0,,,https://www.accessdata.fda.gov/drugsatfda_docs/label/2009/022117lbl.pdf | https://en.wikipedia.org/wiki/Asenapine,mechanism_of_action
Ashwagandha,,Indian Ginseng | KSM-66 | Sensoril | Winter Cherry | Withania somnifera | 睡茄,Supplement,recreational,HPA-modulator | OTC | adaptogen | anxiolytic | cortisol-reducer | herbal | sleep | supplement | weak-GABA-A-PAM,oral,oral,oral,yes,yes,720.0,"![](/文件/Withanolide_series.png)

Chemical structure of withanolides found in ashwagandha",,https://en.wikipedia.org/wiki/Withania_somnifera | https://examine.com/supplements/ashwagandha/,
Aspirin,,acetylsalicylate,Other,otc,,oral,oral,,no,yes,,Irreversible Cyclooxygenase (COX) Inhibitor,,,"dose_ranges_by_route, half_life_minutes, references"
Atenolol,,Tenormin,Cardiovascular,medical_rx,antihypertensive | beta-1-selective | beta-blocker | prescription-only,oral,oral,oral,yes,yes,360.0,,,https://en.wikipedia.org/wiki/Atenolol,mechanism_of_action
Atomoxetine,,LY139603 | Strattera,Stimulant,recreational,CYP2D6-substrate | no-abuse-liability | selective-NRI | tentative,oral,oral,oral,yes,yes,300.0,Selective Norepinephrine Reuptake Inhibitor (NRI),,Disposition and metabolic fate of atomoxetine hydrochloride: the role of CYP2D6 in human disposition and metabolism,
Atropine,,Atropen | Atropin | Atropina | Atropinum | Duodote | Isopto Atropine | Lomotil/Motofen co-formulated atropine | Tropine tropate | dl-Hyoscyamine | dl-tropyltropate,Deliriant,recreational,,intravenous,intravenous | oral | other,intravenous | other,yes,yes,,,,,"half_life_minutes, mechanism_of_action, references"
Avizafone,,Pro-diazepam | RO 03-7355 | RO-03-7355/000 | Ro03-7355,Benzodiazepine,recreational,class:Peptidic benzodiazepine prodrug | military-antidote | peptidic-prodrug | prodrug-of-diazepam,insufflation,insufflation | intramuscular | oral,insufflation | intramuscular | oral,yes,yes,,,,,"half_life_minutes, mechanism_of_action, references"
Ayahuasca,,Aya | Caapi | Cipó | Hoasca | Natem | Shori | Vegetal | Yagé | Yajé | pharmahuasca | yage | 死藤水,Psychedelic,recreational,5HT2A-agonist | DMT-containing | MAOI | MAOI-containing | MISCATEGORIZED | ceremonial-brew | psychedelic | tryptamine,oral,oral,,no,yes,,"更多信息：血清素能致幻剂

死藤水的迷幻效果已被证实源于其作为部分激动剂在5-HT2A受体上的功效。[[9]](#cite_note-9) 然而，这些相互作用的作用及其如何导致迷幻体验仍然是科学阐释的对象。

骆驼蓬碱类生物碱被归类为MAO抑制性β-咔啉。在B. caapi（卡皮木）藤中研究最多的三种骆驼蓬碱类生物碱是哈尔明碱、哈尔马林和四氢哈尔明碱。哈尔明碱和哈尔马林是单胺氧化酶A（MAO-A）的选择性和可逆性抑制剂，而四氢哈尔明碱是一种弱血清素再摄取抑制剂（SRI）。[[10]](#cite_note-10)

这种对MAO-A的抑制作用使DMT能够未代谢地扩散过胃和小肠的膜，最终穿过血脑屏障（其本身不需要MAO-A抑制）以激活大脑中的受体位点。如果没有RIMA或MAO-A的MAOI，DMT将被消化道中的单胺氧化酶氧化（从而在生物学上变得无效）。[[11]](#cite_note-11)","Acuity enhancement | After images | Analysis enhancement | Auditory distortion | Auditory enhancement | Auditory hallucinations | Autonomous entities | Colour enhancement | Colour shifting | Conceptual thinking | Creativity enhancement | Delusions | Diarrhea | Drifting | Déjà vu | Emotion enhancement | Exposure to inner mechanics of consciousness | Feelings of eternalism | Feelings of interdependent opposites | Feelings of self-design | Geometry | Immersion enhancement | Internal hallucinations | Language suppression | Magnification | Memory suppression | Mindfulness | Nausea | Novelty enhancement | Pattern recognition enhancement | Personal bias suppression | Personal meaning enhancement | Personality regression | Perspective alterations | Pupil dilation | Rejuvenation | Scenarios and plots | Scenery slicing | Sedation | Settings, sceneries, and landscapes | Spirituality enhancement | Spontaneous tactile sensations | Stimulation | Subconscious communication | Symmetrical texture repetition | Synaesthesia | Thought acceleration | Thought connectivity | Thought organization",https://en.wikipedia.org/wiki/Ayahuasca,"dose_ranges_by_route, half_life_minutes"
Azelastine,,Astelin | Astepro | Dymista | Optivar,Antihistamine,medical_rx,H1-antagonist | antihistamine | mast-cell-stabilizer | non-sedating | prescription-only | second-gen-antihistamine,,,,no,no,1380.0,,,https://www.accessdata.fda.gov/drugsatfda_docs/label/2008/020975s013lbl.pdf | https://en.wikipedia.org/wiki/Azelastine,"dose_ranges_by_route, duration_by_route, mechanism_of_action"
B,,,Psychedelic,recreational,PIHKAL | phenethylamine,,,,no,no,,,,https://erowid.org/library/books_online/pihkal/pihkal010.shtml,"dose_ranges_by_route, duration_by_route, half_life_minutes, mechanism_of_action"
Baclofen,,Kemstro | Lioresal | Ozobax | gablofen | 巴氯芬,Depressant,recreational,GABA-B-selective-agonist | class:butyric acid | class:gabapentinoids | habit-forming | intrathecal-route | renally-cleared | withdrawal-emergency,oral,oral,oral,yes,yes,,Selective GABA-B Receptor Agonist,,,"half_life_minutes, references"
Bacopa Monnieri,,Bacopa | Brahmi | Synapsa | Water Hyssop,Supplement,otc,OTC | adaptogen | anxiolytic | cholinergic | cognitive-enhancement | herbal | nootropic | supplement,oral,oral,oral,yes,no,480.0,,,https://en.wikipedia.org/wiki/Bacopa_monnieri | https://examine.com/supplements/bacopa-monnieri/,"duration_by_route, mechanism_of_action"
BAM-15,,,Endocrine,medical_rx,no-human-data | research-chemical,,,,no,no,,Selective mitochondrial uncoupler; transports protons across the inner mitochondrial membrane without depolarizing the plasma membrane.,,"PMC7224297 (Nature Comms, mouse DIO reversal) | PMC7338798 (BAM15 uncoupling, mouse) | PMC10600450 | PMC7224297 | PMC7338798","dose_ranges_by_route, duration_by_route, half_life_minutes"
Banisteriopsis Caapi,,卡皮木或亚赫 | 死藤,,medical_rx,,,,,no,no,,,,,"dose_ranges_by_route, duration_by_route, half_life_minutes, mechanism_of_action, references"
Barbital,,Veronal | diethylbarbituric acid,Depressant,recreational,barbiturate-long-acting | habit-forming,oral,oral,oral,yes,yes,,,,,"half_life_minutes, mechanism_of_action, references"
Beatrice,,Bea | MDO-D | MDOM | N-Me-DOM | N-methyl-DOM,Psychedelic,recreational,PIHKAL | no-human-data | phenethylamine,oral,oral,,no,yes,,,,https://erowid.org/library/books_online/pihkal/pihkal011.shtml,"dose_ranges_by_route, half_life_minutes, mechanism_of_action"
Befuraline,,,Antidepressant,medical_rx,BZP-metabolite | antidepressant | discontinued | non-tricyclic | phosphodiesterase-inhibitor,,,,no,no,,,,https://en.wikipedia.org/wiki/Befuraline,"dose_ranges_by_route, duration_by_route, half_life_minutes, mechanism_of_action"
Belladonna,,颠茄,,medical_rx,,,,,no,no,,,,,"dose_ranges_by_route, duration_by_route, half_life_minutes, mechanism_of_action, references"
Bemethyl,,2-Ethylthiobenzimidazole | Antihot | Bemitil | Betamyl | Metaprot,Endocrine,medical_rx,research-chemical,oral,oral,,no,no,,Actoprotector/antihypoxant; activates genomic pathways increasing RNA synthesis and gluconeogenic enzyme induction.,,https://en.wikipedia.org/wiki/Bemethyl | Investigation of Bemethyl Biotransformation Pathways by Combination of LC-MS/HRMS and In Silico Methods.,half_life_minutes
Bentazepam,,thiadipone | tiadipona,Benzodiazepine,recreational,GABAA-PAM | benzodiazepine | habit-forming | thienodiazepine,oral,oral,oral,yes,yes,,,,,"half_life_minutes, mechanism_of_action, references"
Benzodioxole-fentanyl,,,Opioid,recreational,mu-agonist-presumed | mu-opioid-agonist | research-chemical | tentative,,,,no,no,,,,,"dose_ranges_by_route, duration_by_route, half_life_minutes, mechanism_of_action, references"
Benzphetamine,,"(alphaS)-N,alpha-dimethylphenethylamine | Benzfetamina | Benzfetamine | Benzfetaminum | Benzylamphetamine | Didrex | benzaphetamine",Other,recreational,Schedule-III-US | no-human-data | phenethylamine | prodrug,oral,oral,oral,yes,yes,,,,,"half_life_minutes, mechanism_of_action, references"
Benzydamine,,Tantum Verde | tantum | 坦图姆维德 | 特快灵 | 苄达明,Dysdelic,recreational,class:indazole | tentative,oral,oral,oral,yes,yes,,"Benzydamine is a locally acting non-steroidal anti-inflammatory drug with local anesthetic and analgesic properties. Unlike other NSAIDs, it does not inhibit cyclooxygenase or lipoxygenase enzymes and is non-ulcerogenic.

The pharmacological mechanism underlying its hallucinogenic effects has not been adequately studied and this area remains largely speculative.

Benzydamine has strong reinforcing properties, and these properties are significantly enhanced in animals with prior substance use experience—particularly in animals that have previously self-administered heroin and cocaine—suggesting the possibility of cross-sensitization between benzydamine and other commonly abused drugs. Benzydamine dose-dependently decreases both field excitatory postsynaptic potential amplitude and paired-pulse ratio, indicating a possible presynaptic mechanism of action. Consistent with in vivo models, the electrophysiological effects of benzydamine in brain slices from animals with prior cocaine and heroin self-administration history are similarly potentiated. Furthermore, benzydamine-induced long-term depression (LTD)-like responses in the infralimbic prefrontal cortex-to-nucleus accumbens circuit are significantly attenuated in the presence of the CB1 receptor antagonist AM251. These findings provide strong evidence for benzydamine's abuse potential and suggest a possible cannabinoid mechanism of action.","Abnormal heartbeat | Acuity suppression | Anxiety | Auditory distortion | Auditory hallucinations | Autonomous entities | Cognitive euphoria | Delusions | Depression | Drifting | External hallucinations | Geometry | Increased heart rate | Perspective alterations | Scenarios and plots | Settings, sceneries, and landscapes | Stimulation | Tactile suppression | Thought acceleration | Time distortion | Visual haze",,"half_life_minutes, references"
Berberine,,Dihydroberberine | GlucoVantage,Supplement,otc,AMPK-activator | CYP450-inhibitor | GI-side-effects | OTC | herbal | insulin-sensitizer | metabolic | supplement,oral,oral,oral,yes,yes,240.0,,,https://en.wikipedia.org/wiki/Berberine | https://examine.com/supplements/berberine/,mechanism_of_action
Beta-Alanine,,3-Aminopropionic Acid | β-Alanine,Supplement,otc,OTC | amino-acid | athletic-performance | carnosine-precursor | supplement,oral,oral,oral,yes,yes,25.0,,,https://en.wikipedia.org/wiki/Beta-Alanine | https://examine.com/supplements/beta-alanine/,mechanism_of_action
beta-D,,"beta,beta-dideuteromescaline | β,β-dideuteromescaline | β-D",Psychedelic,recreational,PIHKAL | no-human-data | phenethylamine,oral,oral,oral,yes,yes,,,,https://erowid.org/library/books_online/pihkal/pihkal051.shtml,"half_life_minutes, mechanism_of_action"
Beta-meprodine,,Betameprodine | CAS 468-50-8 | DB01552 | β-Meprodine,Opioid,recreational,,intramuscular,intramuscular | intravenous | oral,intramuscular | intravenous | oral,yes,yes,,,,,"half_life_minutes, mechanism_of_action, references"
Bezitramide,,Bezitramida | Bezitramidum | Burgodin | Despropionyl-bezitramide | R 4845 | R-4845,Opioid,recreational,,oral,oral,oral,yes,yes,,,,,"half_life_minutes, mechanism_of_action, references"
Bilastine,,Blexten | Ilaxten | Obalix,Antihistamine,medical_rx,H1-antagonist | antihistamine | non-sedating | prescription-only | second-gen-antihistamine,,,,no,no,870.0,,,https://en.wikipedia.org/wiki/Bilastine,"dose_ranges_by_route, duration_by_route, mechanism_of_action"
BIS-TOM,,,Psychedelic,recreational,PIHKAL | no-human-data | phenethylamine,,,,no,no,,,,https://erowid.org/library/books_online/pihkal/pihkal012.shtml,"dose_ranges_by_route, duration_by_route, half_life_minutes, mechanism_of_action"
Bisoprolol,,Concor | Zebeta,Cardiovascular,medical_rx,antihypertensive | beta-1-selective | beta-blocker | prescription-only,oral,oral,oral,yes,yes,600.0,,,https://en.wikipedia.org/wiki/Bisoprolol,mechanism_of_action
bk-2C-B,,B-K-2-C-B | B-K-2cb | B-k2-C-B | B-k2-CB | B-k2cb | BETA-keto 2C-B | bk-2-CB | bk-2cb | bk2cb | Β-酮-2C-B | ΒK-2C-B,Psychedelic,recreational,2C-x | 5-HT2A-agonist | class:substituted phenethylamines | phenethylamine | research-chemical,oral,oral,oral,yes,yes,,"更多信息：5-羟色胺能迷幻剂

βk-2C-B很可能作为一种5-HT受体部分激动剂发挥作用。其迷幻剂效应一般被认为来自它在5-HT受体上的活性。然而，这些相互作用具体扮演怎样的角色，以及它们如何导致迷幻体验，目前仍不明确。",,,"half_life_minutes, references"
bk-2C-I,,,Psychedelic,recreational,2C-x | 5-HT2A-agonist | phenethylamine | research-chemical | tentative,oral,oral,oral,yes,no,,,,,"duration_by_route, half_life_minutes, mechanism_of_action, references"
bk-BZP,,1-BZP | 1-benzoylpiperazine | benzoylpiperazine | phenyl(piperazin-1-yl)methanone,Stimulant,recreational,no-human-data | piperazine | research-chemical,,,,no,no,,DA/NE-releasing stimulant (piperazine class); mechanism based on rodent data only — human receptor binding data absent. NOT a cathinone despite the 'bk' prefix.,,EUDA BZP drug profile,"dose_ranges_by_route, duration_by_route, half_life_minutes"
Bk-ivp,,,Stimulant,recreational,research-chemical | tentative,oral,oral,oral,yes,yes,,,,,"half_life_minutes, mechanism_of_action, references"
Blue Lotus,,蓝莲花,,recreational,,inhalation,inhalation | oral,inhalation | oral,yes,yes,,"Aporphine is considered the primary active constituent; it is a dopamine receptor agonist acting at both D1 and D2 receptors. Nuciferine is another important alkaloid: it acts as an antagonist at 5-HT2A, 5-HT, and 5-HT receptors while simultaneously acting as a partial agonist at D2, D5, and 5-HT receptors, and as a full agonist at 5-HT and D4 receptors. It also inhibits the dopamine transporter (DAT).

The effects of blue lotus are produced by a group of alkaloids known as the aporphines. This class contains numerous dopamine agonists, a broad range of serotonin antagonists and agonists, and various reuptake inhibitors. Apomorphine, the active metabolite of aporphine, shares a catechol structure similar to that of dopamine.",,,"half_life_minutes, references"
BOB,,Β-methoxy-2C-B,Psychedelic,recreational,PIHKAL | no-human-data | phenethylamine,oral,oral,oral,yes,yes,,,,https://erowid.org/library/books_online/pihkal/pihkal013.shtml,"half_life_minutes, mechanism_of_action"
BOD,,"4-甲基-2,5 | Β-methoxy-2C-D | β-三甲氧基苯乙胺",Psychedelic,recreational,PIHKAL | no-human-data | phenethylamine | research-chemical | tentative,oral,oral,oral,yes,yes,,BOD most likely acts as a 5-HT2A receptor agonist.,,https://erowid.org/library/books_online/pihkal/pihkal014.shtml,half_life_minutes
BOH,,,Psychedelic,recreational,PIHKAL | no-human-data | phenethylamine,oral,oral,oral,yes,yes,,,,https://erowid.org/library/books_online/pihkal/pihkal015.shtml,"half_life_minutes, mechanism_of_action"
BOHD,,,Psychedelic,recreational,PIHKAL | no-human-data | phenethylamine,,,,no,no,,,,https://erowid.org/library/books_online/pihkal/pihkal016.shtml,"dose_ranges_by_route, duration_by_route, half_life_minutes, mechanism_of_action"
BOM,,,Psychedelic,recreational,PIHKAL | phenethylamine,,,,no,no,,,,https://erowid.org/library/books_online/pihkal/pihkal017.shtml,"dose_ranges_by_route, duration_by_route, half_life_minutes, mechanism_of_action"
BPC-157,,BPC 15 | Bepecin | Body Protection Compound 157 | PL 14736 | PL-14736,Peptide,medical_rx,WADA-banned | WADA-banned-S0 | gut-healing | no-human-data | no-published-human-pk | nootropic | peptide | single-lab-dominant-literature,subcutaneous,subcutaneous,,no,no,,,,https://en.wikipedia.org/wiki/BPC-157,"half_life_minutes, mechanism_of_action"
BPC-157 + TB-500,,BPC-157/TB-500 stack,Peptide,medical_rx,blend | no-human-data | peptide | tissue-repair | wada-prohibited,subcutaneous,subcutaneous,,no,no,,Co-administered tissue-repair stack (BPC-157 + Thymosin β4 fragment).,,https://en.wikipedia.org/wiki/BPC-157 | Community healing-stack protocols,half_life_minutes
Brasofensine,,BMS-204756 | NS-2214,Stimulant,recreational,SNDRI | discontinued | investigational | research-chemical,,,,no,no,,,,https://en.wikipedia.org/wiki/Brasofensine,"dose_ranges_by_route, duration_by_route, half_life_minutes, mechanism_of_action"
Brephedrone,,4-BMC | 4-Bromomethcathinone | BrMcat | para-Bromomethcathinone,Stimulant,recreational,para-bromo-neurotoxicity-flag | substrate-releaser,insufflation,insufflation | oral,insufflation | oral,yes,yes,,,,,"half_life_minutes, mechanism_of_action, references"
Bretazenil,,Ro16-6028 | bretazenilum,Benzodiazepine,recreational,designer-benzo | partial-agonist | research-chemical,,,,no,no,180.0,Non-selective GABA-A BZD-site partial agonist (~35–58% intrinsic efficacy vs full agonist); wide therapeutic window with reduced tolerance/dependence potential compared to full agonists.,sedation,https://en.wikipedia.org/wiki/Bretazenil | Pharmacokinetic and pharmacodynamic interactions of bretazenil and diazepam with alcohol | PMC12858478 | https://www.ncbi.nlm.nih.gov/pmc/articles/PMC12858478/,"dose_ranges_by_route, duration_by_route"
Brexanolone,,SAGE-547 | Zulresso,Antidepressant,medical_rx,GABA-A-PAM | REMS-required | antidepressant | inpatient-only | neurosteroid | postpartum-depression | prescription-only,,,,no,no,270.0,,,https://www.accessdata.fda.gov/drugsatfda_docs/label/2019/211371s000lbl.pdf | https://en.wikipedia.org/wiki/Brexanolone,"dose_ranges_by_route, duration_by_route, mechanism_of_action"
Brexpiprazole,,Rexulti,Antipsychotic,medical_rx,5HT1A-partial-agonist | 5HT2A-antagonist | D2-partial-agonist | D3-partial-agonist | alpha1-blocker | antipsychotic | atypical-antipsychotic | prescription-only,oral,oral,oral,yes,no,5760.0,Serotonin-Dopamine Activity Modulator (D2 Partial Agonist),,https://www.accessdata.fda.gov/drugsatfda_docs/label/2015/205422orig1s000lbl.pdf | https://en.wikipedia.org/wiki/Brexpiprazole,duration_by_route
Brivaracetam,,Briviact | UCB-34714 | ucb 34714,Anticonvulsant,medical_rx,CYP2C19-substrate | PET-confirmed-target-engagement | SV2A-high-affinity | SV2A-ligand | US-Schedule-V | amidase-hydrolysis | anticonvulsant | prescription-only | racetam,,,,no,no,540.0,,,https://www.accessdata.fda.gov/drugsatfda_docs/label/2016/205836lbl.pdf | https://en.wikipedia.org/wiki/Brivaracetam,"dose_ranges_by_route, duration_by_route, mechanism_of_action"
Bromadol,,BDPC,Opioid,recreational,MOR-full-agonist | designer-opioid | habit-forming | tentative | ultra-high-potency,,,,no,no,,,,,"dose_ranges_by_route, duration_by_route, half_life_minutes, mechanism_of_action, references"
Bromantane,,ADK-709 | Bromantan | Bromontan | Ladasten | 布罗曼坦,Nootropic,recreational,TH-upregulator | WADA-banned | atypical-stimulant | class:adamantanes | non-releasing | nootropic | research-chemical | stimulant,oral,oral,oral,yes,yes,720.0,"布罗曼坦在兴奋剂中是非典型的，因为它除了抑制多巴胺再摄取外，还抑制血清素再摄取。它还会增加去甲肾上腺素的水平，但其作用方式尚不清楚。[[6]](#cite_note-6) 布罗曼坦的抗焦虑特性归因于其增强 GABA 能介导的作用。[[5]](#cite_note-Oliynyk2012-5)

与典型的兴奋剂如苯丙胺不同，布罗曼坦的作用主要通过上调酪氨酸羟化酶和芳香族 L-氨基酸脱羧酶（L-DOPA 脱羧酶）来实现。[[7]](#cite_note-7) 啮齿动物研究表明，在服用布罗曼坦后，这些酶增加了 2-2.5 倍，它们的上调导致多巴胺、血清素和肾上腺素水平的下游增加。

虽然在临床剂量下不相关，但已发现布罗曼坦在动物体内极高剂量下会产生抗胆碱能作用，包括抗毒蕈碱和抗烟碱作用。[[8]](#cite_note-8)[[9]](#cite_note-9)",Analysis enhancement | Anxiety suppression | Cognitive euphoria | Dehydration | Focus enhancement | Increased blood pressure | Memory enhancement | Motivation enhancement | Muscle relaxation | Stamina enhancement | Stimulation | Thought acceleration | Vasoconstriction | Wakefulness,https://en.wikipedia.org/wiki/Bromantane,
Bromazepam,,Brazepam | Bromaze | Bromazepamum | Brozam | Calmepam | Creosedin | Lectopam | Lekotam | Lexatin | Lexaurin | Lexilium | Lexomil | Lexotan | Lexotanil | Normoc | RO 5-3350 | RO-5-3350 | Rekotnil | Somalium | Ultramidol | Zepam | 溴西泮,Benzodiazepine,recreational,CYP1A2-substrate | GABAA-PAM | atypical-CYP-pathway | benzodiazepine | class:Benzodiazepine | habit-forming,oral,oral,oral,yes,yes,1926.0,,,The effect of itraconazole on the pharmacokinetics and pharmacodynamics of bromazepam in healthy volunteers,mechanism_of_action
Bromazolam,,XLI-268 | xli268,Benzodiazepine,recreational,GABAA-PAM | benzodiazepine | designer-benzo | fatalities-confirmed | fatalities-reported | fentanyl-adulterant | habit-forming | research-chemical | tentative | triazolobenzodiazepine,oral,oral,oral,yes,yes,1080.0,,,https://en.wikipedia.org/wiki/Bromazolam,mechanism_of_action
Bromo-dragonfly,,B-DFLY | DOB-DragonFLY | Dragonfly | bdfly | bromo-d-fly | bromo-dragon-fly,Psychedelic,recreational,class:substituted amphetamines | class:substituted benzofurans | research-chemical,oral,oral,oral,yes,yes,,"另见：血清素类致幻剂

Bromo-DragonFLY 的 致幻 作用是由其在 5-HT2A 血清素受体上的 激动剂 活性介导的。Bromo-DragonFLY 对 5-HT2B 和 5-HT2C 血清素受体也具有很高的结合亲和力，并且最准确地被描述为非亚型选择性 5-HT2 激动剂，因为它实际上作为 5-HT2C 受体的激动剂效力是 5-HT2A 的两倍，并且对 5-HT2A 的选择性不到 5-HT2B 的 5 倍呢。[[2]](#cite_note-2)[[3]](#cite_note-3)

进一步的研究表明，Bromo-DragonFLY 几乎完全抑制 MAO-A 的活性，这使得它自身无法被代谢。这可能就是导致它作用时间异常长的原因啦。[[4]](#cite_note-Noble2018-4)

然而，这些相互作用的作用机制以及它们如何导致 迷幻 体验，仍然是一个谜团呢。",,,"half_life_minutes, references"
Bromoketamine,2-Br-DCK,2-BDCK | 2-BR-DCK | 2-BrDCK | 2-Bromodeschloroketamine | BDCK | Bromo-DCK,Dissociative,recreational,NMDA-antagonist | arylcyclohexylamine | duplicate-of-2-Br-DCK | no-human-data | research-chemical,insufflation,insufflation | intramuscular,insufflation,yes,yes,,,,https://en.wikipedia.org/wiki/Bromoketamine,"half_life_minutes, mechanism_of_action"
Brompheniramine,,Bromfed | Dimetapp | J-Tan,Antihistamine,medical_rx,H1-antagonist | OTC | anticholinergic | antihistamine | first-gen-antihistamine | sedating,,,,no,no,1500.0,,Sedation,https://en.wikipedia.org/wiki/Brompheniramine,"dose_ranges_by_route, duration_by_route, mechanism_of_action"
Bron,,,,medical_rx,,,,,no,no,,,,,"dose_ranges_by_route, duration_by_route, half_life_minutes, mechanism_of_action, references"
Brorphine,,,Opioid,recreational,US-Schedule-I | benzimidazole-opioid | extreme-potency | fatalities-reported | mu-full-agonist | naloxone-high-dose-required,,,,no,no,,,,https://en.wikipedia.org/wiki/Brorphine,"dose_ranges_by_route, duration_by_route, half_life_minutes, mechanism_of_action"
Brotizolam,,Lendorm | Lendormin | Mederantil | Nimbisan | Sintonal | WE-941-BS,Benzodiazepine,recreational,CYP3A4-substrate | GABAA-PAM | benzodiazepine | habit-forming | high-potency-hypnotic | thienotriazolodiazepine,oral,oral,oral,yes,yes,,,,,"half_life_minutes, mechanism_of_action, references"
BTCP,,Benzothiophenylcyclohexylpiperidine | benocyclidine,Stimulant,recreational,DAT-selective-inhibitor | DRI | arylcyclohexylamine | investigational | liver-toxicity | no-human-data | research-chemical | stimulant-not-dissociative,,,,no,no,,,,https://en.wikipedia.org/wiki/BTCP,"dose_ranges_by_route, duration_by_route, half_life_minutes, mechanism_of_action"
Bufotenin,,"5-HO-DMT | 5-OH-DMT | 5-hydroxy-DMT | Bufotenine | Cinobufotenine | DM5-HT | Mappin | N,N-dimethylserotonin | N,N-二甲基血清素 | cebilcin | dimethylserotonin | mappine",Psychedelic,recreational,5-HT3-agonist | class:substituted tryptamines | high-body-load | no-human-data | tryptamine,inhalation,inhalation | insufflation | oral,inhalation | insufflation | oral,yes,yes,12.0,"更多信息： 血清素能迷幻剂

在大鼠中，皮下注射给予蟾毒色胺（1–100 μg/kg）后，药物主要分布于肺、心脏和血液中，而在脑部（下丘脑、脑干、纹状体和大脑皮层）以及肝脏中的分布则少得多。其浓度在一小时达到峰值，并会在8小时内几乎被完全清除。在人体中，静脉注射蟾毒色胺后，注入药物中有70%以5-HIAA（血清素的一种内源性代谢产物）的形式排出，而大约4%会以未代谢形式经尿液排出。口服给予的蟾毒色胺会经由单胺氧化酶发生广泛的首过代谢。

蟾毒色胺的迷幻剂效应，通常被认为主要来自它作为部分激动剂作用于5-HT受体的效能。更具体地说，这种分子对5-HT2A和5-HT1A亚型显示出较高的结合亲和力。不过，这些相互作用究竟如何导致迷幻体验，其具体机制仍然尚未完全明了。

其他作用机制也被认为在一定程度上参与其中，例如对血清素、去甲肾上腺素和多巴胺等神经递质的再摄取抑制。这也意味着，当蟾毒色胺与单胺氧化酶抑制剂、可逆性MAOA抑制剂、SSRI、兴奋剂，或任何作为单胺类神经递质释放剂或再摄取抑制剂发挥作用的物质联用时，可能会产生危险毒性。",,[Use of corticosteroid preparations in therapy of tuberculous meningitis].,
Buphedrone,,α-Methylamino-butyrophenone,Stimulant,recreational,NE-preferring | cathinone | habit-forming | hybrid-releaser-blocker | research-chemical,oral,oral,oral,yes,yes,,,,https://en.wikipedia.org/wiki/Buphedrone,"half_life_minutes, mechanism_of_action"
Buprenorphine,,Addnok | Belbuca | Brixadi / Buvidal | Bunavail | Buprenex | Butrans | Cizdol | Sublocade | Suboxone | Subutex | Transtec | Zubsolv | bupe | subs | 丁丙诺啡,Opioid,recreational,CYP3A4-substrate | KOR-antagonist | MOR-partial-agonist | OUD-treatment | ceiling-effect-respiratory | class:substituted morphinans | habit-forming | long-half-life,insufflation,insufflation | oral | sublingual | transdermal,insufflation | oral | sublingual | transdermal,yes,yes,1560.0,Partial μ-Opioid Agonist and κ-Opioid Antagonist,,"Human Pharmacokinetics of Intravenous, Sublingual, and Buccal Buprenorphine",
Bupropion,,Aplenzin | Forfivo XL | Wellbutrin | Wellbutrin SR | Wellbutrin XL | Zyban | amfebutamone | 威博隽 | 安非他酮 | 载班,Antidepressant,dual_use,CYP2B6-substrate | CYP2D6-inhibitor-strong | NDRI | antidepressant | nAChR-antagonist | prescription-only | seizure-risk | smoking-cessation,oral,oral,oral,yes,yes,1260.0,Norepinephrine-Dopamine Reuptake Inhibitor (NDRI),,https://www.accessdata.fda.gov/drugsatfda_docs/label/2017/018644s059lbl.pdf | https://en.wikipedia.org/wiki/Bupropion | https://www.accessdata.fda.gov/drugsatfda_docs/label/2001/20358s19lbl.pdf,
Buspirone,,BuSpar,Other,medical_rx,5HT1A-agonist | anxiolytic | azapirone | prescription-only | serotonin-agonist,oral,oral,oral,yes,yes,150.0,,,https://en.wikipedia.org/wiki/Buspirone,mechanism_of_action
Butonitazene,,BTZ,Opioid,recreational,benzimidazole-opioid | extreme-potency | fatalities-reported | fentanyl-stronger | mu-full-agonist | naloxone-high-dose-required | nitazene,,,,no,no,,,,https://en.wikipedia.org/wiki/Butonitazene,"dose_ranges_by_route, duration_by_route, half_life_minutes, mechanism_of_action"
Butorphanol,,Butorphanolum | LEVO-BC-2627 | Stadol,Opioid,recreational,KOR-partial-agonist | MOR-partial-agonist | ceiling-effect,insufflation,insufflation | intramuscular | intravenous | oral,insufflation | intramuscular | intravenous | oral,yes,yes,270.0,,,A Size Standard for Pharmacokinetics,mechanism_of_action
Butylone,,B1 | MDNMB | beta-keto-MBDB | bk-MBDB | bk-methyl-j | β-Keto-MBDB | β-酮基-N-甲基苯并二氧杂丁胺 | βk-MBDB,Stimulant,recreational,MDMA-analog | cathinone | class:cathinone | class:mdxx | class:substituted cathinones | habit-forming | hybrid-DAT-blocker-SERT-substrate | research-chemical,insufflation,insufflation | oral,insufflation | oral,yes,yes,,"MDNMB是一种同时具有神经递质再摄取抑制剂与神经递质释放剂作用的物质，可作用于血清素、去甲肾上腺素和多巴胺。这些神经递质主要负责愉悦、奖赏、动机与专注等功能。它通过抑制神经递质在完成神经冲动传递后的再摄取与再吸收，使它们得以积累并被再次利用，从而产生身体上的刺激感与欣快效应呢。

与MDMC相比，它对去甲肾上腺素转运体的亲和力大约低4倍以上，而对血清素和多巴胺转运体的亲和力则相近。与MDMA相比，这些药理差异意味着MDNMB和它的近缘类似物MDEC一样，在剂量效力上更低，儿茶酚胺能效应相对血清素能效应更加均衡，并且行为方式更接近像哌甲酯这样的神经递质再摄取抑制剂，而不是像苯丙胺那样的释放剂；不过，MDNMB仍然保留了相当明显的释放能力哦。",,https://en.wikipedia.org/wiki/Butylone,half_life_minutes
Butyrfentanyl,,b-f | bf | butyrylfentanyl,Opioid,recreational,CYP3A4-substrate | habit-forming | mu-full-agonist | mu-opioid-agonist | research-chemical | tentative | wooden-chest-syndrome-risk,oral,oral,,no,yes,,,,,"dose_ranges_by_route, half_life_minutes, mechanism_of_action, references"
BZP,,1-benzylpiperazine | A2 | Benzylpiperazine | Frenzy | N-benzylpiperazine | Nemesis | party pills,Stimulant,recreational,class:Piperazine | habit-forming | research-chemical,oral,oral,oral,yes,yes,,,,,"half_life_minutes, mechanism_of_action, references"
Caffeine,,"1,3,7-trimethylxanthine | 1,3,7-三甲基黄嘌呤 | 7-methyltheophylline | Cafeína | Caffeinum | Caféine | Coffein | Guaranine | Koffein | Mateine | Methyltheobromine | Theine | 咖啡因 | 咖啡碱",Stimulant,recreational,class:Methylxanthine | class:xanthines | common | habit-forming,inhalation,inhalation | insufflation | oral,inhalation | insufflation | oral,yes,yes,300.0,Non-Selective Adenosine Receptor Antagonist,Analysis enhancement | Anxiety | Appetite suppression | Bronchodilation | Cognitive euphoria | Cognitive fatigue | Depression | Focus enhancement | Frequent urination | Increased blood pressure | Increased heart rate | Increased libido | Irritability | Memory enhancement | Motivation enhancement | Stimulation | Tactile enhancement | Thought acceleration | Thought deceleration | Vasoconstriction | Wakefulness,Caffeine disposition in obesity.,
CagriSema,,Cagrilintide + Semaglutide,Peptide,medical_rx,amylin-agonist | blend | glp-1-agonist | no-human-data | peptide,subcutaneous,subcutaneous,,no,no,,Co-formulation: long-acting amylin analog (cagrilintide) + GLP-1 receptor agonist (semaglutide).,appetite suppression,https://en.wikipedia.org/wiki/Cagrilintide/semaglutide | Novo Nordisk REDEFINE trials,half_life_minutes
Cake,🍰 Cake,Caky | Cokoo,Other,recreational,easter-egg | fictional,oral,oral,oral,yes,no,,,,,"duration_by_route, half_life_minutes, mechanism_of_action, references"
Camazepam,,albego | limpidon | paxor,Benzodiazepine,recreational,GABAA-PAM | benzodiazepine | habit-forming | tentative,oral,oral,oral,yes,yes,,,,,"half_life_minutes, mechanism_of_action, references"
Canket,,2-F-2'-oxo-PCE | 2-FXE | 2F-2'-oxo-PCE | 2F-NENDCK | 2F-NENK | Canberra ketamine,Dissociative,recreational,,insufflation,insufflation | oral,insufflation | oral,yes,yes,,,,,"half_life_minutes, mechanism_of_action, references"
Cannabicyclol,,CBL | Cannabipinol,,medical_rx,class:Phytocannabinoid,,,,no,no,,,,,"dose_ranges_by_route, duration_by_route, half_life_minutes, mechanism_of_action, references"
Cannabidiolic acid,,CBD-A | CBDA,Cannabinoid,recreational,5-HT1A-agonist | COX-2-selective | carboxylic-acid-pharmacophore | non-intoxicating,oral,oral | sublingual,oral | sublingual,yes,yes,,,,,"half_life_minutes, mechanism_of_action, references"
Cannabis,,Bud | Buds | Concentrates | Dabs | Flower | Grass | Green | Hash | Hashish | Herb | Marijuana | Mary Jane | Pot | Shatter | Tree | Wax | Weed | dagga | 大麻 | 大麻草,Cannabinoid,recreational,CYP2C9-substrate | CYP3A4-substrate | class:cannabinoid | common | habit-forming | long-detection-window | partial-agonist-CB1,inhalation,inhalation | oral | sublingual,inhalation | oral,yes,yes,1500.0,"在大麻植物中发现的最具精神活性的 大麻素 是四氢大麻酚（或 delta-9-四氢大麻酚），俗称 THC。[[23]](#cite_note-Ben2006-23) 其他大麻素包括 delta-8-四氢大麻酚、大麻二酚 (CBD)、大麻酚 (CBN)、大麻环醇 (CBL)、大麻色烯 (CBC) 和大麻吉罗 (CBG)；它们的精神作用比 THC 小，但可能在大麻的整体效果中发挥作用。[[23]](#cite_note-Ben2006-23) 研究最多的是 THC、CBD 和 CBN。[[34]](#cite_note-Gordon2013-34)

CYP2C9 基因型显著影响 THC 的敏感性：

具有 3/3 基因型的受试者血液中的 THC 水平是具有 1/1 基因型的受试者的 3 倍。那些每个基因有一个拷贝 (1/3) 的受试者的 THC 水平处于中间水平，约为 1/1 受试者的 2 倍。[[35]](#cite_note-35)

随行效应 是一种提出的机制，即大麻中存在的本身基本上没有精神活性的化合物会调节植物的整体精神活性效应（这些效应主要来自大麻的主要精神活性成分四氢大麻酚 (THC) 的作用）。

THC 似乎通过其对 CB1 受体的激动作用来改变情绪和认知，CB1 受体以剂量依赖的方式抑制第二信使系统（腺苷酸环化酶）。通过 CB1 激活，THC 间接增加多巴胺释放并产生精神作用。

大麻二酚充当 μ 和 δ 阿片受体的变构调节剂。[[36]](#cite_note-36) THC 还增强甘氨酸受体的作用。[[37]](#cite_note-37) 然而，这些相互作用的作用以及它们如何导致大麻的“药效”仍然是正在进行的科学研究的主题。",Acuity enhancement | Acuity suppression | Anxiety | Anxiety suppression | Appetite enhancement | Auditory enhancement | Brightness alteration | Changes in gravity | Colour enhancement | Conceptual thinking | Creativity enhancement | Dehydration | Depersonalization | Derealization | Dream suppression | Emotion enhancement | Feelings of impending doom | Geometry | Immersion enhancement | Information processing suppression | Laughter | Memory suppression | Mindfulness | Motor control loss | Nausea suppression | Novelty enhancement | Pain relief | Paranoia | Perception of increased weight | Personal meaning enhancement | Psychosis | Sedation | Seizure suppression | Spontaneous tactile sensations | Suggestibility enhancement | Synaesthesia | Thought connectivity | Thought deceleration | Time distortion | Vasodilation,Plasma delta-9 tetrahydrocannabinol concentrations and clinical effects after oral and intravenous administration and smoking,
Carbamazepine,,Carbatrol | Epitol | Equetro | Tegretol,Anticonvulsant,medical_rx,anticonvulsant | mood-stabilizer | narrow-therapeutic-index | prescription-only | sodium-channel-blocker,,,,no,no,750.0,Voltage-Gated Sodium Channel Blocker,,https://en.wikipedia.org/wiki/Carbamazepine,"dose_ranges_by_route, duration_by_route"
Carfentanil,,4-methoxycarbonylfentanyl | Carfentanyl | R-33799 | Wildnil,Opioid,recreational,beta-arrestin-biased | extreme-potency | mu-superagonist | naloxone-partial-resistance | wooden-chest-syndrome-risk,,,,no,no,342.0,,,The Pharmacokinetics and Pharmacodynamics of Carfentanil After Recreational Exposure: A Case Report,"dose_ranges_by_route, duration_by_route, mechanism_of_action"
Cariprazine,,Vraylar,Antipsychotic,medical_rx,5HT1A-partial-agonist | 5HT2A-antagonist | D2-partial-agonist | D3-partial-agonist | antipsychotic | atypical-antipsychotic | bipolar-depression | prescription-only,,,,no,no,30240.0,D3-Preferring Dopamine Partial Agonist,,https://www.accessdata.fda.gov/drugsatfda_docs/label/2015/204370orig1s000lbl.pdf | https://en.wikipedia.org/wiki/Cariprazine,"dose_ranges_by_route, duration_by_route"
Carisoprodol,,Carisoma | Carisoprodolo | Carisoprodolum | Isomeprobamate | Isopropyl meprobamate | Soma | Somadril | Vanadom | 卡立普多,Depressant,recreational,"CYP2C19-pharmacogenetic | GABA-A-PAM | class:1,3-propanediol dicarbamate | class:Carbamate | habit-forming | meprobamate-prodrug",oral,oral,oral,yes,yes,120.0,GABA-A Modulator (via Meprobamate Metabolite),,"Single and Multiple Dose PK–PD Characterization for Carisoprodol. Part I: Pharmacokinetics, Metabolites, and 2C19 Phenotype Influence. Double-Blind, Placebo-Controlled Clinical Trial in Healthy Volunteers",
Carphedon,,4-Phenylpiracetam | Phenotropil | Phenylpiracetam | 苯基吡拉西坦,Stimulant,recreational,research-chemical,oral,oral,oral,yes,yes,,"苯基吡拉西坦被认为会增加海马细胞内的乙酰胆碱释放。 由于乙酰胆碱参与记忆功能，这可能解释了其报告的益智药效应。

苯基吡拉西坦似乎进行了一系列试验，显示出对器质性原因导致的认知衰退患者的认知改善，其中一项研究指出青少年癫痫患者的认知有轻微改善。",,,"half_life_minutes, references"
Carvedilol,,Coreg | Coreg CR,Cardiovascular,medical_rx,alpha1-blocker | antihypertensive | beta-blocker | non-selective | prescription-only,oral,oral,oral,yes,yes,480.0,Non-Selective β-Blocker with α1 Antagonism and Antioxidant Properties,,https://en.wikipedia.org/wiki/Carvedilol,
Cathine,,Adiposetten | Exponcit | Norpseudoephedrine | d-Norpseudoephedrine | 卡西宁 | 去甲伪麻黄碱,Stimulant,recreational,anorectic | khat | natural-product | stimulant,,,,no,no,312.0,"Weak substrate-type releasing agent, NET > DAT — the reduced, β-hydroxy relative of cathinone.",,"Pharmacokinetics of cathinone, cathine and norephedrine after the chewing of khat leaves | https://en.wikipedia.org/wiki/Cathine","dose_ranges_by_route, duration_by_route"
Cathinone,,1-aminoethyl phenyl ketone | 2-Aminopropiophenone | 2-PA | Norephedrone | beta-keto-amphetamine | bk-AMP | bk-amphetamine | β-keto-amphetamine | 卡西酮 | 阿拉伯茶碱,Stimulant,recreational,cathinone | habit-forming | khat | natural-product | no-human-data | phenethylamine | research-chemical | stimulant | tentative,insufflation,insufflation | oral,insufflation | oral,yes,yes,90.0,"Substrate-type releasing agent at DAT and NET, weak at SERT — the β-keto analogue of amphetamine.",,"Pharmacokinetics of cathinone, cathine and norephedrine after the chewing of khat leaves | https://en.wikipedia.org/wiki/Cathinone",
CB-13,,CB13 | Peripherally restricted CB1/CB2 agonist | SAB-378 | SAB378,Cannabinoid,recreational,,inhalation,inhalation | oral,inhalation | oral,yes,yes,,,,,"half_life_minutes, mechanism_of_action, references"
CBC,,Cannabichrome | Cannabichromene,Cannabinoid,recreational,TRPA1-agonist | TRPV1-agonist | cannabinoid | class:Phytocannabinoid | non-intoxicating | phytocannabinoid | therapeutic | weak-CB2-agonist,inhalation,inhalation | oral,inhalation | oral,yes,yes,720.0,,,https://en.wikipedia.org/wiki/Cannabichromene,mechanism_of_action
CBD,,Cannabidiol | Epidiolex | 大麻二酚,Cannabinoid,recreational,5-HT1A-agonist | CB2-agonist | cannabinoid | class:cannabinoid | non-intoxicating | phytocannabinoid | therapeutic,oral,oral | sublingual,oral | sublingual,yes,yes,1800.0,Multimodal Modulator (Non-Intoxicating Cannabinoid),,https://en.wikipedia.org/wiki/Cannabidiol | https://www.accessdata.fda.gov/drugsatfda_docs/label/2018/210365lbl.pdf,
CBDV,,CBD-varin | Cannabidivarin | GWP42006 | varinic CBD,Anticonvulsant,medical_rx,TRPA1-agonist | TRPV1-agonist | anticonvulsant | anticonvulsant-mechanism | cannabinoid | class:Phytocannabinoid | non-intoxicating | phytocannabinoid | therapeutic,,,,no,no,1200.0,,,https://en.wikipedia.org/wiki/Cannabidivarin | Efficacy and safety of cannabidivarin treatment of epilepsy in girls with Rett syndrome: A phase 1 clinical trial,"dose_ranges_by_route, duration_by_route, mechanism_of_action"
CBG,,CBG isolate | Cannabigerol,Cannabinoid,recreational,CB1-partial-agonist | CB2-agonist | alpha2-agonist | cannabinoid | non-intoxicating | phytocannabinoid | potential-hypotension | therapeutic,inhalation,inhalation | oral | sublingual,inhalation | oral | sublingual,yes,yes,720.0,,,https://en.wikipedia.org/wiki/Cannabigerol,mechanism_of_action
CBN,,C21H26O2 | Cannabinol,Cannabinoid,recreational,CB1-partial-agonist | CB2-agonist | CYP2C9-substrate | cannabinoid | class:Cannabinoid | mildly-psychoactive | phytocannabinoid | sedative | weak-CB1-partial-agonist,inhalation,inhalation | oral | sublingual,inhalation | oral | sublingual,yes,yes,1440.0,,,https://en.wikipedia.org/wiki/Cannabinol,mechanism_of_action
CBN-O,,O-acetyl-CBN,Cannabinoid,recreational,CB1-partial-agonist | cannabinoid | limited-research | mildly-psychoactive | prodrug | sedative | semi-synthetic,inhalation,inhalation | oral,inhalation | oral,yes,yes,1440.0,,,,"mechanism_of_action, references"
CBNA,,2-carboxy-cannabinol | CBN-A | Cannabinolic acid,Cannabinoid,recreational,minor-cannabinoid | non-intoxicating,oral,oral | sublingual,oral | sublingual,yes,yes,,,,,"half_life_minutes, mechanism_of_action, references"
CDP-Choline,,Citicoline | Cognizin | Cytidine Diphosphocholine | 胞磷胆碱 | 胞苷二磷酸胆碱,Supplement,otc,OTC | acetylcholine-precursor | choline-donor | cholinergic | cognitive-enhancement | dopaminergic | nootropic | supplement,oral,oral,,no,yes,360.0,Cholinergic Precursor and Membrane Phospholipid Source,,https://en.wikipedia.org/wiki/Citicoline | https://examine.com/supplements/cdp-choline/,dose_ranges_by_route
CE-123,,,Stimulant,recreational,DAT-selective | DRI | atypical-DAT-inhibitor | investigational | no-human-data | research-chemical,,,,no,no,,,,Participation of Colon and Rectal Fellows in Robotic Rectal Cancer Surgery: Effect on Surgical Outcomes,"dose_ranges_by_route, duration_by_route, half_life_minutes, mechanism_of_action"
Centrophenoxine,,ANP-235 | Lucidril | Meclofenoxate | centrophenoxin,Nootropic,recreational,DMAE-prodrug | cholinergic | nootropic | old-pharmaceutical | tentative,oral,oral,oral,yes,yes,,,,https://en.wikipedia.org/wiki/Meclofenoxate,"half_life_minutes, mechanism_of_action"
Cerebrolysin,,Cerebrolisin | FPF-1070,Peptide,medical_rx,nootropic | parenteral-only | peptide | porcine-brain-hydrolysate | prescription-only | undefined-active-component,,,,no,no,,,,https://en.wikipedia.org/wiki/Cerebrolysin,"dose_ranges_by_route, duration_by_route, half_life_minutes, mechanism_of_action"
Cetirizine,,All Day Allergy | Reactine | Zirtec | Zyrtec,Antihistamine,otc,H1-antagonist | OTC | antihistamine | non-sedating | second-gen-antihistamine,oral,oral,oral,yes,yes,480.0,,Dry mouth,https://www.accessdata.fda.gov/drugsatfda_docs/label/2002/20784slr013_zyrtec_lbl.pdf | https://en.wikipedia.org/wiki/Cetirizine,mechanism_of_action
Changa,,泛相思汤,Psychedelic,recreational,tentative,,,,no,no,,,,,"dose_ranges_by_route, duration_by_route, half_life_minutes, mechanism_of_action, references"
Chloral Hydrate,,Aquachloral | Knockout drops | Mickey Finn | Noctec | Somnote | Trichloroacetaldehyde monohydrate | Welldorm,GABAergic,recreational,ADH-substrate-prodrug | GABA-A-PAM-via-metabolite | IARC-2A,oral,oral | rectal,oral | rectal,yes,yes,570.0,,,[The relative bioavailability and pharmacokinetics of chloral hydrate and its metabolites].,mechanism_of_action
Chloral-betaine,,Beta-Chlor,Depressant,recreational,chloral-hydrate-prodrug | habit-forming,oral,oral,oral,yes,yes,,,,,"half_life_minutes, mechanism_of_action, references"
Chlordiazepoxide,,CDP | Chloradiazepoxide | Chlordiazepoxidum | Clopoxide | Librium,,recreational,CYP-cascade-active-metabolites | alcohol-withdrawal-first-line | class:Benzodiazepine,oral,oral,oral,yes,yes,600.0,,,Pharmacokinetics of chlordiazepoxide and metabolites following single and multiple oral doses.,mechanism_of_action
Chloroform,,,Depressant,recreational,abandoned | cardiotoxic | habit-forming | hepatotoxic | tentative | volatile-anaesthetic,,,,no,no,,,,,"dose_ranges_by_route, duration_by_route, half_life_minutes, mechanism_of_action, references"
Chlorpheniramine,,Aller-Chlor | Chlor-Trimeton | Chlorphenamine | Chlorphenaminum | Chlorpheniramine polistirex | Chlorprophenpyridamine | Chlortab | Clorfeniramina | Piriton,Antihistamine,medical_rx,CYP2D6-substrate | H1-antagonist | H1-inverse-agonist | OTC | SERT-inhibitor-clinically-relevant | anticholinergic | antihistamine | first-gen-antihistamine | hERG-moderate-overdose-only | sedating | stereoselective-pharmacology,,,,no,no,1260.0,,Sedation,https://www.accessdata.fda.gov/drugsatfda_docs/label/2004/012140s027lbl.pdf | https://en.wikipedia.org/wiki/Chlorphenamine | Clinical pharmacokinetics of chlorpheniramine,"dose_ranges_by_route, duration_by_route, mechanism_of_action"
Chlorpromazine,,CPZ | Largactil | Thorazine,Antipsychotic,medical_rx,5HT2A-antagonist | D2-antagonist | alpha1-blocker | antipsychotic | muscarinic-antagonist | phenothiazine | prescription-only | typical-antipsychotic,oral,oral,oral,yes,yes,1800.0,,,https://www.accessdata.fda.gov/drugsatfda_docs/label/2010/010138s030lbl.pdf | https://en.wikipedia.org/wiki/Chlorpromazine,mechanism_of_action
Choline bitartrate,,Choline | 胆碱 | 酒石酸氢胆碱,Nootropic,recreational,class:ammonium salt,oral,oral,oral,yes,yes,,"Choline and its metabolites serve three primary physiological functions:

Phospholipid synthesis. Choline is necessary for the production of various phospholipids, which form cell membranes and signaling lipid rafts. Neural lipid rafts are receiving increasing attention in the field of psychiatry. Cholinergic neurotransmission, as a precursor to acetylcholine synthesis. Choline supplementation may allow acetylcholine to accumulate to higher levels than would otherwise occur. Since acetylcholine is involved in memory function, this may explain the nootropic effects. [citation needed] Production of trimethylamine (betaine). Trimethylamine is necessary for osmoregulation and is also involved in the synthesis of SAM-e.",,,"half_life_minutes, references"
Cialis,,,Other,recreational,,oral,oral,oral,yes,yes,,,,,"half_life_minutes, mechanism_of_action, references"
Cimetidine,,Tagamet | Tagamet HB,Antihistamine,medical_rx,CYP-inhibitor | H2-antagonist | OTC | acid-reducer | antihistamine | non-sedating,,,,no,no,120.0,,,https://www.accessdata.fda.gov/drugsatfda_docs/label/2004/017683s094lbl.pdf | https://en.wikipedia.org/wiki/Cimetidine,"dose_ranges_by_route, duration_by_route, mechanism_of_action"
Cinolazepam,,geroderm,Benzodiazepine,recreational,GABAA-PAM | benzodiazepine | habit-forming,oral,oral,oral,yes,yes,,,,,"half_life_minutes, mechanism_of_action, references"
Citalopram,,Celexa | Cipralex | Cipram | Cipramil | Escitalopram | Lexapro | Seroplex | Talohexal,Antidepressant,dual_use,CYP2C19-substrate | QTc-prolongation-risk | QTc-risk | SRI | SSRI | allosteric-self-potentiation | antidepressant | hERG-strong | prescription-only | serotonin-syndrome-risk,oral,oral,oral,yes,no,2160.0,,,"https://www.accessdata.fda.gov/drugsatfda_docs/label/2012/020822s044,021046s019lbl.pdf | https://en.wikipedia.org/wiki/Citalopram | https://www.accessdata.fda.gov/drugsatfda_docs/label/2017/021323s047lbl.pdf | https://en.wikipedia.org/wiki/Escitalopram | https://www.accessdata.fda.gov/drugsatfda_docs/label/2012/020822s043lbl.pdf","duration_by_route, mechanism_of_action"
Citicoline,,CDP-choline | Cognizin | cytidine diphosphate-choline,Nootropic,recreational,Kennedy-pathway-substrate | choline-donor | class:ammonium salt | cytidine-donor,,,,no,no,,,,,"dose_ranges_by_route, duration_by_route, half_life_minutes, mechanism_of_action, references"
CJC-1295,,CJC-1295 DAC | Drug Affinity Complex-GRF 1-29 | Modified GRF 1-29 DAC,Peptide,medical_rx,GH-secretagogue | GHRH-analogue | grey-market | peptide | performance-enhancing,subcutaneous,subcutaneous,subcutaneous,yes,no,10080.0,,,"Prolonged stimulation of growth hormone (GH) and insulin-like growth factor I secretion by CJC-1295, a long-acting analog of GH-releasing hormone, in healthy adults. | https://en.wikipedia.org/wiki/CJC-1295",mechanism_of_action
"CL-218,872",,,GABAergic,recreational,gaba-a-tool-compound | lab-reagent | no-human-data | research-chemical,,,,no,no,,α1(BZ1)-selective partial agonist at the GABA-A benzodiazepine binding site; triazolopyridazine scaffold (NOT a benzodiazepine structurally). Historical tool compound for dissecting α1-mediated sedation from α2-mediated anxiolysis.,,"https://en.wikipedia.org/wiki/CL-218,872 | CL 218,872 a triazolopyridazine with a selective affinity for the benzodiazepine BZ1 receptor subtype, retards the development and expression of amygdaloid-kindled seizures: effects of flumazenil.","dose_ranges_by_route, duration_by_route, half_life_minutes"
Clobazam,,"1,5-benzodiazepine | Aedon | Castilium | Clobam | Clobamax | Frisium | Mystan | Noiafren | Onfi | Sympazan | Urbanil | Urbanol | Urbanyl",Benzodiazepine,recreational,"1,5-benzodiazepine | CYP2C19-substrate | CYP3A4-substrate | GABAA-PAM | active-metabolite-norclobazam | alpha2-preferring | benzodiazepine | habit-forming",oral,oral,oral,yes,yes,2340.0,,,pmc:PMC5914180,mechanism_of_action
Clobenzorex,,Asenlix | Dinintel | Finedal | Itravil | SD-271-12 | 氯苄雷司,Stimulant,recreational,,insufflation,insufflation | oral,insufflation | oral,yes,yes,,"Clobenzorex was developed with the goal of providing superior appetite suppression to other amphetamines while producing fewer cardiovascular side effects. The attachment of the o-chlorobenzyl amino functional group reduces the relative proportion of the parent compound that is enzymatically cleaved to dextroamphetamine. Because free dextroamphetamine is not present in clobenzorex capsules, pure mechanical manipulation — such as crushing or simple extraction — does not yield dextroamphetamine directly. Consequently, accelerated absorption via alternative routes of administration — such as insufflation, vaporization, or injection — is also not possible, which makes it theoretically less susceptible to abuse.

Dextroamphetamine is a full agonist at trace amine-associated receptor 1 (TAAR1), an important receptor for the regulation of conventional and trace monoamines in the brain, including dopamine, serotonin, and norepinephrine. Agonism at this receptor group leads to elevated concentrations of dopamine, serotonin, and norepinephrine in the synaptic cleft, producing cognitive and physical stimulant effects in the user.

Clobenzorex and other N-alkylamphetamines also produce effects unique to themselves, including in particular:

Suppression of appetite through activation of α- and β-adrenergic receptors in the hypothalamus; dose-dependent vasodilation of the left aorta via the NO/cGMP/PKG/Ca²⁺-activated K⁺ channel pathway; increased breakdown of free fatty acids, glucose, and cHDL in subcutaneous adipose tissue; reduction of 11β-HSD1 hydrogenase activity in vitro, and reduction of 11β-HSD1 transcription and serum cortisol levels in isolated mesenteric adipose tissue; and activation of TrkB receptors.

As a prodrug, clobenzorex is inactive when administered and must undergo first-pass metabolism before being ""activated."" CYP1A2, CYP2B6, and CYP2C19 convert the majority of the compound to 4-hydroxyclobenzorex; a smaller proportion is converted to dextroamphetamine by CYP3A4 and CYP2B6. Both products are then further metabolized to their respective inactive conjugates.

Clobenzorex is detectable in urine drug screening, which may produce false positives in workplace drug tests. It is one of many drugs capable of triggering a false-positive amphetamine urinalysis result. Detection of 4-hydroxyclobenzorex or enantiomeric analysis can be used to distinguish its use from amphetamine use.",,,"half_life_minutes, references"
Clobromazolam,,DM-II-90 | Phenazolam | RC/triazolobenzodiazepine,Benzodiazepine,recreational,designer-benzo | extreme-potency | triazolobenzodiazepine,oral,oral | rectal | sublingual,oral | rectal | sublingual,yes,yes,,,,,"half_life_minutes, mechanism_of_action, references"
Clomethiazole,,Heminevrin | chlormethiazole,Depressant,recreational,GABA-A-PAM | alcohol-withdrawal-treatment | glycine-PAM | habit-forming | research-chemical | tentative,oral,oral,oral,yes,yes,,,,,"half_life_minutes, mechanism_of_action, references"
Clomipramine,,Anafranil,Antidepressant,medical_rx,QTc-prolongation-risk | TCA | anticholinergic | antidepressant | overdose-risk | prescription-only | seizure-risk | serotonin-syndrome-risk,,,,no,no,1980.0,,,https://www.accessdata.fda.gov/drugsatfda_docs/label/2012/019906s022lbl.pdf | https://en.wikipedia.org/wiki/Clomipramine | Clinical Pharmacokinetics of Clomipramine,"dose_ranges_by_route, duration_by_route, mechanism_of_action"
Clonazepam,,"Clonapam | Iktorivil | K-Pins | K-pins"" | Klonopin | RO 5-4023 | Rivotril | kpin | 氯硝安定 | 氯硝西泮",Benzodiazepine,recreational,CYP3A4-substrate | GABAA-PAM | benzodiazepine | class:benzodiazepines | habit-forming | high-binding-affinity | long-half-life,oral,oral,oral,yes,yes,2400.0,"苯二氮卓类物质通过结合苯二氮卓受体位点，作用于其受体，从而增强神经递质 γ-氨基丁酸（GABA）的效率和作用，产生多种效应。 由于该位点是大脑中最丰富的抑制性受体群，对其进行调节会导致氯硝西泮对神经系统产生镇静（或焦虑抑制）的作用。

苯二氮卓类药物的抗惊厥特性可能部分或全部归功于与电压依赖性钠通道的结合，而不是苯二氮卓受体。",Amnesia | Analysis suppression | Anxiety suppression | Compulsive redosing | Delusions | Disinhibition | Dizziness | Emotion suppression | Information processing suppression | Motor control loss | Muscle relaxation | Respiratory depression | Sedation | Seizure suppression | Thought deceleration,Clonazepam pharmacokinetics: comparison of subcutaneous microsphere injection with multiple-dose oral administration,
Clonazolam,,C-lam | Clam | Clonitrazolam | 氯硝唑仑,Benzodiazepine,recreational,GABAA-PAM | benzodiazepine | class:benzodiazepines | designer-benzo | extreme-potency | fatalities-reported | habit-forming | research-chemical | triazolobenzodiazepine,oral,oral,oral,yes,yes,900.0,"苯二氮卓类物质通过结合到苯二氮卓受体位点并放大神经递质γ-氨基丁酸 (GABA)对其受体的作用效率和效应，从而产生各种效果。 由于该位点是大脑中最多产的抑制性受体组，其调节导致了氯硝唑仑对神经系统的镇静（或镇静效应）。

苯二氮卓类物质的抗惊厥特性可能部分或全部归因于结合到电压依赖性钠通道（VDSC）而不是苯二氮卓受体。 氯硝唑仑被羟基化，主要还原为 7-氨基苯二氮卓，然后被乙酰化。

在一系列三唑苯二氮卓类物质中，它是总体上最活跃的，有时证明在小鼠中小于 10 μg/kg 就有效。",Amnesia | Analysis suppression | Anxiety suppression | Compulsive redosing | Delusions | Disinhibition | Dizziness | Emotion suppression | Information processing suppression | Motor control loss | Muscle relaxation | Respiratory depression | Sedation | Thought deceleration,https://en.wikipedia.org/wiki/Clonazolam,
Clonidine,,Catapres | Catapres-TTS | Duraclon | Kapvay | Nexiclon XR | 可乐定,Depressant,recreational,I1-imidazoline-agonist | adhd | alpha-2A-partial-agonist | alpha2-agonist | antihypertensive | class:arylaminoimidazoline | class:imidazoline | opioid-withdrawal | prescription-only | rebound-hypertension-risk | sedating,oral,oral,oral,yes,yes,720.0,α2-Adrenergic Receptor Agonist,Dry mouth,https://www.ncbi.nlm.nih.gov/books/NBK459124/,
Cloniprazepam,,,Benzodiazepine,recreational,GABAA-PAM | benzodiazepine | designer-benzo | habit-forming | tentative,oral,oral,,no,yes,,,,,"dose_ranges_by_route, half_life_minutes, mechanism_of_action, references"
Clonitazene,,CTZ,Opioid,recreational,habit-forming | morphine-stronger | mu-full-agonist | mu-opioid-agonist | nitazene | research-chemical,oral,oral,oral,yes,yes,,,,,"half_life_minutes, mechanism_of_action, references"
Clorazepate,,novo-clopate | tranxene | tranzene,Benzodiazepine,recreational,GABAA-PAM | benzodiazepine | habit-forming | prodrug-of-nordazepam | very-long-half-life,oral,oral,oral,yes,yes,,,,,"half_life_minutes, mechanism_of_action, references"
Clotiazepam,,clozan | distensan | rize | rizen | trecalmo | veratran,Benzodiazepine,recreational,CYP3A4-substrate | GABAA-PAM | benzodiazepine | habit-forming | short-acting | tentative | thienodiazepine,oral,oral,oral,yes,yes,,,,,"half_life_minutes, mechanism_of_action, references"
Cloxazolam,,,Benzodiazepine,recreational,GABAA-PAM | benzodiazepine | habit-forming | oxazolobenzodiazepine | prodrug-of-delorazepam,oral,oral,oral,yes,yes,,,,,"half_life_minutes, mechanism_of_action, references"
Clozapine,,Clozaril | FazaClo | Versacloz | 氯氮平,Antipsychotic,medical_rx,5HT2A-antagonist | D2-antagonist | H1-antagonist | REMS-required | alpha1-blocker | antipsychotic | atypical-antipsychotic | dibenzodiazepine | muscarinic-antagonist | prescription-only | treatment-resistant,oral,oral,oral,yes,yes,720.0,Multi-Receptor Antagonist (Atypical Antipsychotic with Unique Efficacy),,https://www.accessdata.fda.gov/drugsatfda_docs/label/2015/019758s083lbl.pdf | https://en.wikipedia.org/wiki/Clozapine,
Cocaine,,Benzoylmethylecgonine（苯甲酰甲基芽子碱） | Blow | Chari | Coca | Coke | Crack | Gear | Girl | Nose Candy | Perico | Roxanne | Snow | White | Yayo | base | benzoylmethylecgonine | charlie | cocaine base | flake | freebase cocaine | hard | methyl benzoylecgonine | rock | rocks | supercoke | yeyo | 古柯碱 | 古柯鹼 | 可卡因,Stimulant,recreational,BChE-substrate | Nav1.5-blocker | class:Tropane alkaloid | class:substituted tropanes | common | fast-binding-DAT | fast-onset | hERG-moderate | habit-forming | high-abuse-liability,inhalation,inhalation | insufflation | intravenous | oral,inhalation | insufflation | intravenous | oral,yes,yes,54.0,Triple Monoamine Reuptake Inhibitor,Abnormal heartbeat | Anxiety | Appetite suppression | Bronchodilation | Cognitive euphoria | Cognitive fatigue | Compulsive redosing | Dehydration | Depression | Disinhibition | Ego inflation | Focus enhancement | Increased blood pressure | Increased heart rate | Increased libido | Increased perspiration | Irritability | Motivation enhancement | Pain relief | Stimulation | Teeth grinding | Temporary erectile dysfunction | Thought acceleration | Thought deceleration | Thought organization | Vasoconstriction | Wakefulness,Cocaethylene metabolism and interaction with cocaine and ethanol: role of carboxylesterases,
Cocoa,,可可,,medical_rx,,,,,no,no,,"The primary psychoactive constituents of cacao are theobromine, caffeine, and phenethylamine. Caffeine and theobromine are metabolized by xanthine oxidase, while phenethylamine is metabolized primarily by monoamine oxidase B.

Theobromine has a half-life of 10 hours; however, more than 16% may remain unmetabolized 48 hours after a single 10 mg/kg ingestion.

For regular users, a 4–8 week caffeine-free period may be required for tolerance to reset.",,,"dose_ranges_by_route, duration_by_route, half_life_minutes, references"
Codeine,,3-methylmorphine | Lean | Purple Drank | Syrup | methylmorphine | 可待因,Opioid,recreational,CYP2D6-prodrug | MOR-via-metabolite | class:substituted morphinans | common | habit-forming | pharmacogenetic-critical,oral,oral,oral,yes,yes,165.0,Prodrug → Morphine (CYP2D6-Dependent Opioid),Anxiety suppression | Cognitive euphoria | Compulsive redosing | Constipation | Cough suppression | Difficulty urinating | Itchiness | Pain relief | Physical euphoria | Pupil constriction | Respiratory depression | Sedation,Pharmacokinetics of codeine and its metabolite morphine in ultra-rapid metabolizers due to CYP2D6 duplication,
Coluracetam,,BCI-540 | MKC-231 | 考拉西坦,Nootropic,recreational,CHT1-modulator-proposed | HACU-enhancer | cholinergic | class:racetams | nootropic | preclinical-only | racetam | research-chemical,insufflation,insufflation | oral | sublingual,insufflation | oral | sublingual,yes,yes,,考拉西坦能够增强高亲和性胆碱摄取（HACU），而这正是乙酰胆碱（ACh）合成过程中的限速步骤。这个过程本质上会让乙酰胆碱积累到高于正常水平的程度。由于乙酰胆碱参与记忆功能，因此这或许可以解释它的益智药效应呢。,Acuity enhancement | Anxiety suppression | Auditory enhancement | Colour enhancement | Dream potentiation | Focus enhancement | Memory enhancement | Mindfulness | Motivation enhancement | Stimulation | Tactile enhancement | Thought connectivity | Wakefulness,https://en.wikipedia.org/wiki/Coluracetam,half_life_minutes
CoQ10,,CoQ | Coenzyme Q | Coenzyme Q10 | Ubiquinol | Ubiquinone,Supplement,otc,OTC | antioxidant | cardiovascular | energy-metabolism | mitochondrial-support | supplement,oral,oral,oral,yes,no,5760.0,,,https://ods.od.nih.gov/factsheets/Coenzyme-Q10-HealthProfessional/ | https://en.wikipedia.org/wiki/Coenzyme_Q10,"duration_by_route, mechanism_of_action"
Cordyceps,,CS-4 | Cordyceps militaris | Cordyceps sinensis | Dong Chong Xia Cao,Supplement,otc,OTC | adaptogen | athletic-performance | energy-metabolism | herbal | immunomodulator | mushroom | supplement,oral,oral,oral,yes,yes,360.0,,,https://en.wikipedia.org/wiki/Cordyceps | https://examine.com/supplements/cordyceps/,mechanism_of_action
Coronaridine,,,Psychedelic,recreational,tentative,,,,no,no,,,,,"dose_ranges_by_route, duration_by_route, half_life_minutes, mechanism_of_action, references"
CPM,,,Psychedelic,recreational,PIHKAL | phenethylamine,oral,oral,oral,yes,yes,,,,https://erowid.org/library/books_online/pihkal/pihkal037.shtml,"half_life_minutes, mechanism_of_action"
Creatine,,Methylguanidoacetic acid,Nootropic,recreational,,oral,oral,oral,yes,no,,,,,"duration_by_route, half_life_minutes, mechanism_of_action, references"
Creatine Monohydrate,,Creapure | Creatine | 肌酸,Supplement,otc,NMDA-modulator | OTC | amino-acid-derivative | athletic-performance | energy-metabolism | nootropic | supplement,oral,oral,oral,yes,no,180.0,"Creatine is an endogenous molecule that stores high-energy phosphate groups in the form of phosphocreatine (creatine phosphate). During periods of stress or intense physical exertion, phosphocreatine releases energy to help cells maintain function. This is the mechanism underlying the strength increases observed with creatine supplementation, and the same mechanism similarly benefits the brain, skeletal muscle, and liver. The majority of creatine's benefits are produced through this mechanism.",,https://en.wikipedia.org/wiki/Creatine | https://examine.com/supplements/creatine/,duration_by_route
Curcumin,,BCM-95 | Curcuma longa | Curcumin with Piperine | Longvida | Meriva | Turmeric Extract,Supplement,otc,CYP450-inhibitor | NF-kB-inhibitor | OTC | anti-inflammatory | antioxidant | herbal | polyphenol | supplement,oral,oral,oral,yes,yes,420.0,,,https://en.wikipedia.org/wiki/Curcumin | https://examine.com/supplements/curcumin/,mechanism_of_action
CX-516,,Ampalex | BDP-12,AMPAkine,recreational,AMPA-PAM | Cortex-Pharmaceuticals | abandoned-clinical-development | deactivation-slower | high-impact-AMPAkine | investigational | research-chemical,,,,no,no,,,,https://en.wikipedia.org/wiki/CX-516,"dose_ranges_by_route, duration_by_route, half_life_minutes, mechanism_of_action"
Cychlorphine,,Cyclorphine | piperidinyl-benzimidazolone (“orphine”) opioid,Opioid,recreational,class:Piperidinyl-benzimidazolone derivative,insufflation,insufflation | intravenous | oral,insufflation | intravenous | oral,yes,yes,,,,,"half_life_minutes, mechanism_of_action, references"
Cyclazodone,,N-cyclopropyl-pemoline | N-cyclopropylpemoline | NCP-pemoline,Stimulant,recreational,class:4-oxazolidinone | class:substituted aminorexes,oral,oral,oral,yes,yes,,,,,"half_life_minutes, mechanism_of_action, references"
Cyclizine,,Marezine,Depressant,recreational,H1-antiemetic,oral,oral,oral,yes,yes,,,,,"half_life_minutes, mechanism_of_action, references"
Cyclo-methiodrone,,,Empathogen,recreational,habit-forming | research-chemical | tentative,oral,oral,oral,yes,yes,,,,,"half_life_minutes, mechanism_of_action, references"
Cyclobenzaprine,,Amrix | Cyclobenzaprinum | Cycoflex | Flexeril | MK-130 | TNX-102 | apo-cyclobenzaprin | fexmid | novo-cycloprine,Depressant,recreational,5-HT2A-antagonist | habit-forming | muscle-relaxant-central,oral,oral,oral,yes,yes,1080.0,,,"Cyclobenzaprine pharmacokinetics, including the effects of age, gender, and hepatic insufficiency.",mechanism_of_action
Cyclopentyl-fentanyl,,cp-f | cpf,Opioid,recreational,CYP3A4-substrate | habit-forming | mu-full-agonist | mu-opioid-agonist | research-chemical | tentative | wooden-chest-syndrome-risk,,,,no,no,,,,,"dose_ranges_by_route, duration_by_route, half_life_minutes, mechanism_of_action, references"
Cyclopropylmescaline,,4-cyclopropylmethoxy-3 | CPM,Psychedelic,recreational,no-human-data | phenethylamine | research-chemical | tentative,oral,oral,oral,yes,yes,,,,,"half_life_minutes, mechanism_of_action, references"
Cyproheptadine,,Ciplactin | Cyprodine | Cyproheptadinum | Periactin | Peritol | Vimicon,Antihistamine,medical_rx,H1-antagonist | anticholinergic | antihistamine | appetite-stimulant | first-gen-antihistamine | prescription-only | sedating | serotonin-antagonist,,,,no,no,480.0,,Sedation,https://www.accessdata.fda.gov/drugsatfda_docs/label/2004/009761s028lbl.pdf | https://en.wikipedia.org/wiki/Cyproheptadine,"dose_ranges_by_route, duration_by_route, mechanism_of_action"
Cyputylone,,BDCP | N-CMC | N-Cyclohexylmethylone,Stimulant,recreational,DAT-NET-blocker-predicted,insufflation,insufflation | oral | rectal,insufflation | oral | rectal,yes,yes,,,,,"half_life_minutes, mechanism_of_action, references"
Cytisine,,Baphitoxine | Cytisinicline | Desmoxan | Tabex,Nootropic,recreational,alpha4beta2-low-efficacy-partial-agonist | nAChR-partial-agonist | natural | natural-product | nootropic | smoking-cessation,oral,oral,oral,yes,no,270.0,,,"https://en.wikipedia.org/wiki/Cytisine | Pharmacokinetics of cytisine, an α4 β2 nicotinic receptor partial agonist, in healthy smokers following a single dose","duration_by_route, mechanism_of_action"
D2pm,,diphenylprolinol,Stimulant,recreational,habit-forming | tentative,oral,oral,oral,yes,yes,,,,,"half_life_minutes, mechanism_of_action, references"
Dalt,,"diallyltryptamine | n,n-diallyltryptamine",Psychedelic,recreational,research-chemical | tentative,oral,oral,oral,yes,yes,,,,,"half_life_minutes, mechanism_of_action, references"
Daridorexant,,Quviviq,OrexinAntagonist,medical_rx,DORA | US-Schedule-IV | orexin-antagonist | prescription-only | sedative-hypnotic,oral,oral,oral,yes,yes,480.0,,,https://en.wikipedia.org/wiki/Daridorexant,mechanism_of_action
Dasotraline,,SEP-225289,Stimulant,recreational,NDRI | SNDRI | investigational | low-abuse-liability | research-chemical | ultra-long-halflife,,,,no,no,3720.0,,,"https://en.wikipedia.org/wiki/Dasotraline | Dasotraline for the Treatment of Attention-Deficit/Hyperactivity Disorder: A Randomized, Double-Blind, Placebo-Controlled, Proof-of-Concept Trial in Adults","dose_ranges_by_route, duration_by_route, mechanism_of_action"
Datura,,Datura stramonium | Jimson Weed | jimsonweed | 曼陀罗属,Deliriant,recreational,anticholinergic-deliriant | miscategorised | tentative,oral,oral,,no,yes,,,"Abnormal heartbeat | Acuity suppression | After images | Amnesia | Anxiety | Auditory enhancement | Auditory hallucinations | Autonomous entities | Cognitive dysphoria | Depression | Difficulty urinating | Dizziness | Dream potentiation | Drifting | Emotion suppression | External hallucinations | Frequent urination | Increased heart rate | Information processing suppression | Internal hallucinations | Language suppression | Muscle cramps | Muscle spasms | Nausea | Paranoia | Pattern recognition suppression | Perception of increased weight | Peripheral information misinterpretation | Perspective alterations | Photophobia | Psychosis | Pupil dilation | Restless leg syndrome | Scenarios and plots | Settings, sceneries, and landscapes | Shadow people | Spontaneous tactile sensations | Thought deceleration | Thought disorganization | Time distortion | Unspeakable horrors | Vibrating vision | Visual haze",,"dose_ranges_by_route, half_life_minutes, mechanism_of_action, references"
DBT,,,Psychedelic,recreational,TIHKAL | no-human-data | tryptamine,,,,no,no,,,,https://erowid.org/library/books_online/tihkal/tihkal02.shtml,"dose_ranges_by_route, duration_by_route, half_life_minutes, mechanism_of_action"
Dehydroxyfluorafinil,,Dehydroxy-fluorafinil | Modafiendz,Stimulant,recreational,research-chemical | tentative,oral,oral,oral,yes,yes,,,,,"half_life_minutes, mechanism_of_action, references"
Delorazepam,,nordiclazepam,Benzodiazepine,recreational,GABAA-PAM | active-metabolite-lorazepam | benzodiazepine | habit-forming | long-half-life,oral,oral,oral,yes,yes,,,,,"half_life_minutes, mechanism_of_action, references"
Delta-10-THC,,D10-THC | Delta-10-tetrahydrocannabinol | delta10 | Δ10-THC,Cannabinoid,recreational,CB1-partial-agonist | cannabinoid | isomer | limited-research | psychoactive | semi-synthetic,inhalation,inhalation | oral,inhalation | oral,yes,yes,1800.0,,,,"mechanism_of_action, references"
Delta-8-THC,,D8 | D8-THC | Delta-8-tetrahydrocannabinol | delta8 | Δ8-THC,Cannabinoid,recreational,CB1-partial-agonist | cannabinoid | isomer | phytocannabinoid | psychoactive | semi-synthetic,inhalation,inhalation | oral,inhalation | oral,yes,yes,1800.0,Cannabinoid CB1 Partial Agonist (Lower Potency),,https://en.wikipedia.org/wiki/Delta-8-tetrahydrocannabinol,
Dermorphin,,Frog opioid,Peptide,medical_rx,opioid | peptide | wada-prohibited,intravenous,intravenous,,no,no,,"Highly selective μ-opioid receptor agonist (heptapeptide, D-Ala2).",analgesia,https://en.wikipedia.org/wiki/Dermorphin,half_life_minutes
Deschloroetizolam,,DCE | Deschloro-etizolam | Etizolam-2 | 去氯依替唑仑,Benzodiazepine,recreational,GABAA-PAM | benzodiazepine | class:Thienotriazolodiazepine | class:thienodiazepines | designer-benzo | habit-forming | research-chemical | tentative | thienodiazepine | thienotriazolodiazepine,oral,oral | sublingual,oral | sublingual,yes,yes,,"Thienodiazepines produce their effects by binding to the benzodiazepine receptor site and amplifying the efficiency and potency of the neurotransmitter γ-aminobutyric acid (GABA) at its receptor. Because this site is the most prolific inhibitory receptor complex in the brain, its modulation accounts for the sedative (or depressant) effects of deschloroetizolam on the nervous system.",Amnesia | Analysis suppression | Anxiety suppression | Cognitive euphoria | Compulsive redosing | Delusions | Disinhibition | Dizziness | Emotion suppression | Information processing suppression | Muscle relaxation | Respiratory depression | Sedation | Thought deceleration,,"half_life_minutes, references"
Deschloroketamine,,2'-oxo-PCM | 2-oxo-PCM | DCK | DXE | O-PCM | opcm,Dissociative,recreational,NMDA-antagonist | arylcyclohexylamine | class:Arylcyclohexylamine | class:arylcyclohexylamines | designer-dissociative | habit-forming | longer-duration-than-ketamine | research-chemical | tentative,inhalation,inhalation | insufflation | oral,inhalation | insufflation | oral,yes,yes,,"更多信息：NMDA受体拮抗剂

由于缺乏关于该物质的研究，所有关于其药理学的讨论都纯粹基于其结构以及与其他芳基环己胺类解离剂（如 3-MeO-PCP、PCP 和 MXE）在主观效应上的相似性。考虑到这一点，DCK 被认为是一种 NMDA受体拮抗剂哦。NMDA 受体是一种 谷氨酸 受体，允许兴奋性电信号在大脑和脊柱的神经元之间传递；为了让信号通过，受体必须是开放的。解离剂通过阻断 NMDA 受体来使它们失活。这种神经元的断连会导致身体感觉、运动协调、记忆回忆的普遍丧失，最终导致这种物质特有的“K-hole（K洞）”体验呢。","Acuity suppression | Amnesia | Analysis enhancement | Anxiety | Auditory distortion | Auditory hallucinations | Auditory suppression | Autonomous entities | Cognitive euphoria | Compulsive redosing | Conceptual thinking | Consciousness disconnection | Creativity enhancement | Depersonalization | Derealization | Disinhibition | Dizziness | Double vision | Déjà vu | Environmental cubism | Environmental orbism | Frame rate suppression | Geometry | Immersion enhancement | Information processing suppression | Internal hallucinations | Language suppression | Memory suppression | Motor control loss | Muscle relaxation | Nausea | Pattern recognition suppression | Perception of decreased weight | Perspective alterations | Perspective distortions | Physical autonomy | Physical euphoria | Scenarios and plots | Scenery slicing | Settings, sceneries, and landscapes | Spontaneous tactile sensations | Tactile disconnection | Tactile suppression | Thought deceleration | Time distortion | Visual disconnection | Visual sliding",https://en.wikipedia.org/wiki/Deschloroketamine,half_life_minutes
Desipramine,,Norpramin | Pertofrane,Antidepressant,medical_rx,QTc-prolongation-risk | TCA | antidepressant | overdose-risk | prescription-only,,,,no,no,1620.0,,,https://www.accessdata.fda.gov/drugsatfda_docs/label/2014/011835s065lbl.pdf | https://en.wikipedia.org/wiki/Desipramine,"dose_ranges_by_route, duration_by_route, mechanism_of_action"
Desloratadine,,Aerius | Clarinex | NeoClarityn,Antihistamine,medical_rx,H1-antagonist | antihistamine | non-sedating | prescription-only | second-gen-antihistamine,,,,no,no,1620.0,,,https://www.accessdata.fda.gov/drugsatfda_docs/label/2012/021117s025lbl.pdf | https://en.wikipedia.org/wiki/Desloratadine,"dose_ranges_by_route, duration_by_route, mechanism_of_action"
Desmethylflunitrazepam,,Fonazepam | N-Desmethylflunitrazepam | Norflunitrazepam | Ro 5-4435 | Ro05-4435,Benzodiazepine,recreational,GABAA-PAM | benzodiazepine | class:Benzodiazepine | designer-benzo | habit-forming | metabolite-as-drug | research-chemical,insufflation,insufflation | oral | sublingual,insufflation | oral | sublingual,yes,yes,,,,,"half_life_minutes, mechanism_of_action, references"
Desomorphine,,Crocodile | Deoxydihydromorphine D | Dihydrodeoxymorphine | Dihydrodesoxymorphine D | Krok | Krokodil | Permonid | 二氢去氧吗啡,Opioid,recreational,MOR-full-agonist | class:substituted morphinans | high-potency | short-duration,insufflation,insufflation | intravenous | oral,insufflation | intravenous | oral,yes,yes,,"This compound can be produced from over-the-counter codeine tablets, iodine, and red phosphorus from matchstrike surfaces, via a process analogous to the manufacture of methamphetamine from pseudoephedrine. As with methamphetamine produced in this manner, the resulting desomorphine is typically contaminated with various chemical by-products. In Russia, the street name for home-produced desomorphine is krokodil (Russian: крокодил, crocodile), possibly related to the chemical name of the precursor alpha-chlorocodide, or to the crocodile-like skin damage caused by the substance.

Desomorphine is an analogue of morphine in which the 6-hydroxyl group and the 7,8-double bond have been reduced. Traditional synthesis begins with alpha-chlorocodide, itself obtained by treating codeine with thionyl chloride. Catalytic reduction of alpha-chlorocodide yields dihydrodesoxocodeine, which is then O-demethylated to produce desomorphine.

Like other opioids, desomorphine acts by binding to and activating mu-opioid receptors as an agonist. This is because opioids functionally mimic the body's natural endorphins, which are responsible for analgesia (pain reduction), drowsiness, and feelings of pleasure and reward. They are released in response to pain, vigorous exercise, orgasm, or excitement. This mimicry of endogenous endorphins accounts for the drug's euphoric, analgesic, and anxiolytic effects.",,,"half_life_minutes, references"
DESOXY,,2-DPMP | 4-desoxymescaline | desoxypipradrol,Psychedelic,recreational,PIHKAL | no-human-data | phenethylamine,oral,oral,oral,yes,yes,,,,https://erowid.org/library/books_online/pihkal/pihkal052.shtml,"half_life_minutes, mechanism_of_action"
Desvenlafaxine,,Khedezla | Pristiq,Antidepressant,medical_rx,SNRI | antidepressant | prescription-only | serotonin-syndrome-risk,,,,no,no,660.0,,,https://www.accessdata.fda.gov/drugsatfda_docs/label/2017/021992s030lbl.pdf | https://en.wikipedia.org/wiki/Desvenlafaxine | https://www.accessdata.fda.gov/drugsatfda_docs/label/2012/021992s030lbl.pdf,"dose_ranges_by_route, duration_by_route, mechanism_of_action"
DET,DET,"Diethyltryptamine | N,N-diethyltryptamine | N,N-二乙基色胺 | T-9",Psychedelic,recreational,TIHKAL | class:substituted tryptamines | no-human-data | orally-active-tryptamine | research-chemical | tentative | tryptamine,inhalation,inhalation | oral,inhalation | oral,yes,yes,,"更多信息：血清素致幻剂

由于缺乏关于该物质的研究，关于其药理学的所有讨论都纯粹基于其结构以及与色胺致幻剂（如赛洛西宾和DMT）的主观效应相似性。考虑到这一点，DET 被认为起着 5-HT2A 部分激动剂的作用。与 DMT 不同，乙基增加了对单胺氧化酶系统的保护，使 DET 具有口服活性，而 DMT 则没有哦。

DET 有时比 DMT 更受青睐，因为它可以口服，而 DMT 不能。这是因为单胺氧化酶在 DMT 被吸收之前就将其降解为无活性化合物了。为了克服这个问题，必须以不同的方式给药，即静脉注射、肌肉注射、吸入、鼻吸、直肠给药，或与单胺氧化酶抑制剂一起摄入。因为 DET 的氮原子上连接有乙基，单胺氧化酶无法降解它。对于许多其他具有较大氮取代基的色胺也是如此呢。",,https://erowid.org/library/books_online/tihkal/tihkal03.shtml,half_life_minutes
Dextromethorphan,,CCC / Triple C | Coricidin/CCC | DM | DMO | DXM | Delsym | Dex | DexAlone | Dextromethorphan polistirex | Robitussin | Robo | Robotripping | Tussin | robotussin | syrup | 右美沙芬,Dissociative,recreational,CYP2D6-substrate | SERT-inhibitor | bromide-load-risk-chronic | class:substituted morphinans | hERG-moderate | habit-forming | serotonin-syndrome-risk-with-MAOI-SSRI | sigma-1-agonist,oral,oral,oral,yes,yes,180.0,"NMDA Antagonist, Sigma-1 Agonist, and Serotonin Reuptake Inhibitor","Acuity suppression | Auditory distortion | Auditory enhancement | Auditory hallucinations | Auditory suppression | Autonomous entities | Cognitive euphoria | Conceptual thinking | Consciousness disconnection | Cough suppression | Creativity enhancement | Depersonalization | Derealization | Dizziness | Double vision | Déjà vu | Environmental cubism | Environmental orbism | External hallucinations | Frame rate suppression | Geometry | Immersion enhancement | Information processing suppression | Internal hallucinations | Memory suppression | Nausea | Pattern recognition suppression | Perception of decreased weight | Personal bias suppression | Perspective alterations | Perspective distortions | Physical autonomy | Physical euphoria | Scenarios and plots | Scenery slicing | Settings, sceneries, and landscapes | Tactile disconnection | Tactile suppression | Thought deceleration | Time distortion | Unity and interconnectedness | Visual disconnection | Visual sliding",Pharmacokinetics of Dextromethorphan and Metabolites in Humans,
Dextropropoxyphene,,Co-proxamol | Darvon | capadex | coproxamol | darvocet | di-gesic | 右丙氧芬,Opioid,recreational,MOR-weak | cardiotoxic | class:phenylpropylamine | hERG-strong | habit-forming | withdrawn-multiple-markets,oral,oral,oral,yes,yes,900.0,"Opioids produce their effects by binding to and activating μ-opioid receptors. This occurs because opioids structurally mimic endogenous endorphins that are naturally present in the body and that likewise act on the μ-opioid receptor system. This structural mimicry of natural endorphins accounts for opioids' physical euphoria, analgesia, and anxiolytic effects. This is because endorphins are responsible for reducing pain, inducing drowsiness, and producing pleasure. They are released during pain, vigorous exercise, orgasm, or general excitement.

Unlike most opioids, dextropropoxyphene is also a weak serotonin reuptake inhibitor and a potent nicotinic acetylcholine receptor antagonist. Dextropropoxyphene has a bioavailability of approximately 40% and is metabolized by the cytochrome P450 3A4 enzyme. The enantiomer levopropoxyphene lacks analgesic activity but retains cough suppressant effects.",,Pharmacokinetics of dextropropoxyphene and nordextropropoxyphene in young and elderly volunteers after single and multiple dextropropoxyphene dosage,
Diazepam,,Apaurin | Diastat | Diazemuls | Dzp | Libervant | Mother's Little Helper | NRL-1 | Relanium | Valium | Valtoco | 地西泮 | 安定,Benzodiazepine,recreational,CYP2C19-substrate | CYP3A4-substrate | GABAA-PAM | active-metabolite-long-t1/2 | benzodiazepine | class:Benzodiazepine | class:benzodiazepines | common | habit-forming,intravenous,intravenous | oral,intravenous | oral,yes,yes,2760.0,GABA-A Positive Allosteric Modulator,Amnesia | Analysis suppression | Anxiety suppression | Compulsive redosing | Delusions | Disinhibition | Dizziness | Emotion suppression | Information processing suppression | Motor control loss | Muscle relaxation | Respiratory depression | Sedation | Seizure suppression | Thought deceleration,"Pharmacokinetics and pharmacodynamics of oral diazepam: effect of dose, plasma concentration, and time",
Dibutylone,,bk-DMBDB | bk-MMBDB,Stimulant,recreational,DAT-NET-blocker | MDMA-analog | cathinone | inactive | no-human-data | research-chemical,,,,no,no,,,,https://en.wikipedia.org/wiki/Dibutylone,"dose_ranges_by_route, duration_by_route, half_life_minutes, mechanism_of_action"
Dichloropane,,RTI-111,Stimulant,recreational,class:substituted tropanes,inhalation,inhalation | insufflation | oral,inhalation | insufflation | oral,yes,yes,,"RTI-111对中枢神经系统最被广泛研究的效应，是阻断血清素、多巴胺与去甲肾上腺素转运体。该物质作为一种三重再摄取抑制剂，可阻止单胺类神经递质被重新回收，导致它们在突触中，也就是神经元之间的连接处过量积聚。其结果是，单胺能信号在接收神经元受体上的突触后效应会被增强并延长。一般认为，正是这种在多个脑区突触间隙中骤然增加的神经递质洪流，造成了RTI-111的各种效应。

托烷类兴奋剂的转运体结合谱

与可卡因相比，RTI-111对血清素和去甲肾上腺素转运体相对于多巴胺转运体具有更高的相对亲和力，而这被认为至少部分解释了它在主观效应上的差异。",,,"half_life_minutes, references"
Diclazepam,,2'-Chloro-diazepam | 2'-Chlorodiazepam | 2'-氯-地西泮 | 2-chloro-diazepam | Chlorodiazepam | Ro5-3448 | 二氯地西泮 | 氯地西泮,Benzodiazepine,recreational,CYP3A4-substrate | GABAA-PAM | active-metabolite-lorazepam | benzodiazepine | class:Benzodiazepine | class:benzodiazepines | designer-benzo | habit-forming | long-half-life,oral,oral,oral,yes,yes,2520.0,"Benzodiazepine substances produce their effects by binding to the benzodiazepine receptor site and acting at GABA receptors, thereby amplifying the efficiency and effects of the neurotransmitter gamma-aminobutyric acid (GABA). Because this site represents the most prolific inhibitory receptor cluster in the brain, its modulation results in the sedating (or anxiolytic) effects of diclazepam on the nervous system.

The elimination half-life of diclazepam is approximately 42 hours; it is metabolized in the body to delorazepam via N-demethylation, which can be detected in urine for 6 days following administration. Other metabolites detected in urine include lorazepam and lormetazepam, detectable for 19 and 11 days respectively, indicating that cytochrome P450-mediated hydroxylation occurs concurrently with N-demethylation.

The anticonvulsant properties of benzodiazepines may be attributable in part or entirely to binding at voltage-dependent sodium channels rather than the benzodiazepine receptor.",Amnesia | Analysis suppression | Anxiety suppression | Compulsive redosing | Delusions | Disinhibition | Dizziness | Emotion suppression | Information processing suppression | Motor control loss | Muscle relaxation | Respiratory depression | Sedation | Thought deceleration,https://en.wikipedia.org/wiki/Diclazepam,
Diclofensine,,ro8-4650,Stimulant,recreational,habit-forming | research-chemical | tentative,oral,oral,oral,yes,yes,,,,,"half_life_minutes, mechanism_of_action, references"
Diethyl-ether,,ether,Depressant,recreational,flammable | habit-forming | historic | tentative | volatile-anaesthetic,,,,no,no,,,,,"dose_ranges_by_route, duration_by_route, half_life_minutes, mechanism_of_action, references"
Dihexa,,PNB-0408,Peptide,medical_rx,HGF-augmenter | c-Met-signaling | investigational | no-human-data | nootropic | oncogenic-theoretical-concern | peptide,,,,no,no,,,,https://en.wikipedia.org/wiki/Dihexa,"dose_ranges_by_route, duration_by_route, half_life_minutes, mechanism_of_action"
Dihydrocodeine,,DF118 | DHC | DHC Continus | Panlor DC | 二氢可待因,Opioid,recreational,CYP2D6-bioactivation | MOR-agonist | class:substituted morphinans | habit-forming,insufflation,insufflation | oral,insufflation | oral,yes,yes,240.0,,Anxiety suppression | Cognitive euphoria | Compulsive redosing | Constipation | Cough suppression | Difficulty urinating | Itchiness | Pain relief | Physical euphoria | Pupil constriction | Respiratory depression | Sedation,An anatomy lesson by Sir James Paget,mechanism_of_action
Dihydroergotamine,,DHE 45 | Migranal | Trudhesa,Other,medical_rx,antimigraine | ergot-alkaloid | prescription-only | serotonin-agonist | vasoconstrictor,insufflation,insufflation | intravenous,insufflation | intravenous,yes,yes,540.0,,,https://en.wikipedia.org/wiki/Dihydroergotamine,mechanism_of_action
Dimemebfe,,5-MeO-BFE,Empathogen,recreational,research-chemical | tentative,oral,oral,oral,yes,yes,,,,,"half_life_minutes, mechanism_of_action, references"
Dimenhydrinate,,Dinate | Diphenhydramine 8-chlorotheophyllinate | Diphenhydramine theoclate | Dramamine | Driminate | Gravol | O-benzhydryldimethylaminoethanol 8-chlorotheophyllinate | Triptone | Vomex A | 茶苯海明,Deliriant,recreational,H1-antagonist | OTC | anticholinergic | antiemetic | antihistamine | deliriant | diphenhydramine-salt | duplicate-of-dimenhydrinate | first-gen-antihistamine | sedating,oral,oral,oral,yes,yes,540.0,,Sedation,https://en.wikipedia.org/wiki/Dimenhydrinate,mechanism_of_action
Dimethocaine,,CMD | DMC | Larocaine,Stimulant,recreational,habit-forming | research-chemical | tentative,insufflation,insufflation,insufflation,yes,no,,,,,"duration_by_route, half_life_minutes, mechanism_of_action, references"
Dipentylone,,"BU crystal | DM-Pentylone | DMBDP | Dimethylpentylone | KU | KU crystals | N,N-Dimethylpentylone | bk-DMBDP",Stimulant,recreational,DAT-preferring | fatalities-mdma-substitution | post-eutylone-market-successor,insufflation,insufflation | oral,insufflation | oral,yes,yes,,,,,"half_life_minutes, mechanism_of_action, references"
Diphenhydramine,,Benadryl | DPH | Nytol | Sominex | Unisom SleepMelts | ZzzQuil | 苯海拉明,Deliriant,recreational,Beers-list | CYP2D6-inhibitor | H1-antagonist | H1-inverse-agonist | Na-channel-blocker | OTC | anticholinergic | anticholinergic-strong | antihistamine | class:ethanolamine | deliriant | first-gen-antihistamine | sedating | sleep-aid,intramuscular,intramuscular | intravenous | oral,intramuscular | intravenous | oral,yes,yes,540.0,"苯海拉明是外周组胺H1受体和中枢组胺H1受体的受体逆向激动剂。外周逆向激动作用诱导了过敏缓解效果。像许多第一代抗组胺药一样，它也是mACH受体的竞争性拮抗剂。

苯海拉明是一种乙酰胆碱受体拮抗剂。虽然确切的机制尚不清楚，但抑制乙酰胆碱的作用被认为是导致谵妄、镇静和极其逼真的幻觉以及极度不适和令人不快的身体副作用的主要原因。

苯海拉明已被证明能阻断钠通道并抑制血清素的再摄取。[[7]](#cite_note-Domino_1999-7) 它还能阻断电压门控钾通道（VGKCs），这意味着它有可能导致或引起尖端扭转性室速，这是一种潜在危险的心脏状况，可能导致心源性猝死。[[9]](#cite_note-9)

受体结合亲和力如下表所示：[[10]](#cite_note-Kim2000-10)[[7]](#cite_note-Domino_1999-7)","Abnormal heartbeat | Acuity suppression | After images | Amnesia | Anxiety | Auditory hallucinations | Auditory suppression | Autonomous entities | Brightness alteration | Cognitive dysphoria | Dehydration | Depression | Difficulty urinating | Dizziness | Double vision | Dream potentiation | Drifting | Emotion suppression | External hallucinations | Feelings of impending doom | Frequent urination | Increased heart rate | Information processing suppression | Internal hallucinations | Language suppression | Memory suppression | Motor control loss | Muscle cramps | Muscle spasms | Nausea | Paranoia | Pattern recognition suppression | Peripheral information misinterpretation | Perspective alterations | Photophobia | Physical fatigue | Psychosis | Restless leg syndrome | Scenarios and plots | Sedation | Settings, sceneries, and landscapes | Shadow people | Tactile hallucinations | Thought deceleration | Thought disorganization | Time distortion | Unspeakable horrors | Vibrating vision | Visual haze",https://www.accessdata.fda.gov/drugsatfda_docs/label/2002/08495s041lbl.pdf | https://en.wikipedia.org/wiki/Diphenhydramine | Pharmacokinetics of diphenhydramine and a demethylated metabolite following intravenous and oral administration,
Diphenidine,,"1,2-DEP | DEP | DPD | DPH",Dissociative,recreational,NMDA-antagonist | PCP-like-affinity | class:Diarylethylamine dissociative | class:diarylethylamines | diarylethylamine | habit-forming | high-affinity-NMDA-blocker | long-duration-dissociative | research-chemical | tentative,inhalation,inhalation | insufflation | oral | rectal | sublingual,inhalation | insufflation | oral | rectal | sublingual,yes,yes,,"另见：NMDA受体拮抗剂

二苯尼定作为一种NMDA受体拮抗剂起作用。NMDA受体允许电信号在大脑和脊柱的神经元之间传递；为了传递信号，受体必须处于开放状态。解离剂通过阻断NMDA受体来关闭它们。这种神经元的断连导致感觉丧失、运动困难，并最终导致著名的“K洞”。

尽管二苯尼定的供应商声称该化合物充当多巴胺-再摄取抑制剂和血清素再摄取抑制剂，并具有μ-阿片受体亲和力和典型的解离效应，但迄今为止，二苯尼定尚未针对多巴胺转运体亲和力进行筛查。然而，如果情况确实如此，这就解释了其欣快和经常出现的刺激作用。

二苯尼定及相关二芳基乙胺类物质已在体外研究中作为神经毒性损伤的治疗方法。对于神经发生、神经修复和神经保护，二苯尼定可能比其他更常见的NMDA受体拮抗解离剂（如氯胺酮、右美沙芬、PCP类似物、伊波加因和MXE）是更强的NMDA受体拮抗剂。","Acuity suppression | Amnesia | Analysis enhancement | Anxiety suppression | Auditory distortion | Auditory enhancement | Auditory hallucinations | Auditory suppression | Autonomous entities | Cognitive euphoria | Compulsive redosing | Conceptual thinking | Consciousness disconnection | Depersonalization | Derealization | Disinhibition | Dizziness | Double vision | Déjà vu | Environmental cubism | Environmental orbism | Frame rate suppression | Geometry | Increased heart rate | Information processing suppression | Internal hallucinations | Memory suppression | Motor control loss | Nausea | Pattern recognition suppression | Perception of decreased weight | Perspective alterations | Perspective distortions | Physical autonomy | Physical euphoria | Scenarios and plots | Scenery slicing | Settings, sceneries, and landscapes | Spontaneous tactile sensations | Stimulation | Tactile disconnection | Tactile suppression | Thought deceleration | Time distortion | Visual disconnection",,"half_life_minutes, references"
Dipipanone,,Diconal | Wellconal,Opioid,recreational,MOR-full-agonist | habit-forming | methadone-class,oral,oral,oral,yes,yes,,,,,"half_life_minutes, mechanism_of_action, references"
DIPT,,"DIT | N,N-DiPT | N,N-Diisopropyltryptamine | diisopropyltryptamine",Psychedelic,recreational,5-HT2A-agonist | TIHKAL | auditory-distortion | class:Tryptamine | class:substituted tryptamines | research-chemical | tryptamine,inhalation,inhalation | oral,inhalation | oral,yes,yes,,DiPT的致幻效应被认为主要来自其作为5-HT₂A受体的效能。DiPT还在多巴胺受体、肾上腺素受体以及血清素、多巴胺和去甲肾上腺素转运位点显示出显著结合亲和力。然而，这些相互作用的作用及其如何产生致幻体验仍需持续科学研究。,Auditory distortion | Auditory enhancement | Auditory hallucinations | Depersonalization | Drifting | Inner ear pressure | Motor control loss | Stomach bloating | Thought suppression,https://erowid.org/library/books_online/tihkal/tihkal04.shtml,half_life_minutes
Disulfiram,,Antabuse | Tetraethylthiuram disulfide,Other,medical_rx,ALDH-inhibitor | AUD-treatment | aversive-conditioning | prescription-only,oral,oral,oral,yes,no,10080.0,,,https://en.wikipedia.org/wiki/Disulfiram,"duration_by_route, mechanism_of_action"
Divinatorin A,,,Dysdelic,recreational,KOR-inactive-or-near-inactive | no-human-data | research-chemical | salvinorin,,,,no,no,,,,"Divinatorins A−C, New Neoclerodane Diterpenoids from the Controlled Sage <i>Salvia </i><i>d</i><i>ivinorum</i>","dose_ranges_by_route, duration_by_route, half_life_minutes, mechanism_of_action"
Divinatorin B,,,Dysdelic,recreational,KOR-inactive-or-near-inactive | no-human-data | research-chemical | salvinorin,,,,no,no,,,,"Divinatorins A−C, New Neoclerodane Diterpenoids from the Controlled Sage <i>Salvia </i><i>d</i><i>ivinorum</i>","dose_ranges_by_route, duration_by_route, half_life_minutes, mechanism_of_action"
Dizocilpine,,CID 180081 | MK-801 | mk801,Dissociative,recreational,Olney-lesion-positive | duplicate-of-Dizocilpine | habit-forming | high-affinity-NMDA-blocker | research-chemical | research-tool-only | tentative | trapping-blocker,insufflation,insufflation | intramuscular | oral | rectal | sublingual,insufflation | intramuscular | oral | rectal | sublingual,yes,yes,,"Glutamatergic (NMDA receptor)
MK-801 (dizocilpine) is a high-potency non-competitive NMDA receptor antagonist that enters the ion channel of the NMDA receptor and binds within it in the open-channel state, thereby blocking Ca²⁺ and Na⁺ influx. Its affinity is extremely high (Ki in the low nanomolar range), substantially greater than that of most other NMDA antagonists. Due to its high potency and slow dissociation kinetics, MK-801 produces prolonged NMDA receptor blockade and is therefore widely used in experimental neuroscience to study excitotoxicity, synaptic plasticity, and schizophrenia models.

Dopaminergic (dopamine system)
MK-801 is not itself a direct agonist or antagonist at dopamine receptors, but NMDA receptor blockade indirectly enhances activity in the mesolimbic dopamine system, particularly in the striatum and nucleus accumbens. This effect increases dopamine release and is thought to be associated with the psychosis-like behavior and motor excitation induced by MK-801.

Cholinergic (nicotinic acetylcholine receptors)
At higher concentrations MK-801 can weakly and non-competitively block certain nicotinic acetylcholine receptors (nAChRs), though its affinity is substantially lower than at NMDA receptors and this action is generally considered to contribute little to its principal pharmacological effects.

Sigma (σ receptors)
MK-801 binds to sigma receptors, particularly the σ1 receptor site, though with lower affinity than typical sigma ligands. The functional significance of this interaction is not fully understood and is generally not considered to constitute the primary mechanism of action, though it may contribute to some degree to its neurobehavioral effects.",,,"half_life_minutes, references"
DL-Phenylalanine,,DL-Phe | DLPA | F | L-Phe | PHE | Phenylalanine,Supplement,recreational,OTC | amino-acid | catecholamine-precursor | dopamine-precursor | no-human-data | opioid-modulator | phenethylamine | supplement,oral,oral,oral,yes,yes,165.0,,,https://en.wikipedia.org/wiki/Phenylalanine | https://examine.com/supplements/dl-phenylalanine/,mechanism_of_action
DMAA,,"1,3-DMAA | 1,3-dimethylamylamine | 1,3-二甲基戊胺 | Geranamine | methylhexanamine | 甲基己胺",Stimulant,recreational,NDRA | banned-FDA | habit-forming | research-chemical | supplement-stimulant,oral,oral,oral,yes,yes,,,,,"half_life_minutes, mechanism_of_action, references"
DMAE,,Deanol | Dimethylethanolamine,Nootropic,recreational,cholinergic | efficacy-questionable | miscategorised | nootropic | nootropic-supplement | supplement,oral,oral,oral,yes,no,,,,https://en.wikipedia.org/wiki/Dimethylethanolamine,"duration_by_route, half_life_minutes, mechanism_of_action"
DMCPA,,25D-CPA,Psychedelic,recreational,PIHKAL | no-human-data | phenethylamine,oral,oral,oral,yes,yes,,,,https://erowid.org/library/books_online/pihkal/pihkal056.shtml,"half_life_minutes, mechanism_of_action"
DME,,"3,4-dimethoxynorepinephrine | 3,4-dimethoxyphenylethanolamine",Psychedelic,recreational,PIHKAL | no-human-data | phenethylamine,,,,no,no,,,,https://erowid.org/library/books_online/pihkal/pihkal057.shtml,"dose_ranges_by_route, duration_by_route, half_life_minutes, mechanism_of_action"
DMHA,,"1,5-DMHA | 1,5-dimethylhexylamine | 2-aminoisoheptane | Amidrine | Octodrine | SK&F-51 | SKF-51 | Vaporpac",Stimulant,recreational,NDRA-aliphatic | supplement-stimulant,insufflation,insufflation | oral,insufflation | oral,yes,yes,,,,,"half_life_minutes, mechanism_of_action, references"
DMMDA,,,Psychedelic,recreational,PIHKAL | SNDRI | no-human-data | phenethylamine | psychedelic-leaning,oral,oral,oral,yes,yes,,,,https://erowid.org/library/books_online/pihkal/pihkal058.shtml,"half_life_minutes, mechanism_of_action"
DMMDA-2,,,Psychedelic,recreational,PIHKAL | SNDRI | no-human-data | phenethylamine,oral,oral,oral,yes,no,,,,https://erowid.org/library/books_online/pihkal/pihkal059.shtml,"duration_by_route, half_life_minutes, mechanism_of_action"
DMNPC,,,Stimulant,recreational,designer-drug | high-abuse-potential | no-human-data | research-chemical,,,,no,no,,"Potent triple monoamine reuptake inhibitor (dopamine, norepinephrine and serotonin); ~2.5× cocaine potency at DAT. Piperidine-based phenyltropane/nocaine-related stimulant.",,"https://en.wikipedia.org/wiki/N,O-Dimethyl-4-(2-naphthyl)piperidine-3-carboxylate","dose_ranges_by_route, duration_by_route, half_life_minutes"
DMPEA,,,Psychedelic,recreational,PIHKAL | phenethylamine,,,,no,no,,,,https://erowid.org/library/books_online/pihkal/pihkal060.shtml,"dose_ranges_by_route, duration_by_route, half_life_minutes, mechanism_of_action"
DMT,,"Dimethyltryptamine | Dimitri | Dmitry | Indolalkylamine der | Mimitryp | N,N-DMT | N,N-Dimethyltryptamine | N,N-dimetiltriptamina | N,N-二甲基色胺 | The Glory | The Spirit Molecule | 二甲基色胺",Psychedelic,recreational,5-HT2A-agonist | DMT-salt-form | MAO-A-substrate | TIHKAL | class:substituted tryptamines | no-human-data | no-tolerance | sigma1-agonist-endogenous | tryptamine,inhalation,inhalation | insufflation | intravenous | oral,inhalation | insufflation | intravenous | oral,yes,yes,12.0,Serotonin 5-HT2A Agonist and Sigma-1 Receptor Agonist,"Acuity enhancement | After images | Analysis enhancement | Auditory distortion | Auditory enhancement | Auditory hallucinations | Autonomous entities | Changes in gravity | Colour enhancement | Colour replacement | Colour shifting | Drifting | Emotion enhancement | Exposure to inner mechanics of consciousness | External hallucinations | Feelings of impending doom | Geometry | Internal hallucinations | Machinescapes | Memory suppression | Mindfulness | Novelty enhancement | Pattern recognition enhancement | Personal bias suppression | Perspective alterations | Physical euphoria | Pupil dilation | Recursion | Rejuvenation | Scenarios and plots | Scenery slicing | Settings, sceneries, and landscapes | Spirituality enhancement | Spontaneous tactile sensations | Subconscious communication | Symmetrical texture repetition | Temperature regulation suppression | Tracers | Transformations | Unity and interconnectedness","https://erowid.org/library/books_online/tihkal/tihkal06.shtml | Clinical Pharmacokinetics of N,N-Dimethyltryptamine (DMT): A Systematic Review and Post-hoc Analysis",
DMXE,,3-Me-2'-oxo-PCE | 3D-MXE | Deoxymethoxetamine | 脱氧甲氧基氯胺酮,Dissociative,recreational,NMDA-antagonist | arylcyclohexylamine | class:arylcyclohexylamine | designer-dissociative | duplicate-of-DMXE | research-chemical,insufflation,insufflation | oral,insufflation | oral,yes,yes,,"DMXE acts as a non-competitive NMDA receptor antagonist. NMDA receptors (N-methyl-D-aspartate receptors) are a specific type of glutamate receptor responsible for regulating the transmission of electrical signals between neurons in the brain and spinal cord; signals can only pass through when the receptor is in an open state.

The IC50 of the substance is 0.679 mM, indicating significant potency. DMXE and its related compounds bind at the phencyclidine (PCP) site of the NMDAR, as determined by computational docking studies. This binding is associated with the observed antagonistic activity, including blockade of NMDA-induced inward currents in a dose-dependent manner. DMXE displays high affinity and potent inhibitory activity comparable to other MXE analogues such as MXiPr and O-desmethyl MXE. Additionally, DMXE significantly reduces excitatory postsynaptic currents (EPSCs) evoked in the presence of NMDA.

Dissociatives suppress the normal function of NMDA receptors by binding to and blocking them. This disruption of neural network activity leads to a loss of normal cognitive and emotional processing, psychomotor dysfunction, anesthesia, and ultimately a state analogous to a ""K-hole.""",,,"half_life_minutes, references"
DOAM,,,Psychedelic,recreational,PIHKAL | phenethylamine,,,,no,no,,,,https://erowid.org/library/books_online/pihkal/pihkal061.shtml,"dose_ranges_by_route, duration_by_route, half_life_minutes, mechanism_of_action"
DOB,,"4-溴-2,5-二甲氧基苯丙胺 | Brolamfetamine | Brolamphetamine | Bromo-DMA",Psychedelic,recreational,5-HT2A-agonist | DOx | PIHKAL | class:substituted amphetamines | phenethylamine | research-chemical,oral,oral,oral,yes,yes,,"DOB 的致幻效果被认为来自它作为部分激动剂在 血清素受体家族中的效力。DOB 似乎对 5-HT2 受体具有相当的选择性，在研究 5-HT 受体亚家族时经常用于科学研究。有人建议 DOB 是一种在肺部代谢的前体药物。然而，这些相互作用的作用以及它们如何导致致幻体验仍不清楚喵。

过高剂量的这种致幻剂可能会导致弥漫性动脉痉挛。血管痉挛对动脉内和静脉内血管扩张剂（如妥拉唑林）反应良好。",,https://erowid.org/library/books_online/pihkal/pihkal062.shtml,half_life_minutes
DOBU,,,Psychedelic,recreational,5-HT2A-agonist | DOx | PIHKAL | no-human-data | phenethylamine,,,,no,no,,,,https://erowid.org/library/books_online/pihkal/pihkal063.shtml,"dose_ranges_by_route, duration_by_route, half_life_minutes, mechanism_of_action"
DOC,,"2,5-二甲氧基-4-氯苯丙胺",Psychedelic,recreational,5-HT2A-agonist | DOx | PIHKAL | class:substituted amphetamines | phenethylamine | research-chemical,insufflation,insufflation | oral,insufflation | oral,yes,yes,,"更多信息请看这里：血清素能迷幻剂

DOC是5-HT2A、5-HT2B和5-HT2C受体的部分激动剂，具有选择性。它的迷幻效果主要是通过作用于5-HT2A受体产生的喵。

大家认为DOC的迷幻效果源于它作为部分激动剂在5-HT2A受体上的功效。不过，这些相互作用究竟是如何导致迷幻体验的，目前还像个谜一样呢。",,https://erowid.org/library/books_online/pihkal/pihkal064.shtml,half_life_minutes
DOEF,,,Psychedelic,recreational,PIHKAL | phenethylamine,oral,oral,oral,yes,yes,,,,https://erowid.org/library/books_online/pihkal/pihkal065.shtml,"half_life_minutes, mechanism_of_action"
DOET,,DOE | HECATE,Psychedelic,recreational,PIHKAL | phenethylamine | research-chemical | tentative,oral,oral,oral,yes,yes,,,,https://erowid.org/library/books_online/pihkal/pihkal066.shtml,"half_life_minutes, mechanism_of_action"
DOI,,"2,5-二甲氧基-4-碘苯丙胺",Psychedelic,recreational,5-HT2A-agonist | DOx | PIHKAL | class:substituted amphetamines | phenethylamine | radioligand-origin | research-chemical,oral,oral,oral,yes,yes,,"更多信息：血清素能迷幻剂

DOI 的迷幻效应被认为源于它对 5-HT2A、5-HT2B 和 5-HT2C受体的激动剂效能喵。然而，这些相互作用的具体角色以及它们如何导致迷幻体验，仍然是目前科学研究的主题呢。

除了作为迷幻剂的作用外，细胞研究显示 DOI 在皮摩尔浓度下是肿瘤坏死因子-α（TNF-α）炎症的极强抑制剂。TNF-α 是研究类风湿性关节炎和阿尔茨海默病等退行性疾病的重要靶点，这些疾病的病理过程涉及慢性炎症导致的组织损伤。这可能使 DOI 和其他 5-HT2A 激动剂成为开发这些疾病新型治疗方法的一个全新领域喵。

DOI 还被证明能诱导树突状棘和与其他神经元的突触连接快速生长和重组，这些过程被认为是神经塑料性的基础哦。

一项研究表明，DOI、DMT、LSD 和去甲伊博格碱（伊博格碱的代谢产物）在体内和体外都能促进神经突触生成喵。",,https://erowid.org/library/books_online/pihkal/pihkal067.shtml,half_life_minutes
Doip,,,Psychedelic,recreational,5-HT2A-agonist | DOx | phenethylamine | radioligand-origin | research-chemical | tentative,oral,oral,,no,yes,,,,,"dose_ranges_by_route, half_life_minutes, mechanism_of_action, references"
DOM,,"2,5-二甲氧基-4-甲基苯丙胺 | STP",Psychedelic,recreational,5-HT2A-agonist | DOx | PIHKAL | class:substituted amphetamines | phenethylamine | research-chemical,oral,oral,oral,yes,yes,,"更多信息：血清素能迷幻剂

DOM 是 5-HT2 受体家族的选择性部分激动剂。其迷幻效应由其在 5-HT2A 和 5-HT2B 受体上的激动特性介导，但在 5-HT2C 受体上较少。由于其选择性，DOM 经常在科学研究中用于研究 5-HT2 受体亚家族。DOM 是一个手性分子，R-(-)-DOM 是更活跃的对映异构体，作为血清素受体家族（主要是 5-HT2 亚型）的强效激动剂发挥作用。[[6]](#cite_note-6) 然而，这些相互作用的作用以及它们如何导致迷幻体验仍然难以捉摸。

DOM 的 2,6-二甲氧基位置异构体，称为 Ψ-DOM，在 PiHKAL 中也被提及为具有活性，其 α-乙基同系物 Ariadne 也是如此。作为识别 DOM 在 5-HT2A 受体上的结合模式的努力的一部分，芳香环 2,5- 位上的甲氧基被改变的类似物也已被合成和测试。2- 和 5- O-去甲基衍生物 2-DM-DOM 和 5-DM-DOM，以及 2- 和 5- 乙基类似物 2-Et-DOM 和 5-Et-DOM 都已被测试，但在所有情况下，其效力都明显低于相应的甲氧基化合物，表明氧孤对电子在 5-HT2A 结合中的重要性。[[7]](#cite_note-7)

有强烈的暗示表明肺部发生了一些代谢转化，只有在此之后，真正的活性代谢物才能用于中枢作用。这与相对缓慢的起效和非常长的作用持续时间相一致。[[4]](#cite_note-:0-4)",,https://erowid.org/library/books_online/pihkal/pihkal068.shtml,half_life_minutes
DON,,,Psychedelic,recreational,PIHKAL | phenethylamine | research-chemical | tentative,oral,oral,oral,yes,yes,,,,https://erowid.org/library/books_online/pihkal/pihkal070.shtml,"half_life_minutes, mechanism_of_action"
DOPR,,,Psychedelic,recreational,PIHKAL | phenethylamine | research-chemical | tentative,oral,oral,oral,yes,yes,,,,https://erowid.org/library/books_online/pihkal/pihkal071.shtml,"half_life_minutes, mechanism_of_action"
Doxepin,,Adapin | Silenor | Sinequan,Antidepressant,medical_rx,QTc-prolongation-risk | TCA | anticholinergic | antidepressant | overdose-risk | prescription-only,,,,no,no,1020.0,,,https://www.accessdata.fda.gov/drugsatfda_docs/label/2010/022036lbl.pdf | https://en.wikipedia.org/wiki/Doxepin,"dose_ranges_by_route, duration_by_route, mechanism_of_action"
Doxylamine,,Bonjesta | Diclegis | NyQuil | Unisom SleepTabs,Deliriant,recreational,5-HT2A-agonist | DOx | H1-antagonist | OTC | anticholinergic | antiemetic | antihistamine | deliriant | first-gen-antihistamine | phenethylamine | sedating | sleep-aid,oral,oral,oral,yes,yes,630.0,,,https://www.accessdata.fda.gov/drugsatfda_docs/label/2013/021876s004lbl.pdf | https://en.wikipedia.org/wiki/Doxylamine | The pharmacokinetics of doxylamine: use of automated gas chromatography with nitrogen-phosphorus detection,mechanism_of_action
DPP-26,,DPP26 | IC-26/dipipanone hybrid | dipipanone-sulfone analogue,,recreational,,insufflation,insufflation | oral,insufflation | oral,yes,yes,,,,,"half_life_minutes, mechanism_of_action, references"
DPT,,"Dipropyltryptamine | N | N,N-DPT | N,N-dipropyltryptamine | N-Dipropyltryptamine | N-二丙基色胺 | The Light",Psychedelic,recreational,TIHKAL | class:Tryptamine | class:substituted tryptamines | research-chemical | tryptamine,inhalation,inhalation | insufflation | intramuscular | oral,inhalation | insufflation | intramuscular | oral,yes,yes,,"更多信息：血清素能致幻剂

对啮齿动物的研究发现，选择性 5-HT2A 受体拮抗剂能有效阻断该化合物的行为作用，这强烈暗示 5-HT2A 受体是 DPT 的重要作用位点，但 5-HT1A 受体拮抗剂的调节作用也意味着 DPT 的作用中有 5-HT1A 介导的成分。[[5]](#参考文献) 这些相互作用的角色以及它们如何导致致幻体验，仍然是正在进行的科学研究的主题呢。","Acuity enhancement | After images | Autonomous entities | Changes in gravity | Colour enhancement | Colour replacement | Colour shifting | Drifting | Emotion enhancement | Geometry | Headaches | Internal hallucinations | Machinescapes | Memory suppression | Motor control loss | Muscle spasms | Nausea | Novelty enhancement | Pattern recognition enhancement | Personal bias suppression | Perspective alterations | Physical euphoria | Recursion | Rejuvenation | Scenarios and plots | Scenery slicing | Settings, sceneries, and landscapes | Spontaneous tactile sensations | Subconscious communication | Symmetrical texture repetition | Tracers | Transformations | Unity and interconnectedness | Wakefulness",https://erowid.org/library/books_online/tihkal/tihkal09.shtml,half_life_minutes
Dronabinol,,Marinol | Syndros | Synthetic THC,Cannabinoid,recreational,CB1-partial-agonist | CB2-agonist | FDA-approved | US-Schedule-III | antiemetic | cannabinoid | prescription-only | psychoactive,oral,oral,oral,yes,yes,1800.0,,,https://www.accessdata.fda.gov/drugsatfda_docs/label/2017/018651s029lbl.pdf | https://en.wikipedia.org/wiki/Dronabinol,mechanism_of_action
Droperidol,,Inapsine,Gastrointestinal,medical_rx,D2-antagonist | EPS-risk | QT-prolonging | antiemetic | butyrophenone | dopamine-antagonist | prescription-only | sedating,intravenous,intravenous,intravenous,yes,yes,120.0,,,https://en.wikipedia.org/wiki/Droperidol,mechanism_of_action
DSIP,,Delta Sleep-Inducing Peptide | delta sleep peptide,Peptide,medical_rx,anxiolytic | grey-market | peptide | sleep-peptide,subcutaneous,subcutaneous,subcutaneous,yes,yes,4.0,,,Reaction of clinical isolates and typed strains of the family Bacteroidaceae with rabbit anti-Bacteroides sera examined by radial immunodiffusion | https://en.wikipedia.org/wiki/Delta_sleep-inducing_peptide,mechanism_of_action
Dulaglutide,,Trulicity,Peptide,medical_rx,GLP-1-agonist | anti-diabetic | peptide | prescription-only,subcutaneous,subcutaneous,subcutaneous,yes,no,7200.0,,,https://www.accessdata.fda.gov/drugsatfda_docs/label/2020/125469s030lbl.pdf | https://en.wikipedia.org/wiki/Dulaglutide,mechanism_of_action
Duloxetine,,Cymbalta | Irenka,Antidepressant,medical_rx,SNRI | antidepressant | hepatotoxicity-risk | prescription-only | serotonin-syndrome-risk,,,,no,no,720.0,,,https://www.accessdata.fda.gov/drugsatfda_docs/label/2014/021427s045lbl.pdf | https://en.wikipedia.org/wiki/Duloxetine,"dose_ranges_by_route, duration_by_route, mechanism_of_action"
DXM Polistirex,,DXM Poli | DXM extended-release | DXM polistirex ER | Delsym | Dextromethorphan polistirex,Dissociative,recreational,ion-exchange-resin,oral,oral,oral,yes,yes,,,,,"half_life_minutes, mechanism_of_action, references"
Dxme,,,Dissociative,recreational,habit-forming | research-chemical | unidentified-RC,oral,oral,oral,yes,yes,,,,,"half_life_minutes, mechanism_of_action, references"
E; ESCALINE,,,Psychedelic,recreational,PIHKAL | phenethylamine,oral,oral,oral,yes,yes,,,,https://erowid.org/library/books_online/pihkal/pihkal072.shtml,"half_life_minutes, mechanism_of_action"
EA-3167,,EA 3167 | Edgewood Agent EA-3167 | Quinuclidinyl phenylcyclopentyl glycolate,Deliriant,recreational,,intramuscular,intramuscular,intramuscular,yes,yes,,,,,"half_life_minutes, mechanism_of_action, references"
Echinopsis lageniformis,,玻利维亚火炬仙人掌,,medical_rx,,,,,no,no,,,,,"dose_ranges_by_route, duration_by_route, half_life_minutes, mechanism_of_action, references"
Echinopsis pachanoi,,圣佩德罗仙人掌,,medical_rx,,,,,no,no,,,,,"dose_ranges_by_route, duration_by_route, half_life_minutes, mechanism_of_action, references"
EDMC,,"3,4-EDMC | 4-EDMC | 4-Ethylenedioxymethcathinone | ED-MC | βk-EDMA",Stimulant,recreational,SNDRA-predicted,insufflation,insufflation | oral | rectal,insufflation | oral | rectal,yes,yes,,,,,"half_life_minutes, mechanism_of_action, references"
Efavirenz,,Sustiva | 依非韦仑,Psychedelic,recreational,class:benzoxazine,inhalation,inhalation,inhalation,yes,yes,,,,,"half_life_minutes, mechanism_of_action, references"
EIPT,,ethylisopropyltryptamine,Psychedelic,recreational,TIHKAL | tryptamine,oral,oral,oral,yes,yes,,,,https://erowid.org/library/books_online/tihkal/tihkal10.shtml,"half_life_minutes, mechanism_of_action"
Eletriptan,,Relpax,Other,medical_rx,5HT1B-agonist | antimigraine | prescription-only | serotonin-agonist | triptan,oral,oral,oral,yes,yes,270.0,,,https://en.wikipedia.org/wiki/Eletriptan,mechanism_of_action
Eloralintide,,LY3841136,Peptide,medical_rx,amylin-agonist | no-human-data | peptide,subcutaneous,subcutaneous,,no,no,,Long-acting selective amylin (calcitonin/amylin) receptor agonist.,,https://clinicaltrials.gov/search?term=LY3841136 | Lilly pipeline (LY3841136) | ClinicalTrials.gov,half_life_minutes
EMM,,,Psychedelic,recreational,PIHKAL | no-human-data | phenethylamine,,,,no,no,,,,https://erowid.org/library/books_online/pihkal/pihkal076.shtml,"dose_ranges_by_route, duration_by_route, half_life_minutes, mechanism_of_action"
Emylcamate,,Striatal | Striatran,Depressant,recreational,carbamate | depressant | discontinued | historical,oral,oral,oral,yes,no,,Carbamate sedative-hypnotic; meprobamate-like GABAergic/barbiturate-like CNS depression with fast onset (carbamate chemical class). Mechanism incompletely characterized by modern GABA-A pharmacology.,sedation | muscle relaxation,J Med Chem 1959 | https://drugs.ncats.io/drug/KCJ747D3R4,"duration_by_route, half_life_minutes"
Encenicline,,EVP-6124 | MT-4666,Nootropic,recreational,GI-safety-signal | alpha7-nAChR-agonist | alpha7-partial-agonist | failed-phase-3 | investigational | nootropic | research-chemical,,,,no,no,,,,https://en.wikipedia.org/wiki/Encenicline,"dose_ranges_by_route, duration_by_route, half_life_minutes, mechanism_of_action"
Enclomiphene,,Androxal | Enclomifene | trans-Clomiphene,Endocrine,medical_rx,research-chemical | wada-prohibited,oral,oral,,no,no,600.0,SERM; ER antagonist at hypothalamus/pituitary → disinhibition of LH/FSH secretion → increased endogenous testosterone.,,Wiehle 2013 BJU Int,
Ephedrine,,Efedrina | Ephedra | Ma huang | racemic ephedrine,Stimulant,recreational,class:amphetamine | habit-forming | indirect-sympathomimetic | no-human-data | phenethylamine,insufflation,insufflation | oral,insufflation | oral,yes,yes,360.0,,,https://www.ncbi.nlm.nih.gov/books/NBK547661/,mechanism_of_action
Ephenidine,,"1,2-DP-E | 2-DP-E | DPD-E | EPE | NEDPA | 依芬尼丁 | 依芬尼定 | 依芬尼定（Ephenidine）",Dissociative,recreational,"DAT-active | NMDA-antagonist | class:1,2-Diarylethylamine | class:diarylethylamines | diarylethylamine | habit-forming | mid-affinity-NMDA-blocker | research-chemical | tentative",insufflation,insufflation | oral | rectal,insufflation | oral | rectal,yes,yes,,"更多信息请参见：NMDA 受体拮抗剂

依芬尼定作为 NMDA 受体 的拮抗剂起作用（Ki = 66.4 nM）。     NMDA（N-甲基-D-天冬氨酸）受体是谷氨酸的主要受体亚型之一，而谷氨酸是中枢神经系统（CNS）中主要的兴奋性神经递质。当 NMDA 通道被阻断时，会导致感觉丧失（麻醉）、移动困难（固定），在较高剂量下，会产生相当于「K-hole」的效果。

依芬尼定对多巴胺和去甲肾上腺素转运蛋白也具有较弱的亲和力（分别为 379 nM 和 841 nM），并能结合 σ1 受体（629 nM）和 σ2 受体（722 nM）位点。","Acuity suppression | Amnesia | Analysis enhancement | Anxiety suppression | Auditory distortion | Auditory enhancement | Auditory hallucinations | Auditory suppression | Autonomous entities | Cognitive euphoria | Compulsive redosing | Conceptual thinking | Consciousness disconnection | Depersonalization | Derealization | Disinhibition | Double vision | Drifting | Déjà vu | Ego inflation | Frame rate suppression | Geometry | Increased heart rate | Information processing suppression | Internal hallucinations | Memory suppression | Motivation enhancement | Motor control loss | Pain relief | Pattern recognition suppression | Perception of decreased weight | Perspective alterations | Perspective distortions | Physical autonomy | Scenarios and plots | Scenery slicing | Settings, sceneries, and landscapes | Spontaneous tactile sensations | Stimulation | Tactile disconnection | Tactile suppression | Thought acceleration | Thought deceleration | Time distortion | Unity and interconnectedness | Visual disconnection",,"half_life_minutes, references"
Ephylone,,bk-EBDP | bk-ethyl-K | βk-EBDP,Empathogen,recreational,class:cathinone,oral,oral,oral,yes,yes,,,,,"half_life_minutes, mechanism_of_action, references"
Epidiolex,,Cannabidiol oral solution | GWP42003-P | Plant-derived CBD,Anticonvulsant,medical_rx,FDA-approved | US-Schedule-V | anticonvulsant | cannabinoid | non-intoxicating | phytocannabinoid | prescription-only | therapeutic,,,,no,no,1800.0,,,https://www.accessdata.fda.gov/drugsatfda_docs/label/2020/210365s006lbl.pdf | https://en.wikipedia.org/wiki/Epidiolex,"dose_ranges_by_route, duration_by_route, mechanism_of_action"
Epitalon,,Ala-Glu-Asp-Gly | Epithalon | Epithalone | Tetrapeptide-5,Peptide,medical_rx,anti-aging | grey-market | longevity-research | peptide | telomerase-activator,subcutaneous,subcutaneous,,no,no,30.0,,,https://en.wikipedia.org/wiki/Epitalon,mechanism_of_action
EPT,,"ethylpropyltryptamine | n,n-ethylpropyltryptamine",Psychedelic,recreational,class:substituted tryptamines | research-chemical | tentative,insufflation,insufflation | oral,insufflation | oral,yes,yes,,,,,"half_life_minutes, mechanism_of_action, references"
Escaline,,艾斯卡林 | 艾斯卡林d,Psychedelic,recreational,class:substituted phenethylamines | research-chemical,oral,oral,oral,yes,yes,,"Escaline is known to possess agonist activity at the serotonin 5-HT2A receptor approximately 5–8 times more potent than that of mescaline. The effects of this compound are believed to derive from its activity as a partial agonist at 5-HT2 receptors. However, the precise mechanism by which these interactions produce the psychedelic experience remains poorly understood.","Acuity enhancement | After images | Auditory distortion | Auditory enhancement | Auditory hallucinations | Autonomous entities | Bodily control enhancement | Colour enhancement | Colour shifting | Conceptual thinking | Delusions | Drifting | Déjà vu | Emotion enhancement | External hallucinations | Geometry | Immersion enhancement | Increased heart rate | Internal hallucinations | Memory suppression | Muscle spasms | Nausea | Novelty enhancement | Pattern recognition enhancement | Personal bias suppression | Perspective alterations | Pupil dilation | Scenarios and plots | Scenery slicing | Settings, sceneries, and landscapes | Spontaneous tactile sensations | Stimulation | Symmetrical texture repetition | Tactile enhancement | Thought acceleration | Thought disorganization | Thought loops | Time distortion | Tracers | Transformations | Wakefulness",,"half_life_minutes, references"
Estazolam,,elprazolam | eurodin | prosom,Benzodiazepine,recreational,CYP3A4-substrate | GABAA-PAM | benzodiazepine | habit-forming | hypnotic | triazolobenzodiazepine,oral,oral,oral,yes,yes,,,,,"half_life_minutes, mechanism_of_action, references"
Estradiol,,17-BETA-estradiol | 17β-estradiol | Estradiol-17β | Oestradiol | beta-Estradiol | cis-Estradiol,Endocrine,medical_rx,class:Estrogenic steroid,intramuscular,intramuscular | oral | transdermal,intramuscular | oral | transdermal,yes,yes,,,,,"half_life_minutes, mechanism_of_action, references"
ETH-CAT,,Ethcathinone | Ethylpropion,Stimulant,recreational,class:cathinone,insufflation,insufflation | oral,insufflation | oral,yes,yes,,,,,"half_life_minutes, mechanism_of_action, references"
ETH-LAD,,N6-ethyl-norlysergic acid diethylamide | ethlad,Psychedelic,recreational,5-HT2A-partial-agonist | TIHKAL | class:lysergamides | research-chemical | tryptamine,oral,oral,oral,yes,yes,,,,https://erowid.org/library/books_online/tihkal/tihkal12.shtml,"half_life_minutes, mechanism_of_action"
Ethaqualone,,etaqualone,Depressant,recreational,habit-forming | quinazolinone | research-chemical,oral,oral,oral,yes,no,,,,,"duration_by_route, half_life_minutes, mechanism_of_action, references"
Ethketamine,,Ethylketamine | N-Ethylnorketamine | NEK | n-ethyl-norketamine,Dissociative,recreational,5-HT2-active | AMPA-active | NMDA-antagonist | arylcyclohexylamine | duplicate-of-Ethketamine | habit-forming | no-human-data | research-chemical,oral,oral,oral,yes,no,,,,"In Europe, an early, cold dawn for modern humans.","duration_by_route, half_life_minutes, mechanism_of_action"
ETHYL-J,,,Psychedelic,recreational,PIHKAL | phenethylamine,,,,no,no,,,,https://erowid.org/library/books_online/pihkal/pihkal077.shtml,"dose_ranges_by_route, duration_by_route, half_life_minutes, mechanism_of_action"
Ethylcathinone,,ETH-cat | Ethcathinone | N-Ethylcathinone | NEC | e-cat | 乙卡西酮,Psychedelic,recreational,DRI | amfepramone-active-metabolite | cathinone | habit-forming | research-chemical | substrate-releaser,insufflation,insufflation | oral,insufflation | oral,yes,yes,,"虽然 ETH-CAT 的效应还没有像传统的苯丙胺类或其他取代卡西酮（如甲卡西酮）那样得到正式的研究，但我们可以推测，像其他简单的取代卡西酮一样，它最可能主要作为一种多巴胺和去甲肾上腺素再摄取抑制剂起作用。[[4]](#cite_note-4) 然而，已经表明 ETH-CAT 是去甲肾上腺素转运体（NET）的选择性底物。[[5]](#cite_note-5)

这导致的结果是，通过结合并部分阻断通常从突触间隙清除这些神经递质的转运蛋白，大脑中儿茶酚胺类神经递质（如多巴胺和去甲肾上腺素）的水平有效增加。这使得多巴胺和去甲肾上腺素在大脑中与奖励、动力、满足和快乐相关的关键区域的突触间隙之间积累到超过内源性的水平。这种机制被认为是产生该物质的兴奋、动机增强和欣快效应的原因呢。",,,"half_life_minutes, references"
Ethylmorphine,,3-ethylmorphine | Codethyline | Dionine | 乙基吗啡,Opioid,recreational,CYP2D6-bioactivation | MOR-prodrug | class:substituted morphinans | codeine-analog | habit-forming,oral,oral,oral,yes,yes,,,Anxiety suppression | Cognitive euphoria | Compulsive redosing | Constipation | Cough suppression | Difficulty urinating | Itchiness | Nausea | Pain relief | Physical euphoria | Pupil constriction | Respiratory depression | Sedation | Stomach cramps,,"half_life_minutes, mechanism_of_action, references"
Ethylone,,MDEC | bk-MDEA,Stimulant,recreational,5-HT-shifted | MDMA-analog | cathinone | habit-forming | research-chemical | substrate-releaser,oral,oral,oral,yes,yes,,"MDEC是一种对血清素、去甲肾上腺素和多巴胺都起作用的混合型神经递质再摄取抑制剂/神经递质释放剂。这些都是负责愉悦、奖赏、动机和专注的神经递质。它的作用机制在于抑制这些神经递质在完成神经冲动传递后的再摄取与再吸收，从而让它们得以积累并再次被利用，进而产生身体上的刺激感与欣快感。

与甲酮隆相比，MDEC对血清素转运体的亲和力大约又低了 3 倍以上（而甲酮隆本身对血清素转运体的亲和力又比 MDMA 低 3 倍），而它对去甲肾上腺素与多巴胺转运体的亲和力则相近。相较于甲酮隆，这些药理学差异带来的结果是：MDEC在剂量层面上的效力更低，相对血清素能效应而言，它的儿茶酚胺能效应更为平衡，并且它的行为方式更像哌甲酯这类神经递质再摄取抑制剂，而不是像苯丙胺那样的释放剂；不过，MDEC依然保有相当明显的释放能力。",,https://en.wikipedia.org/wiki/Ethylone,half_life_minutes
Ethylphenidate,,EPH | d-threo-ethylphenidate,Stimulant,recreational,CES1-substrate | DAT-selective | class:substituted phenidates | habit-forming | research-chemical,oral,oral | rectal,oral | rectal,yes,yes,,"乙基哌醋甲酯既作为多巴胺再摄取抑制剂，也作为去甲肾上腺素再摄取抑制剂发挥作用，这意味着它通过结合并部分阻断通常从突触间隙移除这些单胺的转运蛋白，有效地提高大脑中去甲肾上腺素和多巴胺神经递质的水平。这使得多巴胺和去甲肾上腺素在大脑内积聚，从而产生兴奋和欣快的效果。

所有关于乙基哌醋甲酯药代动力学的可用数据都来自对啮齿动物的研究。研究发现，乙基哌醋甲酯对多巴胺转运体 (DAT) 的选择性高于哌甲酯，其功效与母体化合物大致相同，[[1]](#cite_note-1) 但对去甲肾上腺素转运体 (NET) 的活性明显较低。[[2]](#cite_note-Williard2007-2) 其多巴胺能药效学特征与哌甲酯几乎相同，这主要是导致其欣快和强化效应的原因。[[2]](#cite_note-Williard2007-2)

以下是乙基哌醋甲酯在小鼠中的结合特征，以及哌甲酯的结合特征。给出了外消旋和右旋对映异构体的数据：[[3]](#cite_note-3)

当酒精和哌甲酯共同摄入时，体内（在肝脏中）会形成乙基哌醋甲酯。[[4]](#cite_note-Markowitz2000-4) 这种情况最常见于同时摄入大量哌甲酯和酒精时，例如在非医疗用途或过量使用的情况下。[[5]](#cite_note-5) 已知当可卡因和酒精一起摄入时也会发生类似的过程，形成可卡乙烯。[[6]](#cite_note-6) 然而，只有百分之几的摄入哌甲酯会转化为乙基哌醋甲酯，所以永远不会产生具有可测量生理效应的药理学显著剂量哦。[[4]](#cite_note-Markowitz2000-4)[[2]](#cite_note-Williard2007-2)","Analysis enhancement | Anxiety | Appetite suppression | Cognitive euphoria | Cognitive fatigue | Dehydration | Depression | Empathy, love, and sociability enhancement | Focus enhancement | Increased heart rate | Irritability | Motivation enhancement | Stimulation | Teeth grinding | Thought acceleration | Thought deceleration | Vasoconstriction | Wakefulness",,"half_life_minutes, references"
Ethylpropyltryptamine,,EPT,Other,recreational,no-human-data | tryptamine,insufflation,insufflation,insufflation,yes,yes,,"更多信息：血清素致幻剂

与大多数致幻色胺一样，EPT 被认为主要起着 5-HT2A 部分激动剂的作用。致幻效果被认为来自 EPT 在 5-HT2A 受体上的结合功效。大多数血清素致幻色胺与血清素本身具有非常强的结构相似性，这部分解释了对某些 5-HT 位点的亲和力。几乎一致认为，大多数血清素致幻剂——如 EPT——通过作为 5-HT2A 受体的强部分激动剂产生其效果。",,,"half_life_minutes, references"
Etiracetam,,UCB-6474,Nootropic,recreational,(S)-enantiomer-active | SV2A-racemate | investigational | racetam | research-chemical | superseded-by-levetiracetam,,,,no,no,,,,https://en.wikipedia.org/wiki/Etiracetam,"dose_ranges_by_route, duration_by_route, half_life_minutes, mechanism_of_action"
Etizolam,,AHR-3219 | Arophalm | Capsafe | Depas | Dezolam | Eticalm | Etilaam | Etizest | Etizex | Etizola | Pasaden | Sedekopan | Y-7131 | etiz | inxity | lamet | towa | zoly | 依替唑仑,Benzodiazepine,recreational,CYP3A4-substrate | GABAA-PAM | active-metabolite | benzodiazepine | class:thienodiazepines | designer-benzo | habit-forming | prescription-some-countries | research-chemical | thienodiazepine | thienotriazolodiazepine,oral,oral | sublingual,oral | sublingual,yes,yes,204.0,噻吩二氮卓类物质通过结合 GABAA 受体复合物上的苯二氮卓结合位点产生各种效应，通过增加神经递质 γ-氨基丁酸 (GABA) 结合受体的能力，来增强其效能和效应。 这被称为正向变构调节。 由于该位点是大脑内最丰富的抑制性受体群，对其进行调节会导致依替唑仑对神经系统产生镇静（或镇静效果）。,Amnesia | Analysis suppression | Anxiety suppression | Cognitive euphoria | Compulsive redosing | Delusions | Disinhibition | Dizziness | Emotion suppression | Information processing suppression | Motor control loss | Muscle relaxation | Physical euphoria | Respiratory depression | Sedation | Temporary erectile dysfunction | Thought deceleration,https://en.wikipedia.org/wiki/Etizolam | Single and multiple dose pharmacokinetics of etizolam in healthy subjects,
Etodesnitazene,,Desnitroetonitazene | ETD | Etazene,Opioid,recreational,benzimidazole-opioid | duplicate-of-etodesnitazene | extreme-potency | fatalities-reported | fentanyl-stronger | mu-full-agonist | mu-opioid-agonist | naloxone-high-dose-required | nitazene | research-chemical,,,,no,no,,,,https://en.wikipedia.org/wiki/Etazene,"dose_ranges_by_route, duration_by_route, half_life_minutes, mechanism_of_action"
Etonitazene,,BA-20684 | Benzimidazole opioid; nitazene class | ETZ | IDS-NE-006 | NIH 7607,Opioid,recreational,US-Schedule-I | benzimidazole-opioid | extreme-potency | fatalities-reported | fentanyl-stronger | mu-full-agonist | naloxone-high-dose-required | nitazene | subnanomolar-Ki,insufflation,insufflation | oral,,no,yes,,,,https://en.wikipedia.org/wiki/Etonitazene,"dose_ranges_by_route, half_life_minutes, mechanism_of_action"
Etoxadrol,,CL-1848C | U-37862A,Dissociative,recreational,,intravenous,intravenous,intravenous,yes,no,,,,,"duration_by_route, half_life_minutes, mechanism_of_action, references"
Eutylone,,ED-DB | EDB | N-Ethylbutylone | bk-EBDB | β-keto-ethylbenzodioxolylbutanamine,Stimulant,recreational,DAT-preferring | MDMA-analog | cathinone | fatalities-mdma-substitution | fatalities-reported | research-chemical,insufflation,insufflation | oral,insufflation | oral,yes,yes,,,,https://en.wikipedia.org/wiki/Eutylone,"half_life_minutes, mechanism_of_action"
Exenatide,,Bydureon | Bydureon BCise | Byetta,Peptide,medical_rx,GLP-1-agonist | anti-diabetic | peptide | prescription-only,subcutaneous,subcutaneous,subcutaneous,yes,yes,144.0,,,https://www.accessdata.fda.gov/drugsatfda_docs/label/2012/022200lbl.pdf | https://en.wikipedia.org/wiki/Exenatide,mechanism_of_action
EXP-561,,,Stimulant,recreational,NDRI | bicyclic-amine | failed-clinical | investigational | research-chemical | triple-reuptake-inhibitor,,,,no,no,,,,,"dose_ranges_by_route, duration_by_route, half_life_minutes, mechanism_of_action, references"
F-2,,,Psychedelic,recreational,PIHKAL | phenethylamine,,,,no,no,,,,https://erowid.org/library/books_online/pihkal/pihkal079.shtml,"dose_ranges_by_route, duration_by_route, half_life_minutes, mechanism_of_action"
F-22,,,Psychedelic,recreational,PIHKAL | phenethylamine,,,,no,no,,,,https://erowid.org/library/books_online/pihkal/pihkal080.shtml,"dose_ranges_by_route, duration_by_route, half_life_minutes, mechanism_of_action"
Famotidine,,Pepcid | Pepcid AC | Zantac 360,Antihistamine,otc,H2-antagonist | OTC | acid-reducer | antihistamine | non-sedating,intravenous,intravenous | oral,intravenous | oral,yes,yes,165.0,,,https://www.accessdata.fda.gov/drugsatfda_docs/label/2004/019462s039lbl.pdf | https://en.wikipedia.org/wiki/Famotidine,mechanism_of_action
Fasoracetam,,LAM-105 | NS-105,Nootropic,recreational,GABA-B-agonist | mGluR-modulator | nootropic | racetam | research-chemical | tentative,oral,oral,oral,yes,yes,,,,https://en.wikipedia.org/wiki/Fasoracetam,"half_life_minutes, mechanism_of_action"
Fenethylline,,Amfetyline | Captagon | Ethyltheophylline-amphetamine codrug | Fenetylline | Fenetyllinum | amphetaminoethyltheophylline,Stimulant,recreational,amphetamine-theophylline-codrug | class:amphetamine | class:substituted amphetamines | class:xanthines | prodrug,insufflation,insufflation | oral,insufflation | oral,yes,yes,480.0,,,Fenethylline (Captagon) Abuse – Local Problems from an Old Drug Become Universal,mechanism_of_action
Fenfluramine,,Adifax | DL-fenfluramine | Fintepla | Ponderax | Pondimin | Rotondin,Empathogen,recreational,5-HT2B-via-metabolite | SERT-releaser | anticonvulsant-Dravet | valvulopathic,oral,oral,oral,yes,yes,1200.0,,,Pharmacokinetics of fenfluramine and norfenfluramine in volunteers given d- and dl-fenfluramine for 15 days,mechanism_of_action
Fentanyl,,Abstral | Actiq | Duragesic | Durogesic | Fentora | Haldid | Instanyl | Lazanda | Matrifen | Onsolis | Sublimaze | fent | fentanil | phentanyl | 吩坦尼 | 芬太尼,Opioid,recreational,CYP3A4-substrate | OPRM1-pharmacogenetic | class:Phenylpiperidine opioid | class:anilidopiperidine | class:substituted piperidines | habit-forming | mu-full-agonist | mu-opioid-agonist | naloxone-responsive | no-human-data | phenethylamine | wooden-chest-syndrome-risk,insufflation,insufflation | intravenous | oral | sublingual | transdermal,insufflation | intravenous | oral | sublingual | transdermal,yes,yes,210.0,"Fentanyl produces its recreational effects because opioids structurally mimic endogenous endorphins that occur naturally in the body and act on the μ-opioid receptor group. This mimicry produces physical euphoria, analgesia, and anxiety suppression, as endorphins are responsible for reducing pain, inducing sleep, and producing feelings of pleasure.

Fentanyl's extreme potency relative to morphine is primarily attributable to its high lipophilicity, which allows it to penetrate the central nervous system more readily than other opioids.",Anxiety suppression | Cognitive euphoria | Compulsive redosing | Constipation | Cough suppression | Difficulty urinating | Itchiness | Pain relief | Physical euphoria | Pupil constriction | Respiratory depression | Sedation,"Fentanyl Absorption, Distribution, Metabolism, and Excretion: Narrative Review and Clinical Significance Related to Illicitly Manufactured Fentanyl",
Fexofenadine,,Allegra | Fastofen | Telfast,Antihistamine,medical_rx,H1-antagonist | OTC | antihistamine | non-sedating | second-gen-antihistamine,,,,no,no,840.0,,,https://www.accessdata.fda.gov/drugsatfda_docs/label/2011/020872s032lbl.pdf | https://en.wikipedia.org/wiki/Fexofenadine,"dose_ranges_by_route, duration_by_route, mechanism_of_action"
Fladrafinil,,"Bisfluoroadrafinil | CRL-40,941 | CRL-40-941 | Fluorafinil | fluoromodafinil",Eugeroic,recreational,afinil | eugeroic | no-human-data | prodrug | research-chemical | tentative,oral,oral,oral,yes,yes,,,,https://en.wikipedia.org/wiki/Fladrafinil,"half_life_minutes, mechanism_of_action"
FLEA,,,Psychedelic,recreational,PIHKAL | phenethylamine,oral,oral,oral,yes,yes,,,,https://erowid.org/library/books_online/pihkal/pihkal081.shtml,"half_life_minutes, mechanism_of_action"
Flephedrone,,4-FMC | 4-Fluoromethcathinone | 4-氟甲卡西酮 | 4F-MCAT | 4fmc | CAS 7589-39-7 | fpephedrone,Stimulant,recreational,DA-selective | cathinone | habit-forming | research-chemical | substrate-releaser,insufflation,insufflation | oral,insufflation | oral,yes,yes,,"Given its chemical structure, flephedrone most likely acts as a releasing agent and reuptake inhibitor of the monoamine neurotransmitters dopamine, serotonin, and norepinephrine. The pharmacological profile of flephedrone is likely similar to that of mephedrone.",,https://en.wikipedia.org/wiki/Flephedrone,half_life_minutes
Flmodafinil,,"Bisfluoromodafinil | CRL-40,940 | CRL-40-940 | Flodafinil | Fluoromodafinil | Lauflumide | NLS-4 | 二氟莫达菲尼 | 二氟莫达非尼 | 氟代莫达非尼 | 氟莫达非尼 | 氟达非尼",Eugeroic,recreational,DAT-selective | afinil | atypical-DAT-inhibitor | eugeroic | no-human-data | research-chemical | tentative,insufflation,insufflation | oral | rectal | sublingual,insufflation | oral | rectal | sublingual,yes,yes,,Difluoromodafinil is a dopamine reuptake inhibitor. It has lower affinity for the DAT receptor than modafinil.,,https://en.wikipedia.org/wiki/Flmodafinil,half_life_minutes
Flualprazolam,,Flualp | 氟阿普唑仑,Benzodiazepine,recreational,CYP3A4-substrate | GABAA-PAM | US-Schedule-IV | benzodiazepine | class:benzodiazepines | designer-benzo | extreme-potency | fatalities-confirmed | fatalities-reported | habit-forming | research-chemical | tentative | triazolobenzodiazepine,oral,oral,oral,yes,yes,1080.0,"Flualprazolam can be described as the 2'-fluoro derivative of alprazolam, or as a fluoro-substituted (rather than chloro-substituted) analogue of triazolam, with similar sedative and anxiolytic properties.",,https://en.wikipedia.org/wiki/Flualprazolam,
Flubromazepam,,F-bromazepam | Fluorobromazepam | JYI-42 | iso-flubromazepam | 氟溴西泮,Benzodiazepine,recreational,CYP3A4-substrate | GABAA-PAM | benzodiazepine | class:Benzodiazepine | class:benzodiazepines | designer-benzo | habit-forming | long-half-life | research-chemical | very-long-half-life,oral,oral | sublingual,oral | sublingual,yes,yes,6360.0,"Flubromazepam has been shown to carry both risks and potential value in humans, as it may be used as an analgesic. Its muscle-relaxant properties allow it to provide pain relief. Although its precise pharmacological activity has not been formally established, available evidence suggests it has some anxiolytic, sedative, and muscle-relaxant potential.

Benzodiazepines produce their effects by binding to the benzodiazepine receptor site and acting on receptors to amplify the efficiency and effects of the neurotransmitter gamma-aminobutyric acid (GABA). Because this site represents the most abundant inhibitory receptor set in the brain, its modulation results in the sedating (or depressant) effect of flubromazepam on the nervous system.

The anticonvulsant properties of benzodiazepines may be attributable in part or in full to binding at voltage-dependent sodium channels rather than at the benzodiazepine receptor.",Amnesia | Analysis suppression | Anxiety suppression | Compulsive redosing | Delusions | Disinhibition | Dizziness | Emotion suppression | Information processing suppression | Motor control loss | Muscle relaxation | Respiratory depression | Sedation | Thought deceleration,https://en.wikipedia.org/wiki/Flubromazepam,
Flubromazolam,,FBZ | f-lam | flam,Benzodiazepine,recreational,CYP3A4-substrate | GABAA-PAM | benzodiazepine | class:benzodiazepines | designer-benzo | extreme-potency | fatalities-confirmed | fatalities-reported | habit-forming | research-chemical | triazolobenzodiazepine,oral,oral,oral,yes,yes,1800.0,,Amnesia | Analysis suppression | Anxiety suppression | Compulsive redosing | Delusions | Disinhibition | Dizziness | Emotion suppression | Information processing suppression | Motor control loss | Muscle relaxation | Respiratory depression | Sedation | Thought deceleration,https://en.wikipedia.org/wiki/Flubromazolam,mechanism_of_action
Flubrotizolam,,"Flurotizolam | LS-152,574",Benzodiazepine,recreational,class:Thienotriazolodiazepine | research-chemical | thienotriazolodiazepine,oral,oral | sublingual,oral | sublingual,yes,yes,,,,,"half_life_minutes, mechanism_of_action, references"
Fluclotizolam,,fluclo | 氟氯替唑仑,Benzodiazepine,recreational,GABAA-PAM | benzodiazepine | designer-benzo | habit-forming | research-chemical | tentative | thienotriazolodiazepine,insufflation,insufflation | oral | rectal | sublingual,insufflation | oral | rectal | sublingual,yes,yes,,,,,"half_life_minutes, mechanism_of_action, references"
Fluconazole,,Diflucan | FLZ | Fluconazol | Fluconazole sodium | Fluconazolum,,recreational,class:Triazole antifungal,intravenous,intravenous | oral,intravenous | oral,yes,no,,,,,"duration_by_route, half_life_minutes, mechanism_of_action, references"
Fluetizolam,,Flu-E,Benzodiazepine,recreational,class:Thienotriazolodiazepine | designer-benzo | thienotriazolodiazepine,oral,oral | sublingual,oral | sublingual,yes,yes,,,,,"half_life_minutes, mechanism_of_action, references"
Flumazenil,,氟马西尼,,medical_rx,,intravenous,intravenous,intravenous,yes,no,,"Flumazenil is an imidazobenzodiazepine derivative that antagonizes the central nervous system effects of benzodiazepines. It competitively inhibits activity at the benzodiazepine recognition site on the GABA/benzodiazepine receptor complex. It also exhibits weak partial agonist activity at GABA receptor complexes containing α6 subunits; the clinical relevance of this is not known.

Flumazenil does not antagonize all central nervous system effects of drugs (including ethanol, barbiturates, and most general anesthetics) that affect GABAergic neurons through mechanisms other than the benzodiazepine receptor, nor does it antagonize the effects of opioids. However, it does antagonize the effects of non-benzodiazepine Z-drugs such as zolpidem and zopiclone, because these act through the benzodiazepine site on GABA receptors — and it has been used successfully to treat Z-drug overdose.

Intravenous flumazenil has been shown to antagonize benzodiazepine-induced sedation, memory impairment, psychomotor impairment, and ventilatory depression in healthy human volunteers. The degree and duration of reversal of benzodiazepine sedation are related to the dose and plasma concentration of flumazenil.

Flumazenil is marketed worldwide under several brand names, including Anexate, Lanexat, Mazicon, and Romazicon. In India, it is manufactured by Roche Bangladesh Pharmaceuticals and USAN Pharmaceuticals.

Low-dose, slow subcutaneous administration of flumazenil is a safe procedure for patients withdrawing from long-term, high-dose benzodiazepine dependence. The risk of seizures is low even in those who have experienced convulsions during previous attempts to withdraw from benzodiazepines.",,,"duration_by_route, half_life_minutes, references"
Fluminorex,,4-(trifluoromethyl)aminorex | 4-CF3-aminorex | McN-1107,Stimulant,recreational,,inhalation,inhalation | insufflation | oral,inhalation | insufflation | oral,yes,yes,,,,,"half_life_minutes, mechanism_of_action, references"
Flunitazene,,FTZ,Opioid,recreational,benzimidazole-opioid | extreme-potency | fatalities-reported | fentanyl-stronger | mu-full-agonist | nitazene | weaker-than-fentanyl-class,,,,no,no,,,,,"dose_ranges_by_route, duration_by_route, half_life_minutes, mechanism_of_action, references"
Flunitrazepam,,Circles | Forget Me Pill | Forget Pill | Forget-me pill | Hipnosedon | Hypnodorm | La Rocha | Mexican Valium | Narcozep | R2 | RO 5-4200 | RO-5-4200 | Roach 2 | Roche | Roches | Rohypnol | Roofies | Rophies | Ruffies | Wolfies | 氟硝西泮,Benzodiazepine,recreational,"CYP2C19-substrate | CYP3A4-substrate | DFSA-implicated | GABAA-PAM | active-metabolite | benzodiazepine | class:1,4-benzodiazepine | class:benzodiazepines | habit-forming",oral,oral,oral,yes,yes,1320.0,"苯二氮卓类药物通过结合苯二氮卓受体位点并通过作用于其受体来放大神经递质 γ-氨基丁酸（GABA）的效率和作用，从而产生各种效果。 由于该位点是大脑中最丰富的抑制性受体组，其调节导致氟硝西泮对神经系统的镇静（或镇静作用）。

苯二氮卓类药物的抗惊厥特性可能部分或全部归因于与电压依赖性钠通道的结合，而不是苯二氮卓受体。

已知足量的氟硝西泮会诱导顺行性遗忘（个体无法记住他们在药物影响下经历的某些事件）。这种效果可能特别危险，如果氟硝西泮被用来协助实施性侵犯，因为受害者可能无法清楚地回忆起袭击、袭击者或袭击周围的事件。

口服摄入的氟硝西泮有 80% 被吸收，但栓剂形式的生物利用度接近 50%。",,Pharmacokinetics of flunitrazepam following single dose oral administration in liver disease patients compared with healthy volunteers,
Flunitrazolam,,fln | 氟硝唑仑,Benzodiazepine,recreational,GABAA-PAM | benzodiazepine | class:benzodiazepines | designer-benzo | extreme-potency | habit-forming | tentative | triazolobenzodiazepine,oral,oral,oral,yes,yes,,"苯二氮卓类药物通过与苯二氮卓受体位点结合，并放大神经递质γ-氨基丁酸 (GABA)通过作用于其受体的效率和效应，从而产生各种效应。由于该位点是大脑中最多产的抑制性受体组，其调节导致了氟硝唑仑对神经系统的镇静（或平静效应）。

苯二氮卓类药物的抗惊厥特性可能部分或全部归因于与电压依赖性钠通道的结合，而不是苯二氮卓受体。

氟硝唑仑的实验结果通常表现为镇静、去抑制、梦境强化、残留困倦、思维减速和肌肉松弛喵。",,,"half_life_minutes, references"
Fluoprazolam,,floprazolam | fluloprazolam,Benzodiazepine,recreational,designer-benzo | high-potency | no-human-data | research-chemical,,,,no,no,,Presumed high-potency GABA-A BZD-site positive allosteric modulator; loprazolam structural analog. Distinct from flualprazolam.,sedation | amnesia,https://en.wikipedia.org/wiki/Fluloprazolam | PMC9715504 | https://www.ncbi.nlm.nih.gov/pmc/articles/PMC9715504/,"dose_ranges_by_route, duration_by_route, half_life_minutes"
Fluorenol,,9-Hydroxyfluorene | 9-fluorenol | 9H-fluoren-9-OL | Hydrafinil,Eugeroic,recreational,afinil | eugeroic | no-human-data | poorly-characterized | research-chemical | weak-DAT,,,,no,no,,,,,"dose_ranges_by_route, duration_by_route, half_life_minutes, mechanism_of_action, references"
Fluorexetamine,,3-F-2'-oxo-PCE | 3-F-2-oxo-PCE | 3-FXE | 3F-2'-oxo-PCE | FXE,Dissociative,recreational,NMDA-antagonist | arylcyclohexylamine | class:Arylcyclohexylamine | designer-dissociative | research-chemical,insufflation,insufflation | oral,insufflation | oral,yes,yes,,"由于目前缺乏针对该物质的研究，它的药理学讨论主要基于其结构以及与其他芳基环己胺类解离剂（如氯胺酮、PCE 和甲氧艾替胺）的主观效应相似性来推测呢。

尽管尚无科学研究验证，但结构-活性关系分析表明，氟胺酮很可能主要作为一种NMDA受体拮抗剂发挥作用，同时也可能涉及其他神经递质系统哦。

NMDA受体（谷氨酸受体的一种亚型）允许神经信号在大脑和脊髓中的神经元之间传递。只有当受体处于开放状态时，这些信号才能通过呢。而NMDA受体拮抗剂会通过阻断这些受体来干扰信号传递。这种神经信息流的“断开”会导致感觉丧失（麻醉）、运动协调困难，最终可能进入类似“K洞”的状态哦。",,,"half_life_minutes, references"
Fluorolintane,,2-F-DPPy | 2F-DPPy,Dissociative,recreational,DAT > NMDA affinity | habit-forming | pyrrolidine-analogue | research-chemical | tentative,oral,oral,oral,yes,yes,,,,,"half_life_minutes, mechanism_of_action, references"
Fluoxetine,,Fontex | Prozac | Sarafem | Selfemra | Symbyax,Antidepressant,medical_rx,5-HT2C-antagonist | CYP2D6-inhibitor | CYP2D6-inhibitor-strong | CYP3A4-inhibitor-moderate | SRI | SSRI | activating-SSRI | antidepressant | prescription-only | serotonin-syndrome-risk,,,,no,no,2880.0,,,https://www.accessdata.fda.gov/drugsatfda_docs/label/2023/018936s114lbl.pdf | https://en.wikipedia.org/wiki/Fluoxetine | https://www.accessdata.fda.gov/drugsatfda_docs/label/2003/018936s064lbl.pdf,"dose_ranges_by_route, duration_by_route, mechanism_of_action"
Fluphenazine,,Fluphenazine Decanoate | Modecate | Prolixin,Antipsychotic,medical_rx,D2-antagonist | antipsychotic | high-EPS-risk | long-acting-injectable | phenothiazine | prescription-only | typical-antipsychotic,intramuscular,intramuscular | oral,intramuscular | oral,yes,yes,1200.0,,,https://www.accessdata.fda.gov/drugsatfda_docs/label/2014/016403s037lbl.pdf | https://en.wikipedia.org/wiki/Fluphenazine,mechanism_of_action
Flurazepam,,Dalmadorm | Dalmane | Felison | Flunox | Ro 5-6901 | Sompan | Valdorm,Benzodiazepine,recreational,CYP3A4-substrate | GABAA-PAM | benzodiazepine | class:Benzodiazepine | habit-forming | long-acting-metabolite | prodrug-like,oral,oral,oral,yes,yes,150.0,,,https://www.drugs.com/monograph/flurazepam.html,mechanism_of_action
Flutazolam,,,Benzodiazepine,recreational,GABAA-PAM | benzodiazepine | habit-forming,oral,oral,oral,yes,yes,,,,,"half_life_minutes, mechanism_of_action, references"
Flutoprazepam,,FZP | N-desalkylflutoprazepam | Restas,Benzodiazepine,recreational,GABAA-PAM | benzodiazepine | class:Benzodiazepine | habit-forming | long-half-life,oral,oral,oral,yes,yes,3000.0,,,"Pharmacokinetics of flutoprazepam, a novel benzodiazepine drug, in normal subjects.",mechanism_of_action
Fluvoxamine,,Dumirox | Fevarin | Floxyfral | Luvox | faverin,Antidepressant,medical_rx,CYP1A2-inhibitor | CYP1A2-inhibitor-strong | SSRI | antidepressant | prescription-only | serotonin-syndrome-risk | sigma-1-agonist | sigma1-agonist,,,,no,no,900.0,,,https://www.accessdata.fda.gov/drugsatfda_docs/label/2008/019842s034lbl.pdf | https://en.wikipedia.org/wiki/Fluvoxamine,"dose_ranges_by_route, duration_by_route, mechanism_of_action"
Folate,,5-MTHF | L-5-MTHF | L-Methylfolate | Metafolin | Methylfolate | Vitamin B9,Supplement,otc,B-vitamin | OTC | methylation | prenatal | supplement | vitamin | water-soluble,oral,oral,oral,yes,no,270.0,,,https://ods.od.nih.gov/factsheets/Folate-HealthProfessional/ | https://en.wikipedia.org/wiki/Folic_acid,"duration_by_route, mechanism_of_action"
Follistatin 315,,FST-315,Peptide,medical_rx,no-human-data | peptide | wada-prohibited,,,,no,no,,Activin/myostatin-binding glycoprotein isoform (circulating form).,,PNAS,"dose_ranges_by_route, duration_by_route, half_life_minutes"
Follistatin 344,,FST-344,Peptide,medical_rx,no-human-data | peptide | wada-prohibited,,,,no,no,,Activin/myostatin-binding glycoprotein isoform (cell-surface form).,,PNAS,"dose_ranges_by_route, duration_by_route, half_life_minutes"
Fosazepam,,,Benzodiazepine,recreational,benzodiazepine | class:Benzodiazepine,oral,oral,oral,yes,yes,,,,,"half_life_minutes, mechanism_of_action, references"
FOXO4-DRI,,senolytic peptide,Peptide,medical_rx,longevity | no-human-data | peptide,,,,no,no,,Senolytic D-retro-inverso peptide that disrupts FOXO4-p53 binding.,,Baar 2017 Cell,"dose_ranges_by_route, duration_by_route, half_life_minutes"
Furanylfentanyl,,Fu-F | Furanyl fentanyl | Furanyl-fentanyl,Opioid,recreational,CYP3A4-substrate | class:Anilide fentanyl analogue | habit-forming | mu-full-agonist | mu-opioid-agonist | research-chemical | tentative | wooden-chest-syndrome-risk,insufflation,insufflation | oral,insufflation | oral,yes,yes,,,,,"half_life_minutes, mechanism_of_action, references"
G-130,,,Stimulant,recreational,research-chemical | tentative,,,,no,no,,,,,"dose_ranges_by_route, duration_by_route, half_life_minutes, mechanism_of_action, references"
G-3,,,Psychedelic,recreational,PIHKAL | no-human-data | phenethylamine,oral,oral,oral,yes,yes,,,,https://erowid.org/library/books_online/pihkal/pihkal082.shtml,"half_life_minutes, mechanism_of_action"
G-5,,,Psychedelic,recreational,PIHKAL | no-human-data | phenethylamine,oral,oral,oral,yes,yes,,,,https://erowid.org/library/books_online/pihkal/pihkal084.shtml,"half_life_minutes, mechanism_of_action"
GABA,,Gamma-Amino Butyric Acid | Gamma-Aminobutyric Acid | γ-aminobutyric acid,Supplement,recreational,GABAergic | OTC | amino-acid | anxiolytic | endogenous-neurotransmitter | poor-BBB-penetration | supplement | supplement-questionable-efficacy,oral,oral,oral,yes,yes,60.0,,,https://en.wikipedia.org/wiki/Gamma-Aminobutyric_acid | https://examine.com/supplements/gaba/,mechanism_of_action
Gabapentin,,1-(Aminomethyl)cyclohexaneacetic acid | CI-945 | DM-1796 | Gabapentinum | Gabarone | Gralise | Horizant | Neurontin | 加巴喷丁 | 加巴噴丁,GABAergic,recreational,NOT-GABA-receptor-ligand | alpha-2-delta-ligand | alpha2-delta-ligand | anticonvulsant | class:gabapentinoids | gabapentinoid | habit-forming | no-CYP-metabolism | prescription-only | renally-cleared | saturable-absorption-LAT1,oral,oral,oral,yes,yes,420.0,"加巴喷丁调节谷氨酸脱羧酶 (GAD) 和支链氨基转移酶 (BCAT) 的作用，这两种酶参与GABA的生物合成。在人类和大鼠的研究中，发现加巴喷丁增加 GABA 的生物合成，并在体外增加非突触 GABA 的神经传递。[[15]](#cite_note-15) 由于 GABA 系统是大脑中最为丰富的抑制性受体组，其生物合成的增加导致加巴喷丁对神经系统产生镇静和抗焦虑（或镇静作用）。

另一项基于 7 Tesla 磁共振成像的研究[[16]](#cite_note-16)证实，加巴喷丁似乎在体内急剧增加脑内 GABA 浓度，比基线高出达 79%。

加巴喷丁作为一种加巴喷丁类物质，也被证明结合到电压门控钙通道的 $alpha_{2}delta-1$ 亚基，充当 VGCC 阻滞剂，这有助于其抑制、镇痛和抗焦虑作用。[[17]](#cite_note-17) 目前尚不确定这种作用方式究竟如何促成加巴喷丁的精神活性效应。

加巴喷丁的生物利用度相对较低，且与剂量成反比（即较高剂量的生物利用度低于较低剂量）。服用 900、1200、2400、3600 和 4800 毫克/天，分次服用，每 8 小时一粒后，加巴喷丁的生物利用度分别约为 60%、47%、34%、33% 和 27%。[[18]](#cite_note-18) 加巴喷丁具有高度亲脂性，使得不饱和脂肪如植物油和橄榄油显著增加总吸收量。这意味着吃一顿高脂肪餐会大大增加加巴喷丁的生物利用度，因为不饱和脂肪与加巴喷丁结合以允许吸收，而且进餐会减慢并通过减少加巴喷丁转运蛋白的饱和度来增加加巴喷丁的吸收。[[2]](#cite_note-NeurotoninMedScape-2)

当在足够短的时间内消耗足够大剂量的加巴喷丁，导致身体无法再吸收任何加巴喷丁时，就会发生加巴喷丁转运蛋白饱和，从而导致生物利用度显着降低，这很大程度上解释了随着剂量增加而看到的生物利用度下降。

加巴喷丁是电压门控钾通道 KCNQ3 和 KCNQ5 的强效激活剂，即使在低纳摩尔浓度下也是如此。然而，这种激活不太可能是加巴喷丁治疗效果的主要机制。[[19]](#cite_note-19)",Amnesia | Anxiety suppression | Cognitive euphoria | Dizziness | Emotion suppression | Muscle relaxation | Physical euphoria | Sedation | Seizure suppression | Thought deceleration,https://en.wikipedia.org/wiki/Gabapentin | Clinical pharmacokinetics of gabapentin.,
Gaboxadol,,Lu 02-030 | MK-0928 | MK0928 | THIP | 加波沙多 | 四氢异噁唑并吡啶,Depressant,recreational,class:3-hydroxyisoxazole | class:Isoxazole derivative,oral,oral,oral,yes,yes,,"Gaboxadol acts on the GABA system, but in a manner distinct from benzodiazepines and other GABAergic depressants. Lundbeck has reported that gaboxadol also increases deep sleep (stage 4).",,,"half_life_minutes, references"
Galantamine,,Galamer | Galanthamine | Nivalin | Razadyne | Reminyl | 加兰他敏,Nootropic,recreational,AChE-inhibitor | CYP2D6-substrate | CYP3A4-substrate | cholinergic | class:benzazepine | nootropic | prescription-only,oral,oral,oral,yes,yes,420.0,"Galantamine is a tertiary amine alkaloid and a competitive, reversible acetylcholinesterase inhibitor. It is thought to exert its therapeutic effects by enhancing cholinergic function. This is accomplished by inhibiting acetylcholinesterase — the enzyme responsible for breaking down acetylcholine — thereby increasing acetylcholine concentrations. Higher concentrations of acetylcholine are also associated with higher levels of cognition and focus.

Galantamine is also a potent allosteric potentiating ligand at human nicotinic acetylcholine receptors (nAChRs) α4β2, α3β4, and α6β4, as well as chimeric chicken/rat nAChRs α7/5-HT3, acting in specific regions of the brain. By binding to the allosteric site of nAChRs, a conformational change occurs in the receptor that enhances its response to acetylcholine. This modulation of nicotinic cholinergic receptors on cholinergic neurons in turn increases acetylcholine release. However, more recent research suggests that galantamine does not function as a positive allosteric modulator at human nAChR α4β2 or α7 receptors. Galantamine also potentiates the effects of NMDA receptor antagonists such as memantine and ketamine, and may directly antagonize these receptors at high doses — a property thought to be associated with galantamine's mild dissociative effects.

Throughout the body, galantamine also acts as a weaker, competitive, reversible cholinesterase inhibitor. By inhibiting acetylcholinesterase, it increases the concentration of acetylcholine in certain brain regions, thereby enhancing its activity. Galantamine's influence on nAChRs together with its synergistic inhibition of acetylcholinesterase constitute a dual mechanism of action. This mechanism is hypothesized to potentially alleviate some symptoms of Alzheimer's disease.",,https://en.wikipedia.org/wiki/Galantamine | https://www.accessdata.fda.gov/drugsatfda_docs/label/2013/021169s032lbl.pdf,
Ganesha,,,Psychedelic,recreational,PIHKAL | phenethylamine,oral,oral,oral,yes,yes,,,,https://erowid.org/library/books_online/pihkal/pihkal085.shtml,"half_life_minutes, mechanism_of_action"
GBL,,"1,2-Butanolide | 1,4-butanolide | 1,4-内酯 | 4-丁内酯 | 4-羟基丁酸内酯 | Butyrolactone | Easy Lay | G | Gamma-Butyrolactone | Geebs | Goop | Grievous Bodily Harm | Juice | Liquid Ecstasy | Liquid X | Scoop | γ-butyrolactone | γ-丁内酯 | γ-羟基丁酸内酯 | 氧杂环戊烷-2-酮",Depressant,recreational,GHB-prodrug | PON1-substrate | class:lactone | habit-forming | rapid-onset,oral,oral,oral,yes,yes,1.0,Prodrug → GHB (GABA-B Agonist),,Process of establishing a hyperalimentation team.,
Gepirone,,Ariza | Exxua,Other,medical_rx,5HT1A-agonist | anxiolytic | azapirone | prescription-only | serotonin-agonist,oral,oral,oral,yes,yes,150.0,,,https://en.wikipedia.org/wiki/Gepirone,mechanism_of_action
GHB,,4-hydroxybutanoic acid | 4-hydroxybutyric acid | G | Gamma-Hydroxybutyric Acid | Liquid Ecstasy | Liquid X | NaGHB | Scoop | Sodium oxybate | Xyrem | Xywav | γ-hydroxybutyrate | γ-羟基丁酸 | γ-羥基丁酸 | 羟基丁酸钠,Depressant,recreational,GABA-B-partial-agonist | GHB-receptor-agonist | capacity-limited-PK | class:γ-hydroxy acid | habit-forming | narrow-therapeutic-index | severe-withdrawal,oral,oral,oral,yes,yes,35.0,GHB Receptor and GABA-B Receptor Agonist,,Pharmacokinetics and excretion of gamma-hydroxybutyrate (GHB) in healthy subjects.,
GHK-Cu,,Copper peptide GHK-Cu | Copper tripeptide-1,Peptide,medical_rx,anti-aging | dermatological | grey-market | healing-peptide | peptide,subcutaneous,subcutaneous | transdermal,subcutaneous | transdermal,yes,no,60.0,,,Oral Collagen Supplementation: A Systematic Review of Dermatological Applications. | https://en.wikipedia.org/wiki/GHK-Cu,mechanism_of_action
GHRP-2,,Growth Hormone Releasing Peptide 2 | KP-102 | Pralmorelin,Peptide,medical_rx,GH-secretagogue | grey-market | peptide | performance-enhancing,subcutaneous,subcutaneous,subcutaneous,yes,yes,30.0,,,https://en.wikipedia.org/wiki/GHRP-2,mechanism_of_action
GHRP-6,,GH-releasing hexapeptide 6 | Growth Hormone Releasing Peptide 6 | Growth hormone releasing hexapeptide | SKF-110679 | Skf 110679 | growth hormone releasing peptide-6 | growth hormone-releasing hexapeptide,Peptide,medical_rx,GH-secretagogue | grey-market | no-human-data | peptide | performance-enhancing | tryptamine,subcutaneous,subcutaneous,subcutaneous,yes,yes,30.0,,,Pathogenesis of Candida vulvovaginitis. | https://en.wikipedia.org/wiki/GHRP-6,mechanism_of_action
Gidazepam,,Bromonordiazepam | Desalkylgidazepam | Gidazepam IC | Gidazepam monohydrate | Hidazepam | Hydazepam,Benzodiazepine,recreational,class:Benzodiazepine | designer-benzo | post-Soviet | prodrug,oral,oral,oral,yes,yes,,,,,"half_life_minutes, mechanism_of_action, references"
Ginkgo Biloba,,EGb 761 | Ginkgo | Maidenhair Tree Extract,Supplement,otc,MAO-inhibitor-weak | OTC | anticoagulant | antioxidant | cognitive-enhancement | herbal | nootropic | supplement,oral,oral,oral,yes,yes,210.0,,,https://en.wikipedia.org/wiki/Ginkgo_biloba | https://examine.com/supplements/ginkgo-biloba/,mechanism_of_action
Glaucine,,Bofedrol,Opioid,recreational,antitussive | aporphine-alkaloid | habit-forming | not-opioid | tentative,oral,oral,oral,yes,yes,,,,,"half_life_minutes, mechanism_of_action, references"
Glutathione,,GSH | Reduced Glutathione,Supplement,otc,OTC | amino-acid-derivative | antioxidant | detoxification | supplement,oral,oral | sublingual,oral | sublingual,yes,yes,90.0,,,https://ods.od.nih.gov/factsheets/Antioxidants-HealthProfessional/ | https://en.wikipedia.org/wiki/Glutathione,mechanism_of_action
Glutethimide,,doriden | elrodorm | glimid | noxyron,Depressant,recreational,CYP-inducer | anticholinergic | habit-forming | non-barbiturate-hypnotic,oral,oral,oral,yes,yes,,,,,"half_life_minutes, mechanism_of_action, references"
Glycine,,2-Aminoacetic Acid | Aminoacetic Acid | Gly,Supplement,otc,GABAergic | NMDA-modulator | OTC | amino-acid | collagen-precursor | sleep | supplement,oral,oral,oral,yes,yes,75.0,,,https://en.wikipedia.org/wiki/Glycine | https://examine.com/supplements/glycine/,mechanism_of_action
Gonadorelin,,Fertagyl | GnRH | GnRH-I | Gonadoliberin I | Gonadorelin decapeptide | Gonadorelina | Gonadorelinum | Gonadoréline | Gonadotropin-releasing hormone | Luteinizing Hormone-releasing Factor Diacetate Tetrahydrate,Other,recreational,no-human-data | tryptamine,subcutaneous,subcutaneous,,no,no,,,,,"half_life_minutes, mechanism_of_action, references"
Guaifenesin,,Humibid | Mucinex | Robitussin,Other,otc,OTC | expectorant | muscle-relaxant-mild,oral,oral,oral,yes,yes,60.0,,,https://en.wikipedia.org/wiki/Guaifenesin,mechanism_of_action
Guanfacine,,Intuniv | Tenex,Cardiovascular,medical_rx,ADHD | alpha2-agonist | antihypertensive | anxiolytic | prescription-only,oral,oral,oral,yes,yes,1020.0,,,https://en.wikipedia.org/wiki/Guanfacine,mechanism_of_action
GW-501516,,Cardarine | Endurobol | GW-1516,Endocrine,medical_rx,research-chemical | wada-prohibited,oral,oral,,no,no,1320.0,Selective PPARδ agonist (EC50 ~1.2 nM); upregulates fatty acid oxidation genes and increases endurance. NOT a SARM.,,https://en.wikipedia.org/wiki/GW501516 | PMC6475847 | GSK development termination (2007) | https://www.ncbi.nlm.nih.gov/pmc/articles/PMC6475847/,
H4CBD,,Hexahydrocannabidiol | Hydrogenated CBD | Tetrahydrocannabidiol,Cannabinoid,recreational,cannabinoid | hydrogenated | limited-research | non-intoxicating | semi-synthetic | therapeutic,inhalation,inhalation | oral,inhalation | oral,yes,yes,1800.0,,,,"mechanism_of_action, references"
Halazepam,,Alapryl | Halazpam | Pacinone | Paxipam | SCH-12041 | Sch 12041,Benzodiazepine,recreational,GABAA-PAM | benzodiazepine | class:Benzodiazepine | habit-forming | prodrug-of-nordazepam,oral,oral,oral,yes,yes,,,,,"half_life_minutes, mechanism_of_action, references"
Haloperidol,,Haldol | Haloperidol Decanoate | Serenace | 氟哌啶醇,Antipsychotic,dual_use,D2-antagonist | antipsychotic | butyrophenone | class:butyrophenone | class:substituted piperidines | high-EPS-risk | prescription-only | typical-antipsychotic,intramuscular,intramuscular | oral,intramuscular | oral,yes,yes,1260.0,"As a typical antipsychotic, haloperidol has a highly diverse pharmacological profile. It acts primarily as an antagonist at dopamine D receptors and also as an inverse agonist at D receptors. Haloperidol is similarly an antagonist at serotonin 5-HT receptors, though this action is less pronounced than that of quetiapine. Unlike many antipsychotics, haloperidol has little affinity for muscarinic acetylcholine receptors or histamine receptors, and therefore less commonly causes sedation, weight gain, or hypotension.",,https://www.accessdata.fda.gov/drugsatfda_docs/label/2008/016462s036lbl.pdf | https://en.wikipedia.org/wiki/Haloperidol,
Halothane,,,Depressant,recreational,MH-trigger | halothane-hepatitis | tentative | volatile-anaesthetic,,,,no,no,,,,,"dose_ranges_by_route, duration_by_route, half_life_minutes, mechanism_of_action, references"
Harmaline,,harmidine,Psychedelic,recreational,CYP2D6-substrate | RIMA | TIHKAL | tryptamine,oral,oral,oral,yes,yes,,,,https://erowid.org/library/books_online/tihkal/tihkal13.shtml,"half_life_minutes, mechanism_of_action"
Harmine,,banisterine | yageine,Psychedelic,recreational,CYP1A2-substrate | DYRK1A-inhibitor | MAO-A-IC50-low-nM | RIMA | TIHKAL | tryptamine,,,,no,no,,,,https://erowid.org/library/books_online/tihkal/tihkal14.shtml,"dose_ranges_by_route, duration_by_route, half_life_minutes, mechanism_of_action"
Hawaiian Baby Woodrose,,夏威夷小木玫瑰,,medical_rx,,,,,no,no,,,,,"dose_ranges_by_route, duration_by_route, half_life_minutes, mechanism_of_action, references"
HDEP-28,,ethylnaphthidate,Stimulant,recreational,habit-forming | research-chemical | tentative,insufflation,insufflation | oral,insufflation | oral,yes,yes,,,,,"half_life_minutes, mechanism_of_action, references"
HDMP-28,,methylnaphtidate,Stimulant,recreational,habit-forming | research-chemical | tentative,oral,oral,oral,yes,yes,,,,,"half_life_minutes, mechanism_of_action, references"
Herkinorin,,Salvinorin B benzoate,Opioid,recreational,MOR-selective-on-salvinorin-scaffold | biased-agonist | biased-agonist-G-protein-contested | mu-opioid-agonist | no-human-data | research-chemical | research-tool-compound | salvinorin-derivative,,,,no,no,,,,Membrane resealing: synaptotagmin VII keeps running the show. | https://en.wikipedia.org/wiki/Herkinorin,"dose_ranges_by_route, duration_by_route, half_life_minutes, mechanism_of_action"
Heroin,,"3,6-Diacetylmorphine | Black tar | Brown | Diacetylmorphine | Diamorphine | H | Horse | Junk | No.3 | No.4 | Smack | 二乙酰吗啡 | 垃圾 | 小伙子 | 棕色 | 海洛因 | 白粉",Opioid,recreational,MOR-full-agonist-via-metabolite | class:substituted morphinans | common | habit-forming | high-abuse-liability | prodrug,inhalation,inhalation | insufflation | intravenous,inhalation | insufflation | intravenous,yes,yes,7.6,"Prodrug deacetylated to 6-MAM and morphine, both potent μ-opioid receptor (MOR) full agonists.",Anxiety suppression | Cognitive euphoria | Compulsive redosing | Constipation | Cough suppression | Difficulty urinating | Internal hallucinations | Itchiness | Nausea | Pain relief | Physical euphoria | Pupil constriction | Respiratory depression | Sedation,Population Pharmacokinetics of Heroin and its Major Metabolites,
Hexarelin,,EP-23905 | Examorelin | MF-6003,Peptide,medical_rx,GH-secretagogue | grey-market | peptide | performance-enhancing,subcutaneous,subcutaneous,subcutaneous,yes,yes,60.0,,,National total hip replacement audit project. | https://en.wikipedia.org/wiki/Hexarelin,mechanism_of_action
Hexedrone,,α-Methylamino-hexanophenone,Stimulant,recreational,DAT-NET-blocker | cathinone | class:cathinone | habit-forming | no-human-data | research-chemical | tentative,oral,oral,oral,yes,yes,,,,https://en.wikipedia.org/wiki/Hexedrone,"half_life_minutes, mechanism_of_action"
Hexen,,N-Ethylhexedrone | NEH | ethyl-hexedrone | hex-en | n-ethyl-hexedrone,Stimulant,recreational,habit-forming | research-chemical | tentative,inhalation,inhalation | insufflation | oral,inhalation | insufflation | oral,yes,yes,,"关于 N-ethylhexedrone 以及其他取代卡西酮类物质在人类体内的药代动力学与药效动力学，目前几乎没有数据。NEH 很可能是一种强效的多巴胺和去甲肾上腺素再摄取抑制剂，不会释放神经递质，也不会影响其他神经递质。和苯丙胺一样，合成卡西酮通过提高突触间隙中儿茶酚胺（如多巴胺、血清素和去甲肾上腺素）的浓度来发挥其兴奋和拟交感作用。这些分子能够抑制单胺再摄取转运体，从而减少神经递质从突触中的清除。此外，它们还可能促使生物胺从细胞内储存中释放出来。看起来 N-ethylhexedrone 对多巴胺转运体具有较高亲和性。

基于其结构，并假设 N-ethylhexedrone 的代谢方式与其他卡西酮类似，这种化合物很可能经由 N-去烷基化和/或羰基还原，随后再进行 N-去烷基化而代谢。

一般来说，由于 β-酮基增加了分子极性，合成卡西酮穿过血脑屏障的能力通常弱于苯丙胺。与其他合成卡西酮不同，吡咯烷衍生物由于吡咯烷环赋予这些分子较低的极性，因此更容易穿过血脑屏障。关于合成卡西酮代谢的研究表明，它们会发生 N-去甲基化，酮基会被还原为羟基，而环上的烷基则会被氧化。",,,"half_life_minutes, references"
Hexobarbital,,Evipal,Depressant,recreational,CYP2C19-probe-drug | barbiturate-short-acting | habit-forming | tentative,oral,oral,oral,yes,yes,,,,,"half_life_minutes, mechanism_of_action, references"
HGH Fragment 176-191,,HGH Frag 176-191 | Lipolytic fragment,Peptide,medical_rx,hgh-fragment | lipolytic | peptide,subcutaneous,subcutaneous,,no,no,30.0,"C-terminal HGH fragment — lipolytic, no growth/IGF effect.",,https://en.wikipedia.org/wiki/AOD9604,
HHC,,9α-Hexahydrocannabinol | 9β-HHC | Hexahydrocannabinol,Cannabinoid,recreational,CB1-partial-agonist | cannabinoid | hydrogenated | psychoactive | semi-synthetic,inhalation,inhalation | oral,inhalation | oral,yes,yes,1200.0,,,https://en.wikipedia.org/wiki/Hexahydrocannabinol,mechanism_of_action
HHC-O,,O-acetyl-HHC,Cannabinoid,recreational,CB1-partial-agonist | cannabinoid | evali-risk | limited-research | prodrug | psychoactive | semi-synthetic,inhalation,inhalation,inhalation,yes,yes,1200.0,,,https://en.wikipedia.org/wiki/Hexahydrocannabinol,mechanism_of_action
HHCP,,HHC-P | Hexahydrocannabiphorol,Cannabinoid,recreational,CB1-full-agonist | cannabinoid | high-risk | limited-research | psychoactive | semi-synthetic | ultra-potent,inhalation,inhalation,inhalation,yes,yes,2400.0,,,https://en.wikipedia.org/wiki/Hexahydrocannabiphorol,mechanism_of_action
Holy Basil,,Ocimum sanctum | Ocimum tenuiflorum | Sacred Basil | Tulsi,Supplement,otc,HPA-modulator | OTC | adaptogen | anti-inflammatory | anxiolytic | herbal | supplement,oral,oral,oral,yes,yes,240.0,,,https://en.wikipedia.org/wiki/Ocimum_tenuiflorum | https://examine.com/supplements/holy-basil/,mechanism_of_action
Homarylamine,,MDMPEA | N-methyl-PEA,,medical_rx,class:Phenethylamine,,,,no,no,,,,,"dose_ranges_by_route, duration_by_route, half_life_minutes, mechanism_of_action, references"
Homomazindol,,,Stimulant,recreational,NDRI | habit-forming | research-chemical | tentative,,,,no,no,,,,,"dose_ranges_by_route, duration_by_route, half_life_minutes, mechanism_of_action, references"
Homosildenafil,,,Other,recreational,research-chemical,oral,oral,oral,yes,yes,,,,,"half_life_minutes, mechanism_of_action, references"
Hordenine,,"N,N-Dimethyltyramine | anhaline | dimethyltyramine",Other,recreational,MAO-B-substrate | TAAR1-agonist | no-human-data | phenethylamine,,,,no,no,,,,,"dose_ranges_by_route, duration_by_route, half_life_minutes, mechanism_of_action, references"
HOT-17,,,Psychedelic,recreational,PIHKAL | phenethylamine,oral,oral,oral,yes,yes,,,,https://erowid.org/library/books_online/pihkal/pihkal089.shtml,"half_life_minutes, mechanism_of_action"
HOT-2,,hot2,Psychedelic,recreational,PIHKAL | phenethylamine | research-chemical | tentative,oral,oral,oral,yes,yes,,,,https://erowid.org/library/books_online/pihkal/pihkal087.shtml,"half_life_minutes, mechanism_of_action"
HOT-7,,hot7,Empathogen,recreational,PIHKAL | phenethylamine | research-chemical | tentative,oral,oral,oral,yes,yes,,,,https://erowid.org/library/books_online/pihkal/pihkal088.shtml,"half_life_minutes, mechanism_of_action"
Humanin,,HN | HNG,Peptide,medical_rx,longevity | no-human-data | peptide,,,,no,no,30.0,Mitochondrial-derived peptide; cytoprotective and anti-apoptotic.,,https://en.wikipedia.org/wiki/Humanin,"dose_ranges_by_route, duration_by_route"
Huperzine A,,HupA | Selagine,Nootropic,recreational,AChE-inhibitor | AChE-inhibitor-potent-reversible | NMDA-antagonist | NMDA-weak-clinically-negligible | cholinergic | donepezil-equivalent-mechanism | nootropic,oral,oral,oral,yes,no,720.0,,,https://en.wikipedia.org/wiki/Huperzine_A,"duration_by_route, mechanism_of_action"
Huperzine-a,,h-a,Nootropic,recreational,tentative,insufflation,insufflation,insufflation,yes,yes,,,,,"half_life_minutes, mechanism_of_action, references"
HXE,,3-HO-2'-氧代-PCE | 3-HO-2-oxo-PCE | Hydroxetamine,Dissociative,recreational,NMDA-antagonist | arylcyclohexylamine | class:Arylcyclohexylamine | class:arylcyclohexylamines | no-human-data | possible-μ-opioid-agonist | research-chemical | respiratory-depression-risk,insufflation,insufflation | oral | sublingual,insufflation | oral | sublingual,yes,yes,,关于这种物质的药理学知之甚少，但作为一种芳基环己胺，可以合理地假设它是一种 NMDA受体拮抗剂。解离剂通过阻断 NMDA 受体来使其关闭。这种神经元的断连会导致感觉丧失、移动困难，并最终产生与著名的“K-hole”几乎完全相同的体验。,,"In Europe, an early, cold dawn for modern humans.",half_life_minutes
Hydergine,,Dihydroergotoxine | Ergoloid mesylates,Nootropic,recreational,alpha-antagonist | ergot-derivative | ergot-mixture | nootropic,oral,oral,oral,yes,no,,,,https://en.wikipedia.org/wiki/Ergoloid,"duration_by_route, half_life_minutes, mechanism_of_action"
Hydrocodone,,Co-Gesic | Dihydrocodeinone | Hydrocodone polistirex | Hysingla ER | Lortab | Norco | Tussionex | Vicodin | Zohydro ER | hydro | 氢可酮 | 氫可酮,Opioid,recreational,CYP2D6-bioactivation | CYP3A4-substrate | MOR-agonist | class:substituted morphinans | habit-forming,oral,oral,oral,yes,yes,240.0,"躯体欣快感、焦虑抑制和镇痛效果似乎源于阿片类药物模拟内源性内啡肽的方式。内啡肽负责镇痛（减少疼痛）、引起睡意和快感。它们可以在应对疼痛、剧烈运动、性高潮或兴奋时释放。这种对天然内啡肽的模拟导致了药物的效果。 它主要作用于 μ-阿片受体，对 δ-阿片受体的亲和力约为其六分之一。

在肝脏中，氢可酮被转化为多种代谢物。其血清半衰期平均为 3.8 小时。[[4]](#cite_note-4) 肝细胞色素 P450 酶 CYP2D6 将其转化为氢吗啡酮（Hydromorphone），这是一种更强效的阿片类药物。

服用氢可酮时喝葡萄柚汁可能会增强其精神活性效果。据推测，葡萄柚汁中的 CYP3A4 抑制剂可能会干扰氢可酮的代谢，[[5]](#cite_note-5) 尽管目前还没有对此问题进行研究。",Anxiety suppression | Cognitive euphoria | Compulsive redosing | Constipation | Cough suppression | Difficulty urinating | Itchiness | Pain relief | Physical euphoria | Pupil constriction | Respiratory depression | Sedation,Preclinical and Clinical Pharmacology of Hydrocodone for Chronic Pain: A Mini Review,
Hydromorphone,,Dihydromorphinone | Dilaudid | Dimorphone | Exalgo | Hidromorfona | Hydromorph-Contin | Hydromorphonum | Idromorfone | Jurnista | Palladone | diluadid | 地劳迪德 | 尤尼斯塔 | 帕拉东 | 氢吗啡酮,Opioid,recreational,MOR-full-agonist | UGT2B7-substrate | class:substituted morphinans | habit-forming | high-potency,insufflation,insufflation | intravenous | oral | rectal,insufflation | intravenous | oral | rectal,yes,yes,,"The hydromorphone molecule exerts its effects by binding to and activating μ-opioid receptors as a receptor agonist. This occurs because opioids are structurally similar to endogenous endorphins. Endorphins are associated with analgesia, sedation, cognitive euphoria, and physical euphoria. They can be released in response to pain, intense exercise, orgasm, or excitement. This mimicry of natural endorphins produces the euphoric, analgesic, and anxiolytic effects characteristic of the drug.

The recreational effects of this compound, including cognitive euphoria and physical euphoria, arise because opioids structurally mimic the endogenous endorphins that are naturally produced in the body and that similarly act on μ-opioid receptor clusters in the brain. Synthetic opioids such as heroin mimic these natural endorphins in a structural manner, thereby producing euphoric, analgesic, and anxiolytic effects. This is because natural endorphins are responsible for reducing pain, inducing sedation, and producing a sense of pleasure. Natural endorphins can be released in response to pain, intense exercise, orgasm, or general excitement.",,,"half_life_minutes, references"
Hydroxynorketamine,,"2R,6R-HNK | HNK",Dissociative,recreational,AMPA-active | AMPA-potentiator | arylcyclohexylamine | investigational-antidepressant | metabolite | no-human-data | non-dissociative | research-chemical | α7-nAChR-active,,,,no,no,,,,https://en.wikipedia.org/wiki/Hydroxynorketamine | NMDAR inhibition-independent antidepressant actions of ketamine metabolites,"dose_ranges_by_route, duration_by_route, half_life_minutes, mechanism_of_action"
Hydroxyzine,,Atarax | Vistaril | 羟嗪,Antihistamine,dual_use,5-HT2A-antagonist | H1-antagonist | H1-strong | anticholinergic | antihistamine | anxiolytic | cetirizine-prodrug | first-gen-antihistamine | prescription-only | sedating,intramuscular,intramuscular | oral,intramuscular | oral,yes,yes,1200.0,"Hydroxyzine acts primarily as a potent histamine H1 receptor antagonist. Notably, compared to other first-generation antihistamines such as diphenhydramine, hydroxyzine has lower affinity for muscarinic acetylcholine receptors — and is therefore less likely to induce hallucinatory states or delirium. In addition to its antihistaminic activity, hydroxyzine also acts as an antagonist at 5-HT receptors (which most likely accounts for its anxiolytic effects), dopamine D receptors, and alpha-adrenergic receptors. Among first-generation antihistamines, hydroxyzine is unique in its anxiolytic properties.

Pharmacokinetically, hydroxyzine is rapidly metabolized and readily crosses the blood-brain barrier. When taken orally, it is rapidly absorbed through the gastrointestinal tract and metabolized in the liver. Effects typically begin within 15–30 minutes, with peak plasma concentration occurring approximately two hours after administration. Hydroxyzine and its metabolites have a relatively long half-life; sedative effects, however, generally persist for approximately 4–6 hours. In adults, the elimination half-life of hydroxyzine is approximately 20 hours.

Low doses of hydroxyzine (occupying fewer than 20% of H1 receptors) do not produce drowsiness, whereas high doses (occupying 50% or more of H1 receptors) produce sedation.

Hydroxyzine also exhibits anticholinergic and sedative properties that are useful in the treatment of conditions such as anxiety and tension. Its anticholinergic properties derive from its ability to block muscarinic acetylcholine receptors, which helps reduce muscle spasms and other symptoms associated with excessive cholinergic activity. Its sedative properties are primarily attributed to antagonism of central H1 receptors and, to a lesser extent, serotonin 5-HT receptors. These combined actions contribute to its efficacy in managing anxiety and promoting relaxation.

Hydroxyzine is also used to manage nausea and vomiting, primarily through its antihistaminic effects. The drug's action at H1 receptors helps alleviate nausea arising from motion sickness and other vestibular disorders. Additionally, hydroxyzine's antagonism of dopamine D receptors in the chemoreceptor trigger zone (CTZ) contributes to its antiemetic properties.

As an antihistamine, hydroxyzine is effective in treating allergic reactions such as urticaria (hives) and chronic pruritus. By blocking H1 receptors, hydroxyzine reduces the effects of histamine release, including vasodilation, increased vascular permeability, and stimulation of sensory nerves that cause itching.",,https://www.accessdata.fda.gov/drugsatfda_docs/label/2014/011459s060lbl.pdf | https://en.wikipedia.org/wiki/Hydroxyzine | The pharmacokinetics and antihistaminic of the H1 receptor antagonist hydroxyzine.,
Ibogaine,,10-甲氧基伊博格明 | 12-methoxyibogamine | Endabuse | Iboga | Iboga TA (total alkaloid) extract | Ibogamine-class indole alkaloid | T. iboga root bark | Tabernanthe iboga | 伊博格碱,Psychedelic,recreational,CYP2D6-substrate | QT-prolongation-risk | TIHKAL | class:substituted tryptamines | hERG-high-risk | iboga-alkaloid | long-acting-via-noribogaine | no-human-data | polyligand | polypharmacological | should-be-regrouped | tryptamine,oral,oral,oral,yes,yes,240.0,Multimodal Psychoactive Alkaloid,,https://erowid.org/library/books_online/tihkal/tihkal25.shtml | Evaluating the toxicity and therapeutic potential of ibogaine in the treatment of chronic opioid abuse,
Ibotenic acid,,IBO | 鹅膏蕈氨酸,Psychedelic,recreational,class:Isoxazole amino acid,oral,oral,oral,yes,no,,,,,"duration_by_route, half_life_minutes, mechanism_of_action, references"
Ibuprofen,,,Other,otc,,oral,oral,oral,yes,yes,,,,,"half_life_minutes, mechanism_of_action, references"
IC-26,,Methiodone | WIN 1161-3,Opioid,recreational,MOR-agonist | habit-forming | methadone-analog,oral,oral,oral,yes,yes,,,,,"half_life_minutes, mechanism_of_action, references"
Idebenone,,Catena | Raxone | Sovrima,Nootropic,recreational,NQO1-dependent | antioxidant | complex-I-bypass | low-oral-bioavailability | mitochondrial | nootropic,oral,oral,oral,yes,no,,,,https://en.wikipedia.org/wiki/Idebenone,"duration_by_route, half_life_minutes, mechanism_of_action"
IDNNA,,,Psychedelic,recreational,PIHKAL | phenethylamine,,,,no,no,,,,https://erowid.org/library/books_online/pihkal/pihkal090.shtml,"dose_ranges_by_route, duration_by_route, half_life_minutes, mechanism_of_action"
IDRA-21,,,AMPAkine,recreational,AMPA-PAM | AMPA-PAM-prototype | benzothiadiazine | investigational | no-human-PK | no-human-data | research-chemical | research-chemical-popular,,,,no,no,,,,https://en.wikipedia.org/wiki/IDRA-21,"dose_ranges_by_route, duration_by_route, half_life_minutes, mechanism_of_action"
IGF-1 DES,,,Peptide,medical_rx,growth-factor | no-human-data | peptide | wada-prohibited,subcutaneous,subcutaneous,,no,no,,Truncated IGF-1 (DES 1-3) — IGF-1R agonist.,,https://en.wikipedia.org/wiki/Insulin-like_growth_factor_1,half_life_minutes
IGF-1 LR3,,Long R3 IGF-1,Peptide,medical_rx,growth-factor | no-human-data | peptide | wada-prohibited,subcutaneous,subcutaneous,,no,no,1500.0,Modified recombinant IGF-1 (83-aa analog) — IGF-1R agonist.,,https://en.wikipedia.org/wiki/IGF-1_LR3,
IHCH-711,,,,medical_rx,,oral,oral,oral,yes,yes,,"IHCH-7113 is a 5-HT2A receptor agonist. In mouse studies it induces a head-twitch response comparable to that of DOI or LSD, and this response is blocked by the 5-HT2A receptor antagonist volinanserin.",,,"half_life_minutes, references"
Iloperidone,,Fanapt,Antipsychotic,medical_rx,5HT2A-antagonist | D2-antagonist | QTc-risk | alpha1-blocker | antipsychotic | atypical-antipsychotic | prescription-only,oral,oral,oral,yes,yes,1260.0,,,https://www.accessdata.fda.gov/drugsatfda_docs/label/2009/022192lbl.pdf | https://en.wikipedia.org/wiki/Iloperidone,mechanism_of_action
IM,,,Psychedelic,recreational,PIHKAL | phenethylamine,,,,no,no,,,,https://erowid.org/library/books_online/pihkal/pihkal091.shtml,"dose_ranges_by_route, duration_by_route, half_life_minutes, mechanism_of_action"
Imipramine,,Janimine | Tofranil,Antidepressant,medical_rx,QTc-prolongation-risk | TCA | anticholinergic | antidepressant | overdose-risk | prescription-only | serotonin-syndrome-risk,,,,no,no,1080.0,,,https://www.accessdata.fda.gov/drugsatfda_docs/label/2014/012449s069lbl.pdf | https://en.wikipedia.org/wiki/Imipramine | https://www.ncbi.nlm.nih.gov/books/NBK425164/,"dose_ranges_by_route, duration_by_route, mechanism_of_action"
Indapex,,5-MeO-TMT,Psychedelic,recreational,research-chemical | tentative,oral,oral,oral,yes,yes,,,,,"half_life_minutes, mechanism_of_action, references"
Indapyrophenidone,,,Stimulant,recreational,habit-forming | research-chemical | tentative,inhalation,inhalation | insufflation,inhalation | insufflation,yes,yes,,,,,"half_life_minutes, mechanism_of_action, references"
Indatraline,,LU-19-005,Stimulant,recreational,SNDRI | investigational | long-duration | research-chemical | slow-onset,,,,no,no,,,,https://en.wikipedia.org/wiki/Indatraline,"dose_ranges_by_route, duration_by_route, half_life_minutes, mechanism_of_action"
Inositol,,D-Chiro-Inositol | IP6 | Inositol Hexaphosphate | Myo-Inositol,Supplement,otc,GABAergic | OTC | PCOS | amino-acid-derivative | anxiolytic | insulin-sensitizer | mood | supplement,oral,oral,oral,yes,yes,240.0,,,https://en.wikipedia.org/wiki/Inositol | https://examine.com/supplements/inositol/,mechanism_of_action
Iodine,,KI | Lugol's Iodine | Nascent Iodine | Potassium Iodide,Supplement,otc,OTC | essential-mineral | mineral | supplement | thyroid,oral,oral,oral,yes,no,11520.0,,,https://ods.od.nih.gov/factsheets/Iodine-HealthProfessional/ | https://en.wikipedia.org/wiki/Iodine_in_biology,"duration_by_route, mechanism_of_action"
IP,,,Psychedelic,recreational,PIHKAL | phenethylamine,oral,oral,oral,yes,yes,,,,https://erowid.org/library/books_online/pihkal/pihkal092.shtml,"half_life_minutes, mechanism_of_action"
Ipamorelin,,NNC 26-0161,Peptide,medical_rx,GH-secretagogue | grey-market | peptide | performance-enhancing,subcutaneous,subcutaneous,subcutaneous,yes,yes,120.0,,,"Ipamorelin, the first selective growth hormone secretagogue. | https://en.wikipedia.org/wiki/Ipamorelin",mechanism_of_action
Ipomoea Tricolor,,三色牵牛,,medical_rx,,,,,no,no,,,,,"dose_ranges_by_route, duration_by_route, half_life_minutes, mechanism_of_action, references"
IRIS,,,Psychedelic,recreational,PIHKAL | phenethylamine,,,,no,no,,,,https://erowid.org/library/books_online/pihkal/pihkal093.shtml,"dose_ranges_by_route, duration_by_route, half_life_minutes, mechanism_of_action"
Iron Bisglycinate,,Ferrochel | Ferrous Bisglycinate | Gentle Iron | Iron Glycinate,Supplement,otc,GI-side-effects | OTC | hematopoiesis | mineral | oxygen-transport | supplement,oral,oral,oral,yes,no,2880.0,,,https://ods.od.nih.gov/factsheets/Iron-HealthProfessional/ | https://en.wikipedia.org/wiki/Iron_supplement,"duration_by_route, mechanism_of_action"
ISF 2522,,奥拉西坦,Nootropic,recreational,,oral,oral,oral,yes,yes,,研究显示，奥拉西坦能够增加海马细胞中的乙酰胆碱释放。由于乙酰胆碱参与记忆巩固功能，这或许可以解释它的益智药效应哦。,,,"half_life_minutes, references"
Isocarboxazid,,Marplan,Antidepressant,medical_rx,MAOI | antidepressant | dietary-restriction | hypertensive-crisis-risk | irreversible-MAOI | prescription-only | serotonin-syndrome-risk,,,,no,no,150.0,,,https://www.accessdata.fda.gov/drugsatfda_docs/label/2008/010632s041lbl.pdf | https://en.wikipedia.org/wiki/Isocarboxazid,"dose_ranges_by_route, duration_by_route, mechanism_of_action"
Isomethadone,,isoamidone,Opioid,recreational,MOR-full-agonist | habit-forming | methadone-isomer | tentative,oral,oral,oral,yes,yes,,,,,"half_life_minutes, mechanism_of_action, references"
Isophenidine,,NPDPA | NSC 34569 | isopropylphenidine,Dissociative,recreational,"class:1,2-diarylethylamine",insufflation,insufflation | oral,insufflation | oral,yes,yes,,,,,"half_life_minutes, mechanism_of_action, references"
Isophenmetrazine,,,Stimulant,recreational,habit-forming | research-chemical | tentative,insufflation,insufflation | oral,insufflation | oral,yes,yes,,,,,"half_life_minutes, mechanism_of_action, references"
Isopropylphenidate,,IPH | IPP | IPPD | IPPH | isopropyl phenidate,Stimulant,recreational,DAT-selective | class:substituted phenidates | habit-forming | long-duration | research-chemical | tentative,insufflation,insufflation | oral,insufflation | oral,yes,yes,,"目前还没有对异丙基哌醋甲酯进行正式的体内人体研究。然而，大鼠体内研究发现了兴奋作用；体外研究分别评估了单胺转运体结合亲和力和各种水解酶的亲和力。[[2]](#cite_note-IPPH-2)[[4]](#cite_note-PhenidateHydrolysis-4) 这些研究结果表明，异丙基哌醋甲酯的药理作用与其母体化合物哌甲酯非常相似。这两种物质之间的显著区别在于：异丙基哌醋甲酯作为去甲肾上腺素再摄取抑制剂的活性明显较低；且 CES1 水解酶（专门负责将这两种物质水解为利他林酸）对异丙基哌醋甲酯的亲和力比对哌甲酯低 8 倍。

这些差异导致该物质在等效有效剂量下，与哌甲酯相比，具有更显著的多巴胺能活性，而肾上腺素能活性相对较低。此外，该物质比哌甲酯持续时间更长，在给定剂量下的效力也比哌甲酯更强。异丙基哌醋甲酯与哌甲酯相比更高的效力在口服给药时最为显著，这是因为 CES1 亲和力较低，提高了异丙基哌醋甲酯的生物利用度，而哌甲酯口服时由于肝脏中 CES1 的首过代谢，生物利用度明显较低。[[5]](#cite_note-MPHBioavailability-5)

尽管这两种物质之间存在显著差异，但异丙基哌醋甲酯仍被认为主要作为多巴胺再摄取抑制剂和去甲肾上腺素再摄取抑制剂发挥作用。这意味着它通过结合并部分阻断通常从突触间隙移除这些单胺的转运蛋白，有效地提高大脑中去甲肾上腺素和多巴胺神经递质的水平。这使得多巴胺和去甲肾上腺素在大脑内积聚，从而产生兴奋作用。",Analysis enhancement | Anxiety | Appetite suppression | Cognitive euphoria | Cognitive fatigue | Dehydration | Depression | Focus enhancement | Increased heart rate | Irritability | Motivation enhancement | Stimulation | Teeth grinding | Thought acceleration | Thought deceleration | Vasoconstriction | Wakefulness,,"half_life_minutes, references"
Isoproscaline,,ip,Psychedelic,recreational,research-chemical | tentative,oral,oral,oral,yes,yes,,,,,"half_life_minutes, mechanism_of_action, references"
Isotonitazene,,ISO | ITZ,Opioid,recreational,US-Schedule-I | active-metabolite | benzimidazole-opioid | class:Benzimidazole-derived nitazene opioid | extreme-potency | fatalities-reported | fentanyl-stronger | mu-full-agonist | naloxone-high-dose-required | nitazene | subnanomolar-EC50,insufflation,insufflation | oral,insufflation | oral,yes,no,,,,https://en.wikipedia.org/wiki/Isotonitazene,"duration_by_route, half_life_minutes, mechanism_of_action"
Isotonitazepyne,,N-pyrrolidino isotonitazene | NPI | PYRITZ | iso-pyne,Opioid,recreational,designer-opioid | fatalities-reported | fentanyl-class-potency | fentanyl-stronger | less-mor-selective | mu-full-agonist | mu-opioid-agonist | naloxone-high-dose-required | nitazene | opioid,insufflation,insufflation | oral,insufflation | oral,yes,yes,,,,https://en.wikipedia.org/wiki/Isotonitazepyne,"half_life_minutes, mechanism_of_action"
J,,,Psychedelic,recreational,PIHKAL | phenethylamine,oral,oral,oral,yes,yes,,,,https://erowid.org/library/books_online/pihkal/pihkal094.shtml,"half_life_minutes, mechanism_of_action"
J-147,,J147,Nootropic,recreational,AMPK-activator-indirect | ATP-synthase-modulator | investigational | neuroprotective | nootropic | preclinical-mostly | research-chemical,,,,no,no,,,,https://en.wikipedia.org/wiki/J147,"dose_ranges_by_route, duration_by_route, half_life_minutes, mechanism_of_action"
JHW-007,,N-butyl-AHN-1055,Stimulant,recreational,DRI | atypical-DAT-inhibitor | cocaine-antagonist | investigational | no-human-data | research-chemical | sigma-antagonist,,,,no,no,,,,Uromodulin storage disease.,"dose_ranges_by_route, duration_by_route, half_life_minutes, mechanism_of_action"
JJC8-088,,,Stimulant,recreational,DRI | cocaine-like-DAT | hERG-liability | hERG-strong | investigational | no-human-data | outward-open-DAT | research-chemical,,,,no,no,,,,The C-terminal region of tumor necrosis factor like weak inducer of apoptosis is required for interaction with advanced glycation end products.,"dose_ranges_by_route, duration_by_route, half_life_minutes, mechanism_of_action"
JNJ-7925476,,,Stimulant,recreational,SNDRI | investigational | research-chemical,,,,no,no,,,,https://pubmed.ncbi.nlm.nih.gov/,"dose_ranges_by_route, duration_by_route, half_life_minutes, mechanism_of_action"
JWH-018,,AM-678 | K2 | NA-PIMO | Spice | ‘Spice’/‘K2’ active,Cannabinoid,recreational,AKI-risk | US-Schedule-I | aminoalkylindole | class:naphthoylindole | full-agonist-CB1 | high-risk | high-toxicity | no-human-data | research-chemical | seizure-risk | synthetic-cannabinoid,inhalation,inhalation | oral,inhalation | oral,yes,yes,,,,https://en.wikipedia.org/wiki/JWH-018,"half_life_minutes, mechanism_of_action"
JWH-073,,Spice,Cannabinoid,recreational,US-Schedule-I | aminoalkylindole | class:naphthoylindole | full-agonist-CB1 | high-risk | synthetic-cannabinoid,inhalation,inhalation,inhalation,yes,yes,,与大多数合成大麻素不同（包括JWH-018），JWH-073在CB1受体与CB2受体这两种大麻素受体上都是完全受体激动剂；不过，与JWH-018不同的是，JWH-073在人类相关相互作用方面的研究还不算充分。只是动物研究显示，它的结合特征高于四氢大麻酚。,,https://en.wikipedia.org/wiki/JWH-073,half_life_minutes
JYI-73,,氟溴唑仑,,medical_rx,,oral,oral,oral,yes,yes,,"Benzodiazepines produce their effects by binding to the benzodiazepine receptor site and acting on receptors to amplify the efficiency and effects of the neurotransmitter gamma-aminobutyric acid (GABA). Because this site represents the most abundant inhibitory receptor set in the brain, its modulation results in the sedating (or depressant) effect of flubrotizolam on the nervous system. The anticonvulsant properties of benzodiazepines may be attributable in part or in full to binding at voltage-dependent sodium channels rather than at the benzodiazepine receptor.

Life-threatening adverse reactions have been observed at flubrotizolam doses as low as 3 mg.",,,"half_life_minutes, references"
Kanna,,Sceletium tortuosum | channa,Depressant,recreational,SSRI-like-natural-product | habit-forming | miscategorised,inhalation,inhalation | insufflation | oral,inhalation | insufflation | oral,yes,yes,,,,,"half_life_minutes, mechanism_of_action, references"
Kava,,Piper methysticum | kava-kava | 卡瓦,Depressant,recreational,CYP3A4-inhibitor | GABA-A-PAM-non-BZ-site | habit-forming | hepatotoxicity-rare,oral,oral,oral,yes,yes,,"Pharmacologically, kava's effects derive from 18 distinct chemical constituents found in the plant — the kavalactones — of which six have been found to produce psychoactive effects directly in the body. First, kavain, dihydrokavain, and dihydromethysticin all act on GABA receptors as agonists, producing the familiar anxiolytic effects. Dihydrokavain is also a reversible, selective monoamine oxidase inhibitor, acting specifically on the MAO-B enzyme. Next is methysticin, which is notable for its ability to activate CB receptors in the endocannabinoid system. Desmethoxyyangonin is likewise a MAO-B inhibitor and increases dopamine levels in the nucleus accumbens. This, combined with its apparent ability to raise serotonin and other catecholamine concentrations, may be why kava is considered to promote attention. Finally there is yangonin. Evidence suggests that yangonin may be a serotonin-norepinephrine reuptake inhibitor (SNRI), and there is also evidence that it may be an activator of NMDA receptors. Yangonin has also been shown to be a potent GABA receptor agonist and a positive allosteric modulator that enhances GABA potency. Due to its antagonism of sodium (Na⁺) channels, yangonin also exerts mild anticonvulsant effects. It is simultaneously an effective mood stabilizer, acting both as a calcium (Ca²⁺) channel antagonist and as a positive regulator of potassium channels (K⁺ channels). Its action on calcium channels also renders it an effective anticonvulsant, and in synergy with methysticin it produces good analgesic effects by acting simultaneously on calcium channels and the endocannabinoid system.",,,"half_life_minutes, references"
Ketamine,,Arketamine | Cat Tranquilizer | Esketamine | JNJ-54135419 | Jet | K | Ket | Ketalar | Ketanest | Ketanest S | Ketaset | Kitty | K他命 | K粉 | PCN-101 | Purple | S-(-)-ketamine | Special K | Spravato | Vitamin K | arketamine / R-ketamine | esketamine / S-ketamine | horse tranquilizer | kittens | racemic ketamine | wonk | 克他命 | 喵喵 | 嗨药 | 氯胺酮 | 维生素K | 茄,Dissociative,recreational,CYP2B6-substrate | CYP3A4-substrate | FDA-approved-TRD | FDA-approved-anesthetic | HCN1-inhibitor | NMDA-antagonist | US-Schedule-III | antidepressant | arylcyclohexylamine | class:arylcyclohexylamines | common | duplicate-of-esketamine | habit-forming | investigational | investigational-antidepressant | lower-dissociation | prescription-only | research-chemical | σ1-agonist-strong,insufflation,insufflation | intramuscular | intravenous | oral | rectal,insufflation | intramuscular | intravenous | oral | rectal,yes,yes,150.0,"更多信息：NMDA受体拮抗剂类药物

氯胺酮被归类为非竞争性NMDA受体拮抗剂。

NMDA 受体是一种离子型谷氨酸受体，允许电信号在大脑和脊柱的神经元之间传递；要让信号通过，受体必须是开放的。解离剂通过阻断这些受体来关闭它们。这种神经元的断连会导致感觉丧失、行动困难，最终导致被称为“K-hole（K洞）”的状态。

它是最容易识别的解离剂之一，这个大家族还包括 苯环利定 (PCP)、MXE、右美沙芬 (DXM) 和 氧化亚氮。

在高剂量、完全麻醉水平下，氯胺酮还被发现能与培养的人类神经母细胞瘤细胞中的 μ-阿片受体 2 型结合，但不具有激动剂活性，并在大鼠中与 sigma 受体结合。此外，氯胺酮还与毒蕈碱受体、下行单胺能疼痛通路和电压门控钙通道相互作用。

在亚麻醉和完全麻醉剂量下，氯胺酮被发现通过抑制 5-HT 受体而不是通过单胺氧化酶抑制作用来阻止大脑中的血清素耗竭。","Acuity suppression | Amnesia | Analysis enhancement | Anxiety suppression | Auditory distortion | Auditory enhancement | Auditory hallucinations | Auditory suppression | Autonomous entities | Compulsive redosing | Conceptual thinking | Consciousness disconnection | Depersonalization | Derealization | Disinhibition | Dizziness | Double vision | Déjà vu | Environmental cubism | Environmental orbism | External hallucinations | Frame rate suppression | Geometry | Immersion enhancement | Information processing suppression | Internal hallucinations | Memory suppression | Motor control loss | Nausea | Pattern recognition suppression | Perception of decreased weight | Personal bias suppression | Perspective alterations | Perspective distortions | Physical autonomy | Physical euphoria | Scenarios and plots | Scenery slicing | Settings, sceneries, and landscapes | Spontaneous tactile sensations | Subconscious communication | Suggestibility enhancement | Synaesthesia | Tactile disconnection | Tactile suppression | Thought deceleration | Time distortion | Unity and interconnectedness | Visual disconnection | Visual sliding","https://en.wikipedia.org/wiki/Arketamine | https://www.accessdata.fda.gov/drugsatfda_docs/label/2019/211243lbl.pdf | https://en.wikipedia.org/wiki/Esketamine | Pharmacokinetics of ketamine and its major metabolites norketamine, hydroxynorketamine, and dehydronorketamine: a model-based analysis",
Ketazolam,,,Benzodiazepine,recreational,GABAA-PAM | benzodiazepine | habit-forming | prodrug-of-diazepam,oral,oral,oral,yes,yes,,,,,"half_life_minutes, mechanism_of_action, references"
Ketobemidone,,Ketogan | kbd,Opioid,recreational,MOR-full-agonist | NMDA-antagonist-weak | habit-forming | neuropathic-pain,oral,oral,oral,yes,yes,141.0,,,,"mechanism_of_action, references"
Ketotifen,,Alaway | Ketof | Zaditen | Zaditor,Antihistamine,medical_rx,H1-antagonist | OTC | anticholinergic | antihistamine | first-gen-antihistamine | mast-cell-stabilizer | sedating,,,,no,no,1320.0,,,https://en.wikipedia.org/wiki/Ketotifen,"dose_ranges_by_route, duration_by_route, mechanism_of_action"
Khat,,,Stimulant,recreational,habit-forming,,,,no,no,,,,,"dose_ranges_by_route, duration_by_route, half_life_minutes, mechanism_of_action, references"
Kratom,,Ketum | Kratum | Mitragyna Speciosa | biak | กระท่อม | 卡痛 | 卡痛叶 | 卡痛葉 | 帽柱木,Opioid,recreational,MOR-via-7-OH-MG | class:indole alkaloids | habit-forming | plant-mixture,oral,oral,oral,yes,yes,1390.0,Partial μ-Opioid Agonist and Adrenergic/Serotonergic Modulator,Acuity suppression | Anxiety suppression | Body odor alteration | Cognitive euphoria | Constipation | Cough suppression | Difficulty urinating | Double vision | Internal hallucinations | Itchiness | Motivation enhancement | Nausea | Pain relief | Physical euphoria | Pupil constriction | Stimulation | Thought acceleration | Visual disconnection,Pharmacokinetics of mitragynine in man,
L-Carnitine,,Carnitine | Carnitor,Supplement,otc,OTC | amino-acid-derivative | cardiovascular | mitochondrial-support | supplement,oral,oral,oral,yes,yes,240.0,,,https://ods.od.nih.gov/factsheets/Carnitine-HealthProfessional/ | https://en.wikipedia.org/wiki/Carnitine,mechanism_of_action
L-Theanine,,L-γ-glutamylethylamide | Suntheanine | Theanine | 茶氨酸,Supplement,recreational,AMPA-modulator | GABAergic | OTC | adaptogen | amino-acid-derivative | anxiolytic | nootropic | supplement,oral,oral,oral,yes,yes,60.0,Glutamate Analogue with GABAergic and Serotonergic Effects,,https://en.wikipedia.org/wiki/Theanine | https://examine.com/supplements/theanine/,
L-Tryptophan,,L-Trp | Optimax | Trp | Tryptophan,Supplement,otc,5-HT-precursor | 5HT-precursor | OTC | amino-acid | essential-amino-acid | serotonin-syndrome-risk | sleep | supplement,oral,oral,oral,yes,yes,90.0,,,https://ods.od.nih.gov/factsheets/Tryptophan-HealthProfessional/ | https://en.wikipedia.org/wiki/Tryptophan,mechanism_of_action
L-Tyrosine,,4-Hydroxyphenylalanine | 4-羟基苯丙氨酸 | L-酪氨酸 | NALT | Tyrosine | 酪氨酸,Supplement,otc,OTC | amino-acid | catecholamine-precursor | dopamine-precursor | nootropic | supplement,oral,oral,oral,yes,yes,165.0,"The effects produced by tyrosine as a supplement or psychoactive compound arise from its role as a precursor to the catecholamine neurotransmitters. Supplemental L-tyrosine is converted in the body to L-DOPA, which is subsequently decarboxylated to dopamine, then further converted to norepinephrine, and finally to epinephrine. This means it does raise the levels of these neurotransmitters in the brain, producing stimulant and euphoric effects. These three neurotransmitters are collectively referred to as ""catecholamines.""

The synthesis of catecholamines in the body is limited by the local substrate pool, so the subjective effects of tyrosine tend to reach a ""ceiling"" at high doses, beyond which further supplementation for the purpose of enhancing stimulation typically becomes ineffective.

Beyond its role as a proteinogenic amino acid, tyrosine has additional functions owing to its phenolic hydroxyl group. It is found in proteins involved in signal transduction processes, where it acts as a phosphate group acceptor from protein kinases. Phosphorylation of the hydroxyl group can alter the activity of the target protein or serve as part of a signaling cascade through SH2 domain binding.",,https://en.wikipedia.org/wiki/Tyrosine | https://examine.com/supplements/l-tyrosine/,
Labetalol,,Normodyne | Trandate,Cardiovascular,medical_rx,alpha1-blocker | antihypertensive | beta-blocker | non-selective | prescription-only,intravenous,intravenous | oral,intravenous | oral,yes,yes,360.0,,,https://en.wikipedia.org/wiki/Labetalol,mechanism_of_action
Lacosamide,,Vimpat,Anticonvulsant,medical_rx,anticonvulsant | prescription-only | sodium-channel-blocker,,,,no,no,780.0,,,https://en.wikipedia.org/wiki/Lacosamide,"dose_ranges_by_route, duration_by_route, mechanism_of_action"
LAE-32,,,Psychedelic,recreational,class:lysergamides,oral,oral,oral,yes,yes,,,,,"half_life_minutes, mechanism_of_action, references"
LAE-52,,d-麦角酸乙胺,,medical_rx,,,,,no,no,,"See also: Serotonergic psychedelics

LAE-32 most likely produces its effects by binding to serotonin receptors in the brain. Like LSD, it may also bind to dopamine receptors.",,,"dose_ranges_by_route, duration_by_route, half_life_minutes, references"
Lamotrigine,,LTG | Lamictal,,recreational,HLA-B*15:02-test-required | SJS-TEN-risk | UGT1A4-substrate | class:Phenyl-triazine anticonvulsant | sodium-channel-blocker | use-dependent-block,oral,oral,oral,yes,yes,1740.0,Voltage-Gated Sodium Channel Blocker and Glutamate Release Inhibitor,,Pharmacokinetics of lamotrigine and its metabolite N‐2‐glucuronide: Influence of polymorphism of UDP‐glucuronosyltransferases and drug transporters,
Lean,,Promethazine+Codeine | Purple Drank | barre | drank | pint | sizzurp | syrup | texas tea | wock,Opioid,recreational,QT-risk | polypharmacy,oral,oral,oral,yes,yes,,,,,"half_life_minutes, mechanism_of_action, references"
Lemborexant,,Dayvigo,OrexinAntagonist,medical_rx,DORA | US-Schedule-IV | orexin-antagonist | prescription-only | sedative-hypnotic,oral,oral,oral,yes,yes,1080.0,,,https://en.wikipedia.org/wiki/Lemborexant,mechanism_of_action
Letrozole,,CGS-20267 | Femara,Endocrine,medical_rx,wada-prohibited,oral,oral,,no,no,2880.0,Nonsteroidal (type II/triazole) aromatase inhibitor; competitive and reversible CYP19 inhibitor.,,FDA Femara prescribing information | Effect of age and single versus multiple dose pharmacokinetics of letrozole (Femara) in breast cancer patients.,
Levetiracetam,,Keppra | UCB-LO59 | etiracetam S-enantiomer,Anticonvulsant,medical_rx,SV2A-ligand | SV2A-prototype | anticonvulsant | behavioral-AEs | no-CYP-metabolism | prescription-only | racetam | renal-eliminated,,,,no,no,420.0,,,"https://www.accessdata.fda.gov/drugsatfda_docs/label/2009/021035s078s080,021505s021s024lbl.pdf | https://en.wikipedia.org/wiki/Levetiracetam","dose_ranges_by_route, duration_by_route, mechanism_of_action"
Levocetirizine,,Xuzal | Xyzal,Antihistamine,medical_rx,H1-antagonist | OTC | antihistamine | non-sedating | second-gen-antihistamine,,,,no,no,480.0,,,https://www.accessdata.fda.gov/drugsatfda_docs/label/2007/021937s002lbl.pdf | https://en.wikipedia.org/wiki/Levocetirizine,"dose_ranges_by_route, duration_by_route, mechanism_of_action"
Levomethorphan,,L-methorphan | LVM | Levomethorphanum | Levometorfano,Antidepressant,medical_rx,MOR-prodrug | NMDA-antagonist | SNRI | class:Morphinan | long-half-life,,,,no,no,720.0,,,Developments in local anaesthetic drugs,"dose_ranges_by_route, duration_by_route, mechanism_of_action"
Librium,,chlordiazepoxide | 氯氮䓬,Benzodiazepine,recreational,GABAA-PAM | benzodiazepine | brand-name-of-chlordiazepoxide | habit-forming,oral,oral,oral,yes,yes,,"Chlordiazepoxide is a prodrug of nordiazepam. Nordiazepam acts as a partial agonist at ω1 and ω2 benzodiazepine receptors, which are allosteric sites on GABA-A receptors. Van der Waals force-induced conformational changes increase GABA-A receptor activation by approximately 300%. Nordiazepam, a metabolite of many benzodiazepines, is slowly metabolized to oxazepam (which has full agonist activity), followed by conjugation.",,,"half_life_minutes, references"
Lion's Mane,,Hericium erinaceus | Monkey Head Mushroom | Yamabushitake,Supplement,otc,NGF-stimulator | OTC | cognitive-enhancement | herbal | mushroom | neuroprotective | nootropic | supplement,oral,oral,oral,yes,no,480.0,,,https://en.wikipedia.org/wiki/Hericium_erinaceus | https://examine.com/supplements/lions-mane-mushroom/,"duration_by_route, mechanism_of_action"
Liraglutide,,Saxenda | Victoza,Peptide,medical_rx,GLP-1-agonist | anti-diabetic | anti-obesity | peptide | prescription-only | weight-loss,subcutaneous,subcutaneous,subcutaneous,yes,no,780.0,,,https://www.accessdata.fda.gov/drugsatfda_docs/label/2020/022341s031lbl.pdf | https://en.wikipedia.org/wiki/Liraglutide,mechanism_of_action
Lisdexamfetamine,,Elvanse | L-赖氨酸-右旋苯丙胺 | LDX | Lisdexamphetamine | Vyvanse | lisdextroamfetamine | lisdextroamphetamine | 利右苯丙胺 | 利右苯丙胺（Lisdexamfetamine）,Stimulant,recreational,RBC-activated | class:amphetamine | class:substituted amphetamines | habit-forming | low-IV-abuse-liability | prodrug,oral,oral,oral,yes,yes,70.0,Prodrug of Dextroamphetamine (Monoamine Releasing Agent),,https://www.accessdata.fda.gov/drugsatfda_docs/label/2017/208510lbl.pdf,
Lithium,,Eskalith | Lithium Carbonate | Lithium orotate | Lithobid | Lithonate,Anticonvulsant,medical_rx,GSK-3-inhibitor | antimanic | mood-stabilizer | narrow-therapeutic-index | nootropic | prescription-only | renal-excretion | supplement,oral,oral,oral,yes,no,1440.0,,,https://en.wikipedia.org/wiki/Lithium_(medication) | https://en.wikipedia.org/wiki/Lithium_orotate,"duration_by_route, mechanism_of_action"
Lofentanil,,3-methylcarfentanil | R-34995,Opioid,recreational,extreme-potency | mu-superagonist | very-long-acting | wooden-chest-syndrome-risk,intravenous,intravenous,intravenous,yes,yes,,,,,"half_life_minutes, mechanism_of_action, references"
Lofexidine,,BritLofex | Lucemyra,Cardiovascular,medical_rx,QT-prolonging | alpha2-agonist | antihypertensive | opioid-withdrawal | prescription-only,oral,oral,oral,yes,yes,750.0,,,https://en.wikipedia.org/wiki/Lofexidine,mechanism_of_action
Loperamide,,洛哌丁胺,,otc,,oral,oral,oral,yes,yes,,Peripheral μ-Opioid Receptor Agonist,,,"half_life_minutes, references"
Lophophine,,,Psychedelic,recreational,PIHKAL | phenethylamine,,,,no,no,,,,https://erowid.org/library/books_online/pihkal/pihkal095.shtml,"dose_ranges_by_route, duration_by_route, half_life_minutes, mechanism_of_action"
Lophophora Williamsii,,乌羽玉,,medical_rx,,,,,no,no,,,,,"dose_ranges_by_route, duration_by_route, half_life_minutes, mechanism_of_action, references"
Loprazolam,,dormonoct,Benzodiazepine,recreational,GABAA-PAM | benzodiazepine | habit-forming | imidazolobenzodiazepine,oral,oral,oral,yes,yes,,,,,"half_life_minutes, mechanism_of_action, references"
Loratadine,,Alavert | Claritin | Clarityn,Antihistamine,otc,H1-antagonist | OTC | antihistamine | non-sedating | second-gen-antihistamine,oral,oral,oral,yes,yes,480.0,,,https://www.accessdata.fda.gov/drugsatfda_docs/label/2002/19657s070lbl.pdf | https://en.wikipedia.org/wiki/Loratadine,mechanism_of_action
Lorazepam,,Ativan | Loreev XR | Lorsilan | Orfidal | Tavor | Temesta | o-Chloroxazepam | 劳拉西泮,Benzodiazepine,recreational,GABAA-PAM | UGT2B15-substrate | benzodiazepine | class:benzodiazepines | habit-forming | no-CYP-metabolism | no-active-metabolite,intramuscular,intramuscular | oral,intramuscular | oral,yes,yes,840.0,"苯二氮卓类药物通过与苯二氮卓受体位点结合，作用于 GABA 受体，从而放大神经递质 γ-氨基丁酸（GABA）的效率和效应，从而产生各种效果。 由于该位点是大脑中最为丰富的抑制性受体组，其调节导致了劳拉西泮对神经系统的镇静（或镇静效应）。

苯二氮卓类药物的抗惊厥特性可能部分或全部归因于其与电压依赖性钠通道的结合，而非苯二氮卓受体。

与其他苯二氮卓类药物相比，与其他苯二氮卓类药物相比，劳拉西泮被认为对 GABA 受体具有相对较高的亲和力，这也可以解释其显著的健忘效应。

劳拉西泮通过肝脏途径进行葡萄糖醛酸酸化，产生劳拉西泮葡萄糖醛酸苷作为主要代谢物。附着的葡萄糖醛酸苷增加了分子的极性，使其能更快地通过尿液排出。",Amnesia | Analysis suppression | Anxiety suppression | Compulsive redosing | Delusions | Disinhibition | Dizziness | Emotion suppression | Information processing suppression | Motor control loss | Muscle relaxation | Nausea suppression | Respiratory depression | Sedation | Seizure suppression | Thought deceleration,"Pharmacokinetics and Bioavailability of Intravenous, Intramuscular, and Oral Lorazepam in Humans",
Lormetazepam,,noctamid,Benzodiazepine,recreational,GABAA-PAM | UGT-substrate | benzodiazepine | habit-forming | minimal-CYP-metabolism,oral,oral,oral,yes,yes,,,,,"half_life_minutes, mechanism_of_action, references"
Loxapine,,Adasuve | Loxitane,Antipsychotic,medical_rx,5HT2A-antagonist | D2-antagonist | antipsychotic | dibenzoxazepine | prescription-only | typical-antipsychotic,inhalation,inhalation | oral,inhalation | oral,yes,yes,240.0,,,https://www.accessdata.fda.gov/drugsatfda_docs/label/2012/022549lbl.pdf | https://en.wikipedia.org/wiki/Loxapine,mechanism_of_action
LR-1111,,,Stimulant,recreational,DAT-selective-extreme | DRI | investigational | no-human-data | research-chemical,,,,no,no,,,,https://pubmed.ncbi.nlm.nih.gov/,"dose_ranges_by_route, duration_by_route, half_life_minutes, mechanism_of_action"
LSA,,Ergine | Morning | d-lysergamide | d-lysergic acid amide | d-麦角酸酰胺 | hbmg | hbw | hbwr | morning_glory | morningglory | ololiuqui,Psychedelic,recreational,class:lysergamides | natural-ergot-alkaloid,oral,oral | other | sublingual,oral | other | sublingual,yes,yes,,,"Acuity enhancement | Analysis enhancement | Auditory distortion | Auditory enhancement | Auditory hallucinations | Autonomous entities | Colour enhancement | Colour shifting | Conceptual thinking | Drifting | Déjà vu | Emotion enhancement | Geometry | Internal hallucinations | Memory suppression | Motor control loss | Novelty enhancement | Pattern recognition enhancement | Perception of increased weight | Perspective alterations | Physical euphoria | Pupil dilation | Scenarios and plots | Sedation | Settings, sceneries, and landscapes | Spontaneous tactile sensations | Subconscious communication | Thought acceleration | Thought connectivity | Time distortion | Transformations | Unity and interconnectedness | Vasoconstriction | Wakefulness",,"half_life_minutes, mechanism_of_action, references"
LSD,,"Acid | Blotter | Cid | D-LSD-25 | D-lysergic acid N,N-diethylamide | D-lysergic acid dethylamide | D-lysergic acid diethylamide | Delysid | L | LSD 25 | LSD-25 | Lucy | N,N-diethyllysergamide | Tabs | blotter acid | dextrolysergic acid diethylamide | dots | hits | lysergamide | lysergic acid amide | lysergic acid diethylamide | lysergic acid diethylamide-25 | lysergide | mellow yellow | microdot | window pane | 麥角酸二乙醯胺 | 麦角酸二乙酰胺",Psychedelic,recreational,5-HT1A-full-agonist | CYP3A4-substrate | TAAR1-agonist | TIHKAL | arrestin-biased-5HT2A | class:lysergamides | common | long-residence-time | tryptamine,oral,oral | sublingual,oral | sublingual,yes,yes,240.0,"![Lsd_brain_scan.jpg](/文件/Lsd_brain_scan.jpg)

这张图显示了在 LSD 作用下（右图），与安慰剂相比（左图），大脑的更多部分如何在闭眼时参与视觉体验。

这种效应的幅度与参与者报告的复杂、梦幻般的视觉相关。

![LSDaffinities.GIF](/文件/LSDaffinities.GIF)

LSD 对各种受体的结合亲和力。

解离常数 (Ki) 越低，LSD 与该受体的结合越强（即亲和力越高）。水平线代表人类血浆中 LSD 浓度的近似值，因此，高于该线的受体亲和力不太可能参与 LSD 的效应。","Acuity enhancement | After images | Analysis enhancement | Auditory distortion | Auditory enhancement | Auditory hallucinations | Autonomous entities | Bodily control enhancement | Colour enhancement | Colour shifting | Conceptual thinking | Creativity enhancement | Delusions | Depth perception distortions | Drifting | Déjà vu | Emotion enhancement | External hallucinations | Feelings of eternalism | Feelings of interdependent opposites | Feelings of self-design | Geometry | Immersion enhancement | Increased heart rate | Increased libido | Internal hallucinations | Laughter | Magnification | Memory suppression | Multiple thought streams | Muscle spasms | Nausea | Novelty enhancement | Pattern recognition enhancement | Personal bias suppression | Personal meaning enhancement | Personality regression | Perspective alterations | Perspective distortions | Physical euphoria | Pupil dilation | Recursion | Scenarios and plots | Scenery slicing | Settings, sceneries, and landscapes | Simultaneous emotions | Spirituality enhancement | Spontaneous tactile sensations | Stimulation",https://erowid.org/library/books_online/tihkal/tihkal26.shtml,
LSM-775,,N-吗啉基麦角酰胺 | lsm | 麦角酸吗啉,Psychedelic,recreational,class:lysergamides | research-chemical | tentative,oral,oral,oral,yes,yes,,"LSM-775 可能作为 5-HT 部分激动剂起作用呢。人们认为迷幻效应源于 LSM-775 对 5-HT 受体的效力喵。然而，这些相互作用的作用以及它们如何导致迷幻体验，仍然是科学阐明对象。

N-吗啉基麦角酰胺 (LSM-775) 是麦角灵的衍生物。它的效力不如 LSD，但据报道在 75 到 700 微克的剂量范围内具有一些类似 LSD 的效应，且持续时间更短喵。与 LSD 相比，LSM-775 的心血管刺激和外周毒性迹象较少呢。",,,"half_life_minutes, references"
LSZ,,"Diazedine | LA-SS-Az | Lambda | lysergic acid 2,4-dimethylazetidide | 麦角酸 2,4-二甲基氮杂环丁烷",Psychedelic,recreational,class:lysergamides | research-chemical,oral,oral,oral,yes,yes,,"更多信息请参见：血清素能迷幻剂

LSZ 可能作为 血清素 的受体激动剂。人们认为迷幻剂效应源于 LSZ 对血清素受体的作用。然而，这些相互作用的作用以及它们如何导致迷幻体验，目前仍然难以捉摸呢。",,,"half_life_minutes, references"
Lurasidone,,Latuda,Antipsychotic,medical_rx,5HT1A-partial-agonist | 5HT2A-antagonist | 5HT7-antagonist | D2-antagonist | antipsychotic | atypical-antipsychotic | bipolar-depression | prescription-only,oral,oral,oral,yes,yes,1080.0,,,https://www.accessdata.fda.gov/drugsatfda_docs/label/2013/200603s009lbl.pdf | https://en.wikipedia.org/wiki/Lurasidone,mechanism_of_action
Lys-MDA,,Lysine-MDA,Empathogen,recreational,SNDRI | investigational | no-human-data | phase-1-data | phenethylamine | prodrug,,,,no,no,,,,,"dose_ranges_by_route, duration_by_route, half_life_minutes, mechanism_of_action, references"
M,,,Psychedelic,recreational,PIHKAL | phenethylamine,oral,oral,oral,yes,yes,,,,https://erowid.org/library/books_online/pihkal/pihkal096.shtml,"half_life_minutes, mechanism_of_action"
Maca,,Black Maca | Lepidium meyenii | Maca Root | Peruvian Ginseng | Red Maca,Supplement,otc,OTC | adaptogen | fertility | herbal | libido | supplement,oral,oral,oral,yes,yes,240.0,,,https://en.wikipedia.org/wiki/Maca_(plant) | https://examine.com/supplements/maca/,mechanism_of_action
MADAM-6,,6-methyl-MDMA,Psychedelic,recreational,MISCLASSIFICATION | PIHKAL | PIHKAL-inactive | phenethylamine | phenethylamine-MDxx | research-chemical | synthetic-cannabinoid,,,,no,no,,,,https://erowid.org/library/books_online/pihkal/pihkal098.shtml,"dose_ranges_by_route, duration_by_route, half_life_minutes, mechanism_of_action"
Magnesium,,Bisglycinate Chelate | Citrate of Magnesia | Magnesium Bisglycinate | Magnesium Citrate | Magnesium Diglycinate | Magnesium Glycinate | Magnesium L-Threonate | Magnesium Threonate | Magtein | Mg-T,Supplement,otc,NMDA-modulator | OTC | anxiolytic | cognitive-enhancement | laxative | mineral | muscle-relaxant | nootropic | sleep | supplement,oral,oral,oral,yes,no,1440.0,,,https://ods.od.nih.gov/factsheets/Magnesium-HealthProfessional/ | https://en.wikipedia.org/wiki/Magnesium_citrate | https://en.wikipedia.org/wiki/Magnesium_glycinate | https://en.wikipedia.org/wiki/Magnesium_L-threonate | https://examine.com/supplements/magnesium-l-threonate/,"duration_by_route, mechanism_of_action"
Mazindol,,42-548 | AN-448 | Mazanor | Sanorex | Teronac,Stimulant,recreational,"NDRI | OX2R-agonist | US-Schedule-IV | anorectic | class:Tricyclic, piperidine derivative | prescription-only",oral,oral,oral,yes,yes,540.0,,,https://en.wikipedia.org/wiki/Mazindol,mechanism_of_action
MBDB,,eden | methyl-j,Empathogen,recreational,habit-forming | research-chemical | tentative,oral,oral,oral,yes,yes,,,,,"half_life_minutes, mechanism_of_action, references"
MBT,,,Psychedelic,recreational,TIHKAL | tryptamine,oral,oral,oral,yes,yes,,,,https://erowid.org/library/books_online/tihkal/tihkal27.shtml,"half_life_minutes, mechanism_of_action"
MBZP,,methylbenylpiperazine,Stimulant,recreational,habit-forming | research-chemical | tentative,oral,oral,oral,yes,yes,,,,,"half_life_minutes, mechanism_of_action, references"
mCPP,,间氯苯哌嗪,Stimulant,recreational,class:substituted piperazines | research-chemical | tentative,oral,oral,oral,yes,yes,,"mCPP 对 5-HT, 5-HT, 5-HT, 5-HT, 5-HT, 5-HT, 5-HT 和 5-HT 受体，以及血清素转运蛋白（SERT）具有显著的亲和力。它对 α-肾上腺素能、α-肾上腺素能、H、I（咪唑啉受体）和去甲肾上腺素转运蛋白（NET）也有一定的亲和力。它在大多数血清素受体上表现为激动剂。研究表明，mCPP 不仅作为血清素再摄取抑制剂发挥作用，还作为血清素释放剂起作用呢。

mCPP 最强的作用发生在 5-HT 和 5-HT 受体上，其辨别性提示主要由 5-HT 介导。它的负面效应，如焦虑、头痛和食欲减退，很可能是通过它对 5-HT 受体的作用介导的喵。mCPP 的其他效应还包括恶心、活动减退和阴茎勃起，后两者是 5-HT 活性增加的结果，而前者可能是通过 5-HT 刺激产生的。

mCPP 是人类 5-HT 受体部分激动剂，但作为人类 5-HT 和 5-HT 受体的拮抗剂。由于它对人类 5-HT 受体缺乏激动作用，目前还没有 mCPP 在人类中产生致幻效应的报告哦。

mCPP 是抗抑郁药曲唑酮的一种活性代谢物呢。",,,"half_life_minutes, references"
MD-PHP,,"3' | 3,4-MDPHP | MDPH | MDPHP | methylenedioxypyrolidinohexiophenone | monkey dust | zombie dust",Stimulant,recreational,NDRI | pyrovalerone-cathinone | stimulant-not-entactogen,inhalation,inhalation | insufflation | oral,inhalation | insufflation | oral,yes,yes,,"MDPHP is thought to act primarily as a potent norepinephrine-dopamine reuptake inhibitor (NDRI). Reduced reuptake of norepinephrine and dopamine leads to elevated concentrations of these two catecholamine neurotransmitters in the synaptic cleft — the gap between neurons. This inhibition enhances and prolongs the postsynaptic dopaminergic and noradrenergic signaling at the dopamine and norepinephrine receptors of receiving neurons. Serotonin also plays a role, though to a substantially lesser degree. This acute increase in neurotransmitter concentrations in the brain is believed to be responsible for the effects of MDPHP. MDPHP predominantly possesses reuptake inhibition properties and may act more similarly to cocaine or methylphenidate than to amphetamine. By contrast, amphetamine acts primarily as an agonist, indirectly releasing dopamine and norepinephrine via TAAR1 receptor activation.

Despite structural similarities, the effects of MDPHP bear little resemblance to those of 3,4-methylenedioxyphenylalkylamine derivatives such as MDMA; it produces primarily stimulant effects with only mild entactogenic qualities. It is closely related to the potent stimulant MDPV but produces somewhat milder effects and less compulsive redosing urges. Although MDPHP was first synthesized in the 1960s, it has been used as a substitute for MDPV following the latter's prohibition in certain countries.",,,"half_life_minutes, references"
MD-PiHP,,"3,4-MD-PiHP | MDPiHP",Stimulant,recreational,NDRI | pyrovalerone-cathinone | stimulant-not-entactogen,inhalation,inhalation | insufflation | intravenous | oral | rectal | sublingual,inhalation | insufflation | intravenous | oral | rectal | sublingual,yes,yes,,,,,"half_life_minutes, mechanism_of_action, references"
MDAI,,"5,6-亚甲双氧基-2-氨基茚 | mindy | sparkle",Empathogen,recreational,Nichols-compound | SNDRI | SRI | SSRA-selective | class:aminoindane | fatalities-reported | habit-forming | phenethylamine | research-chemical,oral,oral,oral,yes,yes,,,,,"half_life_minutes, mechanism_of_action, references"
MDAL,,N-allyl-MDA,Psychedelic,recreational,PIHKAL | SNDRI | phenethylamine,,,,no,no,,,,https://erowid.org/library/books_online/pihkal/pihkal101.shtml,"dose_ranges_by_route, duration_by_route, half_life_minutes, mechanism_of_action"
MDBU,,,Psychedelic,recreational,PIHKAL | phenethylamine,,,,no,no,,,,https://erowid.org/library/books_online/pihkal/pihkal102.shtml,"dose_ranges_by_route, duration_by_route, half_life_minutes, mechanism_of_action"
MDBZ,,,Psychedelic,recreational,PIHKAL | phenethylamine,,,,no,no,,,,https://erowid.org/library/books_online/pihkal/pihkal103.shtml,"dose_ranges_by_route, duration_by_route, half_life_minutes, mechanism_of_action"
MDCPM,,,Psychedelic,recreational,PIHKAL | phenethylamine,,,,no,no,,,,https://erowid.org/library/books_online/pihkal/pihkal104.shtml,"dose_ranges_by_route, duration_by_route, half_life_minutes, mechanism_of_action"
MDDM,,,Psychedelic,recreational,PIHKAL | phenethylamine,,,,no,no,,,,https://erowid.org/library/books_online/pihkal/pihkal105.shtml,"dose_ranges_by_route, duration_by_route, half_life_minutes, mechanism_of_action"
Mdea,,Eve | MDE | N-ethyl-MDA,Empathogen,recreational,PIHKAL | SSRA-dominant | Schedule-I | class:amphetamine | class:mdxx | class:substituted amphetamines | duplicate-of-MDE | low-DA-release | phenethylamine | tentative,oral,oral,oral,yes,yes,,"MDEA 作为神经递质释放剂与神经递质再摄取抑制剂，作用于单胺类神经递质：血清素、多巴胺和去甲肾上腺素。这些神经递质负责调节专注、动机、愉悦与奖赏。

MDEA 那种偏“昏沉压身”的效应，被认为源于它相较于 MDMA，对释放血清素的相对活性高于多巴胺呢。

MDEA 还会刺激催产素和催乳素的释放。这两种激素目前正在被研究，因其可能参与调节信任感与爱的感受。",,https://erowid.org/library/books_online/pihkal/pihkal106.shtml,half_life_minutes
MDHOET,,,Psychedelic,recreational,PIHKAL | phenethylamine,,,,no,no,,,,https://erowid.org/library/books_online/pihkal/pihkal107.shtml,"dose_ranges_by_route, duration_by_route, half_life_minutes, mechanism_of_action"
MDIP,,,Psychedelic,recreational,PIHKAL | phenethylamine,,,,no,no,,,,https://erowid.org/library/books_online/pihkal/pihkal108.shtml,"dose_ranges_by_route, duration_by_route, half_life_minutes, mechanism_of_action"
MDMA,,"3,4-MDMA | 3,4-methylenedioxymethamphetamine | Adam | Beans | E | Ecstasy | Emma | Love Drug | M&M | MD | Mandy | Molly | Pingers | R-(-)-MDMA | Rolls | S-(+)-MDMA | The Love Drug | X | XTC | california sunrise | clarity | essence | happy pills | hug drug | lover’s speed | methylenedioxymethamphetamine | midomafetamine | stacy | 快乐丸 | 快樂丸 | 搖頭丸 | 摇头丸 | 莫莉",Empathogen,recreational,5-HT2B-agonist | CYP2D6-mechanism-based-inhibitor | PIHKAL | SNDRA | SNDRI | SSRA-dominant | Schedule-I | class:amphetamine | class:mdxx | class:substituted amphetamines | common | fast-clearance | habit-forming | investigational | long-half-life | no-human-data | nonlinear-PK | phenethylamine | stimulant-enantiomer,insufflation,insufflation | oral | rectal,insufflation | oral | rectal,yes,yes,492.0,Serotonin-Predominant Monoamine Releasing Agent and Empathogen,,"https://erowid.org/library/books_online/pihkal/pihkal109.shtml | Impact of Cytochrome P450 2D6 Function on the Chiral Blood Plasma Pharmacokinetics of 3,4-Methylenedioxymethamphetamine (MDMA) and Its Phase I and II Metabolites in Humans",
MDMB-4en-PINACA,,,Cannabinoid,recreational,US-Schedule-I | fatalities-reported | full-agonist-CB1 | high-mortality | high-risk | indazole-carboxamide | super-agonist | synthetic-cannabinoid,,,,no,no,,,,https://en.wikipedia.org/wiki/MDMB-4en-PINACA | https://www.emcdda.europa.eu/publications/risk-assessments/mdmb-4en-pinaca_en,"dose_ranges_by_route, duration_by_route, half_life_minutes, mechanism_of_action"
MDMEO,,,Psychedelic,recreational,PIHKAL | phenethylamine,,,,no,no,,,,https://erowid.org/library/books_online/pihkal/pihkal111.shtml,"dose_ranges_by_route, duration_by_route, half_life_minutes, mechanism_of_action"
Mdmeoet,,,Psychedelic,recreational,PIHKAL | phenethylamine,,,,no,no,,,,https://erowid.org/library/books_online/pihkal/pihkal112.shtml,"dose_ranges_by_route, duration_by_route, half_life_minutes, mechanism_of_action"
MDMP,,,Psychedelic,recreational,PIHKAL | phenethylamine,oral,oral,,no,yes,,,,https://erowid.org/library/books_online/pihkal/pihkal113.shtml,"dose_ranges_by_route, half_life_minutes, mechanism_of_action"
MDNEB,,N-乙基MDNMB,,medical_rx,,oral,oral,oral,yes,yes,,"MDNEB acts simultaneously as a reuptake inhibitor and releasing agent for the neurotransmitters serotonin, norepinephrine, and dopamine. MDNEB modulates these neurotransmitters, which are responsible for pleasure, reward, motivation, and focus. By inhibiting the reuptake and reabsorption of these neurotransmitters following completion of neural impulse transmission, it allows them to accumulate extracellularly and be re-utilized, producing stimulant and euphoric effects.

Compared to MDMC, MDNEB has a substantially lower affinity for the norepinephrine transporter, while its affinity for the serotonin and dopamine transporters is similar. Despite this lower affinity, MDNEB remains a more potent reuptake inhibitor than MDMA, though with lower overall potency and a more balanced catecholaminergic profile. As a substance with both releasing and reuptake-inhibiting properties, it also possesses relatively robust releasing activity.",,,"half_life_minutes, references"
MDNMP,,"3,4-亚甲二氧基戊酮",Stimulant,recreational,,oral,oral,oral,yes,yes,,"Virtually no data exist on the pharmacokinetics and pharmacodynamics of MDNMP and other substituted cathinones in humans. Similarly to amphetamines, synthetic cathinones produce their stimulant and sympathomimetic effects by increasing the concentration of catecholamines — such as dopamine, serotonin, and norepinephrine — in the synaptic cleft. These molecules inhibit monoamine reuptake transporters, thereby slowing the clearance of these neurotransmitters from the synapse. They may additionally promote the release of biogenic amines from intracellular stores.

Compared to amphetamines, synthetic cathinones generally cross the blood-brain barrier less readily, as the β-keto group increases the polarity of the molecule. Unlike other synthetic cathinones, pyrrolidine derivatives cross the blood-brain barrier more easily because the pyrrolidine ring confers lower polarity on these molecules. Research on the metabolism of synthetic cathinones indicates that they undergo N-demethylation, reduction of the keto group to a hydroxyl group, and oxidation of the alkyl substituents on the ring.",,,"half_life_minutes, references"
MDOH,,N-hydroxy-MDA,Empathogen,recreational,MDA-prodrug | PIHKAL | habit-forming | phenethylamine | research-chemical | tentative,oral,oral,oral,yes,yes,,,,https://erowid.org/library/books_online/pihkal/pihkal114.shtml,"half_life_minutes, mechanism_of_action"
MDPA,,methylenedioxyphenylacetamide,Empathogen,recreational,habit-forming | research-chemical | tentative,oral,oral,oral,yes,yes,,,,,"half_life_minutes, mechanism_of_action, references"
MDPBP,,,Stimulant,recreational,cathinone | no-human-data | pure-reuptake-inhibitor | pyrrolidinophenone | research-chemical,,,,no,no,,,,https://en.wikipedia.org/wiki/MDPBP,"dose_ranges_by_route, duration_by_route, half_life_minutes, mechanism_of_action"
MDPEA,,,Psychedelic,recreational,PIHKAL | phenethylamine,,,,no,no,,,,https://erowid.org/library/books_online/pihkal/pihkal115.shtml,"dose_ranges_by_route, duration_by_route, half_life_minutes, mechanism_of_action"
MDPH,,,Psychedelic,recreational,PIHKAL | phenethylamine,oral,oral,oral,yes,yes,,,,https://erowid.org/library/books_online/pihkal/pihkal116.shtml,"half_life_minutes, mechanism_of_action"
MDPHP,,monkey-dust,Stimulant,recreational,habit-forming | research-chemical | tentative,insufflation,insufflation | oral,insufflation | oral,yes,no,,,,,"duration_by_route, half_life_minutes, mechanism_of_action, references"
MDPL,,,Psychedelic,recreational,PIHKAL | phenethylamine,,,,no,no,,,,https://erowid.org/library/books_online/pihkal/pihkal117.shtml,"dose_ranges_by_route, duration_by_route, half_life_minutes, mechanism_of_action"
MDPPP,,,Stimulant,recreational,cathinone | low-potency-MDPV-analog | no-human-data | pyrrolidinophenone | research-chemical,,,,no,no,,,,https://en.wikipedia.org/wiki/MDPPP,"dose_ranges_by_route, duration_by_route, half_life_minutes, mechanism_of_action"
MDPR,,N-propyl-MDA,Psychedelic,recreational,PIHKAL | phenethylamine | weak-activity,,,,no,no,,,,https://erowid.org/library/books_online/pihkal/pihkal118.shtml,"dose_ranges_by_route, duration_by_route, half_life_minutes, mechanism_of_action"
MDPV,,"3,4-Methylenedioxypyrovalerone | Bath Salts | Cloud Nine | Ivory Wave | MDPK | Methylenedioxypyrovalerone | NRG-1 | NRG-1,3,4-亚甲双氧基吡咯戊酮 | Vanilla Sky | bath_salts",Stimulant,recreational,CYP2D6-CYP2C19-substrate | DAT-selective-extreme | DRI | TAAR1-inactive-human | class:Pyrrolidinophenone cathinone stimulant | class:mdxx | class:substituted cathinones | class:substituted pyrrolidines | hERG-direct-block | habit-forming | high-psychosis-risk | pure-reuptake-inhibitor | pyrrolidinophenone | research-chemical | slow-off-rate-DAT,inhalation,inhalation | insufflation | oral | rectal,inhalation | insufflation | oral | rectal,yes,yes,470.0,"据信 MDPV 主要作为一种强效的去甲肾上腺素-多巴胺 再摄取抑制剂（NDRIs）发挥作用。去甲肾上腺素和多巴胺的再摄取减少，导致这两种儿茶酚胺 神经递质在突触间隙（即神经元之间的间隙）中的浓度升高。

这种抑制的结果是，接收神经元上的多巴胺和去甲肾上腺素受体的多巴胺能和去甲肾上腺素能信号传导的浓度和产生的突触后效应增强并延长了。血清素 也起作用，虽然程度要小得多。大脑中神经递质浓度的突然增加被认为是 MDPV 产生快感的原因。

由于主要具有再摄取抑制特性而不是释放特性，MDPV 在作用方式上可能更像可卡因或哌甲酯，而不是苯丙胺。 相比之下，苯丙胺主要作为激动剂，通过激活 TAAR1 受体间接释放多巴胺和去甲肾上腺素。",,Experimental study on external contamination of hair by synthetic cannabinoids and effect of hair treatment,
ME,,,Psychedelic,recreational,PIHKAL | phenethylamine,oral,oral,oral,yes,yes,,,,https://erowid.org/library/books_online/pihkal/pihkal119.shtml,"half_life_minutes, mechanism_of_action"
Mebroqualone,,MBQ,Depressant,recreational,habit-forming | quinazolinone | research-chemical | tentative,inhalation,inhalation | sublingual,inhalation | sublingual,yes,yes,,,,,"half_life_minutes, mechanism_of_action, references"
Meclizine,,Antivert | Bonine | Dramamine Less Drowsy,Antihistamine,otc,H1-antagonist | OTC | anticholinergic | antiemetic | antihistamine | first-gen-antihistamine | sedating,oral,oral,oral,yes,yes,360.0,,,https://www.accessdata.fda.gov/drugsatfda_docs/label/2013/012771s027lbl.pdf | https://en.wikipedia.org/wiki/Meclizine,mechanism_of_action
Meclofenoxate,,,Nootropic,recreational,class:cholinergic,,,,no,no,,,,,"dose_ranges_by_route, duration_by_route, half_life_minutes, mechanism_of_action, references"
Meclonazepam,,,Benzodiazepine,recreational,GABAA-PAM | benzodiazepine | designer-benzo | habit-forming | nitro-benzodiazepine | tentative,oral,oral,oral,yes,yes,,,,,"half_life_minutes, mechanism_of_action, references"
MEDA,,,Psychedelic,recreational,PIHKAL | no-human-data | phenethylamine,,,,no,no,,,,https://erowid.org/library/books_online/pihkal/pihkal120.shtml,"dose_ranges_by_route, duration_by_route, half_life_minutes, mechanism_of_action"
Medazepam,,Ansilan | Debrum | Lerisum | Medacepan | Megasedan | Nobritol | Nobrium | Rudotel | Rusedal | Tranko-Buskas | Tranquirax | azepamid | mezapam | raporan | talis,Benzodiazepine,recreational,GABAA-PAM | benzodiazepine | habit-forming | prodrug-of-diazepam-nordazepam,oral,oral,oral,yes,yes,,,,,"half_life_minutes, mechanism_of_action, references"
MEE,,,Psychedelic,recreational,PIHKAL | phenethylamine,,,,no,no,,,,https://erowid.org/library/books_online/pihkal/pihkal121.shtml,"dose_ranges_by_route, duration_by_route, half_life_minutes, mechanism_of_action"
Mefloquine,,"Lariam | Mefloquina | Mefloquinum | RO 21-5998 | WR 142,490",,medical_rx,antimalarial | class:Quinoline methanol derivative | miscategorised | neuropsychiatric-AE-risk,,,,no,no,,,,,"dose_ranges_by_route, duration_by_route, half_life_minutes, mechanism_of_action, references"
Melanotan II,,MT-2 | MT-II | Melanotan 2,Peptide,medical_rx,aphrodisiac | grey-market | melanocortin-agonist | peptide | tanning,subcutaneous,subcutaneous,subcutaneous,yes,yes,60.0,,,https://en.wikipedia.org/wiki/Melanotan_II,mechanism_of_action
Melatonin,,Circadin | MLT | MT6 | Melatol | Melatonin (synth.) standard-grade | Melatonin (synth.) ultra-pure | Melatoninum | Melovine | Pineal hormone | Regulin | 褪黑激素 | 褪黑素,Supplement,otc,CYP1A2-substrate | MT1-MT2-agonist | class:substituted tryptamines | common | endogenous | tryptamine,oral,oral | sublingual,oral | sublingual,yes,yes,45.0,Melatonin MT1/MT2 Receptor Agonist,Dream potentiation,https://erowid.org/library/books_online/tihkal/tihkal35.shtml | The absolute bioavailability of oral melatonin,
MEM,,,Psychedelic,recreational,PIHKAL | phenethylamine | research-chemical | tentative,oral,oral,oral,yes,yes,,,,https://erowid.org/library/books_online/pihkal/pihkal122.shtml,"half_life_minutes, mechanism_of_action"
Memantine,,Akatinol | Axura | D-145 | DRG-0267 | Ebixa | Memantina | Memantinum | Memaxa | Namenda | Namenda XR | Namzaric (with donepezil | both extended-release) | 美金刚,Dissociative,recreational,NMDA-antagonist | class:Adamantane derivative | class:adamantanes | extrasynaptic-selective | fast-off-rate-NMDA-blocker | minimal-CYP-DDI | nootropic | prescription-only | renal-clearance-dominant | tentative,oral,oral,oral,yes,yes,4200.0,Low-Affinity NMDA Receptor Antagonist (Neuroprotective),,https://en.wikipedia.org/wiki/Memantine | https://www.accessdata.fda.gov/drugsatfda_docs/label/2018/021487s023s024lbl.pdf | Pharmacokinetic study of memantine in healthy and renally impaired subjects,
MEPEA,,,Psychedelic,recreational,PIHKAL | phenethylamine,oral,oral,oral,yes,no,,,,https://erowid.org/library/books_online/pihkal/pihkal123.shtml,"duration_by_route, half_life_minutes, mechanism_of_action"
Mephedrone,,4-MMC | 4-Methylmethcathinone | 4-methylephedrone | 4mmc | Bubbles | Drone | M-CAT | Meow Meow | meow | meph | 喵喵 | 甲基甲卡西酮,Empathogen,recreational,CYP2D6-substrate | DAT-NET-SERT-balanced | TAAR1-inactive-human | class:cathinone | class:substituted cathinones | hERG-safe | habit-forming | no-human-data | phenethylamine | research-chemical | substrate-releaser,insufflation,insufflation | intravenous | oral | rectal,insufflation | intravenous | oral | rectal,yes,yes,130.0,"鉴于其化学结构，4-MMC很可能作为单胺类神经递质（如多巴胺、血清素和去甲肾上腺素）的释放剂和再摄取抑制剂起作用。

2011年底发表的几篇文章研究了4-MMC在大鼠大脑中的作用，以及其强化潜力。研究使用微透析收集多巴胺和血清素，并测量了它们的增加量。注射4-MMC导致多巴胺增加约500%，血清素增加约950%。它们分别在40分钟和20分钟达到峰值浓度，并在注射后120分钟内恢复到基线水平。

对多巴胺和血清素比率的分析表明，4-MMC优先作为血清素释放剂，其比率为1.22:1（血清素 vs. 多巴胺）。此外，计算了多巴胺和血清素减少的半衰期，发现衰减率分别为24.5分钟和25.5分钟。

这些发现表明，4-MMC诱导了多巴胺和血清素的大量增加，并伴随着快速清除。神经递质的这种增加解释了该体验引起的欣快和刺激的主观效应。多巴胺水平的快速上升和随后的下降也可以解释4-MMC在一些用户中表现出的成瘾特性。","Analysis enhancement | Anxiety | Body odor alteration | Cognitive euphoria | Cognitive fatigue | Compulsive redosing | Dehydration | Depression | Difficulty urinating | Disinhibition | Ego inflation | Empathy, love, and sociability enhancement | Increased blood pressure | Increased heart rate | Increased libido | Increased perspiration | Irritability | Motivation enhancement | Spontaneous tactile sensations | Stimulation | Tactile enhancement | Teeth grinding | Thought acceleration | Thought deceleration | Thought disorganization | Time distortion | Vasoconstriction | Vibrating vision | Wakefulness","Dose‐Response Pharmacological Study of Mephedrone and Its Metabolites: Pharmacokinetics, Serotoninergic Effects, and Impact of <i>CYP2D6</i> Genetic Variation",
Mephenaqualone,,,Depressant,recreational,class:quinazolinone,oral,oral,oral,yes,yes,,,,,"half_life_minutes, mechanism_of_action, references"
Mephtetramine,,mtta,Other,recreational,research-chemical | tentative,,,,no,no,,,,,"dose_ranges_by_route, duration_by_route, half_life_minutes, mechanism_of_action, references"
Meprobamate,,甲丙氨酯,,medical_rx,,,,,no,no,,"The precise mechanism of action of meprobamate has not been fully elucidated. It is generally believed, however, to act as a positive allosteric modulator of GABA receptors in a manner similar to benzodiazepines and barbiturates. Unlike barbiturates and benzodiazepines, animal studies show that meprobamate retains most of its effects even in the absence of GABA, suggesting it may also act as a direct agonist at GABA receptors. Additional research indicates that meprobamate is an adenosine reuptake inhibitor, a property that distinguishes it considerably among sedative-hypnotics.",,,"dose_ranges_by_route, duration_by_route, half_life_minutes, references"
Meprylcaine,,Epirocaine | Oracaine,Stimulant,recreational,aminoester | historical | local-anesthetic | stimulant,,,,no,no,,Sodium channel blocker (local anesthetic) + relatively potent monoamine transporter inhibition (DA/NE/5-HT reuptake) — stimulant properties distinguish it from purely local-anesthetic benzoates.,,"https://en.wikipedia.org/wiki/Meprylcaine | Studies on the pharmacology of meprylcaine (oracaine), a local anesthetic.","dose_ranges_by_route, duration_by_route, half_life_minutes"
Mescaline,,"3,4,5-trimethoxybenzeneethanamine | 3,4,5-trimethoxyphenethylamine | 3,4,5-trimethoxyphenylethylamine | Buttons | Cactus | TMPEA | mesc | 三甲氧苯乙胺 | 仙人掌毒碱 | 仙人掌毒鹼 | 麥司卡林 | 麦司卡林",Psychedelic,recreational,5-HT2A-partial-agonist | class:Phenethylamine | class:substituted phenethylamines | no-human-data | phenethylamine | psychedelic,oral,oral,oral,yes,yes,,,"Acuity enhancement | After images | Analysis enhancement | Auditory distortion | Auditory enhancement | Auditory hallucinations | Autonomous entities | Bodily control enhancement | Colour enhancement | Colour shifting | Conceptual thinking | Delusions | Drifting | Emotion enhancement | Feelings of interdependent opposites | Geometry | Immersion enhancement | Increased heart rate | Internal hallucinations | Memory suppression | Nausea | Novelty enhancement | Pattern recognition enhancement | Personal bias suppression | Personal meaning enhancement | Perspective alterations | Physical euphoria | Pupil dilation | Scenarios and plots | Scenery slicing | Settings, sceneries, and landscapes | Spirituality enhancement | Spontaneous tactile sensations | Stimulation | Suggestibility enhancement | Symmetrical texture repetition | Synaesthesia | Tactile enhancement | Thought acceleration | Thought loops | Time distortion | Tracers | Transformations | Unity and interconnectedness | Wakefulness",,"half_life_minutes, mechanism_of_action, references"
Mesyl Sal B,,22-Methylsulfonyloxy-salvinorin B | RB-64,Dysdelic,recreational,biased-agonist | biased-agonist-Gi | covalent-probe | irreversible-agonist | kappa-opioid-agonist | longer-acting-than-Sal-A | no-human-data | research-chemical | salvinorin,,,,no,no,,,,,"dose_ranges_by_route, duration_by_route, half_life_minutes, mechanism_of_action, references"
Met,,Methylethyltryptamine | N-乙基-N-甲基色胺,Psychedelic,recreational,class:substituted tryptamines | research-chemical | tentative,inhalation,inhalation | insufflation | oral,inhalation | insufflation | oral,yes,yes,,,,,"half_life_minutes, mechanism_of_action, references"
META-DOB,,,Psychedelic,recreational,5-HT2A-agonist | DOx | PIHKAL | phenethylamine,oral,oral,oral,yes,yes,,,,https://erowid.org/library/books_online/pihkal/pihkal124.shtml,"half_life_minutes, mechanism_of_action"
META-DOT,,,Psychedelic,recreational,PIHKAL | phenethylamine,,,,no,no,,,,https://erowid.org/library/books_online/pihkal/pihkal125.shtml,"dose_ranges_by_route, duration_by_route, half_life_minutes, mechanism_of_action"
Metaclazepam,,,Benzodiazepine,recreational,GABAA-PAM | benzodiazepine | habit-forming | tentative,oral,oral,oral,yes,yes,,,,,"half_life_minutes, mechanism_of_action, references"
Metaxalone,,Skelaxin,Depressant,recreational,central-muscle-relaxant | mechanism-unknown,oral,oral,oral,yes,yes,,,,,"half_life_minutes, mechanism_of_action, references"
Methadone,,Adolan | Depridol | Diskets | Dolophine | Heptadon | Heptanon | Ketalgin | Mephenon | Metadol | Metadol-D | Methadonum | Methadose | Physeptone | dl-methadone | 美沙冬 | 美沙酮,Opioid,recreational,CYP2B6-substrate | MOR-full-agonist | NMDA-antagonist | QT-prolonging | class:diphenylpropylamine | hERG-strong | habit-forming | long-half-life,intravenous,intravenous | oral,intravenous | oral,yes,yes,1320.0,Full μ-Opioid Agonist and NMDA Receptor Antagonist,,Current Concepts in Methadone Metabolism and Transport,
Methallylescaline,,MAL | 甲基烯丙基艾斯卡林,Psychedelic,recreational,PIHKAL | class:substituted phenethylamines | phenethylamine | research-chemical,insufflation,insufflation | oral | sublingual,insufflation | oral | sublingual,yes,yes,,"更多信息请见：血清素能迷幻剂

甲基烯丙基艾斯卡林 可能作为 5-HT 受体部分激动剂发挥作用。人们认为其迷幻效果源于它对 5-HT2A 受体的效能。然而，这些相互作用的作用方式以及它们如何导致迷幻体验，目前仍然不太清楚呢。","Acuity enhancement | After images | Analysis enhancement | Auditory distortion | Auditory enhancement | Auditory hallucinations | Autonomous entities | Bodily control enhancement | Colour enhancement | Colour shifting | Conceptual thinking | Delusions | Drifting | Emotion enhancement | Geometry | Immersion enhancement | Internal hallucinations | Memory suppression | Nausea | Novelty enhancement | Pattern recognition enhancement | Personal bias suppression | Perspective alterations | Pupil dilation | Scenarios and plots | Scenery slicing | Settings, sceneries, and landscapes | Spontaneous tactile sensations | Stimulation | Symmetrical texture repetition | Tactile enhancement | Thought acceleration | Thought disorganization | Thought loops | Time distortion | Tracers | Transformations | Wakefulness",https://erowid.org/library/books_online/pihkal/pihkal099.shtml,half_life_minutes
Methamnetamine,,MNA | N-methyl-PAL-287 | PAL-1046 | methylnaphetamine | mnt,Empathogen,recreational,SNDRA | balanced-release | habit-forming | research-chemical | tentative,oral,oral,oral,yes,yes,,,,,"half_life_minutes, mechanism_of_action, references"
Methamphetamine,,"(alphaS)-N,alpha-dimethylbenzeneethanamine | (αS)-N,α-dimethylbenzeneethanamine | Crank | Crystal | D-methamphetamine | DL-metamphetamine | DL-methamphetamine | Desoxyn | Glass | Ice | L-metamphetamine | L-methamphetamine | Levmetamfetamine | Ma | Meth | N-methylamphetamine | N-methylamphetamine pito-1342 | N-甲基苯丙胺 | S-(+)-methamphetamine | Shabu | Shard | Speed | T | Tina | Tweak | Yaba | base | chalk | crypto | crystal meth | d-N-methylamphetamine | d-deoxyephedrine | d-desoxyephedrine | d-meth | d-phenylisopropylmethylamine | desoxyephedrine | fast | l-desoxyephedrine | metamfetamine | methyl-beta-phenylisopropylamine | methyl-β-phenylisopropylamine | methylamphetamine | pure | racemic methamphetamine | shards | tik | wax | whiz | 冰毒 | 甲基安非他命 | 甲基苯丙胺",Stimulant,recreational,DA-NE-releaser | DRI | NDRI | NE-selective | TAAR1 | TAAR1-agonist | class:amphetamine | class:substituted amphetamines | common | habit-forming | neurotoxic-chronic | no-human-data | peripheral-sympathomimetic | phenethylamine | σ1-agonist,inhalation,inhalation | insufflation | intravenous | oral | rectal,inhalation | insufflation | intravenous | oral | rectal,yes,yes,606.0,Monoamine-Releasing Stimulant,Abnormal heartbeat | Analysis enhancement | Anxiety | Appetite suppression | Body odor alteration | Bronchodilation | Cognitive euphoria | Cognitive fatigue | Compulsive redosing | Dehydration | Depression | Ego inflation | Focus enhancement | Frequent urination | Increased blood pressure | Increased heart rate | Increased libido | Increased perspiration | Irritability | Memory enhancement | Motivation enhancement | Nausea | Stimulation | Teeth grinding | Temporary erectile dysfunction | Thought acceleration | Thought deceleration | Thought organization | Vasoconstriction | Wakefulness,"Urinary pharmacokinetics of methamphetamine and its metabolite, amphetamine following controlled oral administration to humans",
Methaqualone,,714s | Dr. Jekyll and Mr. Hyde | Ludes | Mandrakes | Mandrax | Mequelone | Quaalude | Quaaludes | Quack | Quacks | Soaper | Sopes | Sopor | Vitamin Q | qualudes | 甲喹酮,Depressant,recreational,GABA-A-PAM-etomidate-site | class:Quinazolinone | class:quinazolinone | habit-forming | quinazolinone,inhalation,inhalation | oral,inhalation | oral,yes,yes,1800.0,GABA-A Positive Allosteric Modulator (Quinazolinone),Acuity suppression | Anxiety suppression | Changes in gravity | Cognitive euphoria | Compulsive redosing | Constipation | Disinhibition | Dizziness | Double vision | Dream potentiation | Increased libido | Information processing suppression | Internal hallucinations | Motor control loss | Muscle relaxation | Physical euphoria | Respiratory depression | Sedation | Subconscious communication | Thought deceleration | Visual disconnection,Methaqualone-diphenhydramine interaction study in humans,
Methcathinone,,AL-422 | AL-463 | AL-464 | Bathtub Speed | Cadillac Express | Cat | Cosmos | Ephedrone | Gagers | Gaggers | Goog | Jeff | MC | Methcat | Mulka | N-methylcathinone | Speed | The C | UR-1431 (UR(W)1431) | Wild Cat | Wonder Star | monomethylpropion | α-methylamino-propiophenone | α-methylaminopropiophenone | 甲卡西酮,Stimulant,recreational,DA-NE-selective | DRI | US-Schedule-I | cathinone | class:cathinone | class:substituted cathinones | manganese-toxicity-synthesis-contaminant | no-human-data | phenethylamine | substrate-releaser,insufflation,insufflation | oral,insufflation | oral,yes,yes,,虽然甲卡西酮的效果尚未像苯丙胺类物质那样得到同等水平的正式研究，但可以推测，像其他简单的取代卡西酮类物质一样，它最主要的作用是作为多巴胺和去甲肾上腺素 神经递质再摄取抑制剂（NDRIs）。 这导致大脑中与奖励和快乐相关的关键区域内的去甲肾上腺素和多巴胺神经递质水平有效增加，这是通过结合并部分阻断通常从突触间隙清除这些单胺的转运蛋白来实现的。这使得多巴胺和去甲肾上腺素积累到超内源性水平，从而产生兴奋、激励和欣快的效果。,,https://en.wikipedia.org/wiki/Methcathinone,half_life_minutes
Methedrone,,4-methoxymethcathinone | PMMC | bk-PMMA,Stimulant,recreational,SERT-preferring-cathinone | fatal-toxicity | habit-forming | research-chemical,,,,no,no,1572.0,,,Two fatal intoxications with the new designer drug methedrone (4-methoxymethcathinone),"dose_ranges_by_route, duration_by_route, mechanism_of_action"
Methiodone,,IC-26,,recreational,,insufflation,insufflation | oral | rectal,insufflation | oral | rectal,yes,yes,,,,,"half_life_minutes, mechanism_of_action, references"
Methiopropamine,,MPA,Stimulant,recreational,class:thiophene,insufflation,insufflation | oral,insufflation | oral,yes,yes,,,,,"half_life_minutes, mechanism_of_action, references"
Methocarbamol,,Robaxin | Robaxin-750,Depressant,recreational,muscle-relaxant | prescription-only | sedating,oral,oral,oral,yes,yes,72.0,,,https://en.wikipedia.org/wiki/Methocarbamol,mechanism_of_action
Methoxetamine,,3-MeO-2'-oxo-PCE | 3-MeO-2-oxo-PCE | KMAX | M-ket | MXE | Mexxy | Special,Dissociative,recreational,NMDA-antagonist | SERT-inhibitor | arylcyclohexylamine | class:Arylcyclohexylamine | class:arylcyclohexylamines | designer-dissociative | fatalities-reported | long-duration-dissociative | research-chemical,insufflation,insufflation | intramuscular | oral | rectal | sublingual,insufflation | intramuscular | oral | rectal | sublingual,yes,yes,300.0,"更多信息：NMDA受体拮抗剂类药物

MXE 是一种非竞争性 NMDA 受体拮抗剂和血清素再摄取抑制剂。[[1]](#cite_note-ACMDMXE2012-1) NMDA 受体允许电信号在大脑和脊柱中的神经元之间传递；要传递信号，受体必须是开放的。解离剂通过阻断 NMDA 受体来关闭它们。这种神经元的断连导致感觉丧失、运动困难，最终导致几乎等同于著名的“K洞 (k-hole)”的状态。据报道，MXE 与氯胺酮相似 [[4]](#cite_note-4)，尽管药效更强且持续时间更长。[[5]](#cite_note-5)

由于其结构与 3-HO-PCP 相似，它曾被错误地认为具有阿片类药物特性。[[6]](#cite_note-6) 这一说法没有实际数据支持，相反，数据表明该物质本身对 µ-阿片受体的亲和力微不足道，尽管体内代谢物可能会产生不同的效果。[[1]](#cite_note-ACMDMXE2012-1)",,https://en.wikipedia.org/wiki/Methoxetamine,
Methoxmetamine,,3-MeO-2'-oxo-PCM | 3-MeO-2-oxo-PCM | E-MXE | MMXE | MXM | Methoxymetamine | e-Methoxetamine,Dissociative,recreational,NMDA-antagonist | arylcyclohexylamine | class:Arylcyclohexylamine dissociative | no-human-data | research-chemical,insufflation,insufflation | intramuscular | oral | rectal | sublingual,insufflation | intramuscular | oral | rectal | sublingual,yes,yes,,,,"In Europe, an early, cold dawn for modern humans.","half_life_minutes, mechanism_of_action"
Methoxphenidine,,2-MXP | 2-MeO-DPP | 2-MeO-Diphenidine | 2-MeO-二苯乙胺 | 2-Methoxydiphenidine | MXP | Methoxyphenidine | 甲氧芬尼定,Dissociative,recreational,NMDA-antagonist | class:diarylethylamines | designer-dissociative | diarylethylamine | duplicate-of-Methoxphenidine | fatalities-documented | fatalities-reported | habit-forming | high-affinity-NMDA-blocker | long-duration-dissociative | research-chemical | tentative,oral,oral,oral,yes,yes,,"更多信息请参阅：NMDA受体拮抗剂

MXP 作为 NMDA受体拮抗剂发挥作用喵。NMDA 受体允许电信号在脑部和脊柱的神经元之间传递；为了让信号通过，受体必须处于开放状态呢。解离剂通过阻断 NMDA 受体来使其关闭哦。这种神经元的断连会导致感觉丧失、移动困难，并最终产生与“K-hole”几乎相同的效果喵。

虽然尚未经过正式研究，但许多用户报告的身体和情感欣快感表明，它可能还具有多巴胺和/或去甲肾上腺素再摄取抑制剂的作用呢。","Acuity suppression | Amnesia | Anxiety suppression | Auditory distortion | Auditory hallucinations | Auditory suppression | Autonomous entities | Cognitive euphoria | Conceptual thinking | Consciousness disconnection | Depersonalization | Derealization | Disinhibition | Dizziness | Double vision | Environmental cubism | Environmental orbism | Frame rate suppression | Geometry | Information processing suppression | Internal hallucinations | Memory suppression | Motor control loss | Pattern recognition suppression | Perception of decreased weight | Perspective alterations | Perspective distortions | Physical autonomy | Physical euphoria | Scenarios and plots | Scenery slicing | Settings, sceneries, and landscapes | Spontaneous tactile sensations | Tactile disconnection | Tactile suppression | Thought acceleration | Thought deceleration | Time distortion | Visual disconnection",https://en.wikipedia.org/wiki/Methoxphenidine,half_life_minutes
Methoxyacetyl-fentanyl,,desfluoroocfentanil | maf,Opioid,recreational,CYP3A4-substrate | habit-forming | mu-full-agonist | mu-opioid-agonist | research-chemical | wooden-chest-syndrome-risk,oral,oral,oral,yes,yes,,,,,"half_life_minutes, mechanism_of_action, references"
METHYL-DMA,,,Psychedelic,recreational,PIHKAL | phenethylamine,,,,no,no,,,,https://erowid.org/library/books_online/pihkal/pihkal126.shtml,"dose_ranges_by_route, duration_by_route, half_life_minutes, mechanism_of_action"
METHYL-DOB,,,Psychedelic,recreational,5-HT2A-agonist | DOx | PIHKAL | phenethylamine,,,,no,no,,,,https://erowid.org/library/books_online/pihkal/pihkal127.shtml,"dose_ranges_by_route, duration_by_route, half_life_minutes, mechanism_of_action"
METHYL-J,,,Psychedelic,recreational,PIHKAL | phenethylamine,oral,oral,oral,yes,yes,,,,https://erowid.org/library/books_online/pihkal/pihkal128.shtml,"half_life_minutes, mechanism_of_action"
METHYL-K,,,Psychedelic,recreational,PIHKAL | phenethylamine,,,,no,no,,,,https://erowid.org/library/books_online/pihkal/pihkal129.shtml,"dose_ranges_by_route, duration_by_route, half_life_minutes, mechanism_of_action"
METHYL-MA,,,Psychedelic,recreational,PIHKAL | phenethylamine,,,,no,no,,,,https://erowid.org/library/books_online/pihkal/pihkal130.shtml,"dose_ranges_by_route, duration_by_route, half_life_minutes, mechanism_of_action"
METHYL-MMDA-2,,MMDMA-2,Psychedelic,recreational,PIHKAL | SNDRI | phenethylamine,,,,no,no,,,,https://erowid.org/library/books_online/pihkal/pihkal131.shtml,"dose_ranges_by_route, duration_by_route, half_life_minutes, mechanism_of_action"
Methylamino,,伪麻黄碱 | 麻黄碱,Stimulant,recreational,,oral,oral,oral,yes,yes,,"Pseudoephedrine is a sympathomimetic amine with a mixed direct and indirect mechanism of action. It indirectly stimulates alpha-adrenergic receptors by causing neuronal granules to release endogenous norepinephrine. It also directly stimulates beta-adrenergic receptors, increasing catecholamine activity at alpha, beta-1, and beta-2 adrenergic receptors.

It is very similar to ephedrine but is appreciably weaker and has lower capacity for inducing tachycardia and raising systolic blood pressure. Its central effects are weaker than those of amphetamine, while its peripheral effects are analogous to those of epinephrine.",,,"half_life_minutes, references"
Methyldopa,,Aldomet | Dopamet,Cardiovascular,medical_rx,alpha2-agonist | antihypertensive | prescription-only | sedating,oral,oral,oral,yes,yes,105.0,,,https://en.wikipedia.org/wiki/Methyldopa,mechanism_of_action
Methylene blue,,MB | MTC | Methylthioninium chloride | basic blue 9,Nootropic,recreational,G6PD-caution | MAO-A-potent-reversible | MAOI-A | mitochondrial | mitochondrial-electron-carrier | nootropic | prescription-OTC-mixed | serotonin-syndrome-risk,oral,oral,oral,yes,no,,,,https://en.wikipedia.org/wiki/Methylene_blue,"duration_by_route, half_life_minutes, mechanism_of_action"
Methylenedioxydeschlorobupropion,MDPT,D-Tertylone | MDPT | Tertylone | tBuONE,Other,recreational,DAT-NET-blocker-predicted | bupropion-analog | no-human-data | phenethylamine,,,,no,no,,,,,"dose_ranges_by_route, duration_by_route, half_life_minutes, mechanism_of_action, references"
Methylliberine,,Dynamine,Nootropic,recreational,adenosine-antagonist | caffeine-PK-prolonging | fast-onset | nootropic | purine-alkaloid | supplement,oral,oral,oral,yes,no,90.0,,,https://en.wikipedia.org/wiki/Methylliberine | A Toxicological Evaluation of Methylliberine (Dynamine®),"duration_by_route, mechanism_of_action"
Methylmethaqualone,,MMQ,Depressant,recreational,habit-forming | pro-convulsant | quinazolinone | research-chemical,inhalation,inhalation | sublingual,inhalation | sublingual,yes,yes,,,,,"half_life_minutes, mechanism_of_action, references"
Methylmorphenate,,,Stimulant,recreational,habit-forming | research-chemical | tentative,,,,no,no,,,,,"dose_ranges_by_route, duration_by_route, half_life_minutes, mechanism_of_action, references"
Methylnaphthidate,,HDMP-28,Stimulant,recreational,class:substituted phenidates,insufflation,insufflation | oral,insufflation | oral,yes,yes,,,,,"half_life_minutes, mechanism_of_action, references"
Methylone,,"3,4-Methylenedioxymethcathinone | Ease | Explosion | M1 | MDMC | MDMCAT | beta-keto-MDMA | bk-MDMA | βk-MDMA",Stimulant,recreational,MDMA-analog | cathinone | class:cathinone | empathogen-adjacent | habit-forming | linear-PK | research-chemical | substrate-releaser,insufflation,insufflation | oral,insufflation | oral,yes,yes,90.0,"MDMC是一种对血清素、去甲肾上腺素与多巴胺都起作用的混合型神经递质再摄取抑制剂/神经递质释放剂。这些神经递质被认为负责调节愉悦感、动机、专注以及幸福感。其作用机制是抑制这些神经递质在完成神经冲动传递之后的再摄取与再吸收，使它们能够积累并被再次利用，从而产生刺激性与欣快性效应。

与 MDMA 相比，MDMC对血清素转运体的亲和力大约低 3 倍（MDMC Ki=242.1 nM，而 MDMA 的 Ki=72 nM），而它对去甲肾上腺素与多巴胺转运体的亲和力则较为接近。值得注意的是，MDMC对囊泡单胺转运体 2（VMAT2）的亲和力大约比 MDMA 低 13 倍。

由于与 MDMA 在药理学上存在这些差异，MDMC在剂量层面上的效力较低，相比血清素能效应，它的儿茶酚胺能效应更为平衡，而且它的行为方式更接近于像哌甲酯这样的神经递质再摄取抑制剂，而不是像苯丙胺那样的释放剂；不过，MDMC依然具有相当明显的释放能力。","Analysis enhancement | Anxiety | Cognitive euphoria | Cognitive fatigue | Dehydration | Depression | Difficulty urinating | Empathy, love, and sociability enhancement | Increased blood pressure | Increased heart rate | Increased libido | Increased perspiration | Irritability | Mindfulness | Spontaneous tactile sensations | Stimulation | Tactile enhancement | Teeth grinding | Temperature regulation suppression | Thought acceleration | Thought deceleration | Time distortion | Vibrating vision | Wakefulness",https://en.wikipedia.org/wiki/Methylone,
Methylphenidate,,"Aptensio XR | Biphentin/Equasym XL/Medikinet XL | Concerta | Daytrana | Dexmethylphenidate | Equasym XL | Focalin | Focalin XR | Jornay PM | MPH | Metadate | Methylin | Quillivant/QuilliChew | Relexxii | Riphenidate | Ritalin | Rubifen SR | biphentin | d,l-threo-methylphenidate | d-threo-methylphenidate | 利他林 | 哌甲酯 | 哌甲酯（Methylphenidate）",Stimulant,recreational,ADHD | CES1-substrate | DAT-inhibitor | NET-inhibitor | US-Schedule-II | class:Piperidine derivative | class:substituted phenidates | common | first-pass-stereoselective | habit-forming | prescription-only | single-enantiomer | stimulant,insufflation,insufflation | oral | transdermal,insufflation | oral | transdermal,yes,yes,210.0,Dopamine-Norepinephrine Reuptake Inhibitor,Analysis enhancement | Anxiety | Appetite suppression | Cognitive euphoria | Cognitive fatigue | Dehydration | Depression | Focus enhancement | Increased heart rate | Increased perspiration | Irritability | Memory enhancement | Motivation enhancement | Stimulation | Teeth grinding | Thought acceleration | Thought deceleration | Thought organization | Wakefulness,https://en.wikipedia.org/wiki/Dexmethylphenidate | Pharmacokinetics of methylphenidate in hyperkinetic children.,
Methyprylon,,Noludar,Depressant,recreational,habit-forming | historic | non-barbiturate-hypnotic | tentative,oral,oral,oral,yes,yes,,,,,"half_life_minutes, mechanism_of_action, references"
Metizolam,,Desmethyletizolam | metiz | 去甲依替唑仑 | 美替唑仑,Benzodiazepine,recreational,GABAA-PAM | benzodiazepine | class:thienodiazepines | designer-benzo | habit-forming | research-chemical | tentative | thienotriazolodiazepine,oral,oral,oral,yes,yes,,,Amnesia | Analysis suppression | Anxiety suppression | Cognitive euphoria | Compulsive redosing | Delusions | Disinhibition | Dizziness | Emotion suppression | Information processing suppression | Motor control loss | Muscle relaxation | Respiratory depression | Sedation | Thought deceleration,,"half_life_minutes, mechanism_of_action, references"
Metoclopramide,,Metozolv ODT | Reglan,Gastrointestinal,medical_rx,D2-antagonist | EPS-risk | antiemetic | dopamine-antagonist | prescription-only | tardive-dyskinesia-risk,oral,oral,oral,yes,yes,330.0,,,https://en.wikipedia.org/wiki/Metoclopramide,mechanism_of_action
Metodesnitazene,,MTD,Opioid,recreational,benzimidazole-opioid | extreme-potency | fatalities-reported | fentanyl-stronger | mu-full-agonist | nitazene,,,,no,no,,,,https://en.wikipedia.org/wiki/Metodesnitazene,"dose_ranges_by_route, duration_by_route, half_life_minutes, mechanism_of_action"
Metonitazene,,MTZ,Opioid,recreational,US-Schedule-I | benzimidazole-opioid | extreme-potency | fatalities-reported | fentanyl-stronger | mu-full-agonist | naloxone-high-dose-required | nitazene,insufflation,insufflation | oral,insufflation | oral,yes,no,,,,https://en.wikipedia.org/wiki/Metonitazene,"duration_by_route, half_life_minutes, mechanism_of_action"
Metoprolol,,Lopressor | Toprol-XL,Cardiovascular,medical_rx,antihypertensive | beta-1-selective | beta-blocker | prescription-only,oral,oral,oral,yes,yes,210.0,,,https://en.wikipedia.org/wiki/Metoprolol,mechanism_of_action
Mexazolam,,melex | sedoxil,Benzodiazepine,recreational,GABAA-PAM | benzodiazepine | habit-forming,oral,oral,oral,yes,yes,,,,,"half_life_minutes, mechanism_of_action, references"
Mexedrone,,4-MMC-MeO | 4-MMeOC | 4-methylmethcathinone β-methoxy,Stimulant,recreational,cathinone | class:cathinone | habit-forming | research-chemical | tentative | weak-SSRA,insufflation,insufflation | oral,insufflation | oral,yes,yes,,"4-MMC-MeO acts as a releasing agent for serotonin and as a reuptake inhibitor of the monoamine neurotransmitters serotonin, dopamine, and norepinephrine. Despite its structural similarity to 4-MMC, it lacks the dopamine- and norepinephrine-releasing properties of the parent compound, and its reuptake inhibition and serotonin-releasing activity are approximately 10–20-fold weaker.

This elevation of neurotransmitter levels can account for the cognitive euphoria and the stimulant effects noted in anecdotal reports. Its serotonergic activity without significant dopaminergic or noradrenergic activity is analogous to MDAI, which is consistent with numerous user reports describing 4-MMC-MeO as sedating rather than stimulating.

Because its potency relative to 4-MMC is substantially lower (approximately 1/7 to 1/20 across different monoamine transporters), considerably higher doses are typically required to produce noticeable effects.",Auditory enhancement | Cognitive euphoria | Dehydration | Increased perspiration | Physical euphoria | Sedation | Spontaneous tactile sensations | Tactile enhancement | Teeth grinding | Temperature regulation suppression | Thought acceleration | Thought connectivity | Vibrating vision,,"half_life_minutes, references"
MGM-15,,7-OH derivative | DH-7OH-MIT | MGM-15 free base / salts | MGM15 | Matsumoto MGM-15 | dihydro-7-hydroxymitragynine,Opioid,recreational,DOR-full-agonist | MOR-full-agonist | kratom-derivative | semi-synthetic,oral,oral | rectal | sublingual,oral | rectal | sublingual,yes,yes,,,,,"half_life_minutes, mechanism_of_action, references"
Midazolam,,Buccolam | Dormicum | Hypnovel | Nayzilam | Seizalam | Versed | 咪达唑仑,Benzodiazepine,recreational,CYP3A4-probe-substrate | GABAA-PAM | active-metabolite | benzodiazepine | class:Benzodiazepine | class:benzodiazepines | habit-forming | imidazobenzodiazepine,intramuscular,intramuscular | intravenous | oral | rectal,intramuscular | intravenous | oral | rectal,yes,yes,180.0,"咪达唑仑对成人是一种短效苯二氮卓类药物，消除半衰期为 1.5 ~ 2.5 小时。 咪达唑仑代谢成活性代谢物 α1-羟基咪达唑仑。然而，咪达唑仑的活性代谢物很少，仅占咪达唑仑生物活性的 10%。咪达唑仑口服吸收差，只有 50% 的药物到达血液。

咪达唑仑由细胞色素 P450 (CYP) 酶和葡萄糖醛酸结合代谢。咪达唑仑的治疗和不良反应是其对 GABAA 受体作用的结果；咪达唑仑不直接激活 GABAA 受体，但与其他苯二氮卓类药物一样，它增强了神经递质 GABA 对 GABAA 受体的作用（增加 Cl-通道开放的频率），导致神经抑制。几乎所有的药代动力学特性都可以用苯二氮卓类药物对 GABAA 受体的作用来解释。",,Pharmacokinetic-pharmacodynamic modeling of the central nervous system effects of midazolam and its main metabolite alpha-hydroxymidazolam in healthy volunteers,
Midodrine,,Amatine | Desglymidodrine | Gutron | Orvaten | ProAmatine | ST-1059 | 米多君,Cardiovascular,medical_rx,alpha-agonist | orthostatic-hypotension | prescription | vasopressor,,,,no,no,25.0,"Prodrug of desglymidodrine, a selective peripheral α1-adrenergic agonist — vasoconstriction without central or β-adrenergic action.",,https://dailymed.nlm.nih.gov/dailymed/drugInfo.cfm?setid=03b54024-2a26-4abe-bd8b-b66bb6781fa7,"dose_ranges_by_route, duration_by_route"
Milnacipran,,Fetzima | Ixel | Levomilnacipran | Savella | Toledomin,Antidepressant,medical_rx,SNRI | antidepressant | prescription-only | serotonin-syndrome-risk,,,,no,no,480.0,,Blood pressure elevation,https://www.accessdata.fda.gov/drugsatfda_docs/label/2013/204168s000lbl.pdf | https://en.wikipedia.org/wiki/Levomilnacipran | https://www.accessdata.fda.gov/drugsatfda_docs/label/2013/022256s009lbl.pdf | https://en.wikipedia.org/wiki/Milnacipran,"dose_ranges_by_route, duration_by_route, mechanism_of_action"
Mimosa Hostilis,,细花含羞草,,medical_rx,,,,,no,no,,,,,"dose_ranges_by_route, duration_by_route, half_life_minutes, mechanism_of_action, references"
MiPLA,,Lamide | 拉麦德,Psychedelic,recreational,class:lysergamides,oral,oral,oral,yes,yes,,"和它在结构上相关的其他麦角酰胺类物质一样，它主要作为 5-HT2A 受体的部分激动剂起作用，从而产生幻觉效应喵。不过，这些相互作用具体是怎么导致幻觉体验的，目前还不完全清楚呢。

由于结构相似，它在单胺受体（比如血清素、多巴胺和去甲肾上腺素）上的结合特性与麦角酸二乙酰胺高度相似喵。

一项研究发现，它在大鼠实验中可以完全替代麦角酸二乙酰胺，效力大约是训练药物的一半呢。",,,"half_life_minutes, references"
MIPT,,,Psychedelic,recreational,TIHKAL | class:substituted tryptamines | research-chemical | tentative | tryptamine,inhalation,inhalation | insufflation | oral,inhalation | insufflation | oral,yes,yes,,"更多信息：血清素致幻剂

与大多数致幻色胺一样，MiPT 被认为主要起着 5-HT2A 部分激动剂的作用。致幻效果被认为来自 MiPT 在 5-HT2A 受体上的结合功效。

然而，这些相互作用的作用以及它是如何导致致幻体验的，仍然难以捉摸呢。",,https://erowid.org/library/books_online/tihkal/tihkal47.shtml,half_life_minutes
Mirabegron,,Myrbetriq | YM-178,Endocrine,medical_rx,,oral,oral,,no,no,3000.0,Selective β3-adrenergic receptor agonist; bladder relaxation at approved doses; BAT thermogenesis at supratherapeutic doses.,,FDA Myrbetriq prescribing information | JCI,
Mirogabalin,,DS-5565 | Tarlige,GABAergic,recreational,,oral,oral,oral,yes,yes,,,,,"half_life_minutes, mechanism_of_action, references"
Mirtazapine,,6-Azamianserin | Avanza | Axit | Mepirzapine | Mirtaz | Mirtazapinum | Mirtazon | Org 3770 | Remeron | Remeron SolTab | Zispin | 米氮平,Antidepressant,dual_use,5-HT3-antagonist | H1-strong-antagonist | NaSSA | alpha2-antagonist | antidepressant | antihistamine | class:piperazinoazepine | minimal-sexual-dysfunction | prescription-only,oral,oral,oral,yes,yes,1500.0,Noradrenergic and Specific Serotonergic Antidepressant (NaSSA),,https://www.accessdata.fda.gov/drugsatfda_docs/label/2014/020415s028lbl.pdf | https://en.wikipedia.org/wiki/Mirtazapine | https://www.accessdata.fda.gov/drugsatfda_docs/label/2016/020415s030lbl.pdf,
Mitragynine,,9-methoxycorynantheidine | MG | MIT | SK&F 12711,Opioid,recreational,CYP3A4-bioactivation | G-protein-biased | KOR-antagonist | MOR-partial-agonist | class:Indole alkaloid | kratom-alkaloid,oral,oral,oral,yes,yes,1390.0,Partial μ-Opioid Agonist and Adrenergic/Serotonergic Modulator,,Pharmacokinetics of mitragynine in man,
MK-677,,"Ibutamoren | L-163,191 | Nutrobal",Peptide,medical_rx,GH-secretagogue | grey-market | peptide | peptide-mimetic | performance-enhancing,oral,oral,oral,yes,yes,1440.0,,,"MK-677, an orally active growth hormone secretagogue, reverses diet-induced catabolism. | https://en.wikipedia.org/wiki/Ibutamoren",mechanism_of_action
MMB-2201,,5F-AMB | 5F-AMB-PICA | 5F-MMB-PICA | AMB-FUBINACA | MMB-5F-PICA,Cannabinoid,recreational,fatalities-reported | full-agonist-CB1 | high-risk | indazole-carboxamide | synthetic-cannabinoid,,,,no,no,,,,https://en.wikipedia.org/wiki/AMB-FUBINACA,"dose_ranges_by_route, duration_by_route, half_life_minutes, mechanism_of_action"
MMDA,,,Psychedelic,recreational,5-HT2A-agonist | PIHKAL | SNDRI | myristicin-metabolite | phenethylamine,oral,oral,oral,yes,yes,,"MMDA likely acts as a releasing agent and reuptake inhibitor of the key monoamine neurotransmitters serotonin, dopamine, and norepinephrine.

It has also been proposed to act as a 5-HT2A receptor agonist. However, the precise mechanism by which it produces its psychedelic and hallucinogenic effects is not yet fully understood.

Alexander Shulgin noted that MMDA is responsible for some of the effects of myristicin.",,https://erowid.org/library/books_online/pihkal/pihkal132.shtml,half_life_minutes
MMDA-2,,,Psychedelic,recreational,PIHKAL | SNDRI | phenethylamine,oral,oral,oral,yes,yes,,,,https://erowid.org/library/books_online/pihkal/pihkal133.shtml,"half_life_minutes, mechanism_of_action"
MMDA-3a,,,Psychedelic,recreational,PIHKAL | SNDRI | phenethylamine,oral,oral,oral,yes,yes,,,,https://erowid.org/library/books_online/pihkal/pihkal134.shtml,"half_life_minutes, mechanism_of_action"
MMDA-3b,,,Psychedelic,recreational,PIHKAL | SNDRI | no-human-data | phenethylamine,,,,no,no,,,,https://erowid.org/library/books_online/pihkal/pihkal135.shtml,"dose_ranges_by_route, duration_by_route, half_life_minutes, mechanism_of_action"
MME,,,Psychedelic,recreational,PIHKAL | phenethylamine,oral,oral,oral,yes,yes,,,,https://erowid.org/library/books_online/pihkal/pihkal136.shtml,"half_life_minutes, mechanism_of_action"
Moclobemide,,Aurorex | Aurorix | Manerix | Ro 11-1163,Other,recreational,CYP2C19-substrate | MAO-A-selective | MAOI-A | RIMA | tyramine-safe,oral,oral,oral,yes,yes,90.0,,,Clinical Pharmacokinetics of the Monoamine Oxidase-A Inhibitor Moclobemide*,mechanism_of_action
Modafinil,,2-(diphenylmethylsulfinyl)acetamide | Alertec | Armodafinil | Artvigil | Modalert | Modavigil | Modiodal | Neoresotyl | Nuvigil | Provigil | R-Modawake | Waklert | 莫达菲尼 | 莫达非尼（Modafinil） | 阿莫达菲尼,Eugeroic,recreational,CYP2C19-inhibitor-weak | CYP3A4-inducer-moderate | DAT-inhibitor | DAT-inhibitor-weak | US-Schedule-IV | afinil | atypical-DAT-inhibitor | class:benzhydryl | eugeroic | habit-forming | prescription-only,oral,oral,oral,yes,yes,900.0,Wakefulness-Promoting Agent (Atypical Stimulant),Anxiety | Appetite suppression | Body odor alteration | Dehydration | Diarrhea | Dizziness | Emotion enhancement | Focus enhancement | Headaches | Increased heart rate | Increased libido | Memory enhancement | Motivation enhancement | Nausea | Photophobia | Stimulation | Thought acceleration | Wakefulness,"https://www.accessdata.fda.gov/drugsatfda_docs/label/2017/021875s029lbl.pdf | https://en.wikipedia.org/wiki/Armodafinil | https://www.accessdata.fda.gov/drugsatfda_docs/label/2015/020717s037s038lbl.pdf | https://en.wikipedia.org/wiki/Modafinil | Functional neuroanatomy of dopaminergic arousal systems: implications for the wake-promoting effect of psychostimulants, with particular reference to modafinil",
Monotropa uniflora,,Convulsion root | Corpse plant | Ghost Pipe | Ghost flower | Ghost plant | Ice plant | Indian Pipe,,recreational,,oral,oral | sublingual,oral | sublingual,yes,yes,,,,,"half_life_minutes, mechanism_of_action, references"
Morning Glory,,牵牛花,,medical_rx,,,,,no,no,,"Lysergamide and/or isolysergamide (its epimer) are commonly cited as the primary sources of psychedelic activity. This theory remains contested, however, as anecdotal reports suggest that synthetic LSA and iso-LSA produce only mildly psychedelic effects; for a summary of human trials, see the section on Ergine below, and for further discussion see chapters 17 and entry 26 of TiHKAL: The Continuation.",,,"dose_ranges_by_route, duration_by_route, half_life_minutes, references"
Morpheridine,,morpholinoethyl­norpethidine,Opioid,recreational,MOR-agonist | habit-forming | pethidine-analog | tentative,oral,oral,oral,yes,yes,,,,,"half_life_minutes, mechanism_of_action, references"
Morphine,,Arymo ER | Avinza | Duramorph | Embeda | God’s Drug | Infumorph | Kadian | M | M.S. | MS Contin | MS-Contin | MSIR | Miss Emma | Mister Blue | Morf | Morphia | Morphium | Morpho | Oramorph | Oramorph SR / Oramorph | Roxanol | Sevredol | Statex | Unkie | Zomorph | 吗啡 | 嗎啡,Opioid,recreational,MOR-full-agonist | OPRM1-sensitive | UGT2B7-substrate | active-glucuronide-M6G | class:substituted morphinans | common | habit-forming,intramuscular,intramuscular | intravenous | oral,intramuscular | intravenous | oral,yes,yes,174.0,,Anxiety suppression | Cognitive euphoria | Compulsive redosing | Constipation | Cough suppression | Difficulty urinating | Internal hallucinations | Itchiness | Nausea | Pain relief | Physical euphoria | Pupil constriction | Respiratory depression | Sedation,Morphine and metabolite behavior after different routes of morphine administration: Demonstration of the importance of the active metabolite morphine-6-glucuronide,mechanism_of_action
MOTS-c,,MOTS c peptide | Mitochondrial Open Reading Frame of 12S rRNA-C,Peptide,medical_rx,grey-market | longevity-research | metabolic | mitochondrial | peptide,subcutaneous,subcutaneous,subcutaneous,yes,no,240.0,,,The mitochondrial-derived peptide MOTS-c promotes metabolic homeostasis and reduces obesity and insulin resistance. | https://en.wikipedia.org/wiki/MOTS-c,mechanism_of_action
MP,,,Psychedelic,recreational,PIHKAL | phenethylamine,,,,no,no,,,,https://erowid.org/library/books_online/pihkal/pihkal137.shtml,"dose_ranges_by_route, duration_by_route, half_life_minutes, mechanism_of_action"
MPA,,Methiopropamine | 甲基噻吩丙胺,Stimulant,recreational,habit-forming | research-chemical,insufflation,insufflation | oral,insufflation | oral,yes,yes,,甲基噻吩丙胺作为一种选择性的去甲肾上腺素-多巴胺释放剂发挥作用。这使多巴胺和去甲肾上腺素能够在大脑内积累，从而产生兴奋与躯体欣快感效应。作为去甲肾上腺素再摄取抑制剂时，它的效力大约是右旋苯丙胺的三分之一；作为多巴胺再摄取抑制剂时，则约为右旋苯丙胺的五分之一。它作为血清素再摄取抑制剂几乎没有活性。,Analysis enhancement | Anxiety | Appetite suppression | Cognitive fatigue | Compulsive redosing | Depression | Focus enhancement | Increased heart rate | Increased libido | Increased perspiration | Irritability | Motivation enhancement | Stimulation | Teeth grinding | Temperature regulation suppression | Thought acceleration | Thought deceleration | Thought organization | Wakefulness,,"half_life_minutes, references"
MPM,,,Psychedelic,recreational,PIHKAL | phenethylamine,oral,oral,oral,yes,no,,,,https://erowid.org/library/books_online/pihkal/pihkal138.shtml,"duration_by_route, half_life_minutes, mechanism_of_action"
MPPP,,4-MePPP,Stimulant,recreational,cathinone | no-human-data | pure-DAT-blocker | pyrrolidinophenone | research-chemical,,,,no,no,,,,,"dose_ranges_by_route, duration_by_route, half_life_minutes, mechanism_of_action, references"
MPT,,methylpropyltryptamine,Psychedelic,recreational,no-human-data | possibly-inactive-oral | research-chemical | tryptamine,,,,no,no,,Presumed 5-HT2A partial agonist (no published binding affinity data); may be inactive orally based on Shulgin self-trials.,,https://en.wikipedia.org/wiki/Methylpropyltryptamine,"dose_ranges_by_route, duration_by_route, half_life_minutes"
MT,,Melatonin（MT） | N-乙酰-5-甲氧基色胺 | 松果体素 | 褪黑素,,medical_rx,,oral,oral,oral,yes,yes,,褪黑素是褪黑素受体 1（皮摩尔结合亲和力）和褪黑素受体 2（纳摩尔结合亲和力）的完全激动剂，两者都属于 G 蛋白偶联受体（GPCRs）类别。 褪黑素受体 1 和 2 都是 Gi/o 偶联 GPCRs，尽管褪黑素受体 1 也是 Gq 偶联的。 褪黑素还作为线粒体内的强效自由基清除剂，并通过褪黑素受体的信号转导促进抗氧化酶的表达，如超氧化物歧化酶、谷胱甘肽过氧化物酶、谷胱甘肽还原酶和过氧化氢酶。 褪黑素在肝脏中由细胞色素 P450 酶 CYP1A2 代谢为 6-羟基褪黑素。代谢物与硫酸或葡萄糖醛酸结合后通过尿液排出。5% 的褪黑素以原形药物通过尿液排出。 褪黑素与自由基反应形成的一些代谢物包括环状 3-羟基褪黑素、N1-乙酰-N2-甲酰-5-甲氧基犬尿胺 (AFMK) 和 N1-乙酰-5-甲氧基犬尿胺 (AMK)。,,,"half_life_minutes, references"
MT-45,,IC-6 | MT45,Opioid,recreational,G-protein-biased | habit-forming | moderate-potency | mu-partial-agonist | ototoxicity-reported | research-chemical,oral,oral,oral,yes,yes,,,,,"half_life_minutes, mechanism_of_action, references"
Mushrooms,,Magic mushrooms | Psilocybe cubensis | Shrooms | mushroom | psylocybin | 古巴裸盖菇,Psychedelic,recreational,common | psilocybin-containing,oral,oral,oral,yes,yes,150.0,,"Acuity enhancement | After images | Analysis enhancement | Auditory distortion | Auditory enhancement | Auditory hallucinations | Autonomous entities | Changes in gravity | Colour enhancement | Colour shifting | Conceptual thinking | Creativity enhancement | Delusions | Drifting | Déjà vu | Emotion enhancement | Enhancement and suppression cycles | Excessive yawning | Exposure to inner mechanics of consciousness | External hallucinations | Feelings of interdependent opposites | Feelings of predeterminism | Feelings of self-design | Geometry | Immersion enhancement | Internal hallucinations | Memory suppression | Mindfulness | Nausea | Novelty enhancement | Pattern recognition enhancement | Personal bias suppression | Perspective alterations | Pupil dilation | Runny nose | Salivation | Scenarios and plots | Scenery slicing | Sedation | Settings, sceneries, and landscapes | Spirituality enhancement | Spontaneous tactile sensations | Subconscious communication | Symmetrical texture repetition | Synaesthesia | Thought connectivity | Time distortion | Tracers | Transformations",,"mechanism_of_action, references"
MXE,,3-MeO-2'oxo-PCE | methoxetamine,Dissociative,recreational,NMDA-antagonist | arylcyclohexylamine | habit-forming | research-chemical,insufflation,insufflation | oral | sublingual,insufflation | oral | sublingual,yes,yes,,,"Acuity suppression | Amnesia | Analysis enhancement | Anxiety suppression | Auditory distortion | Auditory hallucinations | Auditory suppression | Autonomous entities | Cognitive euphoria | Compulsive redosing | Conceptual thinking | Consciousness disconnection | Creativity enhancement | Depersonalization | Derealization | Disinhibition | Dizziness | Double vision | Déjà vu | Environmental cubism | Environmental orbism | External hallucinations | Frame rate suppression | Geometry | Immersion enhancement | Information processing suppression | Internal hallucinations | Mania | Memory suppression | Motor control loss | Nausea | Pattern recognition suppression | Perception of decreased weight | Perspective alterations | Perspective distortions | Physical autonomy | Physical euphoria | Scenarios and plots | Scenery slicing | Settings, sceneries, and landscapes | Spontaneous tactile sensations | Tactile disconnection | Tactile suppression | Thought deceleration | Time distortion | Unity and interconnectedness | Visual disconnection | Visual sliding",,"half_life_minutes, mechanism_of_action, references"
MXiPr,,MXiP | N-Isopropyl-MXE | methoxipropamine,Dissociative,recreational,NMDA-antagonist | arylcyclohexylamine | class:arylcyclohexylamine | class:arylcyclohexylamines | no-human-data | research-chemical,insufflation,insufflation | oral,insufflation | oral,yes,yes,,"关于该物质的药理学知之甚少，但作为一种芳基环己胺，可以合理地假设它是一种 NMDA受体拮抗剂喵。NMDA 受体允许电信号在脑部和脊柱的神经元之间传递；为了让信号通过，受体必须处于开放状态。解离剂通过阻断 NMDA 受体来使其关闭。这种神经元的断连会导致感觉丧失、移动困难，并最终导致与著名的“K-洞”几乎完全等同的状态呢。

鉴于其与 MXE 的结构相似性以及根据轶事报告，该物质可能是一种强效的血清素再摄取抑制剂 (SRI) 喵。应避免将 MXiPr 与其他作用于血清素的药物联用哦。",,"In Europe, an early, cold dawn for modern humans.",half_life_minutes
Mxm,,methoxmetamine,Dissociative,recreational,habit-forming | research-chemical,oral,oral,oral,yes,yes,,,,,"half_life_minutes, mechanism_of_action, references"
MXPCP,,3-MeO-2'-oxo-PCP | 3-MeO-O-PCP,Dissociative,recreational,likely-very-high-NMDA-potency,insufflation,insufflation | oral | rectal,insufflation | oral | rectal,yes,yes,,,,,"half_life_minutes, mechanism_of_action, references"
MXPr,,3-MeO-2-oxo-PCPr | N-Propyl-MXE,Dissociative,recreational,NMDA-antagonist | arylcyclohexylamine | no-human-data | research-chemical,oral,oral,oral,yes,yes,,"Very little is known about the pharmacology of this substance. As an arylcyclohexylamine, however, it can reasonably be assumed to act as an NMDA receptor antagonist. NMDA receptors allow electrical signals to pass between neurons in the brain and spinal cord; for a signal to pass, the receptor must remain open. Dissociatives act by blocking NMDA receptors and forcing them closed. This disconnection of neurons results in loss of sensation, difficulty moving, and ultimately an experience analogous to the well-known ""K-hole.""",,"In Europe, an early, cold dawn for modern humans.",half_life_minutes
Myristicin,,MMDA-precursor | Nutmeg | constituent of Myristica fragrans (nutmeg) and mace | nutmeg principal | principal aromatic ether in nutmeg oil | 肉豆蔻醚,Dysdelic,recreational,MMDA-precursor | class:phenylpropenes | deliriant | natural-product | weak-MAOI,oral,oral,oral,yes,yes,,"In 1963, Alexander Shulgin proposed that myristicin might be metabolized in the liver to MMDA, a psychoactive compound related to MDA. However, this is considered unlikely, as no amphetamine metabolites have been detected in urine following myristicin ingestion. Myristicin is believed to act as an anticholinergic agent, based on the observation that overdose produces effects similar to anticholinergic toxidrome, though its precise mechanism of action has not been determined. Myristicin has also been found to act as a serotonin receptor antagonist and as a weak monoamine oxidase inhibitor. [citation needed]

Elementicin co-occurs with myristicin in nutmeg and is thought to contribute to its hallucinogenic effects. Elemicin may possess effects similar to those of myristicin. It is also a traditional precursor in the synthesis of the alkaloid mescaline. [citation needed]

Individuals who have ingested elemi oil—a source of elemicin that contains little myristicin—report that it produces visual effects appearing more similar to those of classical psychedelics than nutmeg oil, the effects of which seem more deliriant and sedating in character.

This distinction suggests that myristicin is more sedating and cognitively dulling, while elemicin appears more visually active and stimulating. This hypothesis is further supported by the observation that, while elemicin shares a direct structural relationship with mescaline, myristicin is structurally related to the MDxx compounds such as MDMA.

Elementicin's chemical structure appears to be a carbogenic analog of mescaline, while myristicin itself appears to be a carbogenic analog of lophophine; these structural differences may account for the subtly distinct psychoactive profiles of elemicin and myristicin.

No compounds found in nutmeg have been shown to bind directly to CB1 or CB2 receptors. Three compounds in nutmeg (Malabaricone C, Licarin A, and 5-Methoxylicarin A) have been demonstrated to act as endocannabinoid modulators by inhibiting the enzymes FAAH and MAGL.",,,"half_life_minutes, references"
N-Acetylcysteine,,Acetylcysteine | Fluimucil | Mucomyst | N-乙酰半胱氨酸 | NAC,Supplement,recreational,OTC | amino-acid-derivative | antioxidant | class:cysteine | glutathione-precursor | mucolytic | supplement,oral,oral,oral,yes,yes,360.0,"乙酰半胱氨酸是 L-半胱氨酸的前药，而 L-半胱氨酸是生物抗氧化剂谷胱甘肽的前体喵。因此，服用乙酰半胱氨酸可以补充谷胱甘肽的储备呢。

谷胱甘肽、氧化型谷胱甘肽 (GSSG) 和 S-亚硝基谷胱甘肽 (GSNO) 已被发现能与 NMDA 受体和 AMPA 受体的谷氨酸识别位点结合，并可能是内源性的神经调节剂喵。在毫摩尔浓度下，它们还可能调节 NMDA 受体复合物的氧化还原状态。此外，谷胱甘肽已被发现能结合并激活不同于任何其他兴奋性氨基酸受体的离子型受体，这可能构成了“谷胱甘肽受体”，从而使其可能成为一种神经递质呢。因此，由于 N-乙酰半胱氨酸是谷胱甘肽的前药，它也可能调节上述所有受体哦。 谷胱甘肽还通过作用于氧化还原位点来调节 NMDA 受体喵。

L-半胱氨酸也是胱氨酸的前体，而胱氨酸又是星形胶质细胞上 SLC7A11|胱氨酸-谷氨酸反向转运体的底物喵；因此，释放到细胞外空间的谷氨酸会增加。这些谷氨酸转而作用于代谢型谷氨酸受体（mGluR），在较高剂量的乙酰半胱氨酸下，还会作用于 mGluR5 呢。

乙酰半胱氨酸还具有一些抗炎作用，可能是通过抑制 NF-κB 和调节细胞因子合成实现的喵。

乙酰半胱氨酸主要通过肝脏代谢，CYP450 酶的影响极小喵。尿液排泄率为 22-30%，成人的半衰期为 5.6 小时，新生儿为 11 小时哦。",,https://ods.od.nih.gov/factsheets/Antioxidants-HealthProfessional/ | https://en.wikipedia.org/wiki/Acetylcysteine,
N-Desethylprotonitazene,NDP,Desethyl-protonitazene | N-desethyl protonitazene | N-desethyl-protonitazene | NDP | Nitazene,Opioid,recreational,extreme-potency | fentanyl-stronger | mu-superagonist | naloxone-high-dose-required,insufflation,insufflation | oral,insufflation | oral,yes,no,,,,,"duration_by_route, half_life_minutes, mechanism_of_action, references"
N-Ethylhexedrone,,Ethyl-Hexedrone | Hex-en | Hexen | NEH,Stimulant,recreational,class:cathinone,inhalation,inhalation | insufflation,inhalation | insufflation,yes,yes,,,,,"half_life_minutes, mechanism_of_action, references"
N-Ethylpentedrone,,Ethyl-Pentedrone | N-ethyl-norpentedrone | N-ethylnorpentedrone | NEP | NEPD | alpha-ethylaminopentiophenone | nor | α-EAPP | α-ethylaminopentiophenone,Stimulant,recreational,DAT-selective | class:cathinone | pure-DAT-NET-blocker | research-chemical | tentative,inhalation,inhalation | insufflation | oral,inhalation | insufflation | oral,yes,yes,,由于缺乏对该物质的研究，许多关于其药理学的讨论纯粹是基于其结构以及与甲卡西酮等其他卡西酮类物质的主观效应相似性。然而，最近的一项研究表明，NEP 是一种强效的血清素-去甲肾上腺素-多巴胺再摄取抑制剂 (SNDRI)，但对 血清素转运体 (SERT) 的亲和力非常差。这使得多巴胺、血清素和去甲肾上腺素在大脑内积累，从而产生兴奋和欣快效应。尽管如此，目前还不能完全排除它与其他受体位点的相互作用喵。,,,"half_life_minutes, references"
N-Ethylpentylone,,Ephylone | MDNEP | N-Ethylnorpentylone | bk-EBDP | βk-Ethyl-K,Stimulant,recreational,MDMA-analog | cathinone | fatalities-mdma-substitution | fatalities-reported | high-risk | pure-reuptake-inhibitor | research-chemical | triple-blocker,insufflation,insufflation | oral,insufflation | oral,yes,yes,,"关于 MDEC 与其他取代卡西酮在人类体内的药代动力学与药效动力学，目前几乎没有多少数据。与苯丙胺类似，合成卡西酮是通过提高突触间隙中儿茶酚胺（如多巴胺、血清素和去甲肾上腺素）的浓度，来发挥其兴奋与拟交感效应的。这些分子能够抑制单胺再摄取转运体，从而降低这些神经递质从突触中的清除速度。此外，它们还可能促使生物胺从细胞内储存中释放出来。

一般来说，合成卡西酮穿过血脑屏障的能力弱于苯丙胺，这是因为 β-酮基会提高分子的极性。与其他合成卡西酮不同，吡咯烷衍生物因其吡咯烷环赋予分子较低极性，所以更容易穿过血脑屏障。关于合成卡西酮代谢的研究表明，它们会经历 N-去甲基化，酮基被还原为羟基，而环上的烷基则会被氧化。",,https://www.dea.gov/sites/default/files/2018-07/N-Ethylpentylone-2018.pdf | https://en.wikipedia.org/wiki/Ephylone,half_life_minutes
N-Ethylphenethylamine hydrochloride,,N-ethyl-β-PEA | NEPEA,Other,recreational,no-human-data | phenethylamine,,,,no,no,,,,,"dose_ranges_by_route, duration_by_route, half_life_minutes, mechanism_of_action, references"
N-Methyl-Cyclazodone,,Cyclazodone N-methyl analogue | N-methyl-cyclaz | N-methyl-cyclazadone | N-methylcyclazodone | NMC | NMCY,,recreational,,oral,oral | sublingual,oral | sublingual,yes,yes,,,,,"half_life_minutes, mechanism_of_action, references"
N-Methylbisfluoromodafinil,,4'-difluoro-modafinil | Dehydroxyfluorafinil | Modafiendz | N-Methyl-4 | N-甲基二氟莫达菲尼,Stimulant,recreational,class:benzhydryl,oral,oral,oral,yes,yes,,"除了有一篇讨论其化学性质的论文外，这种化合物还没有经过任何研究呢。虽然可以假设它与莫达非尼具有药理相似性，但它似乎更有可能与阿屈非尼和 CRL-40,941 相似。在进行进一步（虽然可能性不大）的研究之前，绝对不能假设这种化合物是安全的喵。",,,"half_life_minutes, references"
N-methylphenethylamine,NMPEA,N-methyl-β-PEA | NMPEA,Other,recreational,TAAR1-agonist | endogenous-trace-amine | no-human-data | phenethylamine,,,,no,no,,,,,"dose_ranges_by_route, duration_by_route, half_life_minutes, mechanism_of_action, references"
N-nicotinoyl-γ-aminobutyric acid,,匹卡米隆,,medical_rx,,oral,oral,oral,yes,yes,,"Picamilon is able to cross the blood-brain barrier (BBB), an effect attributed primarily to niacin's vasodilatory properties. Once inside the brain, the molecule is hydrolyzed into GABA and niacin.

Once in the brain, GABA activates GABA receptors (including GABAA and GABAB), potentially producing relaxing and anxiolytic effects, while niacin increases cerebral blood flow through vasodilation. This additional cerebral blood flow is generally considered to account for picamilon's neuroprotective and nootropic benefits. Fresh blood entering the brain delivers new oxygen and enhances the delivery and uptake of glucose and other nutrients, which may improve alertness and overall brain energy.

Research indicates that the combination of niacin and GABA affects the regulation of neurotransmitters in the brain. One study on Parkinson's disease found that picamilon can normalize levels of serotonin and dopamine in the brain, as well as dopamine uptake.",,,"half_life_minutes, references"
N-Pyrrolidino-etonitazene,PYRETZ,Etazene-pyrrolidine | Etonitazepyne | PYRETZ,Opioid,recreational,benzimidazole-opioid | extreme-potency | fatalities-reported | fentanyl-stronger | mu-full-agonist | naloxone-high-dose-required | nitazene,,,,no,no,,,,https://en.wikipedia.org/wiki/Etonitazepyne,"dose_ranges_by_route, duration_by_route, half_life_minutes, mechanism_of_action"
N-Pyrrolidino-metonitazene,PYRMTZ,Metonitazepyne | PYRMTZ,Opioid,recreational,benzimidazole-opioid | extreme-potency | fatalities-reported | fentanyl-stronger | mu-full-agonist | naloxone-high-dose-required | nitazene,,,,no,no,,,,,"dose_ranges_by_route, duration_by_route, half_life_minutes, mechanism_of_action, references"
N-甲基环唑酮,,,,medical_rx,,oral,oral,oral,yes,yes,,"N-methyl cyclazodone is an N,N-methylcyclopropyl derivative of pemoline, with approximately 4- to 6-fold greater potency. Pemoline is believed to have dopaminergic activity, although its precise mechanism has not been fully established. Pemoline has very low affinity for norepinephrine receptors, resulting in relatively mild sympathomimetic side effects (although increased dopamine release is thought to secondarily drive increased norepinephrine release, producing sympathomimetic effects).",,,"half_life_minutes, references"
Nabilone,,Cesamet | Synthetic cannabinoid analogue,Cannabinoid,recreational,CB1-partial-agonist | FDA-approved | US-Schedule-II | antiemetic | cannabinoid | prescription-only | psychoactive | synthetic-cannabinoid-analogue,oral,oral,oral,yes,yes,120.0,,,https://www.accessdata.fda.gov/drugsatfda_docs/label/2006/018677s011lbl.pdf | https://en.wikipedia.org/wiki/Nabilone,mechanism_of_action
Nabiximols,,GW-1000-02 | Sativex,Cannabinoid,recreational,CB1-partial-agonist | antispasmodic | cannabinoid | combination-product | phytocannabinoid | prescription-only | psychoactive,sublingual,sublingual,sublingual,yes,yes,1800.0,,,https://en.wikipedia.org/wiki/Nabiximols,mechanism_of_action
Nadolol,,Corgard,Cardiovascular,medical_rx,antihypertensive | beta-blocker | non-selective | prescription-only,oral,oral,oral,yes,no,1200.0,,,https://en.wikipedia.org/wiki/Nadolol,"duration_by_route, mechanism_of_action"
Naloxone,,Evzio | Kloxxado | Narcan | Revia nasal | Zimhi | 納洛酮 | 纳洛酮,Opioid,recreational,OTC-available | class:substituted morphinans | harm-reduction | opioid-precipitated-withdrawal | opioid-receptor-antagonist | overdose-reversal,insufflation,insufflation | intramuscular | intravenous,insufflation | intramuscular | intravenous,yes,yes,60.0,Competitive μ-Opioid Receptor Antagonist (Short-Acting),,https://en.wikipedia.org/wiki/Naloxone,
Naltrexone,,Contrave | ReVia | Vivitrol,Opioid,recreational,AUD-treatment | OUD-treatment | opioid-precipitated-withdrawal | opioid-receptor-antagonist | prescription-only,oral,oral,oral,yes,yes,240.0,Long-Acting Opioid Receptor Antagonist,,https://en.wikipedia.org/wiki/Naltrexone,
Naphyrone,,Energy-1 | NRG-1 | Naphthylpyrovalerone | O-2482 | α-naphyrone | β-naphyrone,Stimulant,recreational,cathinone | habit-forming | pure-reuptake-inhibitor | pyrrolidinophenone | research-chemical | triple-reuptake-inhibitor,insufflation,insufflation | oral,insufflation | oral,yes,yes,,,,https://en.wikipedia.org/wiki/Naphyrone,"half_life_minutes, mechanism_of_action"
Naproxen,,,Other,otc,,oral,oral,oral,yes,yes,,,,,"half_life_minutes, mechanism_of_action, references"
NB-5-MeO-DALT,,5-MeO-DALT-BOC,Psychedelic,recreational,n1-boc-prodrug | no-human-data | prodrug | research-chemical | tryptamine,,,,no,no,,"N1-Boc thermolabile prodrug of 5-MeO-DALT; inactive until pyrolysis (~150–200°C) or acid conditions cleave the Boc group, releasing the 5-HT1A/2A agonist 5-MeO-DALT.",,https://en.wikipedia.org/wiki/NB-5-MeO-DALT,"dose_ranges_by_route, duration_by_route, half_life_minutes"
NB-5-MeO-MiPT,,5-MeO-MiPT-BOC,Psychedelic,recreational,n1-boc-prodrug | no-human-data | prodrug | research-chemical | tryptamine,,,,no,no,,N1-Boc thermolabile prodrug of 5-MeO-MiPT ('moxy'); inactive until Boc cleavage releases the potent 5-HT1A/2A agonist.,vasoconstriction,https://en.wikipedia.org/wiki/NB-5-MeO-MiPT,"dose_ranges_by_route, duration_by_route, half_life_minutes"
NBOC-DMT,,N1-BOC-DMT | NB-DMT,Psychedelic,recreational,n1-boc-prodrug | no-human-data | prodrug | research-chemical | tryptamine,,,,no,no,,"N1-Boc thermolabile prodrug of DMT; inactive until pyrolysis (~150–200 °C) or acid conditions cleave the Boc group, releasing DMT (5-HT2A agonist, σ1 ligand).",,https://en.wikipedia.org/wiki/NBoc-DMT,"dose_ranges_by_route, duration_by_route, half_life_minutes"
Neb,,n-ethylbuphedrone | α-ethylaminobutyrophenone,Stimulant,recreational,DA-NE-blocker-predicted | habit-forming | research-chemical,insufflation,insufflation | oral,insufflation | oral,yes,yes,,,,,"half_life_minutes, mechanism_of_action, references"
Nefazodone,,Serzone,Antidepressant,medical_rx,CYP3A4-inhibitor | SARI | antidepressant | black-box-warning | hepatotoxicity-risk | prescription-only | serotonin-syndrome-risk,,,,no,no,180.0,,,https://www.accessdata.fda.gov/drugsatfda_docs/label/2013/020152s018lbl.pdf | https://en.wikipedia.org/wiki/Nefazodone,"dose_ranges_by_route, duration_by_route, mechanism_of_action"
Nefiracetam,,DM-9384 | Translon | nerfiracetam,Nootropic,recreational,Ca-channel-modulator | GABAergic | Japan-only | PKA-dependent | nAChR-potentiator | nootropic | racetam | research-chemical | tentative,oral,oral,oral,yes,yes,200.0,,,https://en.wikipedia.org/wiki/Nefiracetam | Nefiracetam (DM‐9384): A Novel Antiamnesic Drug,mechanism_of_action
Nicomorphine,,"Vilan | morphine-3,6-dinicotinate",Opioid,recreational,MOR-prodrug | habit-forming | morphine-ester | tentative,oral,oral,oral,yes,yes,,,,,"half_life_minutes, mechanism_of_action, references"
Nicotine,,NRT | Nicoderm CQ | Nicorette | Nicotrol | nicotinic acetylcholine receptor agonist | tobacco alkaloid | 尼古丁 | 烟碱 | 菸鹼,Stimulant,recreational,CYP2A6-substrate | alpha4beta2-full-agonist | class:Pyridine/pyrrolidine alkaloid | class:pyridine | class:substituted pyrrolidines | common | habit-forming | high-abuse-liability | receptor-upregulation,buccal,buccal | inhalation | oral | transdermal,buccal | inhalation | oral | transdermal,yes,yes,150.0,Nicotinic Acetylcholine Receptor (nAChR) Agonist,Abnormal heartbeat | Anxiety | Appetite suppression | Cognitive euphoria | Compulsive redosing | Dizziness | Focus enhancement | Increased libido | Memory enhancement | Motivation enhancement | Nausea | Thought acceleration | Vasoconstriction,Metabolism and Disposition Kinetics of Nicotine,
Nifoxipam,,3-Hydroxydesmethylflunitrazepam | 尼氟西泮,Benzodiazepine,recreational,GABAA-PAM | UGT-substrate | benzodiazepine | class:benzodiazepines | designer-benzo | habit-forming | metabolite-as-drug | research-chemical | tentative,oral,oral,oral,yes,yes,,,Amnesia | Analysis suppression | Anxiety suppression | Cognitive euphoria | Compulsive redosing | Delusions | Disinhibition | Dizziness | Emotion suppression | Information processing suppression | Motor control loss | Muscle relaxation | Respiratory depression | Sedation | Thought deceleration,,"half_life_minutes, mechanism_of_action, references"
Nimetazepam,,Erimin | Erimin 5 | Happy 5 | Hypnon,Benzodiazepine,recreational,GABAA-PAM | benzodiazepine | habit-forming | nitro-benzodiazepine,oral,oral,oral,yes,yes,,,,,"half_life_minutes, mechanism_of_action, references"
Nitemazepam,,3-hydroxynimetazepam,Benzodiazepine,recreational,GABAA-PAM | benzodiazepine | habit-forming | metabolite-as-drug | tentative,oral,oral,oral,yes,yes,,,,,"half_life_minutes, mechanism_of_action, references"
Nitracaine,,,Stimulant,recreational,habit-forming | tentative,insufflation,insufflation | oral,insufflation | oral,yes,no,,,,,"duration_by_route, half_life_minutes, mechanism_of_action, references"
Nitrazepam,,Mogadon | N05CD02 | Nitrazepamum | Nitrazépam | RO 4-5360 | RO 5-3059 | baronite | dormin | dreem | enzed | gentravit | hypnonex | hypnoril | hypnotex | konit | nicare | nigap | nipam | nirosun | nitavan | nithra,Benzodiazepine,recreational,GABAA-PAM | benzodiazepine | class:Benzodiazepine | habit-forming,oral,oral,oral,yes,yes,1800.0,,,Clinical pharmacokinetics of nitrazepam,mechanism_of_action
Nitrazolam,,,Benzodiazepine,recreational,GABAA-PAM | benzodiazepine | designer-benzo | habit-forming | nitro-benzodiazepine | tentative | triazolobenzodiazepine,oral,oral,oral,yes,yes,,,,,"half_life_minutes, mechanism_of_action, references"
Nitromethaqualone,,硝基甲喹酮,Depressant,recreational,,insufflation,insufflation | oral,insufflation | oral,yes,yes,,,,,"half_life_minutes, mechanism_of_action, references"
Nitrous,,Hippy Crack | Laughing Gas | N2O | NOS | Nangs | Nitro | Nitrous Oxide | dinitrogen monoxide | laughing_gas | n20 | 一氧化二氮 | 氧化亚氮 | 氧化亞氮 | 笑气 | 笑氣,Dissociative,recreational,B12-inactivation-neurotoxin | Olney-lesion-positive-at-high-doses | common | endogenous-opioid-releaser | fastest-onset-dissociative | habit-forming,inhalation,inhalation,inhalation,yes,yes,5.0,"NMDA Antagonist, Endogenous Opioid Releaser, and GABA Modulator",Acuity suppression | Amnesia | Auditory distortion | Auditory suppression | Changes in felt bodily form | Cognitive euphoria | Compulsive redosing | Depersonalization | Derealization | Dizziness | Double vision | Déjà vu | External hallucinations | Frame rate suppression | Geometry | Headaches | Information processing suppression | Internal hallucinations | Laughter | Memory suppression | Motor control loss | Pattern recognition suppression | Perception of decreased weight | Physical euphoria | Spontaneous tactile sensations | Suggestibility enhancement | Tactile suppression | Thought deceleration | Unity and interconnectedness,https://www.bjaed.org/article/S2058-5349(17)30084-7/fulltext,
Nizatidine,,Axid | Tazac,Antihistamine,medical_rx,H2-antagonist | OTC | acid-reducer | antihistamine | non-sedating,,,,no,no,90.0,,,https://en.wikipedia.org/wiki/Nizatidine,"dose_ranges_by_route, duration_by_route, mechanism_of_action"
NM-2-AI,,N-methyl-2-AI | N-甲基-2-AI | NM-2AI | NM2AI | NMe-2-AI,Stimulant,recreational,aminoindane-class | class:Aminoindane | class:aminoindane | class:amphetamine,insufflation,insufflation | oral,insufflation | oral,yes,yes,,,,,"half_life_minutes, mechanism_of_action, references"
NMH,,,,medical_rx,,oral,oral,oral,yes,yes,,"Due to the scarcity of research on this substance, discussion of its pharmacology is largely based on its chemical structure and its subjective similarity to other cathinone-class substances such as alpha-methylaminopentiophenone. NMH likely acts as both a dopamine and norepinephrine reuptake inhibitor, causing dopamine and norepinephrine to accumulate in the brain and producing effects such as stimulation and physical euphoria.

Compared to alpha-methylaminopentiophenone and ethyl-hexedrone, NMH has lower potency, which is relatively straightforward to explain. It bears a larger non-polar side chain than alpha-methylaminopentiophenone, while ethyl-hexedrone carries an ethyl rather than a methyl group, producing a notable shift in electronegativity.",,,"half_life_minutes, references"
NMP,,α-甲氨基苯戊酮,,medical_rx,,insufflation,insufflation | oral,insufflation | oral,yes,yes,,"Due to the lack of research on this substance, the following discussion of its pharmacology is based on its chemical structure and the similarity of its subjective effects to other cathinones and related molecules, including prolintane, alpha-PVP, alpha-PHP, and analogues such as N-ethyl-(nor)-pentedrone (NEP).

Unlike many substituted cathinones that act as both reuptake inhibitors and neurotransmitter releasing agents, NMP has been shown to act as a pure reuptake inhibitor at the major catecholamine neurotransmitters dopamine and norepinephrine, with very limited serotonergic activity. This makes its pharmacological activity similar to that of methylphenidate, cocaine, or MDPV (though the latter two also possess significant additional serotonergic activity). These pure reuptake inhibitors likely do not enter the intracellular space of the synapse via the transporter, and may therefore be associated with fewer intracellular pharmacological effects and lower toxicity compared to substrate-type releasing agents. This allows endogenous dopamine and norepinephrine to accumulate across various synaptic regions in the brain, producing stimulant and physical euphoria effects.

Notably, adding an ethyl group to the terminal amine (-NH2) of the NMP molecule appears to significantly increase potency, as reflected in its successor analogue N-ethyl-(nor)-pentedrone (NEP), which is generally considered to have a more recreational character.",,,"half_life_minutes, references"
NMT,,,Psychedelic,recreational,TIHKAL | no-human-data | tryptamine,,,,no,no,,,,https://erowid.org/library/books_online/tihkal/tihkal50.shtml,"dose_ranges_by_route, duration_by_route, half_life_minutes, mechanism_of_action"
Noctec,,aquachloral | chloral-hydrate | somnos,Depressant,recreational,duplicate-of-chloral-hydrate | habit-forming,oral,oral,oral,yes,yes,,,,,"half_life_minutes, mechanism_of_action, references"
Noopept,,DVD-111 | GVS-111 | Omberacetam | SGS-111,Nootropic,recreational,AMPA-PAM-indirect | Russian-clinical-only | glutamate-modulator | nootropic | prodrug-of-cPG | racetam-adjacent | research-chemical,insufflation,insufflation | oral | sublingual,insufflation | oral | sublingual,yes,yes,30.0,Neuropeptide-Derived Cognitive Enhancer,Acuity enhancement | Anxiety suppression | Colour enhancement | Focus enhancement | Irritability | Memory enhancement | Motivation enhancement | Rejuvenation | Spontaneous tactile sensations | Stimulation | Thought acceleration | Thought connectivity | Wakefulness,https://en.wikipedia.org/wiki/Noopept,
Norbaeocystin,,4-PO-T | 4-phosphoryloxytryptamine,Other,recreational,mushroom-minor-alkaloid | no-human-data | no-psychedelic-activity | tryptamine,,,,no,no,,,,,"dose_ranges_by_route, duration_by_route, half_life_minutes, mechanism_of_action, references"
Nordazepam,,desmethyldiazepam | nordaz | nordiazepam,Benzodiazepine,recreational,GABAA-PAM | benzodiazepine | common-active-metabolite | habit-forming | very-long-half-life,oral,oral,oral,yes,yes,4200.0,,,Clinical Pharmacokinetics of Diazepam,mechanism_of_action
Norflurazepam,,Dealkylflurazepam | Desalkylflurazepam | Descarbethoxyloflazepate | Desmethylflurazepam | N-desalkylflurazepam | N-desalkylflutoprazepam | Norfludiazepam | Norflutoprazepam | RO-05-3367,Benzodiazepine,recreational,GABAA-PAM | benzodiazepine | class:Benzodiazepine | designer-benzo | habit-forming | metabolite-as-drug | tentative | very-long-half-life,oral,oral,oral,yes,yes,4500.0,,,https://en.wikipedia.org/wiki/Norflurazepam,mechanism_of_action
Norketamine,,DMK | N-Desmethylketamine,Dissociative,recreational,NMDA-antagonist | active-metabolite | arylcyclohexylamine | metabolite | no-human-data,,,,no,no,350.0,,,https://en.wikipedia.org/wiki/Norketamine | ASA Award,"dose_ranges_by_route, duration_by_route, mechanism_of_action"
Norpsilocin,,4-HO-NMT,Other,recreational,no-HTR | no-human-data | peripherally-restricted-5-HT2A | tryptamine,,,,no,no,,,,,"dose_ranges_by_route, duration_by_route, half_life_minutes, mechanism_of_action, references"
Nortriptyline,,Aventyl | Pamelor,Antidepressant,medical_rx,QTc-prolongation-risk | TCA | anticholinergic | antidepressant | overdose-risk | prescription-only | serotonin-syndrome-risk,,,,no,no,2160.0,,,https://www.accessdata.fda.gov/drugsatfda_docs/label/2011/012230s062lbl.pdf | https://en.wikipedia.org/wiki/Nortriptyline,"dose_ranges_by_route, duration_by_route, mechanism_of_action"
NSI-189,,amdiglurax,Nootropic,recreational,failed-phase-2-MDD-primary-endpoint | investigational | long-half-life | neurogenesis | nootropic | research-chemical | unknown-receptor,oral,oral,oral,yes,no,1140.0,,,"https://en.wikipedia.org/wiki/NSI-189 | A Phase 1B, randomized, double blind, placebo controlled, multiple-dose escalation study of NSI-189 phosphate, a neurogenic compound, in depressed patients","duration_by_route, mechanism_of_action"
O-2172,,,Stimulant,recreational,DRI | investigational | no-human-data | radioligand-origin | research-chemical,,,,no,no,,,,https://en.wikipedia.org/wiki/Phenyltropane,"dose_ranges_by_route, duration_by_route, half_life_minutes, mechanism_of_action"
O-desmethyltramadol,,M1 | O-DSMT | O-SMT | O-desmethyl tramadol | O-去甲曲马多 | ODT | desmetramadol,Opioid,recreational,MOR-full-agonist | SNRI | class:phenylpropylamine | habit-forming | research-chemical | seizure-risk | tentative | tramadol-metabolite,insufflation,insufflation | intravenous | oral | sublingual,insufflation | intravenous | oral | sublingual,yes,yes,540.0,"与曲马多相比，O-DSMT 作为 μ-阿片受体的激动剂要强得多。此外，与曲马多不同的是，它还是 δ- 和 κ-阿片受体的高亲和力配体。

O-DSMT 的两个对映体表现出相当不同的药理学特征；（+）-O-DSMT 和（−）-O-DSMT 均不具备作为血清素再摄取抑制剂的活性，但（−）-O-DSMT 仍保留作为去甲肾上腺素再摄取抑制剂的活性，因此母体化合物与代谢产物的混合作用，对曲马多复杂的药理学特征有显著贡献。虽然这种多受体靶点特性在治疗疼痛时可能有益（尤其是神经病理性疼痛等复杂疼痛综合征），但与其他阿片类药物相比，它也提高了药物相互作用的可能性，并可能促成更多副作用。

阿片类药物通过与 μ-阿片受体结合并激活它来发挥作用。这是因为阿片类药物在结构上模拟了人体内天然存在、同样作用于 μ-阿片受体的内源性内啡肽。正是这种对天然内啡肽的结构模拟，使其产生欣快感、镇痛和抗焦虑作用。这是因为内啡肽负责减轻疼痛、引发困倦以及带来愉悦感。它们会在疼痛、剧烈运动、性高潮或一般性的兴奋状态下释放出来。",,Clinical Pharmacology of Tramadol,
O-pce,,2'-oxo-PCE | 2'-氧代-PCE | 2-DCNEK | 2-oxo-PCE | Eticyclidone | N-Ethyldeschloroketamine | OPCE | eticyclidon | 乙环利定,Dissociative,recreational,NMDA-antagonist | arylcyclohexylamine | class:Arylcyclohexylamine | class:arylcyclohexylamines | designer-dissociative | duplicate-of-O-PCE | habit-forming | research-chemical | tentative,insufflation,insufflation | oral,insufflation | oral,yes,yes,,"由于缺乏关于该物质的研究，所有关于其药理学的讨论纯粹是基于其结构以及与 氯胺酮、PCE 和 甲氧色胺 等其他芳基环己胺解离剂的效应相似性。虽然还没有进行科学研究来证实这一点，但结构-活性关系分析表明，2'-氧代-PCE 可能主要作为 NMDA受体拮抗剂表现出其观察到的效应，尽管也可能涉及其他神经递质系统。

NMDA受体（谷氨酸受体的一种亚型，谷氨酸是神经系统中主要的兴奋性神经递质）允许电信号在脑部和脊髓的神经细胞之间传递；为了让信号通过，受体必须是开放的。NMDA受体拮抗剂已被证明通过阻断这些受体来干扰这种信号传递。这种神经系统中信息流的断连会导致感觉丧失（麻醉）、移动困难（运动失调），并最终导致该物质等效的“K-hole”。",,https://en.wikipedia.org/wiki/Eticyclidone,half_life_minutes
O-PCP,,2'-oxo-PCP | 2-keto-PCP | 2-oxo-PCP,Dissociative,recreational,β-keto-PCP-analog,inhalation,inhalation | insufflation | intramuscular | oral | rectal,inhalation | insufflation | intramuscular | oral | rectal,yes,yes,,,,,"half_life_minutes, mechanism_of_action, references"
O-PCPr,,2'-oxo-PCPr | 2-keto-PCPr | 2-oxo-PCPr | Deschloro-N-propyl ketamine | N-Propyl-DCK,Dissociative,recreational,NMDA-antagonist | arylcyclohexylamine | no-human-data | research-chemical,insufflation,insufflation | oral,insufflation | oral,yes,yes,,,,"In Europe, an early, cold dawn for modern humans.","half_life_minutes, mechanism_of_action"
Olanzapine,,LY170053 | Zyprexa | Zyprexa Relprevv | Zyprexa Zydis | 奥氮平,Antipsychotic,medical_rx,5-HT2A:D2-ratio-3:1 | 5HT2A-antagonist | D2-antagonist | H1-antagonist | alpha1-blocker | anticholinergic | antipsychotic | atypical-antipsychotic | class:Thienobenzodiazepine | diabetogenic | high-weight-gain | muscarinic-antagonist | prescription-only | thienobenzodiazepine,intramuscular,intramuscular | oral,intramuscular | oral,yes,yes,1980.0,"Olanzapine is known to cause more weight gain than other antipsychotics and to induce type 2 diabetes more frequently. However, it is less likely to cause tardive dyskinesia or extrapyramidal reactions. It appears to be an effective treatment for schizophrenia.",,https://www.accessdata.fda.gov/drugsatfda_docs/label/2021/020592s074lbl.pdf | https://en.wikipedia.org/wiki/Olanzapine,
Olopatadine,,Pataday | Patanol | Pazeo,Antihistamine,medical_rx,H1-antagonist | antihistamine | mast-cell-stabilizer | non-sedating | prescription-only | second-gen-antihistamine,,,,no,no,183.0,,,https://www.accessdata.fda.gov/drugsatfda_docs/label/2004/021521s004lbl.pdf | https://en.wikipedia.org/wiki/Olopatadine,"dose_ranges_by_route, duration_by_route, mechanism_of_action"
Omberacetam,,GVS-111 | Noopept | Ноопепт,Nootropic,recreational,class:peptide,insufflation,insufflation | oral,insufflation | oral,yes,yes,,Omberacetam 调节乙酰胆碱系统以及 AMPA 受体哦[[5]](#cite_note-5)。这种调节本质上允许乙酰胆碱积累到比原本更高的水平。由于乙酰胆碱参与记忆功能，这可能就是它产生益智效果的原因呢。一些研究还表明，NMDA 受体也参与了 Omberacetam 的作用机制[[6]](#cite_note-6)[[7]](#cite_note-7)。,,,"half_life_minutes, references"
Omega-3 Fatty Acids,,Algal Oil | DHA | Docosahexaenoic Acid | EPA | Eicosapentaenoic Acid | Fish Oil | Krill Oil,Supplement,otc,OTC | anti-inflammatory | cardiovascular | essential-fatty-acid | nootropic | supplement,oral,oral,oral,yes,no,4320.0,,,https://ods.od.nih.gov/factsheets/Omega3FattyAcids-HealthProfessional/ | https://en.wikipedia.org/wiki/Omega-3_fatty_acid,"duration_by_route, mechanism_of_action"
Ondansetron,,Ondansetron ODT | Zofran | Zuplenz,,recreational,,intravenous,intravenous | oral,intravenous | oral,yes,yes,,Serotonin 5-HT3 Receptor Antagonist (Antiemetic),,,"half_life_minutes, references"
Opium,,O | Papaver somniferum latex,Opioid,recreational,MOR-via-morphine | habit-forming | plant-mixture,inhalation,inhalation | oral,inhalation | oral,yes,yes,,,,,"half_life_minutes, mechanism_of_action, references"
Orphenadrine,,Disipal | Norflex | Norgesic,Depressant,recreational,NMDA-antagonist | abuse-potential | anticholinergic | muscle-relaxant | prescription-only,oral,oral,oral,yes,yes,840.0,,,https://en.wikipedia.org/wiki/Orphenadrine,mechanism_of_action
ORTHO-DOT,,,Psychedelic,recreational,PIHKAL | phenethylamine,,,,no,no,,,,https://erowid.org/library/books_online/pihkal/pihkal139.shtml,"dose_ranges_by_route, duration_by_route, half_life_minutes, mechanism_of_action"
Oxazepam,,Serax | Serepax | Seresta | Sobril,Benzodiazepine,recreational,GABAA-PAM | UGT2B15-substrate | benzodiazepine | class:Benzodiazepine | habit-forming | hepatic-failure-safe | no-CYP-metabolism | no-active-metabolite,oral,oral,oral,yes,yes,480.0,,,Clinical Pharmacokinetics of Oxazepam and Lorazepam,mechanism_of_action
Oxazolam,,,Benzodiazepine,recreational,GABAA-PAM | benzodiazepine | habit-forming | prodrug-of-nordazepam,oral,oral,oral,yes,yes,,,,,"half_life_minutes, mechanism_of_action, references"
Oxcarbazepine,,Oxtellar XR | Trileptal,Anticonvulsant,medical_rx,anticonvulsant | mood-stabilizer | prescription-only | sodium-channel-blocker,,,,no,no,570.0,Voltage-Gated Sodium Channel Blocker,,https://en.wikipedia.org/wiki/Oxcarbazepine,"dose_ranges_by_route, duration_by_route"
Oxiracetam,,CGP-21690E | CT-848 | Hydroxypiracetam | ISF-2522 | Neuractiv | Neuromet | Oxiracetamum,Nootropic,recreational,HACU-upregulator | cholinergic | class:Racetam | class:racetams | italy-approved | nootropic | racetam | renal-eliminated,oral,oral,oral,yes,yes,480.0,,,https://en.wikipedia.org/wiki/Oxiracetam,mechanism_of_action
Oxycodone,,Codilek | Dihydrohydroxycodeinone | Endone | Oxecta | Oxy | OxyContin | OxyIR | Oxycodonum | Oxydor | Oxygesic | Oxynor | Percocet | Percodan | Percs | Redocam | Roxicodone | oxynorm | 羟考酮 | 羥考酮,Opioid,recreational,CYP2D6-minor | CYP3A4-substrate | MOR-full-agonist | class:substituted morphinans | common | habit-forming | high-oral-F,insufflation,inhalation | insufflation | intravenous | oral,insufflation | intravenous | oral,yes,yes,210.0,,Anxiety suppression | Cognitive euphoria | Constipation | Cough suppression | Difficulty urinating | Internal hallucinations | Itchiness | Nausea | Pain relief | Physical euphoria | Pupil constriction | Respiratory depression | Sedation | Stomach cramps,Pharmacokinetics and pharmacodynamics of oral oxycodone in healthy human subjects: Role of circulating active metabolites,mechanism_of_action
Oxymorphone,,Numorphan | Opana | stopsigns | 羟吗啡酮,Opioid,recreational,MOR-full-agonist | UGT2B7-substrate | class:substituted morphinans | habit-forming | high-potency,insufflation,insufflation | oral,insufflation | oral,yes,yes,480.0,,,Oxymorphone and oxymorphone extended release: a pharmacotherapeutic review.,mechanism_of_action
Oxytocin,,Pitocin | Syntocinon,Peptide,medical_rx,hormone | neuropeptide | peptide,insufflation,insufflation | intravenous,,no,no,3.0,Oxytocin receptor (OXTR) agonist.,,https://en.wikipedia.org/wiki/Oxytocin | Pitocin SmPC,
P,,,Psychedelic,recreational,PIHKAL | phenethylamine,oral,oral,oral,yes,yes,,,,https://erowid.org/library/books_online/pihkal/pihkal140.shtml,"half_life_minutes, mechanism_of_action"
Pagoclone,,,Depressant,recreational,BZ-site-partial-agonist | cyclopyrrolone | habit-forming | research-chemical | tentative,,,,no,no,,,,,"dose_ranges_by_route, duration_by_route, half_life_minutes, mechanism_of_action, references"
Palfium,,dextromoramide,Opioid,recreational,MOR-full-agonist | habit-forming | high-oral-F | methadone-class | short-half-life,oral,oral,oral,yes,yes,71.0,,,Determination and pharmacokinetics of dextromoramide in methadone maintenance therapy,mechanism_of_action
Paliperidone,,9-hydroxyrisperidone | Invega | Invega Sustenna | Invega Trinza,Antipsychotic,medical_rx,5HT2A-antagonist | D2-antagonist | antipsychotic | atypical-antipsychotic | long-acting-injectable | prescription-only,intramuscular,intramuscular | oral,intramuscular | oral,yes,no,1380.0,,,https://www.accessdata.fda.gov/drugsatfda_docs/label/2014/021999s026lbl.pdf | https://en.wikipedia.org/wiki/Paliperidone,"duration_by_route, mechanism_of_action"
Panax Ginseng,,American Ginseng | Asian Ginseng | Ginsenosides | Korean Ginseng | Panax quinquefolius | Red Ginseng,Supplement,otc,CYP450-inducer | OTC | adaptogen | herbal | immunomodulator | insulin-sensitizer | nootropic | supplement,oral,oral,oral,yes,no,360.0,,,https://en.wikipedia.org/wiki/Panax_ginseng | https://examine.com/supplements/panax-ginseng/,"duration_by_route, mechanism_of_action"
Para-Methoxyamphetamine,PMA,4-MA | 4-methoxyamphetamine | 4-甲氧基苯丙胺 | Dr. Death | PMA | death | paramethoxyamphetamine | 对甲氧基苯丙胺,Empathogen,recreational,CYP2D6-substrate | MAO-A-inhibitor | SERT-dominant | class:amphetamine | class:substituted amphetamines | deadly | delayed-onset | tentative,oral,oral,,no,yes,,,,,"dose_ranges_by_route, half_life_minutes, mechanism_of_action, references"
Parafluorobutyrfentanyl,,4-FBF | 4-fluorobutyrfentanyl | pfbf,Opioid,recreational,CYP3A4-substrate | habit-forming | mu-full-agonist | mu-opioid-agonist | research-chemical | wooden-chest-syndrome-risk,oral,oral,oral,yes,yes,,,,,"half_life_minutes, mechanism_of_action, references"
Parafluorofentanyl,,4-fluorofentanyl | pff,Opioid,recreational,CYP3A4-substrate | habit-forming | mu-full-agonist | mu-opioid-agonist | tentative | wooden-chest-syndrome-risk,insufflation,insufflation,insufflation,yes,no,,,,,"duration_by_route, half_life_minutes, mechanism_of_action, references"
PARGY-LAD,,N | N-丙炔基-去甲-LSD | PARGY-LSD,Psychedelic,recreational,class:lysergamides,oral,oral,oral,yes,yes,,"更多信息请参见：血清素能迷幻剂

PARGY-LAD 可能作为 血清素 的受体激动剂。人们认为迷幻效应源于 PARGY-LAD 对血清素受体的作用。然而，这些相互作用的作用以及它们如何导致迷幻体验，目前仍然是科学阐明对象呢。",,,"half_life_minutes, references"
Paroxetine,,Aropax | Brisdelle | Paxil | Paxil CR | Seroxat,Antidepressant,medical_rx,CYP2D6-inhibitor | CYP2D6-inhibitor-strong | NOS-inhibitor | SRI | SSRI | anticholinergic | anticholinergic-SSRI | antidepressant | high-discontinuation-risk | prescription-only | serotonin-syndrome-risk,,,,no,no,1260.0,,,https://www.accessdata.fda.gov/drugsatfda_docs/label/2012/020031s071lbl.pdf | https://en.wikipedia.org/wiki/Paroxetine,"dose_ranges_by_route, duration_by_route, mechanism_of_action"
PCE,,Eticyclidine,Dissociative,recreational,class:arylcyclohexylamines | habit-forming | tentative,inhalation,inhalation | insufflation | oral,inhalation | insufflation | oral,yes,yes,,"更多信息：NMDA 受体拮抗剂

NMDA 受体（谷氨酸受体的一种亚型，谷氨酸是神经系统中主要的兴奋性神经递质）允许电信号在大脑和脊柱的神经细胞之间传递；为了传递信号，受体必须是开放的。NMDA 受体拮抗剂已被证明可以通过阻断这些受体来破坏这种信号传递。神经系统中信息流的这种断开导致感觉丧失（麻醉）、运动困难（运动不协调），最终导致这种物质相当于“'孔洞'”的状态，这主要与氯胺酮的体验相关，尽管性质上有所不同。

除了其独特的 NMDA 受体阻断能力外，PCE 还作为多巴胺-去甲肾上腺素 再摄取抑制剂以及血清素 再摄取抑制剂，具有可疑的 μ-阿片亲和力和典型的解离效应。这为其欣快和经常出现的刺激特性提供了解释。

PCE 比 PCP 稍微强效一点，效果相似，但其令人不快的味道和引起恶心的倾向使其不太被使用者接受。",,,"half_life_minutes, references"
PCP,,Angel Dust | Boat | Crystal | Dust | Embalming Fluid | Fry | Goon | Hog | KW | Killer Weed | Love Boat | Mintweed | Monkey Dust | Peace Pill | Phencyclidine | Rocket Fuel | Sernyl | Sherm | Sherman | Supergrass | Tic | Tic Tac | Wet | Zoom | angel | angel_dust | angeldust,Dissociative,recreational,NMDA-antagonist | arylcyclohexylamine | class:Arylcyclohexylamine | class:arylcyclohexylamines | habit-forming | sigma-1,inhalation,inhalation | insufflation | oral,inhalation | insufflation | oral,yes,yes,1800.0,Non-Competitive NMDA Antagonist and Dopamine Reuptake Inhibitor,Acuity suppression | Amnesia | Analysis enhancement | Anxiety suppression | Auditory distortion | Auditory hallucinations | Auditory suppression | Cognitive euphoria | Compulsive redosing | Conceptual thinking | Consciousness disconnection | Creativity enhancement | Delusions | Depersonalization | Derealization | Disinhibition | Dizziness | Double vision | Déjà vu | Environmental cubism | Environmental orbism | External hallucinations | Frame rate suppression | Geometry | Immersion enhancement | Information processing suppression | Internal hallucinations | Memory suppression | Motor control loss | Nausea | Pattern recognition suppression | Perception of decreased weight | Perspective distortions | Physical autonomy | Physical euphoria | Psychosis | Scenery slicing | Spontaneous tactile sensations | Tactile disconnection | Tactile suppression | Thought acceleration | Time distortion | Visual disconnection | Visual sliding,[Exercise ECG in the diagnosis of coronary heart disease].,
PE,,,Psychedelic,recreational,PIHKAL | phenethylamine,,,,no,no,,,,https://erowid.org/library/books_online/pihkal/pihkal141.shtml,"dose_ranges_by_route, duration_by_route, half_life_minutes, mechanism_of_action"
PE-22-28,,Spadin analog,Peptide,medical_rx,no-human-data | nootropic | peptide,,,,no,no,,TREK-1 (K2P) potassium channel blocker; fast antidepressant candidate.,,"https://www.ncbi.nlm.nih.gov/pmc/?term=spadin+TREK-1 | spadin/TREK-1 antidepressant literature (Mazella, PMC)","dose_ranges_by_route, duration_by_route, half_life_minutes"
PEA,,Phenethylamine | β-PEA,Psychedelic,recreational,PIHKAL | phenethylamine,,,,no,no,,,,https://erowid.org/library/books_online/pihkal/pihkal142.shtml,"dose_ranges_by_route, duration_by_route, half_life_minutes, mechanism_of_action"
Pemoline,,Betanamin | Ceractiv | Cylert | Magnesium pemoline | PemADD | Pemoline magnesium | Phenoxazole | Phenylisohydantoin | Tradon,Stimulant,recreational,DA-selective | habit-forming | hepatotoxic | withdrawn-US-2005,oral,oral,oral,yes,yes,600.0,,,Neuropsychopharmacological mechanisms of stimulant drug action in attention-deficit hyperactivity disorder: a review and integration,mechanism_of_action
Pentazocine,,Talwin,Opioid,recreational,KOR-agonist | MOR-partial-agonist | dysphoric | habit-forming | sigma-1-agonist,intramuscular,intramuscular | intravenous,intramuscular | intravenous,yes,yes,177.0,,,Bioavailability and first-pass metabolism of oral pentazocine in man.,mechanism_of_action
Pentedrone,,Drone | α-Methylamino-valerophenone,Stimulant,recreational,DAT-NET-blocker | DAT-selective | cathinone | class:cathinone | habit-forming | research-chemical,insufflation,insufflation | oral | rectal,insufflation | oral | rectal,yes,yes,,,,https://en.wikipedia.org/wiki/Pentedrone,"half_life_minutes, mechanism_of_action"
Pentobarbital,,Nembutal | novopentobarb | pentobarbitone | 戊巴比妥,Depressant,recreational,CYP-inducer | GABA-A-direct-agonist | anaesthetic-grade-lethality | class:barbiturates | habit-forming,intramuscular,intramuscular | intravenous | oral,intramuscular | intravenous | oral,yes,yes,,"巴比妥类药物的行为与苯二氮卓类物质相似。戊巴比妥结合于GABAA受体的变构位点，并增强内源性配体γ-氨基丁酸（GABA）的效应。当巴比妥类药物结合到GABAA受体时，会导致离子孔开放时间延长，从而引起细胞内氯离子浓度增加。由于该位点是大脑中最多产的抑制性受体组，其调节导致了巴比妥类药物对神经系统的镇静（或平复）效应。

戊巴比妥的生物利用度为70-90%。45-60%的戊巴比妥会与蛋白质结合。其生物半衰期为15-48小时。戊巴比妥由肝脏代谢并由肾脏排泄。",,,"half_life_minutes, references"
Pentylone,,4-meppp | bk-MBDP | bk-methyl-K | β-Keto-methylbenzodioxolylpentanamine,Stimulant,recreational,DAT-preferring | MDMA-analog | cathinone | fatalities-reported | habit-forming | hybrid-DAT-blocker-SERT-partial-substrate | research-chemical,oral,oral,oral,yes,yes,,,,https://en.wikipedia.org/wiki/Pentylone,"half_life_minutes, mechanism_of_action"
Perampanel,,Fycompa,Anticonvulsant,medical_rx,AMPA-antagonist | US-Schedule-V | anticonvulsant | glutamate-modulator | prescription-only | psychiatric-warning,,,,no,no,6120.0,,,https://en.wikipedia.org/wiki/Perampanel,"dose_ranges_by_route, duration_by_route, mechanism_of_action"
Perphenazine,,Etrafon | Trilafon,Antipsychotic,medical_rx,D2-antagonist | antipsychotic | phenothiazine | prescription-only | typical-antipsychotic,oral,oral,oral,yes,yes,540.0,,,https://www.accessdata.fda.gov/drugsatfda_docs/label/2011/012013s074lbl.pdf | https://en.wikipedia.org/wiki/Perphenazine,mechanism_of_action
Peruvian Torch,,秘鲁火炬仙人掌,,medical_rx,,,,,no,no,,,,,"dose_ranges_by_route, duration_by_route, half_life_minutes, mechanism_of_action, references"
Pethidine,,Demerol | Dolantin | Dolcontral | Meperidine | 哌替啶,Opioid,recreational,MAOI-contraindicated | MOR-agonist | SERT-weak | avoid-in-renal-failure | class:substituted piperidines | habit-forming | seizure-risk-normeperidine,oral,oral,oral,yes,yes,240.0,"Opioids produce their effects by binding to and activating μ-opioid receptors. This occurs because opioids structurally mimic endogenous endorphins that are naturally present in the body and that likewise act on the μ-opioid receptor system. This structural mimicry accounts for the physical euphoria, analgesia, and anxiolytic effects of opioids. This is because endorphins are responsible for reducing pain, inducing drowsiness, and producing pleasure. They can be released during pain, vigorous exercise, orgasm, or general excitement. The oral bioavailability of pethidine can range from 50% to approximately 60%.

Compared to traditional opioids, pethidine has a highly distinctive pharmacological profile. In addition to being an opioid, pethidine is a muscarinic acetylcholine receptor antagonist. Pethidine is also a dopamine reuptake inhibitor and a norepinephrine reuptake inhibitor. Pethidine is a κ-opioid receptor agonist, and its metabolite norpethidine is a potent serotonin reuptake inhibitor.",,"Impact of cytochrome P450 variation on meperidine
                    <i>N</i>
                    -demethylation to the neurotoxic metabolite normeperidine",
Peyote,,,Psychedelic,recreational,,other,other,other,yes,yes,,,,,"half_life_minutes, mechanism_of_action, references"
Pfbt,,4-fluorotropacocaine,Stimulant,recreational,habit-forming | local-anaesthetic | research-chemical | tentative | weak-DAT,insufflation,insufflation,insufflation,yes,yes,,,,,"half_life_minutes, mechanism_of_action, references"
PGPIPN,,,Peptide,medical_rx,immunomodulator | no-human-data | peptide,subcutaneous,subcutaneous,,no,no,,Casein-derived immunomodulatory hexapeptide.,,https://pubmed.ncbi.nlm.nih.gov/ | Preclinical β-casein peptide literature (PubMed),half_life_minutes
Phalaris,,水虉草,,medical_rx,,,,,no,no,,,,,"dose_ranges_by_route, duration_by_route, half_life_minutes, mechanism_of_action, references"
Phenazepam,,Bonsai supersleep | Bromdihydrochlorphenylbenzodiazepine | Fenazepam | Phenzitat | Феназепам | 芬纳西泮,Benzodiazepine,recreational,GABAA-PAM | Soviet-era | benzodiazepine | class:Benzodiazepine | designer-benzo | fatalities-confirmed | fatalities-reported | habit-forming | high-potency | long-half-life | research-chemical | very-long-half-life,insufflation,insufflation | oral | sublingual,insufflation | oral | sublingual,yes,yes,3600.0,"Although phenazepam has relatively low toxicity relative to dose, it carries the risks of dependence, overdose, and withdrawal associated with the benzodiazepine class. Furthermore, the drug is active at approximately one-tenth of a typical diazepam dose. Higher doses of phenazepam are sometimes used to manage severe anxiety or seizures.

Phenazepam is an agonist at the GABA-A (GABAA) receptor and produces central nervous system depressant effects. In elevated-plus maze and conflict tests in male rats, extremely low doses of phenazepam demonstrated anxiolytic effects. At standard doses, phenazepam functions as a potent sedative-hypnotic. Studies have shown that phenazepam fully substitutes for pentobarbital in adult rats trained to discriminate pentobarbital from saline. In antagonism studies, phenazepam's discriminative effects are completely blocked by the selective benzodiazepine antagonist flumazenil. Phenazepam has a half-life of up to 60 hours and an oral onset of approximately 2–3 hours; as a result, users face an elevated risk of redosing before the effects have become apparent. The primary metabolite of phenazepam, 3-hydroxyphenazepam, is also a GABAA receptor agonist. These pharmacokinetic parameters indicate that phenazepam carries a high overdose potential.",,https://en.wikipedia.org/wiki/Phenazepam,
Phendimetrazine,,Adipost | Bontril | Fendique ER | Melfiat | Statobex,Stimulant,recreational,anorectic | prodrug,oral,oral,oral,yes,yes,240.0,,,Role of phenmetrazine as an active metabolite of phendimetrazine: evidence from studies of drug discrimination and pharmacokinetics in rhesus monkeys,mechanism_of_action
Phenelzine,,2-phenylethylhydrazine | Nardil | Nardil® | Phenelzinum | W-1544a | phenethyl-hydrazine | phenethylhydrazine | β-phenylethylhydrazine,Antidepressant,medical_rx,GABA-T-inhibitor | MAOI | MAOI-A | MAOI-B | aldehyde-scavenger | antidepressant | dietary-restriction | hydrazine-hepatotoxic-risk | hypertensive-crisis-risk | irreversible-MAOI | no-human-data | phenethylamine | prescription-only | serotonin-syndrome-risk,,,,no,no,90.0,,,https://www.accessdata.fda.gov/drugsatfda_docs/label/2014/009768s055lbl.pdf | https://en.wikipedia.org/wiki/Phenelzine,"dose_ranges_by_route, duration_by_route, mechanism_of_action"
Phenethylamine,,2-Phenethylamine | 2-Phenylethylamine | 2-phenylethanamine | Benzeneethanamine | PEA | Phenylethylamine | beta-Phenylethylamine | beta-aminoethylbenzene | beta-phenethylamine | β-PEA | β-Phenethylamine | β-aminoethylbenzene,Nootropic,recreational,MAO-substrate | endogenous-TAAR1-agonist | no-human-data | orally-inactive | phenethylamine,oral,oral,oral,yes,yes,10.0,,,Trace amines: identification of a family of mammalian G protein-coupled receptors,mechanism_of_action
Phenetrazine,,,Stimulant,recreational,habit-forming | tentative,insufflation,insufflation | oral,insufflation | oral,yes,no,,,,,"duration_by_route, half_life_minutes, mechanism_of_action, references"
Phenibut,,Anvifen | Fenibut | Noofen | PhGABA | Phenybut | phenigamma | β-phenyl-GABA | 菲尼布特,GABAergic,recreational,GABA-B-agonist | GABA-B-partial-agonist | GABAergic | alpha-2-delta-ligand | class:gabapentinoids | habit-forming | high-dependence-risk | nootropic | protracted-withdrawal | research-chemical,oral,oral,oral,yes,yes,330.0,GABA-B Receptor Agonist and α2δ Calcium Channel Ligand,"Amnesia | Anxiety suppression | Cognitive euphoria | Dehydration | Depression | Difficulty urinating | Disinhibition | Dizziness | Empathy, love, and sociability enhancement | Headaches | Increased blood pressure | Increased perspiration | Information processing suppression | Motivation enhancement | Motor control loss | Muscle cramps | Nausea | Physical euphoria | Respiratory depression | Sedation | Stimulation | Stomach cramps | Temperature regulation suppression | Thought deceleration",https://en.wikipedia.org/wiki/Phenibut,
Phenmetrazine,,Preludin,Stimulant,recreational,NDRA | VMAT2-substrate | habit-forming,oral,oral,oral,yes,yes,480.0,,,Role of phenmetrazine as an active metabolite of phendimetrazine: evidence from studies of drug discrimination and pharmacokinetics in rhesus monkeys,mechanism_of_action
Phenobarbital,,Luminal | PB | Phenobarb | Phenobarbitol | Phenobarbitone | Sezaby | Solfoton | pheno | 苯巴比妥,Depressant,recreational,CYP-pan-inducer | GABA-A-PAM-direct-agonist-high-conc | class:barbiturates | habit-forming | very-long-half-life | withdrawal-treatment-tool,intravenous,intravenous | oral,intravenous | oral,yes,yes,4800.0,,,Phenobarbital pharmacokinetics and bioavailability in adults,mechanism_of_action
Phentermine,,"Adipex-P | Ionamin | α,α-dimethylphenethylamine | α-methylamphetamine",Stimulant,recreational,FDA-approved-anorectic | NE-selective | no-5-HT2B-activity | tentative,oral,oral,oral,yes,yes,,,,,"half_life_minutes, mechanism_of_action, references"
Phentermine+Fenfluramine,,Adipex-P + Pondimin | Fen-Phen | Phen/Fen | Pondimin + phentermine | Redux (dexfenfluramine) + phentermine | phen-fen | phentermine + (dex)fenfluramine | phentermine + fenfluramine | phentermine/fenfluramine,,recreational,PPH | valvulopathy | withdrawn-1997,oral,oral,oral,yes,yes,,,,,"half_life_minutes, mechanism_of_action, references"
Phenylephrine,,DayQuil Sinex | Mydcombi | Mydfrin | Neo-Synephrine | Omidria | PEF100 | R(-)-phenylephrine | Sudafed PE | Vazculep | m-oxedrine | m-synephrine | metasynephrine,Other,recreational,OTC | alpha1-agonist | class:Phenylethanolamine | decongestant | ineffective-oral | no-human-data | phenethylamine | vasoconstrictor | α1-direct-agonist,insufflation,insufflation | intravenous | oral,insufflation | intravenous | oral,yes,yes,150.0,,,https://en.wikipedia.org/wiki/Phenylephrine,mechanism_of_action
Phenylpiracetam,,Carphedon | Fonturacetam | Phenotropil,Nootropic,recreational,WADA-banned | class:racetams | nootropic | racetam | stimulant-adjacent,oral,oral,oral,yes,yes,300.0,,,https://en.wikipedia.org/wiki/Phenylpiracetam,mechanism_of_action
Phenylpiracetam hydrazide,,Fonturacetam hydrazide,Nootropic,recreational,BBB-penetrant | anticonvulsant-original-purpose | mechanism-unknown | no-human-data | racetam | research-chemical,,,,no,no,,,,https://en.wikipedia.org/wiki/Phenylpiracetam,"dose_ranges_by_route, duration_by_route, half_life_minutes, mechanism_of_action"
Phenylpropylaminopentane,PPAP,"DPPEA | MK-306 | PPAP | α,N-dipropylphenethylamine",Stimulant,recreational,,insufflation,insufflation | intramuscular | oral | sublingual,insufflation | intramuscular | oral | sublingual,yes,yes,,,,,"half_life_minutes, mechanism_of_action, references"
Phenytoin,,Dilantin | Diphenylhydantoin | Phenytek,Anticonvulsant,medical_rx,anticonvulsant | narrow-therapeutic-index | prescription-only | sodium-channel-blocker,,,,no,no,1320.0,,,https://en.wikipedia.org/wiki/Phenytoin,"dose_ranges_by_route, duration_by_route, mechanism_of_action"
Phosphatidylserine,,PS | Phosphatidyl Serine | Sharp-PS | Soy-Derived Phosphatidylserine,Supplement,otc,HPA-modulator | OTC | cognitive-enhancement | cortisol-reducer | neuroprotective | nootropic | supplement,oral,oral,oral,yes,yes,720.0,,,https://en.wikipedia.org/wiki/Phosphatidylserine | https://examine.com/supplements/phosphatidylserine/,mechanism_of_action
Picamilon,,N-Nicotinoyl-GABA | Pikamilon | Pycamilon,Nootropic,recreational,GABA-prodrug | GABAergic | habit-forming | nootropic | vasodilator | vasodilator-niacin,oral,oral,oral,yes,yes,,,Cerebral vasodilation,https://en.wikipedia.org/wiki/Picamilon,"half_life_minutes, mechanism_of_action"
Pimavanserin,,Nuplazid,Antipsychotic,medical_rx,5HT2C-inverse-agonist | QTc-risk | antipsychotic | atypical-antipsychotic | inverse-agonist-5HT2A | parkinsons-psychosis | prescription-only,oral,oral,oral,yes,no,3780.0,,,https://www.accessdata.fda.gov/drugsatfda_docs/label/2016/207318orig1s000lbl.pdf | https://en.wikipedia.org/wiki/Pimavanserin,"duration_by_route, mechanism_of_action"
Pimozide,,Orap,Antipsychotic,medical_rx,D2-antagonist | QTc-risk | antipsychotic | diphenylbutylpiperidine | high-EPS-risk | prescription-only | tourette-syndrome | typical-antipsychotic,oral,oral,oral,yes,no,3360.0,,,https://www.accessdata.fda.gov/drugsatfda_docs/label/2012/017473s055lbl.pdf | https://en.wikipedia.org/wiki/Pimozide,"duration_by_route, mechanism_of_action"
Pinazepam,,domar,Benzodiazepine,recreational,GABAA-PAM | benzodiazepine | habit-forming,oral,oral,oral,yes,yes,,,,,"half_life_minutes, mechanism_of_action, references"
Pipradrol,,Meratran | diphenyl(piperidin-2-yl)methanol,Stimulant,recreational,NDRI | stimulant-miscategorised,oral,oral,oral,yes,yes,,,,,"half_life_minutes, mechanism_of_action, references"
PiPT,,,Psychedelic,recreational,research-chemical | tentative,inhalation,inhalation,inhalation,yes,yes,,,,,"half_life_minutes, mechanism_of_action, references"
Piracetam,,Avigilen | Cerebroforte | Cerebrospan | Cetam | Dinagen | Encefalux | Encetrop | Euvifor | Gabacet | Genogris | Lucetam | Memo-Puren | Memotopil | Nootron | Nootropil | Nootropyl | Normabrain | Norzetam | Pirroxil | Psycotron | Stimucortex | UCB-6215 | biotropil | breinox | geratam | noostan | oikamid | 吡拉西坦,Nootropic,recreational,AMPA-modulator | century-old-mechanism-unknown | cholinergic | class:racetams | membrane-fluidity-modulator-proposed | nootropic | racetam | renal-eliminated,oral,oral,oral,yes,yes,300.0,"The mechanism of action of piracetam, like that of racetams in general, is not yet fully understood. The drug affects neuronal and vascular function and influences cognitive function, but does not act as a sedative or stimulant. Piracetam is a positive allosteric modulator of AMPA receptors. It is hypothesized to act on ion channels or ion carriers, resulting in increased neuronal excitability. GABA brain metabolism and GABA receptors are not affected by piracetam.

Among its other effects, it has been found to increase blood flow and oxygen consumption in certain brain regions, though this may be a secondary consequence of increased brain activity rather than the drug's primary action or mechanism. Piracetam also improves the function of the neurotransmitter acetylcholine via muscarinic cholinergic (ACh) receptors, which are associated with memory processes.

Although the precise mechanism remains incompletely understood, it is this combination of multiple complex actions that accounts for piracetam's nootropic effects.",Acuity enhancement | Anxiety | Anxiety suppression | Auditory enhancement | Colour enhancement | Dream potentiation | Focus enhancement | Headaches | Irritability | Memory enhancement | Mindfulness | Motivation enhancement | Muscle spasms | Stimulation | Tactile enhancement | Thought connectivity | Wakefulness,https://en.wikipedia.org/wiki/Piracetam,
Placdyl,,Placidyl | ethchlorvnol,Depressant,recreational,habit-forming | historic | tertiary-alcohol-hypnotic,oral,oral,oral,yes,yes,,,,,"half_life_minutes, mechanism_of_action, references"
PMMA,,4-甲氧基甲基苯丙胺 | para-Methoxymethamphetamine | 对甲氧基甲基苯丙胺,Empathogen,recreational,class:amphetamine | class:substituted amphetamines,,,,no,no,,,,,"dose_ranges_by_route, duration_by_route, half_life_minutes, mechanism_of_action, references"
PNC-27,,p53-derived anticancer peptide,Peptide,medical_rx,no-human-data | peptide,,,,no,no,,Membrane-disrupting anticancer peptide; p53(12-26) MDM2-binding domain plus penetratin leader.,,https://www.ncbi.nlm.nih.gov/pmc/?term=PNC-27+p53+peptide | Michl/Pincus p53 peptide literature,"dose_ranges_by_route, duration_by_route, half_life_minutes"
Polygala tenuifolia,,Chinese senega | Radix Polygalae | Yuan zhi,Nootropic,recreational,BACE1-inhibitor-weak | TCM | TCM-herb | herb | nootropic | saponin-mixture,oral,oral,oral,yes,no,,,,https://en.wikipedia.org/wiki/Polygala_tenuifolia,"duration_by_route, half_life_minutes, mechanism_of_action"
Poppers,,亚硝酸酯,,medical_rx,,,,,no,no,,,,,"dose_ranges_by_route, duration_by_route, half_life_minutes, mechanism_of_action, references"
PQQ,,BioPQQ | Methoxatin | Pyrroloquinoline Quinone,Supplement,otc,OTC | antioxidant | mitochondrial-support | neuroprotective | nootropic | supplement,oral,oral,oral,yes,no,240.0,,,https://en.wikipedia.org/wiki/Pyrroloquinoline_quinone | https://examine.com/supplements/pyrroloquinoline-quinone/,"duration_by_route, mechanism_of_action"
Pramiracetam,,CI-879 | Neupramir | Pramistar | 普拉西坦,Nootropic,recreational,HACU-enhancer | brain-penetrant | cholinergic | class:racetams | lipophilic | lipophilic-racetam | nootropic | racetam,oral,oral,oral,yes,yes,300.0,,,https://en.wikipedia.org/wiki/Pramiracetam,mechanism_of_action
Prazepam,,Centrax | Demetrin | Lysanxia | Prazepamum | Sedapran | Trepidan | centrac | pozapam | prasepine | prazene | reapam,Benzodiazepine,recreational,CYP3A4-substrate | GABAA-PAM | benzodiazepine | habit-forming | prodrug-of-nordazepam,oral,oral,oral,yes,yes,,,,,"half_life_minutes, mechanism_of_action, references"
Prazosin,,Minipress,Cardiovascular,medical_rx,PTSD-nightmares | alpha1-blocker | antihypertensive | prescription-only,oral,oral,oral,yes,yes,180.0,,,https://en.wikipedia.org/wiki/Prazosin,mechanism_of_action
PRE-084,,Research ligand PRE-084,Other,recreational,tentative,insufflation,insufflation | oral | sublingual,insufflation | oral | sublingual,yes,yes,,,,,"half_life_minutes, mechanism_of_action, references"
Pregabalin,,3-Isobutyl GABA | CI-1008 | DB00230 | Lyrica | Nervalin | PD-144723 | PGB | pregablin | α2δ calcium-channel ligand | 普瑞巴林,GABAergic,recreational,alpha-2-delta-ligand | alpha2-delta-ligand | anticonvulsant | anxiolytic | class:gabapentinoids | gabapentinoid | habit-forming | high-affinity-vs-gabapentin | linear-PK | prescription-only | renally-cleared,insufflation,insufflation | oral | rectal,insufflation | oral | rectal,yes,yes,378.0,"Pregabalin is neither a GABAA nor a GABAB receptor agonist.

The pharmacological action of pregabalin is mediated through binding to the α2δ-1 site of voltage-gated calcium channels (VGCCs). This site is also known as the gabapentin receptor, as it is the target of the related compound gabapentin (also developed by Pfizer). The α2δ-1 site is highly expressed in sensory neurons projecting from the dorsal root ganglion; peripheral nerve injury upregulates this structural subunit, leading to sensitization that drives the development and maintenance of neuropathic pain. By blocking the α2δ-1 subunit of spinal VGCCs, pregabalin reduces pain by decreasing the release of glutamate, substance P, CGRP (calcitonin gene-related peptide), and other neurotransmitters involved in the modulation and amplification of pain signals. Advantages of pregabalin over gabapentin include higher bioavailability and potency.

Although pregabalin is a chemical derivative of GABA, it is inactive at all GABA receptors, including GABAA, GABAB, and benzodiazepine sites. Despite its GABA backbone, pregabalin does not appear to alter GABA levels in the brain, and its pharmacological activity is therefore presumed to be unrelated to GABA. Instead, its binding to the α2δ-1 site of voltage-gated calcium channels appears to be the source of its subjective effects. Through this binding, pregabalin reduces the release of several excitatory neurotransmitters, including glutamate, substance P, acetylcholine, and norepinephrine.

At high doses, the reduction in glutamate and acetylcholine release may be responsible for producing dissociative- and deliriant-like effects.

One study also demonstrated that pregabalin promotes deep sleep, thereby improving sleep quality. This may be significant because reductions in slow-wave sleep are associated with anxiety and fibromyalgia. Additionally, the gabapentinoid binding site has been found to have an independent effect on the neurogenesis of excitatory synapses. The endogenous neurochemical thrombospondin also binds this site and is important for the formation of new excitatory synapses. Gabapentin and pregabalin, due to their high affinity for this site, can block this action and lead to reduced levels of excitatory synapses in animal models.","Acuity enhancement | Amnesia | Anxiety suppression | Auditory enhancement | Cognitive euphoria | Colour enhancement | Disinhibition | Dizziness | Empathy, love, and sociability enhancement | Information processing suppression | Internal hallucinations | Motivation enhancement | Motor control loss | Muscle spasms | Pain relief | Respiratory depression | Sedation | Seizure suppression | Thought deceleration",https://en.wikipedia.org/wiki/Pregabalin | Clinical pharmacokinetics of pregabalin in healthy volunteers,
PRL-8-53,,prl853,Nootropic,recreational,investigational | nootropic | research-chemical | single-trial-1978 | tentative | unknown-mechanism | unreplicated,oral,oral,oral,yes,yes,,,,https://en.wikipedia.org/wiki/PRL-8-53,"half_life_minutes, mechanism_of_action"
PRO-LAD,,,Psychedelic,recreational,TIHKAL | class:lysergamides | tentative | tryptamine,oral,oral,oral,yes,yes,,"更多信息请参阅：血清素能迷幻剂

PRO-LAD 可能作为 5-HT 受体激动剂（部分激动剂）发挥作用。人们认为，迷幻效应源于 PRO-LAD 对 5-HT 受体的效能。然而，这些相互作用的作用以及它们如何导致迷幻体验，仍然是科学阐明研究的对象嘛。

作为 LSD 的衍生物，PRO-LAD 的药效学和药动学特性与 LSD 相似。然而，它们并不完全相同。在 R6 甲基上增加两个碳形成的丙基链可能导致 PRO-LAD 的吸收速度较慢，从而导致不同的初始起效和峰值效应。这可能是其阈值和中等剂量较高的原因喵。",,https://erowid.org/library/books_online/tihkal/tihkal51.shtml,half_life_minutes
Prochlorperazine,,Buccastem | Compazine | Compro | Phenotil | Stemetil | Stemzine | 丙氯拉嗪,Gastrointestinal,dual_use,D2-antagonist | EPS-risk | QT-prolonging | antiemetic | class:phenothiazine | dopamine-antagonist | phenothiazine | prescription-only,oral,oral,oral,yes,yes,1080.0,"一般认为，丙氯拉嗪通过阻断多巴胺受体来发挥其抗精神病药效应。

丙氯拉嗪与氯丙嗪结构类似；这两种药物都会在中枢神经系统的多个通路中拮抗多巴胺能 D2 受体。这种 D2 阻断会带来抗精神病、止吐以及其他效应。",,https://en.wikipedia.org/wiki/Prochlorperazine,
Progesterone,,,Depressant,recreational,class:steroid,oral,oral | rectal,oral | rectal,yes,yes,,,,,"half_life_minutes, mechanism_of_action, references"
Prolintane,,1-(α-propylphenethyl)pyrrolidine | ATC N06BX14 | Katovit | catovit | promotil | villescon | βk-Prolintane analog class relates to α-PVP | 普罗林坦 | 苯基吡咯烷基戊烷,Stimulant,recreational,class:amphetamine | class:substituted amphetamines | class:substituted pyrrolidines | habit-forming | research-chemical | tentative,insufflation,insufflation | oral | rectal,insufflation | oral | rectal,yes,yes,,"Prolintane is believed to act primarily as a mild norepinephrine-dopamine reuptake inhibitor. Reducing the reuptake of norepinephrine and dopamine leads to elevated concentrations of both catecholamine neurotransmitters in the synaptic cleft (the gap between neurons). This reduction in reuptake activity enhances and prolongs dopaminergic and noradrenergic signaling at dopamine and norepinephrine receptors on receiving neurons. This acute increase in neurotransmitter concentrations in the brain is believed to be responsible for the pharmacological effects of prolintane at high doses.

Because it acts primarily as a catecholamine reuptake inhibitor, prolintane is pharmacologically closer to cocaine or methylphenidate than to amphetamine. By contrast, amphetamine acts primarily as an agonist that indirectly releases dopamine and norepinephrine by activating TAAR1 receptors.",,,"half_life_minutes, references"
Promethazine,,Avomine | Lergigan | Phenergan | Pipolphen | Promethegan | Romergan | 异丙嗪,Antihistamine,dual_use,Beers-criteria-avoid-elderly | D2-antagonist | FDA-black-box-IV-tissue-injury | FDA-black-box-pediatric-respiratory-depression | H1-antagonist | H1-inverse-agonist | anticholinergic | antiemetic | antihistamine | class:phenothiazine | first-gen-antihistamine | hERG-strong | phenothiazine | potent-anticholinergic | prescription-only | sedating,intramuscular,intramuscular | oral,intramuscular | oral,yes,yes,720.0,,,https://www.accessdata.fda.gov/drugsatfda_docs/label/2004/007491s044lbl.pdf | https://en.wikipedia.org/wiki/Promethazine | Pharmacokinetics of promethazine hydrochloride after administration of rectal suppositories and oral syrup to healthy subjects,mechanism_of_action
Propofol,,"2,6-diisopropylphenol | diprivan | milk-of-amnesia",Depressant,recreational,GABA-A-PAM-beta-pocket | IV-anaesthetic | PRIS-risk | UGT1A9-substrate | habit-forming,intravenous,intravenous,intravenous,yes,no,360.0,,,Pharmacokinetic implications for the clinical use of propofol,"duration_by_route, mechanism_of_action"
Propoxyphene,,Darvon,Opioid,recreational,MOR-weak | cardiotoxic | habit-forming | withdrawn,,,,no,no,900.0,,,Pharmacokinetics of dextropropoxyphene and nordextropropoxyphene in young and elderly volunteers after single and multiple dextropropoxyphene dosage,"dose_ranges_by_route, duration_by_route, mechanism_of_action"
Propranolol,,Hemangeol | Hemangiol | Inderal | Inderal LA | Innopran XL | innopran,Cardiovascular,dual_use,CYP1A2-substrate | CYP2D6-MBI | anti-anxiety-physical | antihypertensive | beta-blocker | non-selective-beta-blocker | prescription-only | rebound-risk,intravenous,intravenous | oral,intravenous | oral,yes,yes,210.0,,,https://en.wikipedia.org/wiki/Propranolol | Clinical pharmacokinetics of propranolol,mechanism_of_action
Propylhexedrine,,Benzedrex | Hexahydromethamphetamine | hexahdromethamphetamine | propylhexadrine | 奥贝辛 | 环己丙甲胺 | 苯齐德雷克斯,Stimulant,recreational,OTC-decongestant | class:cycloalkylamines | cyclohexyl-amphetamine | habit-forming,insufflation,insufflation | oral | other,insufflation | oral | other,yes,yes,,"Propylhexedrine acts as a neurotransmitter releasing agent (SNDRA) at the monoamine neurotransmitters dopamine, norepinephrine, and serotonin, binding to their transporters and causing them to operate in reverse, thereby pumping these neurotransmitters from the cytoplasm into the synaptic cleft, where they can bind to their respective receptors. In addition, propylhexedrine inhibits VMAT2, which further increases the concentrations of these monoamines, as VMAT2 is responsible for transporting all three neurotransmitters from the synaptic cleft back into the cytoplasm.

Like phenethylamine, amphetamine, methamphetamine, and MDMA, propylhexedrine also acts as an agonist at TAAR1. TAAR1 agonism causes phosphorylation of the dopamine transporter (DAT) via protein kinase A and C (PKA and PKC) signaling. Both PKA and PKC result in non-competitive dopamine reuptake inhibition, while PKC alone also causes dopamine release/DAT reversal.

The pharmacological actions of propylhexedrine are similar to those of phenethylamine-class substances such as amphetamines, though it is generally less centrally active and less suited for recreational use.

Because propylhexedrine substitutes a cyclohexane ring for the phenyl ring of methamphetamine, it lacks the blood-brain barrier permeability that the phenyl group confers upon amphetamines, resulting in a greater ratio of peripheral to central nervous system activity.

The half-life of propylhexedrine is 2.5–6.5 hours and varies depending on urinary pH and the activity levels of certain cytochrome P450 enzymes. Higher urinary pH prolongs duration, while lower urinary pH shortens it. Elevated activity of certain cytochrome P450 enzymes also shortens duration.

Propylhexedrine is metabolized by certain cytochrome P450 enzymes to norpropylhexedrine, cyclohexyl methyl ketoxime, cis-4-hydroxypropylhexedrine, and trans-4-hydroxypropylhexedrine.",,,"half_life_minutes, references"
Propylphenidate,,PPH,Stimulant,recreational,DAT-selective | habit-forming | research-chemical | tentative,oral,oral,oral,yes,yes,,,,,"half_life_minutes, mechanism_of_action, references"
Propynyl,,,Psychedelic,recreational,PIHKAL | phenethylamine,oral,oral,oral,yes,yes,,,,https://erowid.org/library/books_online/pihkal/pihkal143.shtml,"half_life_minutes, mechanism_of_action"
Proscaline,,普罗斯卡林,Psychedelic,recreational,class:substituted phenethylamines | research-chemical,oral,oral,oral,yes,yes,,,,,"half_life_minutes, mechanism_of_action, references"
Protonitazene,,PTZ | Pronitazene | Propoxynitazene,Opioid,recreational,benzimidazole-opioid | extreme-potency | fatalities-reported | fentanyl-stronger | mu-full-agonist | naloxone-high-dose-required | nitazene,inhalation,inhalation | insufflation | oral,inhalation | insufflation | oral,yes,yes,,,,https://en.wikipedia.org/wiki/Protonitazene,"half_life_minutes, mechanism_of_action"
Pseudoephedrine,,Sudafed,Stimulant,recreational,OTC-decongestant,oral,oral,oral,yes,yes,300.0,,,https://www.ncbi.nlm.nih.gov/books/NBK547661/,mechanism_of_action
PSI-2C-T-4,,,Psychedelic,recreational,2C-x | 5-HT2A-agonist | PIHKAL | phenethylamine,oral,oral,oral,yes,no,,,,https://erowid.org/library/books_online/pihkal/pihkal042.shtml,"duration_by_route, half_life_minutes, mechanism_of_action"
psi-DOM,,Ψ-DOM,Psychedelic,recreational,5-HT2A-agonist | DOx | PIHKAL | no-human-data | phenethylamine,oral,oral,oral,yes,yes,,,,https://erowid.org/library/books_online/pihkal/pihkal069.shtml,"half_life_minutes, mechanism_of_action"
Psilocin,,4-HO-DMT | 4-OH-DMT | 4-hydroxy-DMT | Psilocine | Psilocyn | Psilotsin,Psychedelic,recreational,5-HT2A-agonist | 5-HT2A-full-efficacy | 5HT2A-agonist | MAO-A-substrate | MISCATEGORIZED | TIHKAL | UGT1A10-substrate | active-metabolite-of-psilocybin | class:substituted tryptamines | no-human-data | psychedelic | research-chemical | tentative | tryptamine,insufflation,insufflation | oral,insufflation | oral,yes,yes,120.0,,,https://en.wikipedia.org/wiki/Psilocin | https://erowid.org/library/books_online/tihkal/tihkal18.shtml | Clinical Pharmacokinetics of Psilocin After Psilocybin Administration: A Systematic Review and Post-Hoc Analysis,mechanism_of_action
Psilocybe Cyanescens,,蓝柄裸盖菇,,medical_rx,,,,,no,no,,,,,"dose_ranges_by_route, duration_by_route, half_life_minutes, mechanism_of_action, references"
Psilocybe Mexicana,,墨西哥裸盖菇,,medical_rx,,,,,no,no,,,,,"dose_ranges_by_route, duration_by_route, half_life_minutes, mechanism_of_action, references"
Psilocybin,,"4-PO-DMT | 4-磷酰氧基-N,N-二甲基色胺 | indocybin | psilocin phosphate ester | psilocybine | 神奇蘑菇 | 裸盖菇素 | 裸蓋菇素 | 賽洛西賓 | 赛洛西宾 | 赛洛西宾蘑菇 | 迷幻蘑菇",Psychedelic,recreational,5-HT2A-agonist | 5HT2A-agonist | natural-product | no-human-data | prodrug-to-psilocin | psilocybe-mushroom | psychedelic | tryptamine,oral,oral,oral,yes,yes,50.0,Prodrug → Psilocin (5-HT2A Agonist),,https://en.wikipedia.org/wiki/Psilocybin | Pharmacokinetics of Psilocybin: A Systematic Review,
Psilocybin mushrooms,,4-PO-DMT | Magic Mushrooms | Shrooms,Psychedelic,recreational,class:substituted tryptamines,oral,oral,oral,yes,yes,,,,,"half_life_minutes, mechanism_of_action, references"
Pst,,poppy seed tea | poppy tea | poppy-seed-tea | poppy-tea,Opioid,recreational,MOR-via-morphine | habit-forming | highly-variable-dose | plant-extract,,,,no,no,,,,,"dose_ranges_by_route, duration_by_route, half_life_minutes, mechanism_of_action, references"
Psychotria Viridis,,查克罗纳 | 查克鲁纳 | 绿九节,,medical_rx,,,,,no,no,,,,,"dose_ranges_by_route, duration_by_route, half_life_minutes, mechanism_of_action, references"
PT-141,,Bremelanotide | Vyleesi,Peptide,medical_rx,HSDD-treatment | aphrodisiac | melanocortin-agonist | peptide | prescription-only,subcutaneous,subcutaneous,subcutaneous,yes,yes,120.0,,,https://www.accessdata.fda.gov/drugsatfda_docs/label/2019/210557s000lbl.pdf | https://en.wikipedia.org/wiki/Bremelanotide,mechanism_of_action
Pterostilbene,,,Nootropic,recreational,BBB-permeable | PPAR-alpha-activator | nootropic | resveratrol-analog-improved-bioavailability | sirtuin-activator | supplement,oral,oral,oral,yes,no,,,,https://en.wikipedia.org/wiki/Pterostilbene,"duration_by_route, half_life_minutes, mechanism_of_action"
PV-8,,a-phpp,Stimulant,recreational,habit-forming | research-chemical | tentative,oral,oral,oral,yes,no,,,,,"duration_by_route, half_life_minutes, mechanism_of_action, references"
Pynazolam,,pinazolam,Benzodiazepine,recreational,designer-benzo | no-human-data | research-chemical,,,,no,no,,GABA-A positive allosteric modulator (triazolobenzodiazepine); in-silico QSAR suggests high potency. First described 1970s (Sternbach); never marketed.,sedation | amnesia,https://en.wikipedia.org/wiki/Pynazolam | PMC7569319 | https://www.ncbi.nlm.nih.gov/pmc/articles/PMC7569319/,"dose_ranges_by_route, duration_by_route, half_life_minutes"
Pyrazolam,,Pirazolam | 吡溴唑仑,Benzodiazepine,recreational,GABAA-PAM | UGT-substrate | benzodiazepine | class:benzodiazepines | designer-benzo | habit-forming | no-CYP-metabolism | research-chemical | triazolobenzodiazepine,oral,oral,oral,yes,yes,900.0,"Benzodiazepines produce their effects by binding to the benzodiazepine receptor site and acting on γ-aminobutyric acid (GABA) receptors, thereby amplifying the efficiency and potency of the neurotransmitter GABA. Because this site is the most prolific inhibitory receptor complex in the brain, its modulation accounts for the sedative (or depressant) effects of pyrazolam on the nervous system.

The anticonvulsant properties of benzodiazepines may be attributable in part or in full to binding at voltage-dependent sodium channels rather than at benzodiazepine receptors.

Pyrazolam is most selective for the α2 and α3 receptor subtypes. It is excreted unchanged and therefore does not interact with hepatic enzymes in the way other benzodiazepines do, which may make it somewhat safer for individuals with impaired liver function.

Pyrazolam is structurally similar to alprazolam and bromazepam. Unlike most benzodiazepines, pyrazolam does not appear to undergo metabolism and is instead excreted unchanged in urine.",Amnesia | Analysis suppression | Anxiety suppression | Compulsive redosing | Disinhibition | Dizziness | Information processing suppression | Motor control loss | Muscle relaxation | Respiratory depression | Sedation | Thought deceleration,https://en.wikipedia.org/wiki/Pyrazolam,
Pyrilamine,,Mepyramine | Neo-Synephrine Nighttime | PBZ,Antihistamine,medical_rx,H1-antagonist | OTC | anticholinergic | antihistamine | first-gen-antihistamine | sedating,,,,no,no,150.0,,Sedation,https://en.wikipedia.org/wiki/Mepyramine,"dose_ranges_by_route, duration_by_route, mechanism_of_action"
Pyritinol,,Cerbon 6 | Encephabol | Pyridoxine disulfide | pyrithioxine,Nootropic,recreational,B6-derivative | B6-disulfide | cholinergic | hepatotoxicity-risk | nootropic | old-pharmaceutical,oral,oral,oral,yes,no,,,,https://en.wikipedia.org/wiki/Pyritinol,"duration_by_route, half_life_minutes, mechanism_of_action"
Pyrophenidone,,,Stimulant,recreational,habit-forming | research-chemical | tentative,inhalation,inhalation | insufflation,inhalation | insufflation,yes,yes,,,,,"half_life_minutes, mechanism_of_action, references"
Pyrovalerone,,O-2371 | beta-keto-prolintane,Stimulant,recreational,class:Pyrrolidinophenone cathinone,insufflation,insufflation | intravenous | oral | rectal,insufflation | intravenous | oral | rectal,yes,yes,,,,,"half_life_minutes, mechanism_of_action, references"
Pyrrolidino-protonitazene,PYRPTZ,PYRPTZ | Protonitazepyne,Opioid,recreational,benzimidazole-opioid | extreme-potency | fatalities-reported | fentanyl-stronger | mu-full-agonist | naloxone-high-dose-required | nitazene,,,,no,no,,,,,"dose_ranges_by_route, duration_by_route, half_life_minutes, mechanism_of_action, references"
Quazepam,,doral,Benzodiazepine,recreational,CYP3A4-substrate | GABAA-PAM | alpha1-preferring | benzodiazepine | habit-forming | long-acting-metabolite | thione,oral,oral,oral,yes,yes,,,,,"half_life_minutes, mechanism_of_action, references"
Quercetin,,Quercetin Dihydrate | Quercetin Phytosome | Sophora japonica extract,Supplement,otc,OTC | anti-inflammatory | antihistamine | antioxidant | herbal | polyphenol | senolytic | supplement,oral,oral,oral,yes,yes,720.0,,,https://en.wikipedia.org/wiki/Quercetin | https://examine.com/supplements/quercetin/,mechanism_of_action
Quetiapine,,Seroquel | Seroquel XR,Antipsychotic,dual_use,5HT2A-antagonist | CYP3A4-substrate | D2-antagonist | H1-antagonist | H1-strong | alpha1-blocker | antipsychotic | atypical-antipsychotic | class:Dibenzothiazepine derivative | class:dibenzothiazepine | dibenzothiazepine | multi-target-antipsychotic | off-label-sleep-aid | prescription-only,oral,oral,oral,yes,yes,360.0,,Amnesia | Analysis suppression | Anxiety suppression | Creativity suppression | Dehydration | Dizziness | Dream potentiation | Emotion suppression | Headaches | Information processing suppression | Language suppression | Motor control loss | Sedation | Thought deceleration,"https://www.accessdata.fda.gov/drugsatfda_docs/label/2013/022047s019lbl.pdf | https://en.wikipedia.org/wiki/Quetiapine | Steady-State Pharmacokinetic, Safety, and Tolerability Profiles of Quetiapine, Norquetiapine, and Other Quetiapine Metabolites in Pediatric and Adult Patients with Psychotic Disorders",mechanism_of_action
RAD-140,,Testolone | Vosilasarm,Endocrine,medical_rx,research-chemical | sarm | wada-prohibited,oral,oral,,no,no,2682.0,Potent oral androgen receptor full agonist with tissue selectivity.,,PMC10054042 (DILI) | PMC8881971 (myocarditis) | PMC9325264 (microdose PK) | https://www.ncbi.nlm.nih.gov/pmc/articles/PMC10054042/ | https://www.ncbi.nlm.nih.gov/pmc/articles/PMC8881971/ | https://www.ncbi.nlm.nih.gov/pmc/articles/PMC9325264/,
RAD-150,,TLB-150 | Testolone Benzoate,Endocrine,medical_rx,no-human-data | research-chemical | sarm | wada-prohibited,oral,oral,,no,no,,Presumed AR agonist prodrug — benzoate ester hydrolysis releases RAD-140-like moiety.,,,"half_life_minutes, references"
Ramelteon,,Rozerem,Depressant,recreational,circadian | melatonin-agonist | prescription-only | sedative-hypnotic,oral,oral,oral,yes,yes,90.0,,,https://en.wikipedia.org/wiki/Ramelteon,mechanism_of_action
Ranitidine,,Taladine | Zantac,Antihistamine,otc,H2-antagonist | acid-reducer | antihistamine | non-sedating | withdrawn-US,oral,oral,oral,yes,yes,150.0,,,https://en.wikipedia.org/wiki/Ranitidine,mechanism_of_action
Reishi,,Ganoderma lucidum | Lingzhi | Mannentake,Supplement,otc,OTC | adaptogen | herbal | immunomodulator | mushroom | sleep | supplement,oral,oral,oral,yes,no,720.0,,,https://en.wikipedia.org/wiki/Ganoderma_lucidum | https://examine.com/supplements/ganoderma-lucidum/,"duration_by_route, mechanism_of_action"
Remifentanil,,Remifentanyl | Ultiva,Opioid,recreational,OIH-risk | class:Phenyl-piperidine synthetic opioid | ester-hydrolysis-cleared | mu-full-agonist | ultra-short-acting,intravenous,intravenous,intravenous,yes,yes,10.0,,,A review of the pharmacokinetics and pharmacodynamics of remifentanil.,mechanism_of_action
Resveratrol,,"3,5,4'-Trihydroxystilbene | Polygonum cuspidatum extract | Trans-Resveratrol",Supplement,otc,OTC | antioxidant | cardiovascular | polyphenol | sirtuin-activator | supplement,oral,oral,oral,yes,yes,90.0,,,https://en.wikipedia.org/wiki/Resveratrol | https://examine.com/supplements/resveratrol/,mechanism_of_action
Retatrutide,,LY3437943,Peptide,medical_rx,GIP-agonist | GLP-1-agonist | anti-obesity | peptide | weight-loss,subcutaneous,subcutaneous,subcutaneous,yes,no,8640.0,,,Triple–Hormone-Receptor Agonist Retatrutide for Obesity — A Phase 2 Trial | https://en.wikipedia.org/wiki/Retatrutide,mechanism_of_action
RGPU-95,,对氯苯基吡拉西坦,Nootropic,recreational,,oral,oral,oral,yes,yes,,,,,"half_life_minutes, mechanism_of_action, references"
Rhodiola Rosea,,Arctic Root | Golden Root | Rosavin | Salidroside,Supplement,otc,MAO-inhibitor-weak | OTC | adaptogen | anti-fatigue | anxiolytic | herbal | nootropic | supplement,oral,oral,oral,yes,yes,180.0,,,https://en.wikipedia.org/wiki/Rhodiola_rosea | https://examine.com/supplements/rhodiola-rosea/,mechanism_of_action
Rilmazafone,,rhythmy,Benzodiazepine,recreational,GABAA-PAM | benzodiazepine | habit-forming | peptidic-prodrug | prodrug | triazolobenzodiazepine,oral,oral,,no,yes,,,,,"dose_ranges_by_route, half_life_minutes, mechanism_of_action, references"
Rimcazole,,BW-234U,Antipsychotic,medical_rx,DAT-inhibitor | DRI | atypical-mechanism | investigational | research-chemical | sigma-antagonist,,,,no,no,,,,https://en.wikipedia.org/wiki/Rimcazole,"dose_ranges_by_route, duration_by_route, half_life_minutes, mechanism_of_action"
Risperidone,,Risperdal | Risperdal Consta | 利培酮,Antipsychotic,dual_use,5HT2A-antagonist | D2-antagonist | antipsychotic | atypical-antipsychotic | class:benzisoxazole | long-acting-injectable | prescription-only,intramuscular,intramuscular | oral,intramuscular | oral,yes,yes,180.0,利培酮的药理作用比较复杂，不过它的主要作用机制是作为多巴胺能 D2 受体拮抗剂。这意味着它会阻止多巴胺与该受体结合，同时自身并不会激活它。它还会阻断大多数血清素受体，对 5-HT₂A、5-HT₂B 和 5-HT₂C 血清素受体表现为反向激动剂。利培酮对 5-HT₂A 受体的亲和力最强。此外，它还作为 5-HT₇ 血清素受体的不可逆拮抗剂。它的催眠作用来自对多巴胺 D2 受体的阻断。,,"https://www.accessdata.fda.gov/drugsatfda_docs/label/2009/020272s056lbl.pdf | https://en.wikipedia.org/wiki/Risperidone | https://www.accessdata.fda.gov/drugsatfda_docs/label/2005/020272s042,020588s030,021444s016,021346s010lbl.pdf",
Rizatriptan,,Maxalt | Maxalt-MLT,Other,medical_rx,5HT1B-agonist | antimigraine | prescription-only | serotonin-agonist | triptan,oral,oral,oral,yes,yes,150.0,,,https://en.wikipedia.org/wiki/Rizatriptan,mechanism_of_action
Rolicyclidine,,PCPy | 咯环利定,Dissociative,recreational,NMDA-antagonist | arylcyclohexylamine | class:arylcyclohexylamines | habit-forming | research-chemical | tentative,inhalation,inhalation | insufflation | oral,inhalation | insufflation | oral,yes,yes,,"PCPy is an NMDA receptor antagonist. NMDA receptors allow electrical signals to pass between neurons in the brain and spinal cord; for a signal to pass, the receptor must remain open. Dissociatives act by blocking NMDA receptors and forcing them closed. This disconnection of neurons results in loss of sensation, difficulty moving, and ultimately a state nearly equivalent to the well-known K-hole.

PCPy likely shares biochemical properties with PCP, including antagonism at NMDA receptors and PCP2 glutamate receptors, activity as a sigma-1 receptor agonist, and modulation of the serotonin transporter; the latter may account for some of its pupil-dilating effects.

In animals, PCPy induces ataxia at a potency roughly equivalent to that of PCP.",,,"half_life_minutes, references"
Ronlax,,Meilax | Victan | ethyl loflazepate | ethyl-loflazepate,Depressant,recreational,BZ-prodrug | habit-forming | very-long-acting,oral,oral,oral,yes,yes,,,,,"half_life_minutes, mechanism_of_action, references"
RTI-111,,dichloropane,Stimulant,recreational,habit-forming | research-chemical | tentative,insufflation,insufflation | oral,insufflation | oral,yes,yes,,,,,"half_life_minutes, mechanism_of_action, references"
RTI-113,,,Stimulant,recreational,DAT-selective | DRI | cocaine-substitution-candidate | investigational | long-duration | no-human-data | radioligand-origin | research-chemical,,,,no,no,,,,https://en.wikipedia.org/wiki/Phenyltropane,"dose_ranges_by_route, duration_by_route, half_life_minutes, mechanism_of_action"
RTI-55,,Iometopane | RTI-4229-55 | β-CIT,Stimulant,recreational,DAT-SERT-dual | SDRI | SPECT-tracer | investigational | no-human-data | radioligand-origin | research-chemical,,,,no,no,,,,https://en.wikipedia.org/wiki/Iometopane,"dose_ranges_by_route, duration_by_route, half_life_minutes, mechanism_of_action"
RU58841,,HMR-3841 | PSK-3841,Endocrine,medical_rx,research-chemical,transdermal,transdermal,,no,no,60.0,Topical nonsteroidal competitive AR antagonist; designed for scalp application with minimal systemic exposure.,,https://en.wikipedia.org/wiki/RU-58841,
Rupatadine,,Rinialer | Rupa | Rupafin,Antihistamine,medical_rx,H1-antagonist | PAF-antagonist | antihistamine | non-sedating | prescription-only | second-gen-antihistamine,,,,no,no,360.0,,,https://en.wikipedia.org/wiki/Rupatadine,"dose_ranges_by_route, duration_by_route, mechanism_of_action"
S-23,,Mastorin,Endocrine,medical_rx,no-human-data | research-chemical | sarm | wada-prohibited,oral,oral,,no,no,714.0,High-affinity androgen receptor full agonist (Ki ~1.7 nM); tissue-selective SARM.,,PMC12023825 (human urine excretion study) | https://en.wikipedia.org/wiki/S-23_(drug) | https://www.ncbi.nlm.nih.gov/pmc/articles/PMC12023825/,
S4,,Andarine | GTx-007,Endocrine,medical_rx,research-chemical | sarm | wada-prohibited,oral,oral,,no,no,300.0,Oral androgen receptor partial agonist (Ki ~4 nM); tissue-selective; notable ocular AR binding.,,https://en.wikipedia.org/wiki/Andarine | https://bscg.org,
Sabroxy,,Oroxylin A,Nootropic,recreational,GABA-A-NAM | flavone | flavonoid | miscategorised | nootropic,oral,oral,oral,yes,no,,,,https://en.wikipedia.org/wiki/Oroxylin_A,"duration_by_route, half_life_minutes, mechanism_of_action"
Salvia,,,Dysdelic,recreational,,,,,no,no,,,Amnesia | Anxiety | Auditory distortion | Auditory hallucinations | Changes in felt bodily form | Changes in gravity | Cognitive dysphoria | Depth perception distortions | Drifting | Environmental cubism | Feelings of impending doom | Information processing suppression | Internal hallucinations | Language suppression | Laughter | Machinescapes | Memory suppression | Perspective distortions | Scenery slicing | Spontaneous tactile sensations | Synaesthesia | Thought deceleration | Transformations | Unity and interconnectedness,,"dose_ranges_by_route, duration_by_route, half_life_minutes, mechanism_of_action, references"
Salvinicin A,,,Dysdelic,recreational,KOR-partial-agonist | kappa-opioid-partial-agonist | no-human-data | research-chemical | salvinorin,,,,no,no,,,,"Salvinicins A and B, new neoclerodane diterpenes from Salvia divinorum","dose_ranges_by_route, duration_by_route, half_life_minutes, mechanism_of_action"
Salvinicin B,,,Dysdelic,recreational,MOR-antagonist | mu-opioid-antagonist | no-human-data | research-chemical | salvinorin,,,,no,no,,,,"Salvinicins A and B, new neoclerodane diterpenes from Salvia divinorum","dose_ranges_by_route, duration_by_route, half_life_minutes, mechanism_of_action"
Salvinorin A,,CAS 83729-01-5 | Diviner's Sage | Divinorin A | Sal A | Sally | Salvia divinorum | Salvia divinorum extract | Salvinorin | Seer's Sage | Ska María Pastora | 先知鼠尾草 | 墨西哥鼠尾草 | 斯卡·玛丽亚·帕斯托拉 | 牧羊女之草 | 萨莉 | 预言者鼠尾草 | 鼠尾草素甲,Dysdelic,recreational,DMN-attenuating | KOR-selective | balanced-agonist-KOR | class:salvinorin | class:terpenoid | dysdelic | kappa-opioid-agonist | natural | neoclerodane-diterpene | non-nitrogenous-opioid | rapid-onset | salvinorin | ultra-short-duration,inhalation,inhalation | sublingual,inhalation | sublingual,yes,yes,60.0,Selective κ-Opioid Receptor Agonist (Salvinorin A),,https://en.wikipedia.org/wiki/Salvinorin_A,
Salvinorin B,,Sal B,Dysdelic,recreational,inactive | inactive-metabolite | kappa-opioid-inactive | research-chemical | salvinorin | synthetic-precursor,,,,no,no,,,,https://en.wikipedia.org/wiki/Salvinorin_B,"dose_ranges_by_route, duration_by_route, half_life_minutes, mechanism_of_action"
Salvinorin B ethoxymethyl ether,,EOM-Sal B | EOM-SalB | Salvinorin B ethyl glycol ether,Dysdelic,recreational,EAE-active | anti-cocaine-preclinical | biased-agonist-G-protein | kappa-opioid-agonist | long-duration | no-human-data | research-chemical | salvinorin,,,,no,no,,,,,"dose_ranges_by_route, duration_by_route, half_life_minutes, mechanism_of_action, references"
Salvinorin C,,2-acetoxysalvinorin A,Dysdelic,recreational,kappa-opioid-agonist | no-human-data | research-chemical | salvinorin | weak-KOR-agonist,,,,no,no,,,,https://en.wikipedia.org/wiki/Salvinorin_C,"dose_ranges_by_route, duration_by_route, half_life_minutes, mechanism_of_action"
Salvinorin D,,,Dysdelic,recreational,inactive-or-near-inactive | no-human-data | research-chemical | salvinorin,,,,no,no,,,,https://en.wikipedia.org/wiki/Salvinorin,"dose_ranges_by_route, duration_by_route, half_life_minutes, mechanism_of_action"
Salvinorin E,,,Dysdelic,recreational,no-human-data | research-chemical | salvinorin | weak-KOR-agonist,,,,no,no,,,,https://en.wikipedia.org/wiki/Salvinorin,"dose_ranges_by_route, duration_by_route, half_life_minutes, mechanism_of_action"
Salvinorin F,,,Dysdelic,recreational,no-human-data | research-chemical | salvinorin | weak-KOR-agonist-or-inactive,,,,no,no,,,,https://en.wikipedia.org/wiki/Salvinorin,"dose_ranges_by_route, duration_by_route, half_life_minutes, mechanism_of_action"
SAM-e,,Methylguanidoacetic Acid | S-Adenosyl Methionine,Nootropic,recreational,class:nitrogenous organic acid,oral,oral,oral,yes,yes,,"SAM-e 是一种内源性分子，具有许多作用，包括在神经递质合成中提供甲基、发挥抗氧化作用（自由基清除、谷胱甘肽前体）、抗炎作用以及神经保护作用。

SAM-e 除了为细胞提供 ATP 外，还可通过烟酰胺 N-甲基转移酶将烟酰胺转化为 N-甲基烟酰胺（NMNA）；而 NMNA 能防止胆碱从脑和神经元中外流，这一过程可能解释了 SAM-e 某些益智药效应的来源。SAM-e 参与血清素、肌酸和多巴胺合成的过程，也很可能在其益智药效应中发挥作用。",,,"half_life_minutes, references"
SB,,,Psychedelic,recreational,PIHKAL | phenethylamine,,,,no,no,,,,https://erowid.org/library/books_online/pihkal/pihkal144.shtml,"dose_ranges_by_route, duration_by_route, half_life_minutes, mechanism_of_action"
Scopolamine,,Hyoscine | Hyoscine butylbromide | Transderm Scōp,Deliriant,medical_rx,BBB-penetrant-high | Beers-criteria-avoid-elderly | CYP3A4-substrate | M1-pan-muscarinic-antagonist | antidepressant-rapid-investigational | physostigmine-reversible | tentative | tropane-alkaloid,,,,no,no,270.0,,"Abnormal heartbeat | Acuity suppression | After images | Amnesia | Anxiety | Auditory enhancement | Auditory hallucinations | Autonomous entities | Cognitive dysphoria | Depression | Difficulty urinating | Dizziness | Dream potentiation | Drifting | Emotion suppression | External hallucinations | Frequent urination | Increased heart rate | Information processing suppression | Internal hallucinations | Language suppression | Muscle cramps | Muscle spasms | Nausea | Paranoia | Pattern recognition suppression | Perception of increased weight | Peripheral information misinterpretation | Perspective alterations | Photophobia | Psychosis | Pupil dilation | Restless leg syndrome | Scenarios and plots | Settings, sceneries, and landscapes | Shadow people | Spontaneous tactile sensations | Thought deceleration | Thought disorganization | Time distortion | Unspeakable horrors | Vibrating vision | Visual haze",Putcha L et al. — Pharmacokinetics and oral bioavailability of scopolamine in normal subjects; Pharm Res 1989,"dose_ranges_by_route, duration_by_route, mechanism_of_action"
Secobarbital,,Secobarbitone | Seconal | quinalbarbitone | 司可巴比妥 | 司可巴比妥酮 | 速可眠,Depressant,recreational,MAID-protocol-drug | barbiturate-short-acting | class:barbiturates | habit-forming,oral,oral,oral,yes,yes,,,,,"half_life_minutes, mechanism_of_action, references"
Selank,,TKPRPGP,Peptide,medical_rx,Russian-clinical-only | anxiolytic | indirect-GABAergic | intranasal-only-practical-route | nootropic | peptide | tuftsin-analog,insufflation,insufflation,insufflation,yes,no,,,,https://en.wikipedia.org/wiki/Selank,"half_life_minutes, mechanism_of_action"
Selegiline,,Eldepryl | Emsam | L-Deprenyl | Zelapar | 司来吉兰+苯乙胺 | 司来吉兰（Selegiline） | 咪多吡（Eldepryl） | 金思平,Antidepressant,medical_rx,MAO-B-selective | MAOI | antidepressant | dietary-restriction | dopamine-enhancer | prescription-only | serotonin-syndrome-risk,,,,no,no,120.0,,,https://www.accessdata.fda.gov/drugsatfda_docs/label/2014/021336s010lbl.pdf | https://en.wikipedia.org/wiki/Selegiline,"dose_ranges_by_route, duration_by_route, mechanism_of_action"
Selenium,,Se | Selenium Yeast | Selenomethionine | Sodium Selenate,Supplement,otc,OTC | antioxidant | immunomodulator | mineral | supplement | thyroid,oral,oral,oral,yes,no,14400.0,,,https://ods.od.nih.gov/factsheets/Selenium-HealthProfessional/ | https://en.wikipedia.org/wiki/Selenium#Biological_role,"duration_by_route, mechanism_of_action"
Seletracetam,,UCB-44212,Nootropic,recreational,SV2A-high-affinity | SV2A-ligand | discontinued-development | investigational | racetam | research-chemical,,,,no,no,,,,https://en.wikipedia.org/wiki/Seletracetam,"dose_ranges_by_route, duration_by_route, half_life_minutes, mechanism_of_action"
Semaglutide,,Ozempic | Rybelsus | Wegovy,Peptide,medical_rx,GLP-1-agonist | anti-diabetic | anti-obesity | peptide | prescription-only | weight-loss,oral,oral | subcutaneous,oral | subcutaneous,yes,no,9900.0,,,https://www.accessdata.fda.gov/drugsatfda_docs/label/2021/213051s006lbl.pdf | https://en.wikipedia.org/wiki/Semaglutide,mechanism_of_action
Semax,,MEHFPGP,Peptide,medical_rx,ACTH-4-10-analog | BDNF-upregulator | Russian-clinical-only | intranasal-only-practical-route | neurotrophic | nootropic | peptide,insufflation,insufflation,insufflation,yes,yes,,"Semax的神经保护与神经再生效应，通常被归因于它对脑源性神经营养因子（BDNF）及其信号受体TrkB的提升与表达。BDNF是一种支持突触和树突生长/维持的蛋白，同时也会促进保护性通路，从而增强细胞存活能力。

此外，Semax还能迅速刺激多巴胺能与血清素能系统。研究表明，这不仅会显著增强更传统精神兴奋剂（如右旋苯丙胺）的效应，同时也使它具备焦虑抑制、抗抑郁以及抗应激（无论是生物学还是心理学层面）等特性呢。",,https://en.wikipedia.org/wiki/Semax,half_life_minutes
Serdexmethylphenidate,,Azstarys SDX component | KP-415 inner salt | SDX | Serdexmethylphenidate chloride,Stimulant,recreational,extended-duration | low-IV-abuse-liability | prodrug,oral,oral,,no,yes,,,,,"dose_ranges_by_route, half_life_minutes, mechanism_of_action, references"
Sermorelin,,GHRH | GRF 1-29 | Geref,Peptide,medical_rx,GH-secretagogue | GHRH-analogue | anti-aging | grey-market | peptide,subcutaneous,subcutaneous,subcutaneous,yes,yes,15.0,,,Transactivation of the human renin promoter by the cyclic AMP/protein kinase A pathway is mediated by both cAMP-responsive element binding protein-1 (CREB)-dependent and CREB-independent mechanisms in Calu-6 cells. | https://en.wikipedia.org/wiki/Sermorelin,mechanism_of_action
Sertraline,,Lustral | Zoloft,Antidepressant,medical_rx,CYP2B6-substrate | DAT-affinity | SRI | SSRI | antidepressant | prescription-only | serotonin-syndrome-risk | sigma-1-inverse-agonist,,,,no,no,1560.0,,,https://www.accessdata.fda.gov/drugsatfda_docs/label/2016/019839s092lbl.pdf | https://en.wikipedia.org/wiki/Sertraline | Clinical Pharmacokinetics of Sertraline,"dose_ranges_by_route, duration_by_route, mechanism_of_action"
Sibutramine,,Butramin | Medaria | Meridia | Reductil | Sibutramine hydrochloride monohydrate,Stimulant,recreational,,oral,oral,oral,yes,no,,,,,"duration_by_route, half_life_minutes, mechanism_of_action, references"
Sinicuichi,,heimia-salicifolia | shrubby-yellowcrest | sini | sun-opener | willow-leaf-heimia,Psychedelic,recreational,tentative,,,,no,no,,,,,"dose_ranges_by_route, duration_by_route, half_life_minutes, mechanism_of_action, references"
SL-164,,Dicloqualone | SL 164 | SL164 | methaqualone analogue | quinazolinone sedative,Depressant,recreational,quinazolinone | research-chemical,insufflation,insufflation | oral,insufflation | oral,yes,yes,,,,,"half_life_minutes, mechanism_of_action, references"
SLU-PP-332,,SR9861,Endocrine,medical_rx,no-human-data | research-chemical,,,,no,no,,Pan-ERR agonist (ERRα/ERRβ/ERRγ); recruits PGC-1α → mitochondrial biogenesis and fatty acid oxidation.,,https://en.wikipedia.org/wiki/SLU-PP-332 | PMC11584170,"dose_ranges_by_route, duration_by_route, half_life_minutes"
SoRI-20041,,,Stimulant,recreational,DAT-allosteric | DRI | atypical | investigational | no-human-data | research-chemical,,,,no,no,,,,https://pubmed.ncbi.nlm.nih.gov/,"dose_ranges_by_route, duration_by_route, half_life_minutes, mechanism_of_action"
Sotalol,,Betapace | Sorine | Sotylize,Cardiovascular,medical_rx,QT-prolonging | antiarrhythmic | antihypertensive | beta-blocker | non-selective | prescription-only,oral,oral,oral,yes,yes,720.0,,,https://en.wikipedia.org/wiki/Sotalol,mechanism_of_action
Spirochlorphine,,R-6890 | R6890 | SPC,Opioid,recreational,class:Spiropiperidine opioid,insufflation,insufflation | intravenous,insufflation | intravenous,yes,yes,,,,,"half_life_minutes, mechanism_of_action, references"
SR-14968,,SR-14 | SR14968,Opioid,recreational,,oral,oral | sublingual,oral | sublingual,yes,no,,,,,"duration_by_route, half_life_minutes, mechanism_of_action, references"
SR-17018,,SR 17018 | SR-17 | SR17018,Opioid,recreational,,oral,oral | sublingual,oral | sublingual,yes,yes,,,,,"half_life_minutes, mechanism_of_action, references"
SR-9011,,,Endocrine,medical_rx,no-human-data | research-chemical | wada-prohibited,oral,oral,,no,no,240.0,REV-ERBα/β agonist; represses Bmal1/Clock gene expression to alter circadian rhythms and metabolic gene programs.,,https://en.wikipedia.org/wiki/SR9011 | PMC10623616 | PMC5085709 | https://www.ncbi.nlm.nih.gov/pmc/articles/PMC5085709/,
SS-31,,Bendavia | Elamipretide | MTP-131,Peptide,medical_rx,longevity | no-human-data | peptide,subcutaneous,subcutaneous,,no,no,150.0,Mitochondria-targeting tetrapeptide; binds cardiolipin to stabilize cristae.,,https://en.wikipedia.org/wiki/Elamipretide,
STS-135,,5-氟-APICA,Cannabinoid,recreational,class:adamantanes | class:indolecarboxamide,inhalation,inhalation,inhalation,yes,yes,,"尽管这种物质尚未被正式研究过，但根据其结构分析，推测 STS-135 具有与其他大麻类物质相似的结合谱，并且符合许多Δ9-THC的体内性质。

正式研究已经表明，STS-135 在体外是一种强效的大麻素受体激动剂：其对人类 CB2 受体的 EC50 为 51nM，对人类 CB1 受体的 EC50 为 13nM。STS-135 在 1-10mg/kg 剂量下会使大鼠出现心动过缓和低体温，这提示它具有类似大麻类的活性。不过，这些相互作用在大麻类药效体验中究竟扮演什么角色，以及它们是如何产生这种药效的，目前仍不太清楚呢。",,,"half_life_minutes, references"
Sufentanil,,Chronogesic | Sufenta | Sufentanyl | 舒芬太尼,Opioid,recreational,CYP3A4-substrate | class:anilidopiperidine | fentanyl-stronger | habit-forming | mu-full-agonist | mu-opioid-agonist,intravenous,intravenous,intravenous,yes,yes,164.0,,,Optimization of the Radioimmunoassays for Measuring Fentanyl and Alfentanil in Human Serum,mechanism_of_action
Sulbutiamine,,Arcalion | Bisibutiamine | Enerion | bisibuthiamine | isobutyryl-thiamine disulfide | sulbut | youvitan,Nootropic,recreational,D1-upregulation-chronic | habit-forming | habit-forming-anecdotal | nootropic | tentative | thiamine-derivative | thiamine-prodrug-lipophilic,oral,oral,oral,yes,yes,,,,https://en.wikipedia.org/wiki/Sulbutiamine,"half_life_minutes, mechanism_of_action"
Sulforaphane,,SFN,Nootropic,recreational,Keap1-cysteine-modifier | Nrf2-activator | Nrf2-activator-covalent | myrosinase-dependent | nootropic | supplement,oral,oral,oral,yes,no,102.0,,,https://en.wikipedia.org/wiki/Sulforaphane | Sulforaphane Bioavailability from Glucoraphanin-Rich Broccoli: Control by Active Endogenous Myrosinase,"duration_by_route, mechanism_of_action"
Sumatriptan,,Imitrex | Sumavel DosePro | Treximet | Zembrace,Other,medical_rx,5HT1B-agonist | antimigraine | prescription-only | serotonin-agonist | triptan,oral,oral | subcutaneous,oral | subcutaneous,yes,yes,150.0,,,https://en.wikipedia.org/wiki/Sumatriptan,mechanism_of_action
Sunifiram,,DM-235,AMPAkine,recreational,AMPA-PAM | investigational | mechanism-uncertain | no-direct-AMPA-binding-shown | no-human-data | racetam-adjacent | research-chemical | research-chemical-popular,,,,no,no,,,,https://en.wikipedia.org/wiki/Sunifiram,"dose_ranges_by_route, duration_by_route, half_life_minutes, mechanism_of_action"
Suvorexant,,Belsomra,OrexinAntagonist,medical_rx,DORA | US-Schedule-IV | orexin-antagonist | prescription-only | sedative-hypnotic,oral,oral,oral,yes,yes,720.0,,,https://en.wikipedia.org/wiki/Suvorexant,mechanism_of_action
Syrian Rue,,骆驼蓬,,medical_rx,,,,,no,no,,,,,"dose_ranges_by_route, duration_by_route, half_life_minutes, mechanism_of_action, references"
T,,,Psychedelic,recreational,TIHKAL | tryptamine,intravenous,intravenous,intravenous,yes,no,,,,https://erowid.org/library/books_online/tihkal/tihkal53.shtml,"duration_by_route, half_life_minutes, mechanism_of_action"
TA,,,Psychedelic,recreational,PIHKAL | phenethylamine,oral,oral,oral,yes,no,,,,https://erowid.org/library/books_online/pihkal/pihkal145.shtml,"duration_by_route, half_life_minutes, mechanism_of_action"
Tapentadol,,Nucynta | Palexia | Yantil | Yantil SR | 塔喷他多,Opioid,recreational,MOR-agonist | NRI | UGT-substrate | class:phenylpropylamine | habit-forming | low-serotonin-risk | no-CYP2D6-dependence,oral,oral,oral,yes,yes,240.0,μ-Opioid Receptor Agonist and Norepinephrine Reuptake Inhibitor,,"Absorption, metabolism, and excretion of14C-labeled Tapentadol HCl in healthy male subjects",
Taurine,,2-Aminoethanesulfonic Acid,Supplement,otc,GABAergic | OTC | amino-acid | antioxidant | cardiovascular | supplement,oral,oral,oral,yes,yes,90.0,,,https://en.wikipedia.org/wiki/Taurine | https://examine.com/supplements/taurine/,mechanism_of_action
TB,,,Psychedelic,recreational,PIHKAL | phenethylamine,oral,oral,oral,yes,yes,,,,https://erowid.org/library/books_online/pihkal/pihkal149.shtml,"half_life_minutes, mechanism_of_action"
TB-500,,Thymosin Beta-4 | Tβ4,Peptide,medical_rx,anti-inflammatory | grey-market | healing-peptide | peptide,subcutaneous,subcutaneous,subcutaneous,yes,no,1440.0,,,[FGFR2 gene mutation in a family with Crouzon syndrome and a sporadic Crouzon syndrome patient]. | https://en.wikipedia.org/wiki/Thymosin_beta-4,mechanism_of_action
TE,,,Psychedelic,recreational,PIHKAL | phenethylamine,oral,oral,oral,yes,yes,,,,https://erowid.org/library/books_online/pihkal/pihkal151.shtml,"half_life_minutes, mechanism_of_action"
Temazepam,,Apo-Temazepam | Euhypnos | Normison | Remestan | Restoril | Temaze | duck eggs | jellies | 替马西泮,Benzodiazepine,recreational,GABAA-PAM | UGT2B15-substrate | benzodiazepine | class:benzodiazepines | habit-forming | no-CYP-metabolism | no-active-metabolite,oral,oral,oral,yes,yes,540.0,替马西泮是一种长效的GABA受体正向变构调节剂。GABA是我们大脑里主要的抑制性神经递质哦。当替马西泮与受体结合时，它会让GABA受体的氯离子通道打开得更频繁，这样神经元就会发生超极化，也就是说，神经元变得更不容易兴奋了呢。这就导致了镇静、肌肉放松和抗焦虑的效果喵。,,https://www.accessdata.fda.gov/drugsatfda_docs/label/2016/018163s065lbl.pdf,
Tesamorelin,,Egrifta | Egrifta SV | TH9507,Peptide,medical_rx,GH-secretagogue | GHRH-analogue | anti-lipodystrophy | peptide | prescription-only,subcutaneous,subcutaneous,subcutaneous,yes,yes,26.0,,,https://www.accessdata.fda.gov/drugsatfda_docs/label/2023/022505s013lbl.pdf | https://en.wikipedia.org/wiki/Tesamorelin,mechanism_of_action
Tesofensine,,NS2330,Endocrine,medical_rx,wada-prohibited,oral,oral,,no,no,12960.0,Triple monoamine reuptake inhibitor (dopamine + norepinephrine + serotonin); phenyltropane scaffold.,increased blood pressure,"Tesofensine, a monoamine reuptake inhibitor for the treatment of obesity.",
Tetrahydrofuran-fentanyl,,thf-f | thff,Opioid,recreational,CYP3A4-substrate | habit-forming | mu-full-agonist | mu-opioid-agonist | research-chemical | wooden-chest-syndrome-risk,,,,no,no,,,,,"dose_ranges_by_route, duration_by_route, half_life_minutes, mechanism_of_action, references"
Tetrahydroharmine,,THH,Psychedelic,recreational,SSRI | TIHKAL | tryptamine | weak-MAO-A,oral,oral,oral,yes,no,534.0,,,https://erowid.org/library/books_online/tihkal/tihkal54.shtml | Pharmacokinetics of Hoasca alkaloids in healthy humans,"duration_by_route, mechanism_of_action"
Tetrazepam,,,Benzodiazepine,recreational,GABAA-PAM | SJS-risk | benzodiazepine | habit-forming | withdrawn-EMA-2013,oral,oral,oral,yes,yes,,,,,"half_life_minutes, mechanism_of_action, references"
Th-pvp,,tetrahydronaphthyl-PVP,Stimulant,recreational,DRI | habit-forming | pyrrolidinophenone | pyrrolidinophenone-predicted | research-chemical | tentative,inhalation,inhalation | insufflation | oral,inhalation | insufflation | oral,yes,no,,,,,"duration_by_route, half_life_minutes, mechanism_of_action, references"
THC,,Delta-9-THC | Delta-9-tetrahydrocannabinol | Dronabinol | Marinol | Tetrahydrocannabinol | cesamet | delta9-THC | delta9-tetrahydrocannabinol | syndros | Δ9-THC | δ9--tetrahydrocannabinol | 四氢大麻酚 | 四氫大麻酚,Cannabinoid,recreational,CB1-partial-agonist | CB2-agonist | US-Schedule-I | cannabinoid | cannabinoid-miscategorised | phytocannabinoid | psychoactive | tentative,inhalation,inhalation | oral | sublingual,inhalation | oral | sublingual,yes,yes,1800.0,Cannabinoid CB1 Partial Agonist,Increased appetite,https://en.wikipedia.org/wiki/Tetrahydrocannabinol,
THC-O,,ATHC | O-acetyl-THC | THC acetate ester,Cannabinoid,recreational,CB1-partial-agonist | US-Schedule-I | cannabinoid | evali-risk | high-potency | prodrug | psychoactive | semi-synthetic,inhalation,inhalation | oral,inhalation | oral,yes,yes,1800.0,,,https://en.wikipedia.org/wiki/THC-O-acetate,mechanism_of_action
THCP,,Tetrahydrocannabiphorol | Δ9-THCP,Cannabinoid,recreational,CB1-full-agonist | cannabinoid | high-risk | phytocannabinoid | psychoactive | semi-synthetic | ultra-potent,inhalation,inhalation | oral,inhalation | oral,yes,yes,2400.0,,,https://en.wikipedia.org/wiki/Tetrahydrocannabiphorol,mechanism_of_action
THCV,,Delta-9-THCV | Tetrahydrocannabivarin | Δ9-THCV,Cannabinoid,recreational,CB1-antagonist-low-dose | CB1-partial-agonist | appetite-suppressant | cannabinoid | phytocannabinoid | psychoactive-high-dose,inhalation,inhalation | oral,inhalation | oral,yes,yes,960.0,,,https://en.wikipedia.org/wiki/Tetrahydrocannabivarin,mechanism_of_action
Theacrine,,Temorine | Temurin,Stimulant,recreational,class:purine alkaloid | class:xanthines,insufflation,insufflation | oral,insufflation | oral,yes,yes,,,,,"half_life_minutes, mechanism_of_action, references"
Theanine,,,Nootropic,recreational,,oral,oral,oral,yes,yes,,,,,"half_life_minutes, mechanism_of_action, references"
Theobromine,,,Other,recreational,,oral,oral,oral,yes,no,,,,,"duration_by_route, half_life_minutes, mechanism_of_action, references"
Thiopental,,Nesdonal | Penthiobarbital | Pentothal | Sodipental | Thiomebumal | Thionembutal | Thiopental Sodium | Thiopentobarbital | Thiopentone | Trapanal,Depressant,recreational,IV-anaesthetic | class:Barbiturate | context-sensitive-half-life | habit-forming | thiobarbiturate,intravenous,intravenous,intravenous,yes,yes,,,,,"half_life_minutes, mechanism_of_action, references"
Thiopropamine,,normethiopropamine | tpa,Stimulant,recreational,habit-forming | research-chemical,oral,oral,oral,yes,no,,,,,"duration_by_route, half_life_minutes, mechanism_of_action, references"
Thiothixene,,Navane,Antipsychotic,medical_rx,D2-antagonist | antipsychotic | high-EPS-risk | prescription-only | thioxanthene | typical-antipsychotic,oral,oral,oral,yes,yes,2040.0,,,https://en.wikipedia.org/wiki/Thiothixene,mechanism_of_action
THJ-018,,,Cannabinoid,recreational,class:naphthoylindazole,inhalation,inhalation,inhalation,yes,yes,,尽管这种物质尚未被正式研究过，但根据其结构分析，推测 THJ-018 具有与JWH-018相似的结合谱，并且符合许多Δ9-THC的体内性质。与JWH-018相似，THJ-018 通过对 CB 和 CB 大麻素受体的完全激动来展现其一系列效应，并且对 CB 具有一定选择性。THJ-018 的效力大约是Δ9-THC的 5 倍。不过，这些相互作用在大麻类药效体验中究竟扮演什么角色，以及它们是如何产生这种药效的，目前仍不太清楚呢。,,,"half_life_minutes, references"
THJ-2201,,,Cannabinoid,recreational,class:naphthoylindazole,inhalation,inhalation,inhalation,yes,yes,,虽然这种物质尚未经过正式研究，但从其结构分析来看，通常推测THJ-2201具有与AM-2201相似的结合谱，并且与Δ9-THC在体内表现出的许多性质相符。和AM-2201一样，这种化合物被认为是中枢CB1受体与外周CB2受体的强效完全激动剂，其Ki值分别为1.0和2.6nM。不过，这些相互作用在多大程度上塑造了大麻类药效体验，目前仍然不是很清楚呢。,,,"half_life_minutes, references"
Thozalinone,,CL-39808 | Stimsen,Stimulant,recreational,discontinued | historical | research-chemical | stimulant,oral,oral,oral,yes,no,,NE and DA releaser (amphetamine-like mechanism); milder stimulant profile than amphetamine with minimal serotonergic activity.,,"https://en.wikipedia.org/wiki/Thozalinone | A double-blind study of thozalinone (C1 39,808) in depressed outpatients.","duration_by_route, half_life_minutes"
Thujone,,侧柏酮,,medical_rx,,,,,no,no,,"Thujone is a GABAA receptor antagonist — more specifically, a competitive GABAA receptor antagonist. Because it inhibits the activation of GABA receptors, neurons fire more readily, which can trigger muscle spasms and convulsions. This interaction with GABAA receptors is specific to α-thujone.",,,"dose_ranges_by_route, duration_by_route, half_life_minutes, references"
Thymalin,,,Peptide,medical_rx,bioregulator | no-human-data | peptide,intramuscular,intramuscular,,no,no,,,,"Khavinson, Springer Adv Gerontol 2014","half_life_minutes, mechanism_of_action"
Thymosin alpha-1,,Thymalfasin | Tα1 | Zadaxin,Peptide,medical_rx,immune | peptide,subcutaneous,subcutaneous,,no,no,120.0,Thymic immunomodulatory peptide; promotes T-cell maturation and Th1 responses.,,https://en.wikipedia.org/wiki/Thymalfasin | Zadaxin SmPC,
Tianeptine,,Coaxil | Stablon | Stablon sodium salt | Tatinol | Tianeptin | Tianeptine sodium | Tianeptine sulfate | tianeptine Na | 噻奈普汀 | 塔提诺 | 康耐喜 | 达体朗,Antidepressant,dual_use,OPRM1-substrate | antidepressant | class:antidepressants | class:dibenzothiazepine | habit-forming | high-abuse-liability | high-dependence-risk | mu-opioid-agonist | mu-opioid-full-agonist | non-CYP-metabolized | nootropic | opioid-withdrawal-on-cessation,oral,oral,oral,yes,yes,150.0,μ-Opioid Receptor Agonist (Atypical Antidepressant),Anxiety suppression | Bronchodilation | Cognitive euphoria | Cognitive fatigue | Constipation | Dizziness | Focus enhancement | Headaches | Motivation enhancement | Muscle relaxation | Physical euphoria | Physical fatigue | Rejuvenation | Stimulation | Thought acceleration | Thought deceleration,https://en.wikipedia.org/wiki/Tianeptine | https://www.fda.gov/consumers/consumer-updates/tianeptine-products-linked-serious-harm-overdoses-death,
Tiletamine,,CI-634 | Telazol | Telazol component | Tiletaminum | Zoletil,Dissociative,recreational,NMDA-antagonist | arylcyclohexylamine | habit-forming | no-human-data | research-chemical | tentative | veterinary-only,insufflation,insufflation | intramuscular | oral | rectal | sublingual,insufflation | intramuscular | oral | rectal | sublingual,yes,yes,,,,https://en.wikipedia.org/wiki/Tiletamine,"half_life_minutes, mechanism_of_action"
Tilidine,,Valoron | Valtran | tilidate | tilidin | 替利定,Opioid,recreational,CYP3A4-bioactivation | MOR-prodrug | habit-forming | naloxone-combined,oral,oral,oral,yes,yes,240.0,"Tilidine itself is only a weak μ-opioid receptor agonist. Its pharmacological activity following administration is mediated by its primary active metabolite nortilidine, which is further metabolized to the equally active bisnortilidine. Tilidine is therefore a prodrug. The N-demethylation of tilidine to nortilidine and bisnortilidine occurs in the liver and is catalyzed by the cytochrome P450 enzyme family, primarily CYP3A4, CYP2D6, and CYP2C19.",,Contribution of CYP2C19 and CYP3A4 to the formation of the active nortilidine from the prodrug tilidine,
Tilmetamine,,,Dissociative,recreational,class:Arylcyclohexylamine,insufflation,insufflation,insufflation,yes,yes,,,,,"half_life_minutes, mechanism_of_action, references"
Tirzepatide,,Mounjaro | Zepbound,Peptide,medical_rx,GIP-agonist | GLP-1-agonist | anti-diabetic | anti-obesity | peptide | prescription-only | weight-loss,subcutaneous,subcutaneous,subcutaneous,yes,no,7200.0,,,https://www.accessdata.fda.gov/drugsatfda_docs/label/2022/215866s000lbl.pdf | https://en.wikipedia.org/wiki/Tirzepatide,mechanism_of_action
Tizanidine,,"2,1,3-苯并噻二唑 | Sirdalud | Zanaflex | 替扎尼定",Depressant,recreational,alpha2-agonist | antispasmodic | class:arylaminoimidazoline | class:imidazoline | cyp1a2-substrate | muscle-relaxant | prescription-only | sedating,oral,oral,oral,yes,yes,150.0,Centrally acting alpha-2 adrenergic receptor agonist that reduces spasticity by inhibiting excitatory neurotransmitter release and enhancing presynaptic inhibition of motor neurons; may also potentiate the inhibitory neurotransmitter glycine.,,https://www.ncbi.nlm.nih.gov/books/NBK519505/ | https://en.wikipedia.org/wiki/Tizanidine,
TM,,,Psychedelic,recreational,PIHKAL | phenethylamine,oral,oral,oral,yes,yes,,,,https://erowid.org/library/books_online/pihkal/pihkal156.shtml,"half_life_minutes, mechanism_of_action"
TMA,,"3,4,5-TMA | 3,4,5-Trimethoxyamphetamine | 5-Trimethoxyamphetamine | Mescaline amphetamine analog | TMA-1 | Trimethoxyamphetamine",Psychedelic,recreational,PIHKAL | phenethylamine,oral,oral,oral,yes,yes,,,,https://erowid.org/library/books_online/pihkal/pihkal157.shtml,"half_life_minutes, mechanism_of_action"
TMA-2,,"2,4,5-TMA | 2,4,5-Trimethoxyamphetamine | 2,4,5-三甲氧基苯丙胺 | 5-Trimethoxyamphetamine",Psychedelic,recreational,PIHKAL | class:substituted amphetamines | phenethylamine | research-chemical | tentative,oral,oral,oral,yes,yes,,"更多信息：血清素能迷幻剂

一般认为，TMA-2的迷幻剂效应来自它作为部分激动剂对5-HT受体的作用。然而，这些相互作用究竟扮演怎样的角色，以及它们是如何进一步形成迷幻剂体验的，目前仍然没有被完全阐明呢。",,https://erowid.org/library/books_online/pihkal/pihkal158.shtml,half_life_minutes
TMA-3,,,Psychedelic,recreational,PIHKAL | phenethylamine,,,,no,no,,,,https://erowid.org/library/books_online/pihkal/pihkal159.shtml,"dose_ranges_by_route, duration_by_route, half_life_minutes, mechanism_of_action"
TMA-4,,,Psychedelic,recreational,PIHKAL | phenethylamine,oral,oral,,no,yes,,,,https://erowid.org/library/books_online/pihkal/pihkal160.shtml,"dose_ranges_by_route, half_life_minutes, mechanism_of_action"
TMA-5,,,Psychedelic,recreational,PIHKAL | phenethylamine,oral,oral,oral,yes,yes,,,,https://erowid.org/library/books_online/pihkal/pihkal161.shtml,"half_life_minutes, mechanism_of_action"
TMA-6,,"2,4,6-三甲氧基苯丙胺",Psychedelic,recreational,PIHKAL | class:amphetamine | class:substituted amphetamines | phenethylamine | research-chemical | tentative,oral,oral,oral,yes,yes,,"更多信息：血清素能迷幻剂

TMA-6 的迷幻剂效应被认为来自它对5-HT 受体的作用，也就是作为一种部分激动剂发挥效力。不过，这些相互作用究竟扮演了怎样的角色，以及它们如何最终形成迷幻剂体验，目前仍然没有被完全弄清楚呢。",,https://erowid.org/library/books_online/pihkal/pihkal162.shtml,half_life_minutes
TMPEA,,,Psychedelic,recreational,PIHKAL | phenethylamine,,,,no,no,,,,https://erowid.org/library/books_online/pihkal/pihkal168.shtml,"dose_ranges_by_route, duration_by_route, half_life_minutes, mechanism_of_action"
Tobacco,,烟草_ODW,,medical_rx,,,,,no,no,,,,,"dose_ranges_by_route, duration_by_route, half_life_minutes, mechanism_of_action, references"
Tolibut,,tolybut,Depressant,recreational,GABA-B-agonist | habit-forming | phenibut-analog | research-chemical | tentative,,,,no,no,,,,,"dose_ranges_by_route, duration_by_route, half_life_minutes, mechanism_of_action, references"
TOMSO,,,Psychedelic,recreational,PIHKAL | phenethylamine,oral,oral,oral,yes,yes,,,,https://erowid.org/library/books_online/pihkal/pihkal173.shtml,"half_life_minutes, mechanism_of_action"
Topiramate,,Qudexy XR | Topamax | Topiragen | Trokendi XR,Anticonvulsant,medical_rx,GABA-modulator | anticonvulsant | appetite-suppressant | mood-stabilizer | prescription-only | teratogenic,,,,no,no,1260.0,Multimodal Anticonvulsant,,https://en.wikipedia.org/wiki/Topiramate,"dose_ranges_by_route, duration_by_route"
TP,,,Psychedelic,recreational,PIHKAL | phenethylamine,oral,oral,oral,yes,yes,,,,https://erowid.org/library/books_online/pihkal/pihkal174.shtml,"half_life_minutes, mechanism_of_action"
Tramadol,,Tadol | Tramacur | Tramadolum | Tramal | Tramundin | Ultracet | Ultram | tram | 传蒙丁 | 全诺 | 曲馬多 | 曲马多 | 泰多尔 | 舒马曲,Opioid,recreational,CYP2D6-prodrug | MOR-weak-via-M1 | SNRI | class:Synthetic opioid | class:phenylpropylamine | habit-forming | seizure-risk | serotonin-syndrome-risk,oral,oral,oral,yes,yes,336.0,Weak μ-Opioid Agonist and Serotonin-Norepinephrine Reuptake Inhibitor,Anxiety suppression | Cognitive euphoria | Compulsive redosing | Constipation | Cough suppression | Difficulty urinating | Itchiness | Nausea | Pain relief | Physical euphoria | Pupil constriction | Sedation | Stimulation | Thought acceleration,&lt;p&gt;Population pharmacokinetic analysis of tramadol and &lt;em&gt;O&lt;/em&gt;-desmethyltramadol with genetic polymorphism of &lt;em&gt;CYP2D6&lt;/em&gt;&lt;/p&gt;,
Tranylcypromine,,Parnate | Racemic tranylcypromine | SKF-385,Antidepressant,medical_rx,LSD1-inhibitor | MAOI | amphetamine-scaffold | antidepressant | dietary-restriction | hypertensive-crisis-risk | irreversible-MAOI | prescription-only | serotonin-syndrome-risk | tyramine-restricted,,,,no,no,130.0,,,https://www.accessdata.fda.gov/drugsatfda_docs/label/2013/010894s042lbl.pdf | https://en.wikipedia.org/wiki/Tranylcypromine,"dose_ranges_by_route, duration_by_route, mechanism_of_action"
Trazodone,,AF-1161 | Desyrel | Molipaxin | Oleptro | Thombran | Trazolan | Trittico,Antidepressant,dual_use,SARI | antidepressant | class:Triazolopyridine derivative | prescription-only | priapism-risk | serotonin-syndrome-risk,oral,oral,oral,yes,yes,420.0,Serotonin Antagonist and Reuptake Inhibitor (SARI),,https://www.accessdata.fda.gov/drugsatfda_docs/label/2010/018207s030lbl.pdf | https://en.wikipedia.org/wiki/Trazodone | https://www.accessdata.fda.gov/drugsatfda_docs/nda/2010/022411s000MedR.pdf,
Triazolam,,halcion | 三唑仑,Benzodiazepine,recreational,CYP3A4-substrate | GABAA-PAM | benzodiazepine | habit-forming | high-amnesia | short-half-life | triazolobenzodiazepine,oral,oral,oral,yes,yes,138.0,"Benzodiazepines produce their effects by binding to the benzodiazepine receptor site and acting at their receptor, thereby amplifying the efficiency and effects of the neurotransmitter gamma-aminobutyric acid (GABA). Because this site is the most prolific inhibitory receptor system in the brain, its modulation results in the sedating (or calming) effects of triazolam on the nervous system.

The anticonvulsant properties of benzodiazepines may be attributable in part or entirely to binding at voltage-dependent sodium channels rather than the benzodiazepine receptor.

Triazolam is a triazolobenzodiazepine with hypnotic properties, indicated for acute and chronic insomnia, situational insomnia in hospitalized patients, and insomnia associated with other medical conditions. Because triazolam has a relatively short half-life in healthy subjects of approximately 2 to 3 hours and only one short-acting active metabolite, alpha-hydroxytriazolam, it appears to be better suited as a hypnotic than long-acting agents such as flurazepam, nitrazepam, or flunitrazepam, particularly when residual next-day sedation is undesirable.

Following sublingual administration, the bioavailability of triazolam is on average 28% higher than the same dose taken orally, likely due to bypass of the first-pass effect. Sublingual administration may also enhance triazolam's clinical effects. Unlike most other benzodiazepines, triazolam has significantly higher nasal bioavailability (98%) than oral bioavailability (44%).

Triazolam is a short-acting, lipophilic benzodiazepine that is metabolized in the liver via oxidative pathways. Its primary pharmacological action is potentiation of the neurotransmitter GABA at the GABAA receptor.",,Triazolam disposition,
Trifluoperazine,,Stelazine,Antipsychotic,medical_rx,D2-antagonist | antipsychotic | high-EPS-risk | phenothiazine | prescription-only | typical-antipsychotic,oral,oral,oral,yes,yes,1440.0,,,https://en.wikipedia.org/wiki/Trifluoperazine,mechanism_of_action
Trihexyphenidyl,,苯海索,,medical_rx,,,,,no,no,,,,,"dose_ranges_by_route, duration_by_route, half_life_minutes, mechanism_of_action, references"
Triptorelin,,AY-25650 | CL-118532 | Decapeptyl | Diphereline | Trelstar,Peptide,medical_rx,gnrh-agonist | gonadotropin | peptide | wada-prohibited,intramuscular,intramuscular | subcutaneous,,no,no,180.0,"GnRH receptor superagonist (decapeptide, D-Trp6).",,https://en.wikipedia.org/wiki/Triptorelin | Trelstar SmPC,
TRIS,,,Psychedelic,recreational,PIHKAL | phenethylamine,,,,no,no,,,,https://erowid.org/library/books_online/pihkal/pihkal175.shtml,"dose_ranges_by_route, duration_by_route, half_life_minutes, mechanism_of_action"
Tropacocaine,,benzoylpseudotropine | descarbomethoxycocaine | pseudotropine benzoate,Stimulant,recreational,cocaine-adulterant | local-anesthetic | research-chemical | tropane-alkaloid,,,,no,no,,Sodium channel blocker (local anesthesia) + weaker DAT inhibitor than cocaine; tropane alkaloid naturally occurring in some Erythroxylum species.,vasoconstriction,https://en.wikipedia.org/wiki/Tropacocaine,"dose_ranges_by_route, duration_by_route, half_life_minutes"
Troparil,,,Stimulant,recreational,habit-forming | research-chemical | tentative,oral,oral,oral,yes,yes,,,,,"half_life_minutes, mechanism_of_action, references"
Truffles,,,Psychedelic,recreational,,other,other,other,yes,yes,,,,,"half_life_minutes, mechanism_of_action, references"
Tuinal,,beans | chirstmas-trees | jeebs | nawls | rainbows | tuinol,Depressant,recreational,barbiturate-combination-product | habit-forming | historic,oral,oral,oral,yes,yes,,,,,"half_life_minutes, mechanism_of_action, references"
Tyrosine,,4-Hydroxyphenylalanine,Stimulant,recreational,class:amino acid | class:substituted phenethylamines,oral,oral,oral,yes,yes,,,,,"half_life_minutes, mechanism_of_action, references"
U-47700,,u47700,Opioid,recreational,class:benzamide | fatalities-reported | habit-forming | mu-full-agonist | mu-opioid-agonist | naloxone-responsive | research-chemical,insufflation,insufflation | oral,insufflation | oral,yes,yes,,"U-47700 对 µ-阿片受体具有选择性，各种来源称其效力是吗啡的 7.5 倍。

阿片类药物通过结合并激活 μ-阿片 受体来发挥作用。这是因为阿片类药物在结构上模仿了体内天然存在的内源性内啡肽，内啡肽也作用于 μ-阿片受体系统。阿片类药物结构上模仿这些天然内啡肽的方式导致了它们的欣快感、镇痛和焦虑抑制效应呢。这是因为内啡肽负责减轻疼痛、引起睡意和愉悦感。它们会在疼痛、剧烈运动、性高潮或普遍兴奋时释放。

U-47700 也可能是 κ-阿片受体系统的激动剂。因此，它已成为选择性 κ-阿片受体配体（如 U-50488 和 U-69,593，它们具有非常相似的结构）的先导化合物。它的结构导致其他化学家对其进行实验，以观察刚性类似物是否能保持活性。虽然不用于医疗，但选择性 κ 配体被用于研究中。",Anxiety | Anxiety suppression | Cognitive euphoria | Cognitive fatigue | Compulsive redosing | Constipation | Cough suppression | Depression | Difficulty urinating | Irritability | Itchiness | Pain relief | Physical euphoria | Pupil constriction | Respiratory depression | Sedation | Thought deceleration,,"half_life_minutes, references"
U-49900,,,Opioid,recreational,mu-agonist | research-chemical | tentative,,,,no,no,,,,,"dose_ranges_by_route, duration_by_route, half_life_minutes, mechanism_of_action, references"
U-51754,,U51754 | methene-U-47700 | methene-u47700,Dysdelic,recreational,KOR-selective | U-series-opioid | designer-opioid | research-chemical | tentative,rectal,rectal,rectal,yes,yes,,,,,"half_life_minutes, mechanism_of_action, references"
Unifiram,,DM-232,AMPAkine,recreational,AMPA-PAM | investigational | mechanism-uncertain | no-direct-AMPA-binding-shown | no-human-data | preclinical-only | racetam-adjacent | research-chemical,,,,no,no,,,,https://en.wikipedia.org/wiki/Unifiram,"dose_ranges_by_route, duration_by_route, half_life_minutes, mechanism_of_action"
Valerylfentanyl,,vf,Opioid,recreational,CYP3A4-substrate | habit-forming | mu-full-agonist | mu-opioid-agonist | research-chemical | tentative | wooden-chest-syndrome-risk,oral,oral,oral,yes,no,,,,,"duration_by_route, half_life_minutes, mechanism_of_action, references"
Valproate,,Depacon | Depakene | Depakote | Divalproex | Epilim | Valproic Acid,Anticonvulsant,medical_rx,GABA-modulator | anticonvulsant | mood-stabilizer | narrow-therapeutic-index | prescription-only | teratogenic,,,,no,no,900.0,Multimodal Anticonvulsant and Mood Stabilizer,,https://en.wikipedia.org/wiki/Valproate,"dose_ranges_by_route, duration_by_route"
Varenicline,,CP-526555 | Champix | Chantix,Nootropic,recreational,FDA-approved-smoking-cessation | alpha4beta2-partial-agonist-subnanomolar | nAChR-partial-agonist | nootropic | prescription-only | renally-cleared | smoking-cessation,oral,oral,oral,yes,no,1440.0,,,https://en.wikipedia.org/wiki/Varenicline | https://www.accessdata.fda.gov/drugsatfda_docs/label/2009/021928s011lbl.pdf,"duration_by_route, mechanism_of_action"
Venlafaxine,,Effexor | Effexor XR,Antidepressant,medical_rx,SNRI | antidepressant | hypertension-risk | prescription-only | serotonin-syndrome-risk,,,,no,no,300.0,,,"https://www.accessdata.fda.gov/drugsatfda_docs/label/2017/020151s068,020699s057lbl.pdf | https://en.wikipedia.org/wiki/Venlafaxine | https://www.accessdata.fda.gov/drugsatfda_docs/label/2012/020151s059lbl.pdf","dose_ranges_by_route, duration_by_route, mechanism_of_action"
Viagra,,,Other,recreational,,oral,oral,oral,yes,yes,,,,,"half_life_minutes, mechanism_of_action, references"
Vilazodone,,EMD-68843 | SB-659746A | Viibryd,Antidepressant,medical_rx,5-HT1A-partial-agonist | SSRI | antidepressant | prescription-only | serotonin-syndrome-risk,,,,no,no,1500.0,SSRI and 5-HT1A Partial Agonist,,https://www.accessdata.fda.gov/drugsatfda_docs/label/2015/022567s012lbl.pdf | https://en.wikipedia.org/wiki/Vilazodone,"dose_ranges_by_route, duration_by_route"
Viloxazine,,Catatrol | Qelbree | Vivalan,Stimulant,recreational,5-HT2C-partial-agonist | CYP1A2-inhibitor-strong | NRI | tentative,oral,oral,oral,yes,yes,420.0,,,https://www.accessdata.fda.gov/drugsatfda_docs/label/2025/211964s013lbl.pdf,mechanism_of_action
Vinpocetine,,Cavinton | Ethyl apovincaminate | RGH-4405,Nootropic,recreational,PDE1-inhibitor | cerebral-vasodilator | low-oral-bioavailability | nootropic | pregnancy-contraindicated | vasodilator,oral,oral,oral,yes,yes,90.0,,Cerebral vasodilation,https://en.wikipedia.org/wiki/Vinpocetine,mechanism_of_action
VIP,,Aviptadil | Vasoactive Intestinal Peptide,Peptide,medical_rx,neuropeptide | peptide,insufflation,insufflation,,no,no,2.0,VPAC1/VPAC2 GPCR agonist.,vasodilation | bronchodilation,https://en.wikipedia.org/wiki/Vasoactive_intestinal_peptide,
Vitamin A,,Beta-Carotene | Retinol | Retinyl Palmitate,Supplement,otc,OTC | fat-soluble | immunomodulator | supplement | vision | vitamin,oral,oral,oral,yes,no,,,,https://ods.od.nih.gov/factsheets/VitaminA-HealthProfessional/ | https://en.wikipedia.org/wiki/Vitamin_A,"duration_by_route, half_life_minutes, mechanism_of_action"
Vitamin B1,,Benfotiamine | TTFD | Thiamin | Thiamine,Supplement,otc,B-vitamin | OTC | energy-metabolism | neurological | supplement | vitamin | water-soluble,oral,oral,oral,yes,yes,1080.0,,,https://ods.od.nih.gov/factsheets/Thiamin-HealthProfessional/ | https://en.wikipedia.org/wiki/Thiamine,mechanism_of_action
Vitamin B12,,B12 | Cobalamin | Cyanocobalamin | MeCbl | Methylcobalamin,Supplement,otc,B-vitamin | OTC | methylation | neurological | supplement | vitamin | water-soluble,oral,oral | sublingual,oral | sublingual,yes,no,14400.0,,,https://ods.od.nih.gov/factsheets/VitaminB12-HealthProfessional/ | https://en.wikipedia.org/wiki/Vitamin_B12,"duration_by_route, mechanism_of_action"
Vitamin B3,,NMN | NR | Niacin | Niacinamide | Nicotinamide | Nicotinamide Mononucleotide | Nicotinamide Riboside | Nicotinic Acid,Supplement,otc,B-vitamin | NAD-precursor | OTC | energy-metabolism | hepatotoxic-at-high-dose | supplement | vitamin | water-soluble,oral,oral,oral,yes,yes,60.0,,,https://ods.od.nih.gov/factsheets/Niacin-HealthProfessional/ | https://en.wikipedia.org/wiki/Niacin,mechanism_of_action
Vitamin B6,,P5P | Pyridoxine,Supplement,otc,B-vitamin | OTC | energy-metabolism | neurotransmitter-synthesis | supplement | vitamin | water-soluble,oral,oral,oral,yes,no,36000.0,,,https://ods.od.nih.gov/factsheets/VitaminB6-HealthProfessional/ | https://en.wikipedia.org/wiki/Pyridoxal_phosphate,"duration_by_route, mechanism_of_action"
Vitamin C,,Ascorbate | Ascorbic Acid | L-Ascorbic Acid | Liposomal Vitamin C | Sodium Ascorbate,Supplement,otc,OTC | antioxidant | collagen-precursor | immune | supplement | vitamin | water-soluble,oral,oral,oral,yes,yes,900.0,,,https://ods.od.nih.gov/factsheets/VitaminC-HealthProfessional/ | https://en.wikipedia.org/wiki/Vitamin_C,mechanism_of_action
Vitamin D3,,Cholecalciferol | Colecalciferol | Vitamin D,Supplement,otc,OTC | bone-health | fat-soluble | hormonal | immunomodulator | supplement | vitamin,oral,oral,oral,yes,no,34560.0,,,https://ods.od.nih.gov/factsheets/VitaminD-HealthProfessional/ | https://en.wikipedia.org/wiki/Cholecalciferol,"duration_by_route, mechanism_of_action"
Vitamin E,,Alpha-Tocopherol | Mixed Tocopherols | Tocopherol | d-Alpha Tocopherol,Supplement,otc,OTC | antioxidant | fat-soluble | supplement | vitamin,oral,oral,oral,yes,no,1440.0,,,https://ods.od.nih.gov/factsheets/VitaminE-HealthProfessional/ | https://en.wikipedia.org/wiki/Vitamin_E,"duration_by_route, mechanism_of_action"
Vitamin K2,,MK-7 | MenaQ7 | Menaquinone-7 | Vitamin K2 MK-7,Supplement,otc,OTC | bone-health | cardiovascular | fat-soluble | supplement | vitamin,oral,oral,oral,yes,no,4320.0,,,https://ods.od.nih.gov/factsheets/VitaminK-HealthProfessional/ | https://en.wikipedia.org/wiki/Menaquinone,"duration_by_route, mechanism_of_action"
Vortioxetine,,Brintellix | Trintellix,Antidepressant,medical_rx,SSRI | antidepressant | prescription-only | serotonin-modulator | serotonin-syndrome-risk,,,,no,no,4320.0,Multimodal Serotonergic Antidepressant,,https://www.accessdata.fda.gov/drugsatfda_docs/label/2020/204447s013lbl.pdf | https://en.wikipedia.org/wiki/Vortioxetine,"dose_ranges_by_route, duration_by_route"
W-15,,,Opioid,recreational,habit-forming | mis-classified-opioid | not-opioid | research-chemical | tentative,oral,oral,oral,yes,yes,,,,,"half_life_minutes, mechanism_of_action, references"
WIN-35428,,CFT | β-CFT,Stimulant,recreational,DRI | cocaine-like-DAT | investigational | no-human-data | radioligand | radioligand-origin | research-chemical,,,,no,no,,,,https://en.wikipedia.org/wiki/CFT,"dose_ranges_by_route, duration_by_route, half_life_minutes, mechanism_of_action"
Xeroquel,,Ketipinor | 喹硫平,,medical_rx,,oral,oral,oral,yes,yes,,喹硫平是一种强效的多巴胺、血清素和肾上腺素受体拮抗剂，同时也是一种强效的抗组胺药，其抗胆碱能特性在临床上可以忽略不计。喹硫平与血清素受体结合紧密；它还是 5-HT1A 受体的部分受体激动剂。就其抗精神病作用而言，精确的作用机制尚不明确，但根据精神分裂症的多巴胺理论，抗精神病效果可能与该药物降低中脑边缘通路内的多巴胺能神经递质传递的能力有关呢喵。,,,"half_life_minutes, references"
Yerba-mate,,,Stimulant,recreational,habit-forming,oral,oral,oral,yes,yes,,,,,"half_life_minutes, mechanism_of_action, references"
YK-11,,Myostine,Endocrine,medical_rx,no-human-data | research-chemical | sarm | wada-prohibited,oral,oral,,no,no,,Steroidal SARM with dual mechanism: partial AR agonism plus functional myostatin inhibition via follistatin upregulation.,,https://en.wikipedia.org/wiki/YK-11,half_life_minutes
Yohimbine,,育亨宾,,medical_rx,,oral,oral,oral,yes,yes,,"Yohimbine's primary and most well-studied mechanism of action is antagonism of a class of receptors known as alpha-2 adrenergic receptors, thereby elevating norepinephrine levels by preventing its reuptake by downstream neurons. Blockade of alpha-2 adrenergic receptors raises blood pressure, releases insulin, and lowers blood glucose levels. Yohimbine also blocks alpha-1 adrenergic receptors, albeit with lower affinity. Research has additionally shown that it weakly inhibits monoamine oxidase.

At higher concentrations, yohimbine acts as an antagonist at dopamine D2 and D3 receptors, serotonin 5-HT1A, 5-HT1B, and 5-HT2A receptors, and as a partial agonist at 5-HT1A receptors.",,,"half_life_minutes, references"
Yopo,,Anadenanthera peregrina snuff | anadenanthera,Empathogen,recreational,MISCATEGORIZED | psychedelic,,,,no,no,,,,,"dose_ranges_by_route, duration_by_route, half_life_minutes, mechanism_of_action, references"
Zaleplon,,Sonata | 扎来普隆,Depressant,recreational,GABA-modulator | US-Schedule-IV | Z-drug | aldehyde-oxidase-substrate | alpha1-highly-selective | habit-forming | prescription-only | sedative-hypnotic | ultra-short-half-life,oral,oral,oral,yes,yes,60.0,"Zaleplon shares pharmacological characteristics with benzodiazepines. Zaleplon is a full agonist at the benzodiazepine α1 receptor located on the GABAA receptor ionophore complex in the brain, with lower affinity for the α2 and α3 subtypes. It selectively enhances the effects of GABA in a manner similar to benzodiazepines, but with greater selectivity.

The pharmacological mechanism by which the compound produces its bizarre hallucinations is not well understood and does not appear to have been directly investigated.",,https://en.wikipedia.org/wiki/Zaleplon,
Zinc Picolinate,,Zinc | Zinc Bisglycinate | Zinc Gluconate | Zinc L-Carnosine,Supplement,otc,OTC | antioxidant | immune | mineral | supplement | testosterone,oral,oral,oral,yes,no,1440.0,,,https://ods.od.nih.gov/factsheets/Zinc-HealthProfessional/ | https://en.wikipedia.org/wiki/Zinc_picolinate,"duration_by_route, mechanism_of_action"
Ziprasidone,,Geodon | Ziprasidone mesylate,Antipsychotic,medical_rx,5HT2A-antagonist | D2-antagonist | QTc-risk | antipsychotic | atypical-antipsychotic | benzisothiazole | prescription-only,intramuscular,intramuscular | oral,intramuscular | oral,yes,yes,390.0,,,https://www.accessdata.fda.gov/drugsatfda_docs/label/2009/020825s032lbl.pdf | https://en.wikipedia.org/wiki/Ziprasidone,mechanism_of_action
Zolazepam,,,Benzodiazepine,recreational,GABAA-PAM | benzodiazepine | habit-forming | pyrazolodiazepine | veterinary,insufflation,insufflation | intramuscular | oral,insufflation | intramuscular | oral,yes,no,,,,,"duration_by_route, half_life_minutes, mechanism_of_action, references"
Zolmitriptan,,Zomig,Other,recreational,5HT1B-1D-agonist | CYP1A2-substrate | MAO-A-substrate | no-human-data | triptan | tryptamine,,,,no,no,180.0,,,https://www.accessdata.fda.gov/drugsatfda_docs/label/2013/020768s029lbl.pdf,"dose_ranges_by_route, duration_by_route, mechanism_of_action"
Zolpidem,,Ambien | Ambien CR | Edluar | Hypnogen | Intermezzo | Ivedal | Nimadorm | Stilnoct | Stilnox | Stilnox CR | Zolpimist | Zolsana | Zoltis | 唑吡坦,Depressant,recreational,CYP3A4-substrate | GABAA-PAM | alpha1-preferring | class:Imidazopyridine | class:imidazopyridine | complex-sleep-behaviors | habit-forming,oral,oral | sublingual,oral | sublingual,yes,yes,156.0,"唑吡坦与 GABA-BZ 受体系统相互作用， 并具有传统苯二氮卓类药物的一些药理特性。

与苯二氮卓类药物非选择性地结合并激活所有 BZ 受体亚型不同，唑吡坦优先结合 BZ1 受体，对α1/α5 亚基具有高亲和力比。正是这种与传统苯二氮卓类药物相比的选择性结合，赋予了唑吡坦非常弱的抗焦虑、肌肉松弛和抗惊厥特性，但具有非常强的催眠或镇静特性。

由于 GABA 位点是大脑中最多产的抑制性受体组，其调节导致唑吡坦对神经系统的镇静（或平静）作用。

关于这种化合物的摄入如何导致其古怪的幻觉，其背后的药理机制尚不清楚，似乎也没有被直接研究过。然而值得注意的是，唑吡坦对区域活动的影响可能与其他致幻性 GABA 类药物重叠，例如毒蝇碱，这是致幻性毒蝇伞中的活性化合物。",Acuity suppression | Amnesia | Anxiety suppression | Appetite enhancement | Auditory hallucinations | Compulsive redosing | Delusions | Disinhibition | Dizziness | Double vision | Information processing suppression | Language suppression | Motor control loss | Muscle relaxation | Nausea | Respiratory depression | Sedation | Tactile suppression | Thought deceleration | Visual disconnection,Clinical Pharmacokinetics and Pharmacodynamics of Zolpidem,
Zonisamide,,Zonegran,Anticonvulsant,medical_rx,GABA-modulator | anticonvulsant | appetite-suppressant | prescription-only | sodium-channel-blocker,,,,no,no,4680.0,,,https://en.wikipedia.org/wiki/Zonisamide,"dose_ranges_by_route, duration_by_route, mechanism_of_action"
Zopiclone,,(右)佐匹克隆 | Eszop | Eszopiclone | Imovane | Limovan | Lunesta | Nu-Zopiclone | Optidorm | Rhovane | Siaten | Somnosan | Ximovan | Zileze | Zimovane | Zopiclon AL | Zopiclon Stada | Zopiclon TAD | Zopiclon-neuraxpharm | Zopiclon-ratiopharm | Zopitan,Depressant,recreational,CYP3A4-substrate | GABAA-PAM | S-enantiomer-of-zopiclone | class:cyclopyrrolone | habit-forming | non-selective-GABA-A | non-selective-Z-drug | racemate,oral,oral,oral,yes,yes,,"尽管结构不同，佐匹克隆与苯二氮卓类物质具有几乎相同的药理学特征。它的作用机制是结合到与苯二氮卓类药物相同的位点，并作为完全激动剂发挥作用，从而正向调节对苯二氮卓敏感的GABAA 受体，并增强 GABA 在 GABAA 受体上的结合，从而产生佐匹克隆的主观效应。

因为 GABA 是大脑中主要的抑制性神经递质，受体的激活会导致佐匹克隆产生镇静和抗焦虑的效果。除了苯二氮卓类的药理特性外，佐匹克隆还具有一些类似巴比妥类药物的特性。

此外，它（连同去甲基佐匹克隆）是烟碱乙酰胆碱受体的非竞争性拮抗剂。 这可能是导致类似谵妄效果的原因。

佐匹克隆的代谢产物去甲基佐匹克隆也具有药理活性，尽管它主要具有抗焦虑特性。一项研究发现佐匹克隆对 α1 和 α5 亚基有一些轻微的选择性， 尽管通常认为它在结合 α1、α2、α3 和 α5 GABAA 苯二氮卓受体复合物时是非选择性的。

研究发现去甲基佐匹克隆具有部分激动剂的特性，这与作为完全激动剂的母体药物佐匹克隆不同。 佐匹克隆的作用机制与苯二氮卓类药物相似，在运动活动以及多巴胺和血清素更新率方面也有类似的影响。",Amnesia | Anxiety suppression | Disinhibition | Dizziness | Information processing suppression | Motor control loss | Muscle relaxation | Respiratory depression | Sedation | Thought deceleration,,"half_life_minutes, references"
α-PCYP,,A-PCYP | alpha-PCyP | alpha-PyrrolidinoCyclohexanoPhenone,Stimulant,recreational,,insufflation,insufflation | oral,insufflation | oral,yes,yes,,,,,"half_life_minutes, mechanism_of_action, references"
α-Pyrrolidinopropiophenone,APPP,APPP | a-PPP | alpha-PPP,Stimulant,recreational,class:Pyrrolidinophenone cathinone stimulant,inhalation,inhalation | insufflation | intravenous | oral | sublingual,inhalation | insufflation | intravenous | oral | sublingual,yes,yes,,,,,"half_life_minutes, mechanism_of_action, references"
βH-2C-B,,2C-B-OH | 2C-B-Β-OL | BH-2c-B | BH-2cb | BH2CB | BOH-2C-B | BOH-2cb | BOH2CB | BOHB | βOH-2C-B,Psychedelic,recreational,2C-x | 5-HT2A-agonist | phenethylamine | research-chemical | tentative,insufflation,insufflation | oral,insufflation | oral,yes,yes,,,,,"half_life_minutes, mechanism_of_action, references"
复方甘草片,,,,medical_rx,,,,,no,no,,,,,"dose_ranges_by_route, duration_by_route, half_life_minutes, mechanism_of_action, references"
多拉西敏,,,,medical_rx,,oral,oral,oral,yes,yes,,"Doxylamine acts primarily as an inverse agonist at H1 histamine receptors, an action responsible for its antihistaminic and sedative properties. To a lesser extent, doxylamine also acts as an antagonist at muscarinic acetylcholine receptors, an action that underlies its deliriant effects.

Doxylamine is broken down in the liver by the cytochrome P450 enzymes CYP2D6, CYP1A2, and CYP2C9. Its primary metabolites are N-desmethyldoxylamine, N,N-didesmethyldoxylamine, and doxylamine N-oxide. Doxylamine reaches peak plasma concentration 1.5–2.5 hours after administration and has a half-life of 10–12 hours.

At sufficiently high doses, doxylamine may cause a false positive result on methadone screening tests.

The oral bioavailability of doxylamine is 24.7% and the intranasal bioavailability is 70.8%.",,,"half_life_minutes, references"
大果柯拉豆,,科奥巴 | 约波 | 霍波,,medical_rx,,,,,no,no,,,,,"dose_ranges_by_route, duration_by_route, half_life_minutes, mechanism_of_action, references"
愈美片,,,,medical_rx,,,,,no,no,,,,,"dose_ranges_by_route, duration_by_route, half_life_minutes, mechanism_of_action, references"
橙黄鹅膏,,,,medical_rx,,,,,no,no,,,,,"dose_ranges_by_route, duration_by_route, half_life_minutes, mechanism_of_action, references"
环唑酮,,N-环丙基匹莫林,Stimulant,recreational,,,,,no,no,,"Cyclazodone is an approximately 3–5× more potent N-cyclopropyl derivative of pemoline. Pemoline is considered dopaminergic, but its precise mechanism of action has not been fully established. Pemoline has minimal affinity for noradrenergic receptors, and therefore produces minimal sympathomimetic side effects compared to typical dopaminergic CNS stimulants such as methylphenidate and dextroamphetamine.

According to a patent filed by its inventors, cyclazodone exhibits central nervous system stimulant properties as well as more potent appetite-suppressant properties than pemoline and other N-lower-alkyl-substituted pemoline derivatives. At that time, cyclazodone also offered a more favorable therapeutic index and safety margin than pemoline and related analogs.

In animal models, cyclazodone displayed CNS stimulant and antidepressant potency and efficacy at least equal to dextroamphetamine. Maximum activity duration was 180 minutes, with a total stimulant duration exceeding 6 hours. Furthermore, according to the inventors' patent, cyclazodone showed anorectic potency and efficacy at least equal to dextroamphetamine in animal models, while its toxicity relative to its activity was found to be lower.

Cyclazodone is likely an amphetamine-like agonist of Trace Amine-Associated Receptor 1 (TAAR1), a key modulator of common and trace brain monoamines such as dopamine, serotonin, and norepinephrine. Agonism of this receptor group leads to increased concentrations of dopamine, serotonin, and norepinephrine in the synaptic cleft, producing cognitive and somatic stimulation in the user.",,,"dose_ranges_by_route, duration_by_route, half_life_minutes, references"
石山碱甲,,石杉碱甲,,medical_rx,,oral,oral,oral,yes,yes,,Huperzine A is a reversible acetylcholinesterase inhibitor and an NMDA receptor antagonist.,,,"half_life_minutes, references"
羟吗啡酮腙,,吗啡喃-6-酮,,medical_rx,,oral,oral,oral,yes,yes,,"Hydromorphone hydrazone is a long-acting, irreversible mu-opioid receptor (MOR) agonist. This is because opioids structurally mimic endogenous endorphins in the body. Endorphins are responsible for producing analgesia (pain relief), inducing drowsiness, and generating feelings of pleasure. They may be released in response to pain, vigorous exercise, orgasm, or excitement. This mimicry of endogenous endorphins produces the substance's physical euphoria, analgesia, and anxiety suppression effects.

All of these effects appear to derive from the opioid's mimicry of endogenous endorphins. Endorphins are responsible for analgesia (pain relief), inducing drowsiness, and producing feelings of pleasure. They may be released in response to pain, vigorous exercise, orgasm, or excitement. This mimicry of endogenous endorphins ultimately gives rise to the drug's various effects.

Hydromorphone hydrazone is estimated to have approximately 50–100% the potency of hydromorphone. Although hydromorphone hydrazone is active in its own right, research suggests that its unusually prolonged duration of action and irreversible binding may be due to its rapid degradation to oxymorphone hydrazone. Oxymorphone hydrazone is approximately 20–40 times more potent and forms a covalent bond with the MOR, resulting in an extremely prolonged elimination time.

Due to its high binding affinity and long-acting nature, tolerance to hydromorphone hydrazone develops very rapidly, and physical dependence is almost certain to develop even after a single administration.",,,"half_life_minutes, references"
翠冠玉,,,,medical_rx,,,,,no,no,,,,,"dose_ranges_by_route, duration_by_route, half_life_minutes, mechanism_of_action, references"
苏摩,,,,medical_rx,,,,,no,no,,,,,"dose_ranges_by_route, duration_by_route, half_life_minutes, mechanism_of_action, references"
苦茶碱,,"1,3,7,9-四甲基尿酸",Stimulant,recreational,,insufflation,insufflation | oral,insufflation | oral,yes,yes,,,,,"half_life_minutes, mechanism_of_action, references"
萘哌甲酯,,,Stimulant,recreational,,oral,oral,oral,yes,yes,,"Methylnaphthidate is believed to act primarily as a monoamine triple reuptake inhibitor—that is, it binds to and partially blocks the transporter proteins normally responsible for clearing dopamine, norepinephrine, and serotonin from the synaptic cleft, effectively elevating levels of these neurotransmitters throughout the brain and central nervous system. This leads to an accumulation of these molecules in the brain, particularly within reward pathways, producing stimulant and euphoric effects.",,,"half_life_minutes, references"
银冠玉,,,,medical_rx,,,,,no,no,,,,,"dose_ranges_by_route, duration_by_route, half_life_minutes, mechanism_of_action, references"
鹅花树,,伊博加,,medical_rx,,,,,no,no,,,,,"dose_ranges_by_route, duration_by_route, half_life_minutes, mechanism_of_action, references"
麦斯卡林,,"3,4,5-三甲氧基苯乙胺",,medical_rx,,oral,oral,oral,yes,yes,,"Mescaline acts similarly to other psychedelics. It binds to and activates the serotonin 5-HT2A receptor with high affinity. How activation of the 5-HT2A receptor produces a psychedelic state is not fully understood, but it likely involves excitation of neurons in the prefrontal cortex. Mescaline is also known to bind to and activate the serotonin 5-HT2C receptor.",,,"half_life_minutes, references"
鼠尾草素乙,,,,medical_rx,,,,,no,no,,,,,"dose_ranges_by_route, duration_by_route, half_life_minutes, mechanism_of_action, references"
