source,source_id,name,aliases,raw_classes,piru_category,default_route,routes,units,dose_threshold,dose_light,dose_common,dose_strong,dose_heavy,onset,peak,total_duration,half_life_min,mechanism_summary,effects,indications,contraindications,regulatory_status,cas_no,chemical_formula,tags,sources_count,notes
medtap,5a8e1981564c99302a18bb99,Diphenhydramine,Nite Time Sleep Aid Liquidgels; Rx Act Ibuprofen Pm; diphenhydramine/ibuprofen; Smart Sense Allergy Relief; fexofenadine; Allergy; Nighttime Sleep Easy; Jet-asleep Double Strength Night Time Sleep Aid; Original Formula Motion Sickness Relief; dimenhydrinate; Wal-sleep Z; Motion Sickness Relief; meclizine; Childrens Wal-dryl Allergy; Healthy Accents Ibuprofen Pm; Aurodryl Childrens Allergy; Childrens Benadryl Dye-free Allergy; First Aid Shot Therapy Sleep Aid; Good Sense Allergy Relief; Nighttime Sleep-aid; Aller-g-time; Somnitabs; Good Sense Nighttime Sleep Aid; Shoprite Sleep Aid; Diphendydramine Hydrochloride; Sominex Max; Aphenap; Smart Sense Allergy; Bactimicina Childrens Allergy,OTHER,Other,oral,oral,,,,,,,,,,,"Absorption Quickly absorbed with maximum activity occurring in approximately one hour. Protein Binding 98 to 99% Metabolism Hepatic and renal Excretion Little, if any, is excreted unchanged in the urine; most appears as the degradation products of metabolic transformation in the liver, which are almost completely excreted within 24 hours. Half-life 1-4 hours",,Indications & Usage for the relief of occasional sleeplessness reduces time to fall asleep if you have difficulty falling asleep,"Warnings Do not use with any other product containing diphenhydramine, even one used on skin for children under 12 years of age with other drugs that cause drowsiness such as antihistamines, nighttime cold/flu products, and other nighttime sleep-aids Ask a doctor before use if you have a breathing problem such as asthma, emphysema, or chronic bronchitis glaucoma heart disease trouble urinating du…",OTC,,,OTHER,,
medtap,5a8e1981564c99302a18bb9e,Phenylephrine,"Daytime Nighttime Cold/flu; acetaminophen, dextromethorphan hbr, doxylamine succinate, phenylephrine hcl; Mucinex Fast-max Severe Cold; acetaminophen/dextromethorphan/guaifenesin/phenylephrine; Pressure Plus Pain Pe; acetaminophen/phenylephrine; Chloresin; Dibromm; brompheniramine/phenylephrine/dextromethorphan; Niva-hist Dm; Lil Drug Store Nyquil Severe; acetaminophen/phenylephrine/doxylamine/dextromethorphan; Effervescent Orange Cold Relief; phenylephrine/aspirin/chlorpheniramine; Topcare Daytime Severe Cold And Cough; acetaminophen/dextromethorphan/phenylephrine; Severe Cold Multi-symptom; Day Time Gelcap; Family Care Multi Symptom Cold; dextromethorphan/guaifenesin/phenylephrine; Daytime Cold Relief; Severe Cold; acetaminophen/diphenhydramine/phenylephrine; Multi-symptom Wal-phed Pe; Comtrex; Cold Multi-symptom Severe; Leader Tussin Cf Max; Childrens Plus Multi Symptom Cold; acetaminophen/chlorpheniramine/dextromethorphan/phenylephrine; Acetaminophen Dextromethorphan Hbr Doxylamine Succinate Phenylephrine Hcl; dextromethorphan/acetaminophen/doxylamine/phenylephrine; Cold, Flu And Sore Throat; Head Congestion And Cold Relief; Topcare Night Time Severe Cold And Cough; Supress Dx Pediatric Drops; guaifenesin/dextromethorphan/phenylephrine; Wal Tussin Cf; Sinus Relief Headache Nasal; Nighttime Sinus Relief; acetaminophen/doxylamine/phenylephrine; Giltuss Total Release; Quality Choice Night Time Severe Cold And Cough; Triaminic; dextromethorphan/guaifenesin; Topcare Childrens Cold And Cough; brompheniramine/dextromethorphan/phenylephrine; Tussin Severe Multi Symptom Cough Cold Plus Flu Cf Max; Daytime Nitetime Cold Flu Relief; acetaminophen, dextromethorphan hbr, phenylephrine hcl, doxylamine succinate; Topcare Tussin; Healthy Accents Cold And Flu; Childrens Dimetapp Cold And Allergy; brompheniramine/phenylephrine; Multi Symptom Severe Cold; Pain And Sinus Reliever; Alka-seltzer Plus Day Cold And Flu; Smart Sense Cold And Allergy; phenylephrine/brompheniramine; Flu Relief; Childrens Tussnex; acetaminophen/dextromethorphan/phenylephrine/guaifenesin; Kroger Cough Cold And Flu; choline/phenylephrine/dextromethorphan/guaifenesin; Allergy And Sinus Headache; Sudafed Pe Pressure Plus Pain Plus Mucus; acetaminophen/guaifenesin/phenylephrine; Childrens Tylenol; acetaminophen; Allerfed Cold And Allergy Pe; chlorpheniramine/phenylephrine; Promethazine Hydrochloride Phenylephrine Hydrochloride And Codeine Phosphate; promethazine/phenylephrine/codeine; Alka-seltzer Plus Cold And Cough Formula; aspirin/chlorpheniramine/dextromethorphan/phenylephrine; Health Mart Cold And Allergy; Meijer Daytime Severe Cold And Cough; Pressure And Pain Pe Plus Cough; Sinus Congestion And Pain Severe; D Time Sinus; Pressure And Pain Pe Plus Cold; Max Cold, Flu, And Sore Throat; Decongestant Pe; Fast Cold And Flu Relief; Pressure And Pain Pe Plus Mucus; Altidome; Severe Daytime; Deconex Ir; guaifenesin/phenylephrine; Cold And Congestion; diphenhydramine/phenylephrine; Mucus Relief Cold Flu Sore Throat; Vicks Dayquil And Vicks Nyquil Cherry; acetaminophen, dextromethorphan hydrobromide, phenylephrine hydrochloride, and doxylamine succinate; Allergy Multi-symptom; acetaminophen/chlorpheniramine/phenylephrine; Severe Allergy And Sinus Headache; Day Time Cold Flu Medicine; Shoprite Childrens Cold And Cough; Day Time Severe Cold And Cough; Smart Sense Cold Flu And Sore Throat; Texaclear Kids Sinus Relief; thonzylamine/phenylephrine; Multi-symptom Daytime; Walgreens Sugar Free Nighttime Wal-flu Severe Cold And Cough; Leader Mucus Relief; Cold Multi-symptom Daytime; Cvs Pharmacy Daytime Severe Cough And Cold; Childrens Delsym; Top Value Effervescent Cold Relief; aspirin/phenylephrine/chlorpheniramine; Good Sense Daytime; Topcare Day Time Cold And Flu Severe; Good Sense Mucus Relief; Tabcin; Health Mart Cold And Cough; Alka-seltzer Plus Severe Sinus Congestion And Cough Liquid Gels Day; dextromethorphan/phenylephrine/acetaminophen; Promethazine Hcl, Phenylephrine Hcl, Codeine Phosphate; Walgreens Severe Cold Multi-symptom For Adults; Relcof Ir; Sohmed Allergy Sinus; Giltuss; Alahist Cf; dexbrompheniramine/dextromethorphan/phenylephrine; Leader Severe Cold And Flu; Dimaphen Dm; Severe Sinus Pain And Congestion; Coltalin-dm; Alka Seltzer Plus Cold; aspirin/chlorpheniramine/phenylephrine; Equaline Mucus Relief; Sunmark Cold And Allergy; G-supress Dx; Refenesen Chest Congestion Relief; Night Cold Flu Cough And Allergy; acetaminophen/dextromethorphan/doxylamine/phenylephrine; Daytime Severe Cold And Cough Relief; Severe Sinus Congestion Allergy And Cough Formula; Good Neighbor Pharmacy Mucus Relief; Cvs - Childrens Stuffy Nose And Cold; 7 Select Day Time Relief; Daytime Cough; Night Time Severe Cold And Cough; Healthy Accents Multi Symptom Cold; Coldtac Ultra; Topcare Allergy Multi Symptom; Norel Ad; Childrens Dimetapp Cold And Cough",OTHER; Opioid Agonist,Opioid,oral,oral,,,,,,,,,,,"Absorption phenylephrine: Completely absorbed after oral administration. It has a reduced bioavailability (compared to pseudoephedrine) following oral administration due to significant first-pass metabolism in the intestinal wall. Compared to IV administration, bioavailability is approximately 38%. Peak serum concentrations are achieved approximately 0.75-2 hours following oral administration. Ph…",,"Indications & Usage Daytime cold and flu: pain reliever, cough suppressant and Nasal decongestant NightTime Cold and Flu: pain reliever, cough suppressant and Antihistamine",Warnings Warnings Failure to follow these warnings could result in serious consequences. Liver Warning: This product contains acetaminophen . Severe liver damage may occur if you take more than 4 doses in 24 hours which is maximum daily amount for this product with other drugs containing acetaminophen 3 or more alcoholic drinks daily while using this product do not use: with any other drug contai…,OTC,,,OTHER; Opioid Agonist,,
medtap,5a8e1981564c99302a18bb9c,Asparaginase,Erwinaze,Asparagine-specific Enzyme,Other,intramuscular,intramuscular,,,,,,,,,,,"Half-life 8-30 hrs Mechanism Of Action Asparaginase Erwinia chrysanthemi catalyzes the deamidation of asparagine to aspartic acid and ammonia, resulting in a reduction in circulating levels of asparagine. The mechanism of action of Erwinaze is thought to be based on the inability of leukemic cells to synthesize asparagine due to lack of asparagine synthetase activity, resulting in cytotoxicity sp…",,Indications & Usage Erwinaze (asparaginase Erwinia chrysanthemi ) is an asparagine specific enzyme indicated as a component of a multi-agent chemotherapeutic regimen for the treatment of patients with acute lymphoblastic leukemia (ALL) who have developed hypersensitivity to coli -derived asparaginase. Indications & Usage Erwinaze (asparaginase Erwinia chrysanthemi ) is indicated as a component of…,"Contraindications History of serious hypersensitivity reactions to Erwinaze, including anaphylaxis History of serious pancreatitis with prior L-asparaginase therapy History of serious thrombosis with prior L-asparaginase therapy History of serious hemorrhagic events with prior L-asparaginase therapy Warnings And Precautions If the following occur, discontinue Erwinaze: Serious hypersensitivity re…",Rx,,,Asparagine-specific Enzyme,,
medtap,5a8e1981564c99302a18bb9a,Acetaminophen,"Acetaminophen / Diphenhydramine 500/25 Mg; diphenhydramine/acetaminophen; Gripmax; acetaminophen/pseudoephedrine/dextromethorphan; Dologen; dexbrompheniramine/acetaminophen; Basic Care Nighttime; acetaminophen/dextromethorphan/doxylamine; Gesteira; Dg Health Infants Pain And Fever; Leader Acetaminophen; Equaline Arthritis; Pain Free; acetaminophen/aspirin/caffeine/salicylamide; Extra Strength Aspirin Free Pain Relief; Circle K Pain Reliever; Acetaminophen, Caffeine, Dihydrocodeine Bitartrate; acetaminophen/caffeine/dihydrocodeine; Stona For Children; acetaminophen/chlorpheniramine/dextromethorphan; Non-aspirin; Leader Headache Pm Formula; acetaminophen/diphenhydramine; Extra Strength Headache Relief; acetaminophen/aspirin/caffeine; Harmon Face Values Night Time Relief; Pain Relief Acetaminophen Pm; Night Time Cold/flu Relief Original; Extra Strength Acetaminohpen; Leader Childrens Pain And Fever; Nyquil; Rapid Release Acetaminophen; Pain Aid Brf; magnesium/acetaminophen; Leader Pain Relief; Feverall; Infants Mapap; Pain Relief Acetaminophen; Percogesic Extra Strength; Signature Care Pain Relief; naproxen; Histaflex; acetaminophen/pyrilamine; Pain Free Plus; Hydrocodone/apap; hydrocodone/acetaminophen; High Blood Pressure Cold And Flu; acetaminophen/chlorpheniramine; Hydrocodone Bitartrate And Acetaminophen; Sunmark Pain Reliever; Unisom Pm Pain Nighttime Sleep Aid And Pain Reliever; Harris Teeter Acetaminophen Pm; Dye Free Pain And Fever; Medi First Cramp; acetaminophen/pamabrom; Up And Up Infants Acetaminophen; Pamprin Multisymptom Menstrual Pain Relief; acetaminophen/pamabrom/pyrilamine; Tramadol Hcl And Acetaminophen; tramadol/acetaminophen; Aceta-gesic; Hydrocodone Bitatrate And Acetaminophen; Duralgina; Sunmark Nite Time; Acetaminophen Pm; Ohm 8 Hour Pain Reliever/fever Reducer; Preferred Plus Arthritis Pain; Butalbital Acetaminophen And Caffeine; butalbital/acetaminophen/caffeine; Flu Hbp; Valumeds Extra Strength Pain Relief; Night-time Cherry; Acetaminophen,dextromethorphan,doxylamine; Night Time Gelcap; Extra Strength Mapap; Cvs Nighttime Cold/flu Relief; Health Mart Multi-symptom Cold And Flu Night Time; Health Mart Night Time; N - Time; acetaminophen/doxylamine/dextromethorphan; Pain Relief Easy Tabs; Night Time; Pain Relief Maximum Strength; Careall Non-aspirin Pm; Non-aspirin Acetaminophen; Careone Acetaminophen; Pain Reliever Sleep Aid; Leader Migraine Relief; Multi Symptom Nighttime; 7 Select Childrens Pain Relief; Comfort-time; acetaminophen/caffeine/pyrilamine; Acetaminophen Rapid Tabs",OTHER; Opioid Agonist; Methylxanthine,Opioid,oral,oral,,,,,,,,,,,"Absorption acetaminophen: Rapid and almost complete diphenhydramine: Quickly absorbed with maximum activity occurring in approximately one hour. Protein Binding acetaminophen: 25% diphenhydramine: 98 to 99% Metabolism acetaminophen: Acetaminophen primarily undergoes glucuronidation (45-55% of the dose) in which this process is facilitated by UGT1A1, UGT1A6, UGT1A9, UGT2B15 in the liver or UGT1A10…",,Indications & Usage temporarily relieves occasional headaches and minor aches and pains with accompanying sleeplessness,"Warnings Liver warning: This product contains acetaminophen. Severe liver damage may occur if you take more than 4,000 mg of acetaminophen in 24 hours which is the maximum daily amount with other drugs containing acetaminophen 3 or more alcoholic drinks every day while using this product",OTC,,,OTHER; Opioid Agonist; Methylxanthine,,
medtap,5a8e1981564c99302a18bb9d,sodium,Plus White Super White Tooth With Peroxide; sodium; Up And Up Sensitive Maximum Strength Mint; potassium/sodium; Pine Salt 170g; Truly Radiant; Goodsense Sensitive Extra Whitening; Anticavity Rinse Fluoride Rinse; Sensitive Anti-cavity; Anticavity Rinse; Dr. Sheffield Fluoride Anticavity; Listerine Healthy White Anticavity Fluoride Gentle Clean Mint; Discount Drug Mart; eucalyptol/menthol/methyl salicylate/thymol; Pororo Toothpas Te Mixed Fruits; Anti Cavity Fluoride; Kids Anticavity,OTHER,Other,oral,oral,,,,,,,,,,,,,Indications & Usage aids in the prevention of dental cavities and removal of stains,"Warnings Keep out of reach of children under 6 years of age. If more the used for brushing in accidentally swallowed, get medical help or contact a Poison Control Center right away.",OTC,,,OTHER,,
medtap,5a8e1981564c99302a18bba6,Asenapine,Saphris,Atypical Antipsychotic,Antipsychotic,sublingual,sublingual,,,,,,,,,,,"Absorption Cmax, single 5 mg dose = 4 ng/mL (within 1 hour); Volume Of Distribution 20-25 L/kg Protein Binding 95% protein bound Metabolism Asenapine is oxidized via CYP1A2 and undergoes direct glucuronidation via UGT1A4. Oxidation via CYP1A2 is asenapine's primary mode of metabolism. Excretion Urine (50%) and feces (50%) Half-life 24 hours (range of 13.4 - 39.2 hours) Mechanism Of Action The mec…",,"Indications & Usage Saphris is an atypical antipsychotic indicated for : Schizophrenia in adults Bipolar I disorder Acute monotherapy treatment of manic or mixed episodes, in adults and pediatric patients 10 to 17 years of age Adjunctive treatment to lithium or valproate in adults Maintenance monotherapy treatment in adults Indications & Usage Saphris is indicated for: Schizophrenia in adults Bip…","Contraindications Severe hepatic impairment (Child-Pugh C). Known hypersensitivity to Saphris (asenapine), or to any components in the formulation. Warnings And Precautions Cerebrovascular Adverse Reactions in Elderly Patients with Dementia-Related Psychosis: Increased incidence of cerebrovascular adverse reactions (e.g., stroke, transient ischemic attack). Neuroleptic Malignant Syndrome: Manage …",Rx,,,Atypical Antipsychotic,,
medtap,5a8e1981564c99302a18bba3,Famotidine,Good Neighbor Pharmacy Acid Reducer; Good Sense Acid Reducer; ranitidine; Up And Up Famotidine; 7 Select Acid Controller; Signature Care Acid Controller; Sunmark Dual Action Complete; famotidine/magnesium/calcium,OTHER; Histamine-2 Receptor Antagonist,Other,oral,oral,,,,,,,,,,,"Absorption The bioavailability of oral doses is 40-45%. Protein Binding 15-20% Metabolism Hepatic. Excretion Renal clearance is 250-450 mL/min, indicating some tubular excretion. Half-life 2.5-3.5 hours Clearance * renal cl=250-450 mL/min",,Indications & Usage relieves heartburn associated with acid indigestion and sour stomach prevents heartburn associated with acid indigestion and sour stomach brought on by eating or drinking certain food and beverages,"Warnings Allergy alert: Do not use if you are allergic to famotidine or other acid reducers Do not use if you have trouble or pain swallowing food, vomiting with blood, or bloody or black stools. These may be signs of a serious condition. See your doctor. with other acid reducers Ask a doctor before use if you have had heartburn over 3 months. This may be a sign of a more serious condition. heart…",OTC,,,OTHER; Histamine-2 Receptor Antagonist,,
medtap,5a8e1981564c99302a18bba4,Levonorgestrel,Amethia; Ayuna; Daysee; Camrese Lo; levonorgestrel/ethinyl estradiol and ethinyl estradiol; Econtra Ez; Levonest,OTHER,Other,oral,,,,,,,,,,,,Mechanism Of Action COCs lower the risk of becoming pregnant primarily by suppressing ovulation. Other possible mechanisms may include cervical mucus changes that inhibit sperm penetration and endometrial changes that reduce the likelihood of implantation. Pharmacokinetics Absorption Ethinyl estradiol and levonorgestrel are absorbed with maximum plasma concentrations occurring within 2 hours afte…,,Indications & Usage Amethia tablets are an estrogen/progestin COC indicated for use by women to prevent pregnancy. Indications & Usage Amethia tablets are indicated for use by women to prevent pregnancy.,"Contraindications A high risk of arterial or venous thrombotic diseases Undiagnosed abnormal genital bleeding Breast cancer or other estrogen- or progestin-sensitive cancer Liver tumors or liver disease Pregnancy Co-administration with Hepatitus C drug combinations containing ombitasvir/paritaprevir/ritonavir, with or without dasabuvir Warnings And Precautions Vascular risks: Stop Amethia tablets…",Rx,,,OTHER,,
medtap,5a8e1981564c99302a18bba1,lisinopril,Lisinopril 2.5mg; lisinopril; Qbrelis,Angiotensin Converting Enzyme Inhibitor,Other,oral,oral,,,,,,,,,,,,,"Indications & Usage Hypertension Lisinopril tablets USP are indicated for the treatment of hypertension, to lower blood pressure. Lowering blood pressure lowers the risk of fatal and non-fatal cardiovascular events, primarily strokes and myocardial infarctions. These benefits have been seen in controlled trials of antihypertensive drugs from a wide variety of pharmacologic classes including lisin…",Contraindications Lisinopril is contraindicated in patients who are hypersensitive to this product and in patients with a history of angioedema related to previous treatment with an angiotensin-converting enzyme inhibitor and in patients with hereditary or idiopathic angioedema. Warnings Anaphylactoid and Possibly Related Reactions Presumably because angiotensin-converting enzyme inhibitors affec…,Rx,,,Angiotensin Converting Enzyme Inhibitor,,
medtap,5a8e1981564c99302a18bba0,Cetirizine,All Day Allergy; Childrens Cetirizine Hydrochloride Allergy; 24 Hour Allergy; Good Neighbor Pharmacy Childrens All Day Allergy; Kirkland Signature Aller Tec; Leader All Day Allergy; Harris Teeter All Day Allergy,OTHER,Other,oral,oral,,,,,,,,,,,Absorption mean peak plasma concentration (Cmax) of 114 ng/mL at a time (Tmax) of 2.2 hours postdose was observed for cetirizine Protein Binding Very high (93%) plasma protein binding Half-life 8.3 hours Clearance * 53 mL/min [healthy],,"Indications & Usage temporarily relieves these symptoms due to hay fever or other upper respiratory allergies: runny nose sneezing itchy, watery eyes itching of the nose or throat",Warnings Do not use if you have ever had an allergic reaction to this product or any of its ingredients or to an antihistamine containing hydroxyzine. Ask a doctor before use if you have liver or kidney disease. Your doctor should determine if you need a different dose. Ask a doctor or pharmacist before use if you are taking tranquilizers or sedatives. When using this product drowsiness may occur…,OTC,,,OTHER,,
medtap,5a8e1981564c99302a18bba9,Orphenadrine,Orphenadrine Citrate,Muscle Relaxant,Other,oral,oral,,,,,,,,,,,"Absorption Orphenadrine is almost completely absorbed in the gastrointestinal tract. Protein Binding 95% Metabolism Biotransformation occurs mainly in the liver. Pharmacologically active metabolites are N-demethyl orphenadrine and N,N-didemethyl orphenadrine. Half-life 13-20 hours",,"Indications & Usage Orphenadrine Citrate extended-release tablets are indicated as an adjunct to rest, physical therapy, and other measures for the relief of discomfort associated with acute painful musculoskeletal conditions.","Contraindications Orphenadrine Citrate extended-release tablets are contraindicated in patients with glaucoma, pyloric or duodenal obstruction, stenosing peptic ulcers, prostatic hypertrophy or obstruction of the bladder neck, cardio-spasm (mega-esophagus) and myasthenia gravis. Orphenadrine Citrate tablets are contraindicated in patients who have demonstrated a previous hypersensitivity to the d…",Rx,,,Muscle Relaxant,,
medtap,5a8e1981564c99302a18bbab,Arformoterol,Brovana,beta2-Adrenergic Agonist,Other,inhalation,inhalation,,,,,,,,,,,"Protein Binding The binding of arformoterol to human plasma proteins in vitro was 52-65% at concentrations of 0.25, 0.5 and 1.0 ng/mL of radiolabeled arformoterol. Metabolism Arformoterol was almost entirely metabolized following oral administration of 35 mcg of radiolabeled arformoterol in eight healthy subjects. Direct conjugation of arformoterol with glucuronic acid was the major metabolic pat…",,"Indications & Usage Brovana Inhalation Solution is a long-acting beta 2 -adrenergic agonist (beta 2 -agonist) indicated for: Long-term, twice daily (morning and evening) administration in the maintenance treatment of bronchoconstriction in patients with chronic obstructive pulmonary disease (COPD), including chronic bronchitis and emphysema. Important limitations of use: Brovana Inhalation Soluti…","Contraindications Brovana Inhalation Solution is contraindicated in patients with a history of hypersensitivity to arformoterol, racemic formoterol or to any other components of this product. All LABA, including Brovana Inhalation Solution, are contraindicated in patients with asthma without use of a long-term asthma control medication. Warnings And Precautions Do not initiate Brovana Inhalation …",Rx,,,beta2-Adrenergic Agonist,,
medtap,5a8e1981564c99302a18bbac,Dextromethorphan,"Topcare Cough Dm; Scot-tussin Diabetes Cough Formula With Dm; Healthy Accents Night Time Cough; dextromethorphan/doxylamine; Cough Control; Non-drowsy Formula Wal-tussin; Cough Dm; Tussin 12 Hr; Brompheniramine Maleate, Pseudoephedrine Hydrochloride, Dextromethorphan Hydrobromide; brompheniramine/pseudoephedrine/dextromethorphan; Tussin Dm Cough; Delsym (dextromethorphan); Leader Childrens Cough Dm; Silphen Dm Cough; Dextromethorphan Polistirex Extended Release; Q Tapp Cold And Cough; brompheniramine/dextromethorphan/pseudoephedrine; Promethazine Hydrochloride And Dextromethorphan Hydrobromide; dextromethorphan/promethazine; Abatuss Dmx; dexchlorpheniramine/dextromethorphan/pseudoephedrine",OTHER; Sigma-1 Agonist; Phenothiazine,Other,oral,oral,,,,,,,,,,,"Absorption Rapidly absorbed from the gastrointestinal tract. Metabolism Hepatic. Rapidly and extensively metabolized to dextrorphan (active metabolite). One well known metabolic catalyst involved is a specific cytochrome P450 enzyme known as 2D6, or CYP2D6. Half-life 3-6 hours",,Indications & Usage temporarily relieves cough due to minor throat and bronchial irritation as may occur with the common cold or inhaled irritants the impulse to cough to help you get to sleep,"Warnings Do not use if you are now taking a prescription monoamine oxidase inhibitor (MAOI) (certain drugs for depression, psychiatric or emotional conditions, or Parkinson’s disease), or for 2 weeks after stopping the MAOI drug. If you do not know if your prescription drug contains an MAOI, ask a doctor or pharmacist before taking this product. Allergy Alert: Contains sodium metabisulfite, a sul…",OTC,,,OTHER; Sigma-1 Agonist; Phenothiazine,,
medtap,5a8e1981564c99302a18bbb3,docusate/sennosides,Stimulant Laxative Plus Stool Softener; docusate/sennosides; Little Remedies Little Tummys Laxative Drops; sennosides; Colistat Plus; Senna- S; sennosides/docusate; Health Sense Senno,OTHER,Other,oral,oral,,,,,,,,,,,,,Indications & Usage for overnight relief from occasional constipation (irregularity) generally produces bowel movement in 6 to12 hours,"Warnings Do not use laxative products for longer than 1 week unless told to do so by a doctor if you are presently taking mineral oil, unless told to do so by a doctor Ask a doctor before use if you have stomach pain nausea vomiting noticed a sudden change in bowel habits that lasts over 2 weeks Stop use and ask a doctor if you have rectal bleeding or fail to have a bowel movement after use of a …",OTC,,,OTHER,,
medtap,5a8e1981564c99302a18bbae,Estradiol,Zovia 1/35e-28; ethynodiol; Elestrin; Delestrogen; Mimvey; estradiol/norethindrone; Climara,Estrogen; OTHER; Progestin,Other,oral,oral,,,,,,,,,,,"Absorption 43% Protein Binding > Metabolism Exogenous estrogens are metabolized using the same mechanism as endogenous estrogens. Estrogens are partially metabolized by cytochrome P450. Excretion Estradiol, estrone and estriol are excreted in the urine along with glucuronide and sulfate conjugates. Half-life 36 hours Pharmacokinetics Distribution The distribution of exogenous estrogens is similar…",,"Indications & Usage Estradiol tablets are indicated in the: 1. Treatment of moderate to severe vasomotor symptoms associated with the menopause. 2. Treatment of moderate to severe symptoms of vulvar and vaginal atrophy associated with the menopause. When prescribed solely for the treatment of symptoms of vulvar and vaginal atrophy, topical vaginal products should be considered. 3. Treatment of hy…","Contraindications Estrogens should not be used in individuals with any of the following conditions: 1. Undiagnosed abnormal genital bleeding. 2. Known, suspected, or history of cancer of the breast except in appropriately selected patients being treated for metastatic disease. 3. Known or suspected estrogen-dependent neoplasia. 4. Active deep vein thrombosis, pulmonary embolism or history of thes…",Rx,,,Estrogen; OTHER; Progestin,,
medtap,5a8e1981564c99302a18bbaa,"estrogens, conjugated","Premarin; estrogens, conjugated",Estrogen,Other,oral,oral,,,,,,,,,,,"Mechanism Of Action Endogenous estrogens are largely responsible for the development and maintenance of the female reproductive system and secondary sexual characteristics. Although circulating estrogens exist in a dynamic equilibrium of metabolic interconversions, estradiol is the principal intracellular human estrogen and is substantially more potent than its metabolites, estrone and estriol, a…",,"Indications & Usage Premarin is a mixture of estrogens indicated for: Treatment of Moderate to Severe Vasomotor Symptoms due to Menopause Treatment of Moderate to Severe Vulvar and Vaginal Atrophy due to Menopause Treatment of Hypoestrogenism due to Hypogonadism, Castration or Primary Ovarian Failure Treatment of Breast Cancer (for Palliation Only) in Appropriately Selected Women and Men with Met…","Contraindications Undiagnosed abnormal genital bleeding Known, suspected, or history of breast cancer except in appropriately selected patients being treated for metastatic diseases Known or suspected estrogen-dependent neoplasia Active DVT, PE, or a history of these conditions Active arterial thromboembolic disease (for example, stroke and MI), or a history of these conditions Known anaphylactic…",Rx,,,Estrogen,,
medtap,5a8e1981564c99302a18bbbe,calcium,Sour Stomach Relief; calcium; Antacid Relief; Orange Antacid Softchew; Careone Calcium Antacid; Calgest; Healthmart Calcium Antacid; Equate Ultra Strength Antacid; Regular Strength Antacid; aluminum/magnesium/dimethicone; Rolaids Ultra Strength Antacid Strawberry; calcium/magnesium; Select Brand Antacid Assorted Berries; Mylanta New Tonight Soothing Honey Chamomile; calcium/magnesium/dimethicone,OTHER,Other,oral,oral,,,,,,,,,,,,,Indications & Usage relieves: heartburn acid indigestion sour stomach upset stomach associated with these symptoms,Warnings Ask a doctor or pharmacist before use if you are taking a prescription drug. Antacids may interact with certain prescription drugs. When using this product do not take more than 7 tablets in 24 hours If pregnant do not take more than 5 tablets in 24 hours do not use the maximum dosage for more than 2 weeks except under the advice and supervision of a doctor.,OTC,,,OTHER,,
medtap,5a8e1981564c99302a18bbb0,dimethicone,Infants Gas Relief Drops; dimethicone; Topcare Gas Relief; Major Ultra Strength Gas Relief; Ultra Strength Gas Relief; Pluspharma; Rx Act Gas Relief; Premier Value Infants Gas Relief; Up And Up Extra Strength Gas Relief Chewables,OTHER,Other,oral,oral,,,,,,,,,,,,,Indications & Usage Relieves the discomfort of infant gas frequently caused by air swallowing or certain formulas or foods,"Warnings Keep out of reach of children. Overdose warning: In case of overdose, get medical help or contact a Poison Control Center right away at 1-800-222-1222. Quick medical attention is critical even if you do not notice any sign or symptoms",OTC,,,OTHER,,
medtap,5a8e1981564c99302a18bbb9,psyllium husk,Natural Fiber Therapy Natural Laxative; psyllium husk; Konsyl Naturally Sweetened Psyllium Fiber; Natural Daily Fiber; Reguloid,OTHER,Other,oral,oral,,,,,,,,,,,,,Indications & Usage effective in treating occasional constipation and restoring regularity,"Warnings Choking: Taking this product without adequate fluid may cause it to swell and block your throat or esophagus and may cause choking. Do not take this product if you have difficulty in swallowing. If you experience chest pain, vomiting, or difficulty in swallowing or breathing after taking this product, seek immediate medical attention. Allergy alert: This product may cause an allergic rea…",OTC,,,OTHER,,
medtap,5a8e1981564c99302a18bbb8,fluticasone,Up And Up Allergy Relief Nasal; fluticasone; Leader Allergy Relief Nasal; Allergy Nasal; Careone Fluticasone Propionate; Childrens 24 Hour Allergy Relief Nasal,OTHER,Other,insufflation,insufflation,,,,,,,,,,,,,"Indications & Usage Temporarily relieves these symptoms of hay fever or other upper respiratory allergies: nasal congestion runny nose sneezing itchy nose itchy, watery eyes",Warnings Only for use in the nose. Do not spray into your eyes or mouth.,OTC,,,OTHER,,
medtap,5a8e1981564c99302a18bbad,Retinoic acid receptor gamma,Adapalene Topical Solution; adapalene; Adapalene And Benzoyl Peroxide; adapalene/benzoyl peroxide,Retinoid,Other,transdermal,transdermal,,,,,,,,,,,"Absorption Absorption of adapalene through human skin is low. Only trace amounts ( Metabolism Metabolized mainly by O-demethylation, hydroxylation and conjugation, and excretion is primarily by the biliary route. Excretion Excretion appears to be primarily by the biliary route. Pharmacokinetics Absorption of adapalene through human skin is low. Only trace amounts (< 0.25 ng/mL) of parent substanc…",,Indications & Usage Adapalene Topical Solution 0.1% is indicated for the topical treatment of acne vulgaris.,Contraindications Adapalene Topical Solution 0.1% should not be administered to individuals who are hypersensitive to adapalene or any of the components in the vehicle solution. Warnings Use of Adapalene Topical Solution 0.1% should be discontinued if hypersensitivity to any of the ingredients is noted. Patients with sunburn should be advised not to use the product until fully recovered. Precauti…,Rx,,,Retinoid,,
medtap,5a8e1981564c99302a18bbaf,Naloxone,Pentazocine And Naloxone; pentazocine/naloxone; Pentazocine Hydrochloride And Naloxone Hydrochloride,Opioid Antagonist,Opioid,oral,oral,,,,,,,,,,,Absorption naloxone: Well absorbed following intramuscular injection. null: Well absorbed from the gastro-intestinal tract. Volume Of Distribution naloxone: Following parenteral administration naloxone hydrochloride is rapidly distributed in the body. Naloxone is also very lipophillic and easily crosses the blood-brain-barrier. It can also cross the placenta. null: Protein Binding naloxone: Plasm…,,"Indications & Usage Pentazocine And Naloxone Tablets are indicated for the management of pain severe enough to require an opioid analgesic and for which alternative treatments are inadequate. Limitations of Use Because of the risks of addiction, abuse, and misuse, with opioids, even at recommended doses, reserve Pentazocine And Naloxone Tablets for use in patients for whom alternative treatment o…","Contraindications Pentazocine And Naloxone Tablets are contraindicated in patients with: Significant respiratory depression Acute or severe bronchial asthma in an unmonitored setting or in the absence of resuscitative equipment Patients with known or suspected gastrointestinal obstruction, including paralytic ileus Patients with hypersensitivity to either pentazocine, naloxone, or any of the form…",Rx,,,Opioid Antagonist,,
medtap,5a8e1981564c99302a18bbbd,Miglustat,,Glucosylceramide Synthase Inhibitor,Other,oral,oral,,,,,,,,,,,"Absorption Mean oral bioavailability is 97%. Protein Binding Miglustat does not bind to plasma proteins. Metabolism There is no evidence that miglustat is metabolized in humans. Half-life The effective half-life of miglustat is approximately 6 to 7 hours. Mechanism Of Action Type 1 Gaucher disease is caused by a functional deficiency of glucocerebrosidase, the enzyme that mediates the degradation…",,Indications & Usage Miglustat is a glucosylceramide synthase inhibitor indicated as monotherapy for treatment of adult patients with mild/moderate type 1 Gaucher disease for whom enzyme replacement therapy is not a therapeutic option. Indications & Usage Type 1 Gaucher Disease Miglustat is a glucosylceramide synthase inhibitor indicated as monotherapy for the treatment of adult patients with mild…,Contraindications None Warnings And Precautions Peripheral neuropathy : Perform baseline and follow-up neurological evaluations at 6 month intervals in all patients. Tremor or exacerbation of existing tremors : Reduce dose to ameliorate tremor or discontinue treatment if tremor does not resolve within days of dose reduction. Diarrhea and weight loss : Evaluate for underlying gastrointestinal dise…,Rx,,,Glucosylceramide Synthase Inhibitor,,
medtap,5a8e1981564c99302a18bbbc,Naproxen,Sunmark Sinus And Cold D; naproxen/pseudoephedrine; All Day; Dg Health All Day Pain Relief; Leader Naproxen Sodium; Shoprite Naproxen Sodium; All Day Pain Relief Naproxen Sodium; Health Mart Sinus And Cold D; Menstridol; Naproxen Sodium,OTHER,Other,oral,oral,,,,,,,,,,,"Absorption naproxen: Naproxen itself is rapidly and completely absorbed from the GI tract with an in vivo bioavailability of 95%. Although naproxen itself is well absorbed, the sodium salt form is more rapidly absorbed resulting in higher peak plasma levels for a given dose. Food causes a slight decrease in the rate absorption. pseudoephedrine: Pseudoephedrine is readily and almost completely abs…",,"Indications & Usage temporarily relieves these cold, sinus, and flu symptoms: sinus pressure minor body aches and pains headache nasal and sinus congestion (promotes sinus drainage and restores freer breathing through the nose) fever","Warnings Allergy alert: Naproxen sodium may cause a severe allergic reaction, especially in people allergic to aspirin. Symptoms may include: hives facial swelling asthma (wheezing) shock skin reddening rash blisters If an allergic reaction occurs, stop use and seek medical help right away. Stomach bleeding warning: This product contains an NSAID, which may cause severe stomach bleeding. The chan…",OTC,,,OTHER,,
medtap,5a8e1981564c99302a18bbc4,carbamazepine,Carbatrol; carbamazepine,Mood Stabilizer,Other,oral,oral,,,,,,,,,,,"Absorption In clinical studies, carbamazepine suspension, conventional tablets, and extended-release tablets delivered equivalent amounts of drug to the systemic circulation. However, it has been observed that the suspension is somewhat faster absorbed. Furthermore, the extended-release tablet is slightly slower than the conventional tablet. The bioavailability of the extended-release tablet is 8…",,"Indications & Usage Epilepsy Carbatrol ® is indicated for use as an anticonvulsant drug. Evidence supporting efficacy of carbamazepine as an anticonvulsant was derived from active drug-controlled studies that enrolled patients with the following seizure types: Partial seizures with complex symptomatology (psychomotor, temporal lobe). Patients with these seizures appear to show greater improvement…","Contraindications Carbamazepine should not be used in patients with a history of previous bone marrow depression, hypersensitivity to the drug, or known sensitivity to any of the tricyclic compounds, such as amitriptyline, desipramine, imipramine, protriptyline and nortriptyline. Likewise, on theoretical grounds its use with monoamine oxidase inhibitors is not recommended. Before administration o…",Rx,,,Mood Stabilizer,,
medtap,5a8e1981564c99302a18bbb1,Fluocinolone Acetonide,Retisert; fluocinolone; Tri-luma; fluocinolone/hydroquinone/tretinoin,Corticosteroid; Retinoid,Supplement,other,other,,,,,,,,,,,"Absorption Rapidly absorbed (15 minutes) Metabolism Primarily hepatic, corticosteroids are metabolized primarily in the liver and are then excreted by the kidneys. Excretion Corticosteroids are metabolized primarily in the liver and are then excreted by the kidneys. Some of the topical corticosteroids and their metabolites are also excreted into the bile. Half-life 1.3-1.7 hours Mechanism Of Acti…",,Indications & Usage Retisert is a corticosteroid indicated for the treatment of chronic noninfectious uveitis affecting the posterior segment of the eye. Indications & Usage Retisert is indicated for the treatment of chronic non-infectious uveitis affecting the posterior segment of the eye.,"Contraindications Surgical placement of Retisert is contraindicated in active viral, bacterial, mycobacterial and fungal infections of ocular structures. Warnings And Precautions Cataract formation: Nearly all phakic patients are expected to develop cataracts and require cataract surgery. Endophthalmitis: Late onset endophthalmitis has been observed. Increase in intraocular pressure: Use of corti…",Rx,,,Corticosteroid; Retinoid,,
medtap,5a8e1981564c99302a18bbbf,pectin/echinacea purpurea,Herbon Berry Buddies/watermelon Goodypops; pectin/echinacea purpurea,OTHER,Other,oral,oral,,,,,,,,,,,,,"Indications & Usage Let Whatta-Melon® help soothe your child's sore throat. We have specially formulated these great tasting Watermelon 'GOODYPOPS™' with Pectin, Echnicancea and Vitamin C. Pectin is a natural substance found in citrus fruits, and is extremely effective in temporarily relieving your childs sore throat. In additioin, the Echinacea and Vitamin C combination will offer additional sup…",,OTC,,,OTHER,,
medtap,5a8e1981564c99302a18bbb7,Loperamide,Loperamide Hydrochloride; Imodium; loperamide/dimethicone; Rexall Anti Diarrheal; Dg Health Anti Diarrheal; Preferred Plus Loperamide Hydrochloride; Medex Anti-diarrheal Relief; Loperamide Hcl; Equaline Loperamide Hydrochloride; Kirkland Signature Anti Diarrheal,OTHER,Other,oral,oral,,,,,,,,,,,Absorption Not significantly absorbed from the gut Protein Binding 97% Metabolism Hepatic Excretion Excretion of the unchanged loperamide and its metabolites mainly occurs through the feces. Half-life 9.1 to 14.4 hours (average 10.8 hours),,Indications & Usage Loperamide Hydrochloride is indicated for the control and symptomatic relief of acute nonspecific diarrhea in patients 2 years of age and older and of chronic diarrhea in adults associated with inflammatory bowel disease. Loperamide Hydrochloride capsules are also indicated for reducing the volume of discharge from ileostomies.,"Contraindications Loperamide Hydrochloride capsules are contraindicated in: pediatric patients less than 2 years of age due to the risks of respiratory depression and serious cardiac adverse reactions . patients with a known hypersensitivity to Loperamide Hydrochloride or to any of the excipients. patients with abdominal pain in the absence of diarrhea. patients with acute dysentery, which is cha…",OTC,,,OTHER,,
medtap,5a8e1981564c99302a18bbbb,diclofenac,Diclofenac Sodium Delayed Release; diclofenac; Cambia; Previdolrx Plus Analgesic Pak; Solaraze,Nonsteroidal Anti-inflammatory Drug; OTHER,Analgesic,oral,oral,,,,,,,,,,,Absorption Completely absorbed from the gastrointestinal tract. Volume Of Distribution * 1.3 L/kg Protein Binding More than 99% Metabolism Hepatic Excretion Diclofenac is eliminated through metabolism and subsequent urinary and biliary excretion of the glucuronide and the sulfate conjugates of the metabolites. Little or no free unchanged diclofenac is excreted in the urine. Approximately 65% of t…,,"Indications & Usage Carefully consider the potential benefits and risks of diclofenac sodium delayed-release tablets and other treatment options before deciding to use diclofenac. Use the lowest effective dose for the shortest duration consistent with individual patient treatment goals ( see WARNINGS; Gastrointestinal Bleeding, Ulceration, and Perforation ). Diclofenac is indicated: For relief of…","Contraindications Diclofenac sodium delayed-release tablets are contraindicated in the following patients: Known hypersensitivity (e.g., anaphylactic reactions and serious skin reactions) to diclofenac or any components of the drug product ( see WARNINGS; Anaphylactic Reactions , Serious Skin Reactions ). History of asthma, urticaria, or other allergic-type reactions after taking aspirin or other…",Rx,,,Nonsteroidal Anti-inflammatory Drug; OTHER,,
medtap,5a8e1981564c99302a18bbc5,Betamethasone,Betamethasone Valerate; Sernivo,Corticosteroid,Supplement,transdermal,transdermal,,,,,,,,,,,"Absorption Minimal if applied topically. Protein Binding 64% Metabolism Hepatic Half-life 5.6 hours Pharmacokinetics Pharmacokinetics: The extent of percutaneous absorption of topical corticosteroids is determined by many factors including the vehicle, the integrity of the epidermal barrier, and the use of occlusive dressings. Topical corticosteroids can be absorbed from normal intact skin. Infla…",,Indications & Usage Topical corticosteroids are indicated for the relief of the inflammatory and pruritic manifestations of cortico-steroid-responsive dermatoses.,"Contraindications Topical corticosteroids are contraindicated in those patients with a history of hypersensitivity to any of the components of the preparation. Precautions General: Systemic absorption of topical corticosteroids has produced reversible hypothalamic-pituitary-adrenal (HPA) axis suppression, manifestations of Cushing's syndrome, hyperglycemia, and glucosuria in some patients. Condit…",Rx,,,Corticosteroid,,
medtap,5a8e1981564c99302a18bbc3,Meloxicam,Vivlodex,Nonsteroidal Anti-inflammatory Drug,Analgesic,oral,oral,,,,,,,,,,,"Absorption Absolute bioavailability = 89% Volume Of Distribution * 10 L Protein Binding 99.4% bound, primarily to albumin Metabolism Meloxicam is almost completely metabolized into inactive metabolites by the cytochrome P450 (CYP450) isozymes. CYP2C9 is primarily responsible for metabolism of meloxicam while CYP3A4 plays a minor role. An intermediate metabolite, 5'-hydroxymethyl meloxicam, is fur…",,Indications & Usage Vivlodex is a non-steroidal anti-inflammatory drug indicated for management of osteoarthritis (OA) pain. Indications & Usage Vivlodex is indicated for management of osteoarthritis pain.,"Contraindications Known hypersensitivity to meloxicam or any components of the drug product History of asthma, urticaria, or other allergic-type reactions after taking aspirin or other NSAIDs In the setting of CABG surgery Warnings And Precautions Hepatotoxicity : Inform patients of warning signs and symptoms of hepatotoxicity. Discontinue if abnormal liver tests persist or worsen or if clinical …",Rx,,,Nonsteroidal Anti-inflammatory Drug,,
medtap,5a8e1981564c99302a18bbc8,Lutropin-choriogonadotropic hormone receptor,chorionic gonadotropin,OTHER,Other,oral,,,,,,,,,,,,Absorption The mean absolute bioavailability following a single subcutaneous injection to healthy female volunteers is about 40%. Volume Of Distribution * 5.9 ± 1.0 L Excretion One-tenth of the dose is excreted in the urine. Half-life The mean terminal half-life is about 29 ± 6 hours (initial half-life is 4.5 ± 0.5 hours). Clearance * 0.29 +/- 0.04 L/h [healthy down-regulated females],,"Indications & Usage HCG HAS NOT BEEN DEMONSTRATED TO BE EFFECTIVE ADJUNCTIVE THERAPY IN THE TREATMENT OF OBESITY. THERE IS NO SUBSTANTIAL EVIDENCE THAT IT INCREASES WEIGHT LOSS BEYOND THAT RESULTING FROM CALORIC RESTRICTION, THAT IT CAUSES A MORE ATTRACTIVE OR ‘‘NORMAL’’ DISTRIBUTION OF FAT, OR THAT IT DECREASES THE HUNGER AND DISCOMFORT ASSOCIATED WITH CALORIE-RESTRICTED DIETS. Prepubertal crypt…","Contraindications Precocious puberty, prostatic carcinoma or other androgen-dependent neoplasm, prior allergic reaction to HCG. Warnings HCG should be used in conjunction with human menopausal gonadotropins only by physicians experienced with infertility problems who are familiar with the criteria for patient selection, contraindications, warnings, precautions and adverse reactions described in t…",Rx,,,OTHER,,
medtap,5a8e1981564c99302a18bbde,tetradecyl hydrogen sulfate (ester),Sotradecol; tetradecyl hydrogen sulfate (ester),OTHER,Other,intravenous,intravenous,,,,,,,,,,,,,Indications & Usage Sotradecol (sodium tetradecyl sulfate injection) is indicated in the treatment of small uncomplicated varicose veins of the lower extremities that show simple dilation with competent valves. The benefit-to-risk ratio should be considered in selected patients who are great surgical risks.,Contraindications Sotradecol (sodium tetradecyl sulfate injection) is contraindicated in previous hypersensitivity reactions to the drug; in acute superficial thrombophlebitis; valvular or deep vein incompetence; huge superficial veins with wide open communications to deeper veins; phlebitis migrans; acute cellulitis; allergic conditions; acute infections; varicosities caused by abdominal and pel…,Rx,,,OTHER,,
medtap,5a8e1981564c99302a18bc04,Nicotine,"Equaline Nicotine; Zonnic Nicotine; Nicorette; Rugby Nicotine Polacrilex Gum, Coated Cinnamon Flavor; Members Mark Nicotine; Nicotine Polacrilex; Good Neighbor Pharmacy Nicotine; Rexall Nicotine",OTHER,Other,oral,oral,,,,,,,,,,,"Absorption Absorption of nicotine through the buccal mucosa is relatively slow and the high and rapid rise followed by the decline in nicotine arterial plasma concentrations seen with cigarette smoking are not achieved with the inhaler. About 10% of absorbed nicotine is excreted unchanged in urine. Volume Of Distribution * 2 to 3 L/kg Protein Binding Less than 5% Metabolism Primarily hepatic, cot…",,"Indications & Usage reduces withdrawal symptoms, including nicotine craving, associated with quitting smoking",,OTC,,,OTHER,,
medtap,5a8e1981564c99302a18bbcf,Levetiracetam,Levetiracetam Extended-release,OTHER,Other,oral,oral,,,,,,,,,,,Absorption Rapidly and almost completely absorbed after oral administration (99%). Peak plasma concentrations occurring in about an hour following oral administration in fasted subjects. Protein Binding Very low ( Metabolism The major metabolic pathway of levetiracetam (24% of dose) is an enzymatic hydrolysis of the acetamide group. No CYP450 metabolism detected. Excretion Sixty-six percent (66%)…,,Indications & Usage Levetiracetam Extended-release Tablets is indicated for adjunctive therapy in the treatment of partial onset seizures in patients 12 years of age and older with epilepsy. Indications & Usage Levetiracetam Extended-release Tablets is indicated as adjunctive therapy in the treatment of partial onset seizures in patients 12 years of age and older with epilepsy.,"Contraindications None Warnings And Precautions Behavioral abnormalities including psychotic symptoms, suicidal ideation, irritability, and aggressive behavior have been observed; monitor patients for psychiatric signs and symptoms Suicidal Behavior and Ideation: Monitor patients for new or worsening depression, suicidal thoughts/behavior, and/or unusual changes in mood or behavior Monitor for so…",Rx,,,OTHER,,
medtap,5a8e1981564c99302a18bbda,Nifedipine,Procardia,Dihydropyridine Calcium Channel Blocker,Other,oral,oral,,,,,,,,,,,"Absorption Rapidly and fully absorbed following oral administration. Protein Binding 92-98% Metabolism Hepatic metabolism via cytochrome P450 system. Predominantly metabolized by CYP3A4, but also by CYP1A2 and CYP2A6 isozymes. Excretion Nifedipine is extensively metabolized to highly water-soluble, inactive metabolites accounting for 60 to 80% of the dose excreted in the urine. The remainder is e…",,"Indications & Usage Vasospastic Angina Nifedipine capsule is indicated for the management of vasospastic angina confirmed by any of the following criteria: 1) classical pattern of angina at rest accompanied by ST segment elevation, 2) angina or coronary artery spasm provoked by ergonovine, or 3) angiographically demonstrated coronary artery spasm. In those patients who have had angiography, the p…","Contraindications Known hypersensitivity reaction to Nifedipine. Warnings Excessive Hypotension Although, in most patients, the hypotensive effect of Nifedipine is modest and well tolerated, occasional patients have had excessive and poorly tolerated hypotension. These responses have usually occurred during initial titration or at the time of subsequent upward dosage adjustment. Although patients…",Rx,,,Dihydropyridine Calcium Channel Blocker,,
medtap,5a8e1981564c99302a18bbd4,Guaifenesin,Mucus Relief Dm Cough; dextromethorphan/guaifenesin; G-tuss-nl; dextromethorphan/guaifenesin/pseudoephedrine; Pediacare Childrens Cough And Congestion; Leader Mucus Er; Mucus Er Max; Childrens Chest Congestion Relief; Childrens Cough Mucus Relief; Respaire-30; guaifenesin/pseudoephedrine; Mucus Relief Dmimmediate Release; Healthy Accents Tussin; Mucus Dm; Family Care Cough And Cold; Cough Be Gone; Equaline Chest Congestion Relief Dm; Allfen Dm; guaifenesin/dextromethorphan; Equate Tussin Dm Max; Siltussin Das; Shopko Chest Congestion Relief Dmtdm; Harris Teeter Mucus Relief Max; Libera Tos; Dextromethorphan Hbr And Guaifenesin; Equaline Chest Congestion Relief; Adult Tussin Dm Cough Plus Chest Congestion Dm; Childrens Robitussin Cough And Chest Congestion Dm; Mucus Dm Extended Release; Robafen; Tusnel; Leader Adult Tussin Dm; Tussin Sugar Free Cough; Guaifenesin And Dextromethorphan Hbr; Mucus D; Tussin Chest Congestion; Robitussin Peak Cold Cough Plus Chest Congestion Dm; Scot-tussin Senior Sf Dmexp,OTHER,Other,oral,oral,,,,,,,,,,,"Absorption guaifenesin: Rapidly absorbed from the GI tract dextromethorphan: Rapidly absorbed from the gastrointestinal tract. Metabolism guaifenesin: Rapidly hydrolyzed (60% within seven hours) and then excreted in the urine, with beta-(2-methoxyphenoxy)-lactic acid as its major urinary metabolite. dextromethorphan: Hepatic. Rapidly and extensively metabolized to dextrorphan (active metabolite).…",,Indications & Usage temporarily relieves cough due to minor throat and bronchial irritation associated with the common cold helps loosen phlegm (mucus) and thin bronchial secretions to make coughs more productive,"Warnings Do not use if you are now taking a prescription monoamine oxidase inhibitor (MAOI) (certain drugs for depression, psychiatric or emotional conditions, or Parkinson’s disease), or for 2 weeks after stopping the MAOI drug. If you do not know if your prescription drug contains an MAOI, ask a doctor or pharmacist before taking this product. Ask a doctor before use if you have cough accompani…",OTC,,,OTHER,,
medtap,5a8e1981564c99302a18bbcc,Decitabine,,OTHER,Other,oral,,,,,,,,,,,,"Protein Binding Plasma protein binding of decitabine is negligible ( Metabolism The exact route of elimination and metabolic fate of decitabine is not known in humans. One of the pathways of elimination of decitabine appears to be deamination by cytidine deaminase found principally in the liver but also in granulocytes, intestinal epithelium and whole blood. Half-life The terminal phase eliminati…",,"Indications & Usage Decitabine for Injection is a nucleoside metabolic inhibitor indicated for treatment of patients with myelodysplastic syndromes (MDS) including previously treated and untreated, de novo and secondary MDS of all French-American-British subtypes (refractory anemia, refractory anemia with ringed sideroblasts, refractory anemia with excess blasts, refractory anemia with excess bla…",Contraindications None. Warnings And Precautions Neutropenia and thrombocytopenia: Perform complete blood counts and platelet counts. Pregnancy: Can cause fetal harm. Advise women of potential risk to the fetus Women of childbearing potential and men with female partners of childbearing potential should use effective contraception and avoid pregnancy Contraindications None. Warnings And Precautio…,Rx,,,OTHER,,
medtap,5a8e1981564c99302a18bc03,Chlorhexidine,Periogard; Dyna-hex; Paroex; Nupro Chlorhexidine Gluconate; Chlorhexidine Gluconate 0.12% Oral Rinse; Scrub-stat; Scrub,OTHER,Other,oral,oral,,,,,,,,,,,"Absorption Absorption of chlorhexidine from the gastrointestinal tract is very poor. Additionally, an in vivo study in 18 adult patients found no detectable plasma or urine chlorhexidine concentrations following insertion of four periodontal implants under clinical conditions. Protein Binding 87% Excretion Excretion of chlorhexidine gluconate occurred primarily through the feces (~90%). Less than…",,"Indications & Usage Periogard® (Chlorhexidine Gluconate Oral Rinse USP, 0.12%) is indicated for use between dental visits as part of a professional program for the treatment of gingivitis as characterized by redness and swelling of the gingivae, including gingival bleeding upon probing. Periogard® has not been tested among patients with acute necrotizing ulcerative gingivitis (ANUG). For patients…","Contraindications Periogard® should not be used by persons who are known to be hypersensitive to chlorhexidine gluconate or other formula ingredients. Warnings The effect of Periogard® on periodontitis has not been determined. An increase in supragingival calculus was noted in clinical testing with users of chlorhexidine gluconate oral rinse USP, 0.12% compared with control users. It is not known…",Rx,,,OTHER,,
medtap,5a8e1981564c99302a18bc06,Aluminum hydroxide,Geri-lanta Antacid Antigas; aluminum/magnesium/dimethicone; Maximum Strength; calcium; Gavis-care Antacid; aluminum/magnesium; Harris Teeter Antacid; Signature Care Antacid Plus Gas Relief; Rulox Regular; Sunmark Antacid Maximum Strength Cherry; Regular Strength Antacid Mint; Extra Strength Heartburn Relief,OTHER,Other,oral,oral,,,,,,,,,,,Absorption aluminum: Approximately 17-30% of the aluminum chloride formed is absorbed. Metabolism aluminum: Not metabolized. Excretion aluminum: Absorbed aluminum chloride is rapidly eliminated by the kidneys in patients with normal renal function.,,Indications & Usage relieves heartburn sour stomach acid indigestion the symptoms referred to as gas,"Warnings Ask a doctor before use if you have kidney disease a magnesium-restricted diet Ask a doctor or pharmacist before use if you are taking a prescription drug. Antacids may interact with certain prescription drugs. Stop use and ask a doctor if symptoms last more than 2 weeks If pregnant or breast-feeding, ask a health professional before use. Keep out of reach of children.",OTC,,,OTHER,,
medtap,5a8e1981564c99302a18bbd1,Miconazole,Up And Up Miconazole 7; Equate Miconazole 1; Topcare Miconazole 7; Up And Up Miconazole 3; Up And Up Miconazole 1; Healthy Accents Miconazole 3; Exchange Select Miconazole 1,OTHER,Other,other,other,,,,,,,,,,,,,Indications & Usage treats vaginal yeast infections relieves external itching and irritation due to a vaginal yeast infection,"Warnings For vaginal use only Do not use if you have never had a vaginal yeast infection diagnosed by a doctor Ask a doctor before use if you have vaginal itching and discomfort for the first time lower abdominal, back or shoulder pain, fever, chills, nausea, vomiting, or foul-smelling vaginal discharge. You may have a more serious condition. vaginal yeast infections often (such as once a month o…",OTC,,,OTHER,,
medtap,5a8e1981564c99302a18bbf5,Mu-type opioid receptor,Viberzi; eluxadoline,mu-Opioid Receptor Agonist,Opioid,oral,oral,,,,,,,,,,,"Absorption The oral absorption of eluxadoline is poor - estimated to be 1.02%, this could be attributed to poor in vitro GI permeability, and its zwitterionic nature leading to a negatively charged molecule across the GI pH range. Protein Binding 81% Metabolism The metabolism of eluxadoline is currently unclear, however evidence suggests limited glucoronidation forms an acyl glucuronide metabolit…",,"Indications & Usage Viberzi is a mu-opioid receptor agonist, indicated in adults for the treatment of irritable bowel syndrome with diarrhea (IBS-D). Indications & Usage Viberzi is indicated in adults for the treatment of irritable bowel syndrome with diarrhea (IBS-D).","Contraindications patients without a gallbladder known or suspected biliary duct obstruction, or sphincter of Oddi disease or dysfunction alcoholism, alcohol abuse, alcohol addiction, or drink more than 3 alcoholic beverages/day a history of pancreatitis; structural diseases of the pancreas, including known or suspected pancreatic duct obstruction severe hepatic impairment (Child-Pugh Class C) se…",Rx,,,mu-Opioid Receptor Agonist,,
medtap,5a8e1981564c99302a18bbf0,Salicylic acid,Moore Medical Bismuth; bismuth; Ibuprofen Sodium; ibuprofen; Stomach Relief Maximum Strength; Backache Relief; magnesium; Salonpas Arthritis Pain; menthol/methyl salicylate; Pepto Bismol; Stomach Relief; Circle K Stomach,OTHER,Other,oral,oral,,,,,,,,,,,,,"Indications & Usage Temporarily relieves traveler's diarrhea diarrhea upset stomach due to overindulgence in food and drink, including: heartburn indigestion nausea gas belching fullness","Warnings Reye's syndrome: Children and teenagers who have or are recovering from chicken pox or flu-like symptoms should not use this product. When using this product, if changes in behavior with nausea and vomiting occur, consult a doctor because these symptoms could be an early sign of Reye's Syndrome a rare but serious illness. Allergy alert: Contains salicylate. Do not take if you are: allerg…",OTC,,,OTHER,,
medtap,5a8e1981564c99302a18bc0d,Becaplermin,Regranex,Human Platelet-derived Growth Factor,Other,transdermal,transdermal,,,,,,,,,,,"Absorption very little systemic absorption. 15% of patients experienced complete healing within 8 weeks, while for 25% of patients, it was at 10 weeks. Mechanism Of Action Regranex Gel has biological activity similar to that of endogenous platelet-derived growth factor, which includes promoting the chemotactic recruitment and proliferation of cells involved in wound repair and enhancing the forma…",,"Indications & Usage Regranex Gel contains becaplermin, a human platelet-derived growth factor that is indicated for the treatment of lower extremity diabetic neuropathic ulcers that extend into the subcutaneous tissue or beyond and have an adequate blood supply. Regranex Gel is indicated as an adjunct to, and not a substitute for, good ulcer care practices. Limitations of use: The efficacy of Reg…",Contraindications Known neoplasm(s) at the site(s) of application Warnings And Precautions Malignancies distant from the site of application have been reported in both a clinical study and in postmarketing use. Regranex Gel should be used with caution in patients with a known malignancy. Contraindications Regranex Gel is contraindicated in patients with known neoplasm(s) at the site(s) of applica…,Rx,,,Human Platelet-derived Growth Factor,,
medtap,5a8e1981564c99302a18bc1b,Acetylsalicylic acid,Physicians Care Aspirin; aspirin; Aspirin 5 Grain; Bromo Seltzer; sodium/anhydrous citric acid/aspirin; Regular Strength Tri-buffered Aspirin; Alka-seltzer; anhydrous citric acid/aspirin/sodium; Adult Aspirin Regimen; St. Joseph Chewable Low Dose Aspirin; Sunmark Aspirin; Alka Seltzer Original; Aspirin 325mg; Aspirin E-c,OTHER,Other,oral,oral,,,,,,,,,,,"Absorption Absorption is generally rapid and complete following oral administration but may vary according to specific salicylate used, dosage form, and other factors such as tablet dissolution rate and gastric or intraluminal pH. Protein Binding High (99.5%) to albumin. Decreases as plasma salicylate concentration increases, with reduced plasma albumin concentration or renal dysfunction, and dur…",,Indications & Usage Temporarily relieves minor aches and pains associated with ■ headache ■ minor arthritis pain ■ common cold ■ menstrual cramps ■ muscular aches ■ backache ■ toothache Temporarily reduces fever.,"Warnings Reye's syndrome: Children and teenagers who have or are recovering from chicken pox or flu-like symptoms should not use this product. When using this product, if changes in behavior with nausea and vomiting occur, consult a doctor because these symptoms could be an early sign of Reye's syndrome, a rare but serious illness. Allergy alert: Aspirin may cause a severe allergic reaction which…",OTC,,,OTHER,,
medtap,5a8e1981564c99302a18bc1e,Morphine,Morphine Sulfate Extended-release,Opioid Agonist,Opioid,oral,oral,,,,,,,,,,,"Absorption Bioavailability is approximately 30%. Volume Of Distribution * 1 to 6 L/kg Protein Binding 30-40% Metabolism Primarily hepatic (90%), converted to dihydromorphinone and normorphine. Also converted to morphine-3-glucuronide (M3G) and morphine-6-glucuronide. Virtually all morphine is converted to glucuronide metabolites; only a small fraction (less than 5%) of absorbed morphine is demeth…",,"Indications & Usage Morphine Sulfate Extended-release tablet is an opioid agonist indicated for the management of pain severe enough to require daily, around-the-clock, long-term opioid treatment and for which alternative treatment options are inadequate. Limitations of Use Because of the risks of addiction, abuse, and misuse with opioids, even at recommended doses, and because of the greater ris…","Contraindications Significant respiratory depression Acute or severe bronchial asthma in an unmonitored setting or in the absence of resuscitative equipment Concurrent use of monoamine oxidase inhibitors (MAOIs) or use of MAOIs within the last 14 days Known or suspected gastrointestinal obstruction, including paralytic ileus Hypersensitivity to morphine Warnings And Precautions Life-Threatening R…",Rx,,,Opioid Agonist,,
medtap,5a8e1981564c99302a18bbd9,Insulin Human,Afrezza,Insulin,Other,inhalation,inhalation,,,,,,,,,,,Absorption Insulin is generally well absorbed. Volume Of Distribution 0.15 L/kg Protein Binding 5% protein bound Metabolism Insulin is predominantly cleared by metabolic degradation via a receptor-mediated process.,,"Indications & Usage Afrezza ® is a rapid acting inhaled insulin indicated to improve glycemic control in adult patients with diabetes mellitus. Important limitations of use: In patients with type 1 diabetes, must use with a long-acting insulin Not recommended for the treatment of diabetic ketoacidosis Not recommended in patients who smoke Indications & Usage Afrezza ® is a rapid acting inhaled in…","Contraindications During episodes of hypoglycemia Chronic lung disease, such as asthma, or chronic obstructive pulmonary disease Hypersensitivity to regular human insulin or any of the Afrezza excipients Warnings And Precautions Acute Bronchospasm : Acute bronchospasm has been observed in patients with asthma and COPD. Before initiating, perform spirometry (FEV 1 ) in all patients. Do not use in …",Rx,,,Insulin,,
medtap,5a8e1981564c99302a18bc00,Spironolactone,Carospir,Aldosterone Antagonist,Other,oral,oral,,,,,,,,,,,Absorption Fairly rapidly absorbed from the gastrointestinal tract. Food increases the bioavailability of unmetabolized spironolactone by almost 100%. Protein Binding Spironolactone and its metabolites are more than 90% bound to plasma proteins. Metabolism Rapidly and extensively metabolized. The metabolic pathway of spironolactone is complex and can be divided into two main routes: those in whic…,,"Indications & Usage Carospir is an antagonist of aldosterone indicated for: the treatment of NYHA Class III-IV heart failure and reduced ejection fraction to increase survival, manage edema, and to reduce the need for hospitalization for heart failure use as an add-on therapy for the treatment of hypertension, to lower blood pressure. Lowering blood pressure reduces the risk of fatal and nonfatal…",Contraindications Carospir is contraindicated in patients with Hyperkalemia Addison’s disease Concomitant use of eplerenone Warnings And Precautions Hyperkalemia: Monitor serum potassium within one week of initiation and regularly thereafter Hypotension and Worsening Renal Function: Monitor volume status and renal function periodically Electrolyte and Metabolic Abnormalities: Monitor serum electr…,Rx,,,Aldosterone Antagonist,,
medtap,5a8e1981564c99302a18bc19,Chlordiazepoxide,,Benzodiazepine,Benzodiazepine,oral,oral,,,,,,,,,,,"Metabolism Hepatic. Excretion Chlordiazepoxide is excreted in the urine, with 1% to 2% unchanged and 3% to 6% as conjugate. Half-life 24-48 hours",,Indications & Usage,Contraindications Warnings Precautions,Rx,,,Benzodiazepine,,
medtap,5a8e1981564c99302a18bc20,Apraclonidine,Apraclonidine Ophthalmic; Iopidine,alpha-Adrenergic Agonist,Other,other,other,,,,,,,,,,,"Absorption Topical use of apraclonidine ophthalmic solution leads to systemic absorption. Studies of apraclonidine (0.5% ophthalmic solution) dosed one drop three times a day in both eyes for 10 days in normal volunteers yielded mean peak and trough concentrations of 0.9 ng/mL and 0.5 ng/mL, respectively. Protein Binding 98.7% Half-life 8 hours",,Indications & Usage Apraclonidine 0.5% Ophthalmic Solution is indicated for short-term adjunctive therapy in patients on maximally tolerated medical therapy who require additional IOP reduction. Patients on maximally tolerated medical therapy who are treated with Apraclonidine Ophthalmic Solution to delay surgery should have frequent follow-up examinations and treatment should be discontinued if …,"Contraindications Apraclonidine Ophthalmic Solution is contraindicated in patients with hypersensitivity to apraclonidine or any other component of this medication, as well as systemic clonidine. It is also contraindicated in patients receiving monoamine oxidase inhibitors (MAO inhibitors). Warnings Not for injection or oral ingestion. FOR TOPICAL OPHTHALMIC USE ONLY. Precautions General: Glaucom…",Rx,,,alpha-Adrenergic Agonist,,
medtap,5a8e1981564c99302a18bbd6,Triprolidine,Vanahist Pd,OTHER,Other,oral,oral,,,,,,,,,,,Absorption Rapidly absorbed in the intestinal tract. Half-life 4 to 6 hours.,,"Indications & Usage temporarily relieves: runny nose sneezing itching of nose and throat itchy, watery eyes due to hay fever or other upper respiratory allergies or allergic rhinitis","Warnings May cause excitability, especially in children Do Not Use if you or your children are taking sedatives or tranquilizers, without first consulting your doctor with any other product containing triprolidine Ask a doctor before use if your child has glaucoma a breathing problem such as emphysema or chronic bronchitis difficulty in urination due to enlargement of the prostate gland When usin…",OTC,,,OTHER,,
medtap,5a8e1981564c99302a18bbeb,D-glucose,Heparin Sodium In Dextrose; heparin; Isolyte P In Dextrose; dextrose monohydrate/sodium/potassium/magnesium/potassium; Sterile Cord Blood Collection Unit (msc1207dd); sodium/dextrose monohydrate/citric acid monohydrate/sodium; Glucose; dextrose monohydrate; Potassium Chloride In Lactated Ringers And Dextrose; potassium/sodium/calcium/sodium/dextrose monohydrate; Acd; dextrose monohydrate/sodium/citric acid monohydrate; Dextrose In Lactated Ringers; dextrose monohydrate/sodium/sodium/potassium/calcium,Unfractionated Heparin; Osmotic Laxative; Anti-coagulant; OTHER; Blood Coagulation Factor,Other,intravenous,intravenous,,,,,,,,,,,Mechanism Of Action Heparin inhibits reactions that lead to the clotting of blood and the formation of fibrin clots both in vitro and in vivo . Heparin acts at multiple sites in the normal coagulation system. Small amounts of heparin in combination with antithrombin III (heparin cofactor) can inhibit thrombosis by inactivating activated Factor X and inhibiting the conversion of prothrombin to thr…,,Indications & Usage Heparin sodium is indicated for: Prophylaxis and treatment of venous thrombosis and pulmonary embolism; Prophylaxis and treatment of thromboembolic complications associated with atrial fibrillation; Treatment of acute and chronic consumption coagulopathies (disseminated intravascular coagulation); Prevention of clotting in arterial and cardiac surgery; Prophylaxis and treatmen…,Contraindications History of Heparin-induced Thrombocytopenia (HIT) (With or Without Thrombosis) Known hypersensitivity to heparin or pork products In whom suitable blood coagulation tests cannot be performed at appropriate intervals Warnings And Precautions Fatal Medication Errors: Confirm choice of correct strength prior to administration. Hemorrhage: Fatal cases have occurred. Use caution in c…,Rx,,,Unfractionated Heparin; Osmotic Laxative; Anti-coagulant; OTHER; Blood Coagulation Factor,,
medtap,5a8e1981564c99302a18bbe7,Tretinoin,Renova,Retinoid,Other,transdermal,transdermal,,,,,,,,,,,Absorption 1-31% (topical) Protein Binding > Metabolism Hepatic Half-life 0.5-2 hours,,"Indications & Usage (To understand fully the indication for this product, please read the entire INDICATIONS AND USAGE section of the labeling.) Renova (tretinoin cream) 0.02% is indicated as an adjunctive agent for use in the mitigation (palliation) of fine facial wrinkles in patients who use comprehensive skin care and sunlight avoidance programs. Renova (tretinoin cream) 0.02% DOES NOT ELIMINA…","Contraindications This drug is contraindicated in individuals with a history of sensitivity reactions to any of its components. It should be discontinued if hypersensitivity to any of its ingredients is noted. Warnings Renova (tretinoin cream) 0.02% is a dermal irritant, and the results of continued irritation of the skin for greater than 52 weeks in chronic use with Renova (tretinoin cream) 0.02…",Rx,,,Retinoid,,
medtap,5a8e1981564c99302a18bc1f,Droperidol,,Dopamine-2 Receptor Antagonist,Other,intramuscular,intramuscular,,,,,,,,,,,Absorption Completely absorbed following intramuscular administration. Metabolism Extensively metabolized. Half-life Biphasic distribution. The rapid distribution phase is 1.4,,Indications & Usage Droperidol injection is indicated to reduce the incidence of nausea and vomiting associated with surgical and diagnostic procedures.,"Contraindications Droperidol is contraindicated in patients with known or suspected QT prolongation (i.e., QTc interval greater than 440 msec for males or 450 msec for females). This would include patients with congenital long QT syndrome. Droperidol is contraindicated in patients with known hypersensitivity to the drug. Droperidol is not recommended for any use other than for the treatment of pe…",Rx,,,Dopamine-2 Receptor Antagonist,,
medtap,5a8e1981564c99302a18bbcd,Pseudoephedrine,Q-tapp; brompheniramine/pseudoephedrine; Cvs Health Non-drowsy Nasal Decongestant; Healthy Accents Cetirizine-d; cetirizine/pseudoephedrine; Fexofenadine Hydrochloride And Pseudoephedrine Hydrochloride; fexofenadine/pseudoephedrine; Childrens Sudafed; Careone Allergy Relief D; Good Sense Nasal Decongestant; Nasal Decongestant,OTHER,Other,oral,oral,,,,,,,,,,,Absorption pseudoephedrine: Pseudoephedrine is readily and almost completely absorbed from the GI tract and there is no evidence of first-pass metabolism. null: Antihistamines are well absorbed from the gastrointestinal tract after oral administration. Protein Binding pseudoephedrine: Pseudoephedrine does not bind to human plasma proteins over the concentration range of 50 to 2000 ng/mL null: Met…,,"Indications & Usage Uses temporarily relieves nasal congestion due to the common cold, hay fever or other upper respiratory allergies, or associated with sinusitis temporarily restores freer breathing through the nose temporarily relieves these symptoms due to hay fever (allergic rhinitis): runny nose sneezing itchy, watery eyes itching of the nose or throat","Warnings Do not use in a child under 6 years of age Do not use if you are now taking a prescription monoamine oxidase inhibitor (MAOI) (certain drugs for depression, psychiatric or emotional conditions, or Parkinson’s disease), or for 2 weeks after stopping the MAOI drug. If you do not know if your prescription drug contains an MAOI, ask a doctor or pharmacist before taking this product. Ask a do…",OTC,,,OTHER,,
medtap,5a8e1981564c99302a18bbdc,Norethisterone,Ortho Micronor; norethindrone; Junel 1/20; norethindrone/ethinyl estradiol; Nortrel 7/7/7; Minastrin 24 Fe; Jolivette; Tri-norinyl; Jencycla; Aranelle,Progestin; Estrogen; OTHER,Other,oral,oral,,,,,,,,,,,"Absorption Norethindrone acetate is completely and rapidly deacetylated to norethindrone (NET) after oral administration, and the disposition of norethindrone acetate is indistinguishable from that of orally administered norethindrone. Norethindrone is rapidly absorbed from norethindrone acetate, in which maximum plasma concentration occur 2 hours post-dose (Tmax). When a single dose is given to …",,"Indications & Usage 1. Indications Progestin-only oral contraceptives are indicated for the prevention of pregnancy. 2. Efficacy If used perfectly, the first-year failure rate for progestin-only oral contraceptives is 0.5%. However, the typical failure rate is estimated to be closer to 5%, due to late or omitted pills. Table 1 lists the pregnancy rates for users of all major methods of contracept…",Contraindications Progestin-only oral contraceptives (POPs) should not be used by women who currently have the following conditions: Known or suspected pregnancy Known or suspected carcinoma of the breast Undiagnosed abnormal genital bleeding Hypersensitivity to any component of this product Benign or malignant liver tumors Acute liver disease Warnings Cigarette smoking increases the risk of seri…,Rx,,,Progestin; Estrogen; OTHER,,
medtap,5a8e1981564c99302a18bc0b,Phenelzine,Phenelzine Sulfate,Monoamine Oxidase Inhibitor,Other,oral,oral,,,,,,,,,,,"Absorption Readily absorbed after oral administration. Metabolism Hepatic. Acetylation of phenelzine appears to be a minor metabolic pathway. Beta-phenylethylamine is a metabolite of phenelzine, and there is indirect evidence that phenelzine may also be ring-hydroxylated and N-methylated. Excretion NARDIL ® is extensively metabolized, primarily by oxidation via monoamine oxidase. Half-life 1.2-11…",,"Indications & Usage Phenelzine Sulfate Tablets, USP has been found to be effective in depressed patients clinically characterized as 'atypical,' 'nonendogenous,' or 'neurotic.' These patients often have mixed anxiety and depression and phobic or hypochondriacal features. There is less conclusive evidence of its usefulness with severely depressed patients with endogenous features. Phenelzine Sulfa…","Contraindications Phenelzine Sulfate Tablets should not be used in patients who are hypersensitive to the drug or its ingredients, with pheochromocytoma, congestive heart failure, severe renal impairment or renal disease, a history of liver disease, or abnormal liver function tests. The potentiation of sympathomimetic substances and related compounds by MAO inhibitors may result in hypertensive c…",Rx,,,Monoamine Oxidase Inhibitor,,
medtap,5a8e1981564c99302a18bbfc,menthol,Herbal Cough Drops; menthol; Sf Black Cherry Cough Drops; Hallssugar Free Extra; Moore Medical Honey Lemon Cough Drops; Honey Lemon Menthol Cough Drop; Dual Action Cherry Cough Suppressant Oral Anesthetic; Throat And Chest Chili And Lime; Natural Cherry Honey Herb Throat Drops; Watermelon Frost Sore Throat; Bentasil; Natural Lemon Mint Herb Throat Drops; Physicians Care Cough And Sore Throat; Leader Cough Drops Cherry Flavor,OTHER,Other,oral,oral,,,,,,,,,,,,,Indications & Usage Uses temporarily relieves: cough as may occur with a cold or inhaled irritants minor sore throat,"Warnings Warnings Sore throat warning: if sore throat is severe, persists for more than 2 days, is accompanied or followed by fever, headache, rash, swelling, nausea, or vomiting, consult a doctor promptly. If sore mouth symptoms do not improve in 7 days, see your dentist or doctor promptly. These symptoms may be serious.",OTC,,,OTHER,,
medtap,5a8e1981564c99302a18bbff,Loratadine,Childrens Loratadine; Hy-vee; Allergy Relief-d; cetirizine/pseudoephedrine; Healthy Accents Allergy Relief; fexofenadine; Berkley And Jensen Allergy Relief; Signature Care Allergy And Congestion Relief; loratadine/pseudoephedrine; Sunmark Loratadine; Wal Itin,OTHER,Other,oral,oral,,,,,,,,,,,Absorption Rapidly absorbed following oral administration (40% bioavailability) Protein Binding 97-99% Metabolism Hepatic Half-life 8.4 hours,,"Indications & Usage temporarily relieves these symptoms due to hay fever or other upper respiratory allergies: runny nose itchy, watery eyes sneezing itching of the nose or throat",Warnings Do not use if you have ever had an allergic reaction to this product or any of its ingredients. Ask a doctor before use if you have liver or kidney disease. Your doctor should determine if you need a different dose. When using this product do not take more than directed. Taking more than directed may cause drowsiness. Stop use and ask a doctor if an allergic reaction to this product occu…,OTC,,,OTHER,,
medtap,5a8e1981564c99302a18bc01,sodium,Premier Value Sodium Bicarbonate; sodium; Meropenem And Sodium Chloride; meropenem/sodium; Oral Saline Laxative Lemon Ginger; sodium/sodium; Sodium Chloride; Sodium Chloride For Irrigation,OTHER; Penem Antibacterial; Osmotic Laxative,Other,oral,oral,,,,,,,,,,,,,"Indications & Usage For relief of heartburn, acid indigestion, and upset stomach associated with these symptoms.","Warnings Except under supervision of a doctor do not administer to children under 6 years of age. Do not take more than six, 1/2 tsp. per person up to 60 years old, or three 1/2 tsp. per person 60 years or older in a 24 hour period. Do not use this product if you are on a sodium restricted diet (each 1/2 tsp. contains 30 mEq (0.7 g) Sodium). Do not use the maximum does more than 2 weeks.",OTC,,,OTHER; Penem Antibacterial; Osmotic Laxative,,
medtap,5a8e1981564c99302a18bc15,Phenol,Phylorinol,OTHER,Other,oral,oral,,,,,,,,,,,"Absorption Phenol is rapidly absorbed through the skin and into the lungs. Volume Of Distribution At I5 min after exposure, the liver contained the highest level of phenol, consisting mainly of free phenol. After 82 minutes post administration, phenol is uniformly distributed in the liver, blood, kidneys, lungs, along with the heart, testes, thymus and the spleen. With the passage of time, the pr…",,Indications & Usage Other information store at 15 o -30 o C (59 o -86 o F) Label,"Warnings Warnings If used for sore throat: Consult a doctor promplty if sore throat is severe or persists more than 2 daysaccompanied by : rash swelling fever headache nausea vomiting Unless directed by a doctor do not administer to children under 3 years of age. If used for sore mouth: See your dentist or doctor promptly if sore mouth symptoms do not improve in 7 days. irritation, pain, or redne…",OTC,,,OTHER,,
medtap,5a8e1981564c99302a18bbfa,Hydrocortisone,Westcort; Cortifoam; Procto-pak; Hydrocortisone Butyrate,Corticosteroid,Supplement,transdermal,transdermal,,,,,,,,,,,Absorption Topical corticosteroids can be absorbed from normal intact skin. Inflammation and/or other disease processes in the skin increase percutaneous absorption. Protein Binding 95% Metabolism Primarily hepatic via CYP3A4 Excretion Corticosteroids are metabolized primarily in the liver and are then excreted by the kidneys. Some of the topical corticosteroids and their metabolites are also exc…,,Indications & Usage Westcort Ointment is a medium potency corticosteroid indicated for the relief of the inflammatory and pruritic manifestations of corticosteroid responsive dermatoses in adult patients.,Contraindications Westcort Ointment is contraindicated in those patients with a history of hypersensitivity to any of the components of the preparation. Precautions Systemic absorption of topical corticosteroids can produce reversible hypothalamic-pituitary-adrenal (HPA) axis suppression with the potential for glucocorticosteroid insufficiency after withdrawal of treatment. Manifestations of Cush…,Rx,,,Corticosteroid,,
medtap,5a8e1981564c99302a18bc05,Tolbutamide,,Sulfonylurea,Other,oral,oral,,,,,,,,,,,"Absorption Readily absorbed following oral administration. Tolbutamide is detectable in plasma 30-60 minutes following oral administration of a single dose with peak plasma concentrations occurring within 3-5 hours. Protein Binding Approximately 95% bound to plasma proteins. Metabolism Metabolized in the liver principally via oxidation of the p-methyl group producing the carboxyl metabolite, 1-bu…",,"Indications & Usage Tolbutamide tablets are indicated as an adjunct to diet to lower the blood glucose in patients with non-insulin-dependent diabetes mellitus (type II) whose hyperglycemia cannot be controlled by diet alone. In initiating treatment for non-insulin-dependent diabetes, diet should be emphasized as the primary form of treatment. Caloric restriction and weight loss are essential in …","Contraindications Tolbutamide tablets are contraindicated in patients with: 1. Known hypersensitivity or allergy to the drug. 2. Diabetic ketoacidosis, with or without coma. This condition should be treated with insulin. 3. Type I diabetes, as sole therapy. Warnings SPECIAL WARNING ON INCREASED RISK OF CARDIOVASCULAR MORTALITY The administration of oral hypoglycemic drugs has been reported to be …",Rx,,,Sulfonylurea,,
medtap,5a8e1981564c99302a18bc22,Ibuprofen,Topcare Ibuprofen; Topcare Childrens Ibuprofen; Health Mart Ibuprofen Ib; Up And Up Ibuprofen Sodium; Humana Pharmacy Childrens Ibuprofen; Rexall Ibuprofen; Redicare Ibuprofen; Smart Sense Ibuprofen; Neoprofen; Advil; Care One Ibuprofen Ib; Shoprite Infants Ibuprofen; Handy Solutions Ibuprofen; Dye Free Childrens Ibuprofen; Ibutab; Careone Ibuprofen; Good Neighbor Pharmacy Ibuprofen,OTHER; Nonsteroidal Anti-inflammatory Drug,Analgesic,oral,oral,,,,,,,,,,,"Absorption ~ 80% absorbed from GI tract Protein Binding 90-99% to whole human plasma and site II of purified albumin, binding appears to be saturable and becomes non-linear at concentrations exceeding 20 mcg/ml. Metabolism R-enanatiomer undergoes extensive enantiomeric conversion (53-65%) to the more active S-enantiomer Excretion Ibuprofen is rapidly metabolized and eliminated in the urine. Half-…",,"Indications & Usage temporarily: relieves minor aches and pains due to the common cold, flu, sore throat, headache and toothache reduces fever","Warnings Allergy alert: Ibuprofen may cause a severe allergic reaction, especially in people allergic to aspirin. Symptoms may include: hives facial swelling asthma (wheezing) shock skin reddening rash blisters If an allergic reaction occurs, stop use and seek medical help right away. Stomach bleeding warning: This product contains an NSAID, which may cause severe stomach bleeding. The chance is …",OTC,,,OTHER; Nonsteroidal Anti-inflammatory Drug,,
medtap,5a8e1981564c99302a18bbd7,Minoxidil,Mens Rogaine Extra Strength Unscented; Up And Up Hair Regrowth Treatment For Women; Cerafill Retaliate; Core Values Minoxidil,OTHER; Arteriolar Vasodilator,Other,transdermal,transdermal,,,,,,,,,,,"Absorption Minoxidil is at least 90% absorbed from the GI tract in experimental animals and man. Protein Binding Minoxidil does not bind to plasma proteins. Metabolism Approximately 90% of the administered drug is metabolized, predominantly by conjugation with glucuronic acid at the N-oxide position in the pyrimidine ring, but also by conversion to more polar products. Known metabolites exert muc…",,"Indications & Usage to regrow hair on the top of the scalp (vertex only, see pictures on side of carton)",Warnings For external use only. For use by men only. Flammable: Keep away from fire or flame Do not use if you are a woman your amount of hair loss is different than that shown on the side of this carton or your hair loss is on the front of the scalp. 5% minoxidil topical solution is not intended for frontal baldness or receding hairline. you have no family history of hair loss your hair loss is …,OTC,,,OTHER; Arteriolar Vasodilator,,
medtap,5a8e1981564c99302a18bbdd,Griseofulvin,Ultramicrosize Griseofulvin; Griseofulviin (microsize); Grisofulvin,Tubulin Inhibiting Agent,Other,oral,oral,,,,,,,,,,,Absorption Poorly absorbed from GI ranging from 25 to 70% of an oral dose. Absorption is significantly enhanced by administration with or after a fatty meal. Metabolism Primarily hepatic with major metabolites being 6-methyl-griseofulvin and its glucuronide conjugate. Half-life 9-21 hours,,"Indications & Usage Griseofulvin Oral Suspension USP, is indicated for the treatment of dermatophyte infections of the skin not adequately treated by topical therapy, hair and nails, namely: Tinea corporis Tinea pedis Tinea cruris Tinea barbae Tinea capitis Tinea unguium when caused by one or more of the following species of fungi: Epidermophyton floccosum Microsporum audouinii Microsporum canis …","Contraindications Griseofulvin is contraindicated in patients with porphyria or hepatocellular failure, and in individuals with a history of hypersensitivity to Griseofulvin. Griseofulvin may cause fetal harm when administered to a pregnant woman. Two published cases of conjoined twins have been reported in patients taking Griseofulvin during the first trimester of pregnancy, therefore, Griseoful…",Rx,,,Tubulin Inhibiting Agent,,
medtap,5a8e1981564c99302a18bbe9,Azathioprine,Azasan,Purine Antimetabolite,Other,oral,oral,,,,,,,,,,,Absorption Well absorbed following oral administration. Protein Binding Azathioprine and the metabolite mercaptopurine are moderately bound to serum proteins (30%). Metabolism Primarily converted to the active metabolites 6-mercaptopurine and 6-thioinosinic acid via a non-enzymatica process and glutathione transferases. Activation of 6-mercaptopurine occurs via hypoxanthine-guanine phosphoribosyl…,,"Indications & Usage Azasan ® is indicated as an adjunct for the prevention of rejection in renal homotransplantation. It is also indicated for the management of active rheumatoid arthritis to reduce signs and symptoms. Renal Homotransplantation: Azasan ® is indicated as an adjunct for the prevention of rejection in renal homotransplantation. Experience with over 16,000 transplants shows a 5-year …","Contraindications Azasan ® should not be given to patients who have shown hypersensitivity to the drug. Azasan ® should not be used for treating rheumatoid arthritis in pregnant women. Patients with rheumatoid arthritis previously treated with alkylating agents (cyclophosphamide, chlorambucil, melphalan, or others) may have a prohibitive risk of malignancy if treated with Azasan ® . Warnings Mali…",Rx,,,Purine Antimetabolite,,
medtap,5a8e1981564c99302a18bbee,Salbutamol,Ventolinhfa; albuterol; Albuterol Sulfate,beta2-Adrenergic Agonist,Other,inhalation,inhalation,,,,,,,,,,,"Absorption Systemic absorption is rapid following aerosol administration. Metabolism Hydrolyzed by esterases in tissue and blood to the active compound colterol. The drug is also conjugatively metabolized to salbutamol 4'-O-sulfate. Excretion Approximately 72% of the inhaled dose is excreted in the urine within 24 hours, 28% as unchanged drug and 44% as metabolite. Half-life 1.6 hours Mechanism O…",,Indications & Usage VENTOLIN HFA is a beta 2 -adrenergic agonist indicated for: Treatment or prevention of bronchospasm in patients 4 years of age and older with reversible obstructive airway disease. Prevention of exercise-induced bronchospasm in patients 4 years of age and older. Indications & Usage Bronchospasm VENTOLIN HFA is indicated for the treatment or prevention of bronchospasm in patien…,Contraindications Hypersensitivity to albuterol sulfate or any of the ingredients of VENTOLIN HFA. (4) Warnings And Precautions Paradoxical bronchospasm may occur and should be treated immediately with alternative therapy. Need for more doses of VENTOLIN HFA than usual may be a sign of deterioration of asthma and requires reevaluation of treatment. Cardiovascular effects may occur with beta-adren…,Rx,,,beta2-Adrenergic Agonist,,
medtap,5a8e1981564c99302a18bbe5,molecular iodine,"Skin Antisepsis, Oral Cleansing And Nasal Antisepsis System; chlorhexidine; Lipiodol; ethiodized oil; P-care K80; triamcinolone; Bt; bupivacaine",OTHER,Other,oral,,,,,,,,,,,,,,Indications & Usage helps reduce bacteria that can potentially cause skin infection for preparation of skin prior to surgery,"Warnings For external use only Do not use on patients with known allergies to chlorhexidine gluconate or any other ingredients in this product for lumbar punctures or in contact with the meninges on open skin wounds or as a general skin cleanser When using this product keep out of eyes, ears, and mouth. May cause serious or permanent injury if chlorhexidine is permitted to enter and remain. If co…",OTC,,,OTHER,,
medtap,5a8e1981564c99302a18bbef,Furosemide,,Loop Diuretic,Other,intravenous,intravenous,,,,,,,,,,,"Absorption 60% absorbed in patients with normal renal function Protein Binding 95% bound to plasma proteins Metabolism Only a small amount is hepatically metabolized to the defurfurylated derivative, 4-chloro-5-sulfamoylanthranilic acid. Excretion Furosemide is excreted in urine. Significantly more furosemide is excreted in urine following the I.V. injection than after the tablet or oral solution…",,"Indications & Usage Parenteral therapy should be reserved for patients unable to take oral medication or for patients in emergency clinical situations. Edema: Furosemide is indicated in adults and pediatric patients for the treatment of edema associated with congestive heart failure, cirrhosis of the liver, and renal disease, including the nephrotic syndrome. Furosemide is particularly useful whe…","Contraindications Furosemide is contraindicated in patients with anuria and in patients with a history of hypersensitivity to Furosemide. Warnings In patients with hepatic cirrhosis and ascites, Furosemide therapy is best initiated in the hospital. In hepatic coma and in states of electrolyte depletion, therapy should not be instituted until the basic condition is improved. Sudden alterations of …",Rx,,,Loop Diuretic,,
medtap,5a8e1981564c99302a18bc02,desirudin,Iprivask; desirudin,OTHER,Other,subcutaneous,subcutaneous,,,,,,,,,,,"Absorption Absorption is complete after subcutaneous administration. Time to peak in plasma is 1 to 3 hours. Volume Of Distribution 0.25 L/kg. Protein Binding Desirudin binds specifically and directly to thrombin, forming an extremely tight, non-covalent complex with an inhibitionconstant of approximately 2.6 x 10-13 M. Thus, free or protein bound desirudin immediately binds circulating thrombin.…",,"Indications & Usage Iprivask is a direct thrombin inhibitor and is indicated for the prophylaxis of deep vein thrombosis, which may lead to pulmonary embolism, in patients undergoing elective hip replacement surgery (1). Indications & Usage Iprivask is indicated for the prophylaxis of deep vein thrombosis, which may lead to pulmonary embolism, in patients undergoing elective hip replacement surge…","Contraindications Patients with known hypersensitivity to natural or recombinant hirudins, and in patients with active bleeding and/or irreversible coagulation disorders (4). Warnings And Precautions Hemorrhage: Bleeding can occur at any site during therapy with Iprivask. An unexplained fall in hematocrit or blood pressure should lead to a search for a bleeding site. Avoid intramuscular injection…",Rx,,,OTHER,,
medtap,5a8e1981564c99302a18bc13,Nitrofurantoin,Nitrofurantoin Monohydrate/macrocrystals; nitrofurantoin/nitrofurantoin; Macrodantin; Nitrofurantoin; Nitrofurantoin Monohydrate/macrocrystalline,Nitrofuran Antibacterial,Other,oral,oral,,,,,,,,,,,Absorption Readily absorbed in GI tract primarily in small intestine. Enhanced by food or delayed gastric emptying via enhanced dissolution rate of the drug. Protein Binding 20-60% bound to plasma proteins Metabolism Partially metabolized in liver to aminofurantoin. Half-life 0.3-1 hour Mechanism Of Action The mechanism of the antimicrobial action of nitrofurantoin is unusual among antibacterials…,,"Indications & Usage Nitrofurantoin capsules, USP (monohydrate/macrocrystals) are indicated only for the treatment of acute uncomplicated urinary tract infections (acute cystitis) caused by susceptible strains of Escherichia coli or Staphylococcus saprophyticus . Nitrofurantoin is not indicated for the treatment of pyelonephritis or perinephric abscesses. To reduce the development of drug-resistan…","Contraindications Anuria, oliguria, or significant impairment of renal function (creatinine clearance under 60 mL per minute or clinically significant elevated serum creatinine) are contraindications. Treatment of this type of patient carries an increased risk of toxicity because of impaired excretion of the drug. Because of the possibility of hemolytic anemia due to immature erythrocyte enzyme s…",Rx,,,Nitrofuran Antibacterial,,
medtap,5a8e1981564c99302a18bc10,Lidocaine,"Lidocaine; lidocaine/epinephrine; Lignospan Standard; Octocaine 100; Multi-specialty Kit; depo-medrol, lidocaine, isopropyl alcohol; Readysharp Lidocaine",Catecholamine; OTHER; Antiarrhythmic,Other,subcutaneous,subcutaneous,,,,,,,,,,,"Absorption lidocaine: Information derived from diverse formulations, concentrations and usages reveals that lidocaine is completely absorbed following parenteral administration, its rate of absorption depending, for example, upon various factors such as the site of administration and the presence or absence of a vasoconstrictor agent. epinephrine: Usually this vasodilator effect of the drug on th…",,"Indications & Usage Lidocaine and Epinephrine Injection, USP solutions are indicated for the production of local anesthesia for dental procedures by nerve block or infiltration techniques. Only accepted procedures for these techniques as described in standard textbooks are recommended.","Contraindications Lidocaine and Epinephrine Injection,USP is contraindicated in patients with a known history of hypersensitivity to local anesthetics of the amide type or to any components of the injectable formulations. Warnings DENTAL PRACTITIONERS WHO EMPLOY LOCAL ANESTHETIC AGENTS SHOULD BE WELL VERSED IN DIAGNOSIS AND MANAGEMENT OF EMERGENCIES WHICH MAY ARISE FROM THEIR USE. RESUSCITATIVE E…",Rx,,,Catecholamine; OTHER; Antiarrhythmic,,
medtap,5a8e1981564c99302a18bc11,Epinephrine,Marcaine; bupivacaine; Articaine Hydrochloride And Epinephrine; articaine/epinephrine; Septocaine And Epinephrine; Orabloc,Amide Local Anesthetic; Catecholamine,Other,other,other,,,,,,,,,,,"Absorption bupivacaine: The rate of systemic absorption of local anesthetics is dependent upon the total dose and concentration of drug administered, the route of administration, the vascularity of the administration site, and the presence or absence of epinephrine in the anesthetic solution. epinephrine: Usually this vasodilator effect of the drug on the circulation predominates so that the mode…",,"Indications & Usage Marcaine is indicated for the production of local or regional anesthesia or analgesia for surgery, dental and oral surgery procedures, diagnostic and therapeutic procedures, and for obstetrical procedures. Only the 0.25% and 0.5% concentrations are indicated for obstetrical anesthesia. Experience with nonobstetrical surgical procedures in pregnant patients is not sufficient to…",Contraindications Marcaine is contraindicated in obstetrical paracervical block anesthesia. Its use in this technique has resulted in fetal bradycardia and death. Marcaine is contraindicated in patients with a known hypersensitivity to it or to any local anesthetic agent of the amide-type or to other components of Marcaine solutions. Warnings THE 0.75% CONCENTRATION OF Marcaine IS NOT RECOMMENDED…,Rx,,,Amide Local Anesthetic; Catecholamine,,
medtap,5a8e1981564c99302a18bc14,oxygen,"Oxygen Helium Mixture 20/80; oxygen; Oxygen, Compressed U.s.p.; Carbon Dioxide/oxygen Mix; Ez-ox Plus",OTHER,Other,inhalation,inhalation,,,,,,,,,,,,,,,Rx,,,OTHER,,
medtap,5a8e1981564c99302a18bbf1,Testosterone,Testosterone Enanthate; Vogelxo; Testopel,Androgen,Other,intramuscular,intramuscular,,,,,,,,,,,Absorption Approximately 10% of the testosterone dose applied on the skin surface is absorbed into systemic circulation Protein Binding 40% of testosterone in plasma is bound to sex hormone-binding globulin and 2% remains unbound and the rest is bound to albumin and other proteins. Metabolism Testosterone is metabolized to 17-keto steroids through two different pathways. The major active metaboli…,,"Indications & Usage Males Testosterone Enanthate injection is indicated for replacement therapy in conditions associated with a deficiency or absence of endogenous testosterone. Primary hypogonadism (congenital or acquired) – Testicular failure due to cryptorchidism, bilateral torsion, orchitis, vanishing testis syndrome, or orchidectomy. Hypogonadotropic hypogonadism (congenital or acquired) –Go…","Contraindications Androgens are contraindicated in men with carcinomas of the breast or with known or suspected carcinomas of the prostate and in women who are or may become pregnant. When administered to pregnant women, androgens cause virilization of the external genitalia of the female fetus. This virilization includes clitoromegaly, abnormal vaginal development, and fusion of genital folds to…",Rx,,,Androgen,,
medtap,5a8e1981564c99302a18bbf8,Ganciclovir,Valganciclovir Hydrochloride; valganciclovir,Nucleoside Analog Antiviral,Antimicrobial,oral,oral,,,,,,,,,,,"Absorption Poorly absorbed systemically following oral administration. Bioavailability under fasting conditions is approximately 5%, and when administered with food, 6 to 9% (about 30% with a fatty meal). Volume Of Distribution * 0.74 ± 0.15 L/kg Protein Binding 1 to 2% Metabolism Little to no metabolism, about 90% of plasma ganciclovir is eliminated unchanged in the urine. Excretion Renal excret…",,"Indications & Usage Valganciclovir tablets are a deoxynucleoside analogue cytomegalovirus (CMV) DNA polymerase inhibitor indicated for: Adult Patients Treatment of CMV retinitis in patients with acquired immunodeficiency syndrome (AIDS). Prevention of CMV disease in kidney, heart, and kidney-pancreas transplant patients at high risk. Pediatric Patients Prevention of CMV disease in heart transplan…","Contraindications Hypersensitivity to valganciclovir or ganciclovir Warnings And Precautions Acute renal failure: Acute renal failure may occur in elderly patients (with or without reduced renal function), patients who receive concomitant nephrotoxic drugs, or inadequately hydrated patients. Use with caution in elderly patients or those taking nephrotoxic drugs, reduce dosage in patients with ren…",Rx,,,Nucleoside Analog Antiviral,,
medtap,5a8e1981564c99302a18bc07,magnesium,Mint; magnesium,OTHER,Other,oral,oral,,,,,,,,,,,,,Indications & Usage helps control plaque that leads to gingivitis,Warnings ﻿for this product,OTC,,,OTHER,,
medtap,5a8e1981564c99302a18bc23,Gamma-aminobutyric acid receptor subunit alpha-1,Topamax; topiramate; zaleplon,OTHER; gamma-Aminobutyric Acid A Receptor Agonist,Other,oral,oral,,,,,,,,,,,Absorption Rapid with pleak plasma concentrations occurring after 2 hours and a bioavailability of 80%. The pharmacokinetic profile of the extended release formulation is non linear at 25 mg due to binding of topiramate to carbonic anhydrase in red blood cells. The peak plasma concentration was 24 hours after a single 200 mg oral dose of the extended release formulation. It is also bioequivalent …,,"Indications & Usage Topamax ® is indicated for: Epilepsy: initial monotherapy in patients ≥2 years of age with partial onset or primary generalized tonic-clonic seizures ; adjunctive therapy for adults and pediatric patients (2 to 16 years of age) with partial onset seizures or primary generalized tonic-clonic seizures, and for patients ≥2 years of age with seizures associated with Lennox-Gastaut…","Contraindications None Warnings And Precautions Acute myopia and secondary angle closure glaucoma: can lead to permanent visual loss; discontinue Topamax ® as soon as possible Visual field defects: consider discontinuation of Topamax ® Oligohidrosis and hyperthermia: monitor decreased sweating and increased body temperature, especially in pediatric patients Metabolic acidosis: baseline and period…",Rx,,,OTHER; gamma-Aminobutyric Acid A Receptor Agonist,,
medtap,5a8e1981564c99302a18bc4d,Caffeine,"Fiorinal; butalbital/aspirin/caffeine; Conrx Alert; Sunmark Stay Awake; Bayer Back And Body; caffeine/aspirin; Jet Alert Double Strength; Stay Alert Aid; Butalbital, Aspirin, Caffeine, And Codeine Phosphate; butalbital/aspirin/caffeine/codeine",Methylxanthine; OTHER; Barbiturate,Other,oral,oral,,,,,,,,,,,Absorption caffeine: Readily absorbed after oral or parenteral administration. The peak plasma level for caffeine range from 6-10mg/L and the mean time to reach peak concentration ranged from 30 minutes to 2 hours. null: Well absorbed from the gastrointestinal tract and is expected to distribute to most tissues in the body. aspirin: Absorption is generally rapid and complete following oral admini…,,Indications & Usage Fiorinal is indicated for the relief of the symptom complex of tension (or muscle contraction) headache. Evidence supporting the efficacy and safety of Fiorinal in the treatment of multiple recurrent headaches is unavailable. Caution in this regard is required because butalbital is habit-forming and potentially abusable.,"Contraindications Fiorinal is contraindicated under the following conditions: Hypersensitivity or intolerance to aspirin, caffeine, or butalbital. Patients with a hemorrhagic diathesis (e.g., hemophilia, hypoprothrombinemia, von Willebrand’s disease, the thrombocytopenias, thrombasthenia and other ill-defined hereditary platelet dysfunctions, severe vitamin K deficiency and severe liver damage). …",Rx,,,Methylxanthine; OTHER; Barbiturate,,
medtap,5a8e1981564c99302a18bc3e,sennosides,Agoral; sennosides; Senna-lax,OTHER,Other,oral,oral,,,,,,,,,,,,,Indications & Usage relief of occasional constipation or irregularity generally produces bowel movement in 6 to 12 hours,"Warnings Do not use without consulting a doctor: when abdominal pain, nausea or vomiting are present if there has been a sudden change in a child's bowel movements that persists over 2 weeks for a period longer than 1 week if pregnant or nursing a baby",OTC,,,OTHER,,
medtap,5a8e1981564c99302a18bc42,Amlodipine,Amlodipine And Olmesartan Medoxomil; amlodipine/olmesartan,Angiotensin 2 Receptor Blocker; Dihydropyridine Calcium Channel Blocker,Other,oral,oral,,,,,,,,,,,Absorption amlodipine: Amlodipine is slowly and almost completely absorbed from the gastrointestinal tract. Peak plasma concentrations are reached 6-12 hour following oral administration. Its estimated bioavailability is 64-90%. Absorption is not affected by food. olmesartan: Bioavailability is about 26%. Food does not affect the bioavailability of olmesartan. Protein Binding amlodipine: 97.5% ol…,,"Indications & Usage Amlodipine And Olmesartan Medoxomil Tablets is a dihydropyridine calcium channel blocker and angiotensin II receptor blocker combination product indicated for the treatment of hypertension, alone or with other antihypertensive agents, to lower blood pressure. Lowering blood pressure reduces the risk of fatal and nonfatal cardiovascular events, primarily strokes and myocardial …",Contraindications Do not co-administer aliskiren with Amlodipine And Olmesartan Medoxomil Tablets in patients with diabetes (4 ). Warnings And Precautions Hypotension in volume- or salt-depleted patients with treatment initiation may be anticipated. Start treatment under close supervision. Increased angina or myocardial infarction may occur upon dosage initiation or increase. Impaired renal funct…,Rx,,,Angiotensin 2 Receptor Blocker; Dihydropyridine Calcium Channel Blocker,,
medtap,5a8e1981564c99302a18bc2c,Tetracosactide,cosyntropin,Adrenocorticotropic Hormone,Other,intravenous,intravenous,,,,,,,,,,,Absorption Rapidly absorbed following intramuscular administration. Half-life About 15 minutes following intravenous administration.,,"Indications & Usage Cosyntropin for Injection is intended for use as a diagnostic agent in the screening of patients presumed to have adrenocortical insufficiency. Because of its rapid effect on the adrenal cortex it may be utilized to perform a 30-minute test of adrenal function (plasma cortisol response) as an office or outpatient procedure, using only 2 venipunctures . Severe hypofunction of t…","Contraindications The only contraindication to Cosyntropin for Injection is a history of a previous adverse reaction to it. Precautions General Cosyntropin for Injection exhibits slight immunologic activity, does not contain animal protein and is therefore less risky to use than natural ACTH. Patients known to be sensitized to natural ACTH with markedly positive skin tests will, with few exceptio…",Rx,,,Adrenocorticotropic Hormone,,
medtap,5a8e1981564c99302a18bc4a,docusate,Stool Softener Docusate Sodium; docusate; Surfak Stool Softener; Stool Softener Liquid; Stool Softener Laxative; Stool Softner,OTHER,Other,oral,oral,,,,,,,,,,,,,Indications & Usage relieves occasional constipation (irregularity) generally produces a bowel movement in 12-72 hours,"Warnings ​Do not use if you are presently taking mineral oil, unless told by a doctor ​Ask a doctor before use if you have stomach pain nausea vomiting noticed a sudden change in bowel movements that continues over a period of 2 weeks ​Stop use and ask a doctor if you have rectal bleeding or you fail to have a bowel movement after use of a laxative. These could be signs of a serious condition. yo…",OTC,,,OTHER,,
medtap,5a8e1981564c99302a18bc33,Tolcapone,,Catechol-O-Methyltransferase Inhibitor,Other,oral,oral,,,,,,,,,,,"Absorption Rapidly absorbed (absolute bioavailability is about 65%) Volume Of Distribution * 9 L Protein Binding > Metabolism The main metabolic pathway of tolcapone is glucuronidation Excretion Tolcapone is almost completely metabolized prior to excretion, with only a very small amount (0.5% of dose) found unchanged in urine. The glucuronide conjugate of tolcapone is mainly excreted in the urine…",,"Indications & Usage Tolcapone tablets USP are indicated as an adjunct to levodopa and carbidopa for the treatment of the signs and symptoms of idiopathic Parkinson’s disease. Because of the risk of potentially fatal, acute fulminant liver failure, Tolcapone tablets USP should ordinarily be used in patients with Parkinson’s disease on l-dopa/carbidopa who are experiencing symptom fluctuations and …","Contraindications Tolcapone tablets are contraindicated in patients with liver disease, inpatients who were withdrawn from Tolcapone because of evidence of Tolcapone–induced hepatocellular injury or who have demonstrated hypersensitivity to the drug or its ingredients. Tolcapone is also contraindicated in patients with a history of nontraumatic rhabdomyolysis or hyperpyrexia and confusion possibl…",Rx,,,Catechol-O-Methyltransferase Inhibitor,,
medtap,5a8e1981564c99302a18bc58,Carbonic anhydrase 6,Mafenide Acetate; mafenide,Methylated Sulfonamide Antibacterial,Other,transdermal,transdermal,,,,,,,,,,,"Absorption Mafenide is absorbed through devascularized areas into the systemic circulation following topical administration. Metabolism Metabolized to a carbonic anhydrase inhibitor. Excretion Renal—Metabolite rapidly excreted in urine in high concentrations; however, the parent compound has not been detected in urine. Mechanism Of Action Mechanism of Action The mechanism of action of Mafenide is…",,Indications & Usage Mafenide Acetate for 5% Topical Solution is indicated for use as an adjunctive topical antimicrobial agent to control bacterial infection when used under moist dressings over meshed autografts on excised burn wounds.,"Contraindications Mafenide Acetate for 5% Topical Solution is contraindicated in patients who are hypersensitive to Mafenide Acetate. It is not known whether there is cross sensitivity to other sulfonamides. Warnings Fatal hemolytic anemia with disseminated intravascular coagulation, presumably related to a glucose-6-phosphate dehydrogenase deficiency, has been reported following therapy with Maf…",Rx,,,Methylated Sulfonamide Antibacterial,,
medtap,5a8e1981564c99302a18bc5c,RK-0202,acetylcysteine,Mucolytic,Other,intravenous,intravenous,,,,,,,,,,,"Mechanism Of Action Acetylcysteine has been shown to reduce the extent of liver injury following acetaminophen overdose. Acetaminophen doses of 150 mg/kg or greater have been associated with hepatotoxicity. Acetylcysteine probably protects the liver by maintaining or restoring the glutathione levels, or by acting as an alternate substrate for conjugation with, and thus detoxification of, the reac…",,Indications & Usage Acetylcysteine injection is an antidote for acetam inophen overdose indicated to prevent or lessen hepatic injury after ingestion of a potentially hepatotoxic quantity of acetaminophen in patients with an acute ingestion or from repeated supratherapeutic ingestion (RSI) (1). Indications & Usage Acetylcysteine injection is indicated to prevent or lessen hepatic injury after ing…,"Contraindications Patients with a previous hypersensitivity reaction to Acetylcysteine Warnings And Precautions Hypersensitivity Reactions, Including Hypotension, Wheezing, Shortness of Breath and Bronchospasm: Observe patients during and after the infusion; immediately discontinue infusion if a serious reaction occurs and initiate appropriate treatment. Acetylcysteine injection infusion may be c…",Rx,,,Mucolytic,,
medtap,5a8e1981564c99302a18bc67,Fludarabine,Fludarabine Phosphate,Nucleoside Metabolic Inhibitor,Other,intravenous,intravenous,,,,,,,,,,,Absorption Bioavailability is 55% following oral administration. Protein Binding 19-29% Half-life 20 hours Clearance * 117-145 mL/min [patients with B-cell CLL receiving IV administration of a single dose of 40 mg/m2],,"Indications & Usage Fludarabine Phosphate for Injection, USP is indicated for the treatment of adult patients with B-cell chronic lymphocytic leukemia (CLL) who have not responded to or whose disease has progressed during treatment with at least one standard alkylating-agent containing regimen. The safety and effectiveness of Fludarabine Phosphate, USP in previously untreated or non-refractory pa…","Contraindications Fludarabine Phosphate, USP is contraindicated in those patients who are hypersensitive to this drug or its components. Warnings There are clear dose-dependent toxic effects seen with Fludarabine Phosphate, USP. Dose levels approximately 4 times greater (96 mg/m 2 /day for 5 to 7 days) than that recommended for CLL (25 mg/m 2 /day for 5 days) were associated with a syndrome chara…",Rx,,,Nucleoside Metabolic Inhibitor,,
medtap,5a8e1981564c99302a18bc2e,Duloxetine,Duloxetine Hydrochloride,Serotonin and Norepinephrine Reuptake Inhibitor,Other,oral,oral,,,,,,,,,,,Absorption Orally administered duloxetine hydrochloride is well absorbed. Volume Of Distribution * 1640 L Protein Binding Protein binding is greater than 90%. Metabolism The major biotransformation pathways for duloxetine involve oxidation of the naphthyl ring followed by conjugation and further oxidation. Both CYP2D6 and CYP1A2 catalyze the oxidation of the naphthyl ring in vitro. Metabolites fo…,,Indications & Usage Duloxetine delayed-release capsules are a serotonin and norepinephrine reuptake inhibitor (SNRI) indicated for: Major Depressive Disorder (MDD) Generalized Anxiety Disorder (GAD) Diabetic Peripheral Neuropathic Pain (DPNP) Chronic Musculoskeletal Pain Indications & Usage Duloxetine delayed-release capsules are indicated for the treatment of: Major Depressive Disorder Generaliz…,"Contraindications Serotonin Syndrome and MAOIs: Do not use MAOIs intended to treat psychiatric disorders with duloxetine delayed- release capsules or within 5 days of stopping treatment with duloxetine delayed-release capsules. Do not use duloxetine delayed-release capsules within 14 days of stopping an MAOI intended to treat psychiatric disorders. In addition, do not start duloxetine delayed-rel…",Rx,,,Serotonin and Norepinephrine Reuptake Inhibitor,,
medtap,5a8e1981564c99302a18bc66,L-Isoleucine,Aminosyn Ii With Electrolytes; isoleucine/leucine/lysine/methionine/phenylalanine/threonine/tryptophan/alanine/arginine/histidine/proline/serine/glycine/valine/aspartic acid/n-acetyl-tyrosine/glutamic acid/magnesium/sodium/sodium/potassium; Freamine Hbc; isoleucine/leucine/lysine/methionine/phenylalanine/threonine/tryptophan/valine/alanine/arginine/histidine/proline/serine/glycine/cysteine; Aminosyn Rf; isoleucine/leucine/lysine/methionine/phenylalanine/threonine/tryptophan/valine/arginine/histidine; Plenamine; lysine/leucine/phenylalanine/valine/isoleucine/methionine/threonine/tryptophan/alanine/arginine/glycine/histidine/proline/glutamic acid/serine/aspartic acid/tyrosine,Osmotic Laxative; Amino Acid; OTHER,Other,intravenous,intravenous,,,,,,,,,,,Absorption null: Absorbed from the small intestine by a sodium-dependent active-transport process null: null: Absorbed from the small intestine by an active transport process null: Absorbed from the lumen of the small intestine into the enterocytes.Absorption is efficient and occurs by an active transport mechanism. null: null: Absorbed from the small intestine by a sodium dependent active transp…,,"Indications & Usage Aminosyn II 8.5% WITH ELECTROLYTES, Sulfite-Free, (an amino acid injection) infused with dextrose by peripheral vein infusion is indicated as a source of nitrogen in the nutritional support of patients in whom, for short periods of time, oral nutrition cannot be tolerated, is undesirable, or inadequate. Aminosyn II 8.5% WITH ELECTROLYTES can be administered peripherally with d…","Contraindications This preparation should not be used in patients with hepatic coma or metabolic disorders involving impaired nitrogen utilization. Warnings Intravenous infusion of amino acids may induce a rise in blood urea nitrogen (BUN), especially in patients with impaired hepatic or renal function. Appropriate laboratory tests should be performed periodically and infusion discontinued if BUN…",Rx,,,Osmotic Laxative; Amino Acid; OTHER,,
medtap,5a8e1981564c99302a18bc3a,DNA topoisomerase 4 subunit A,ofloxacin,Quinolone Antimicrobial,Antimicrobial,other,other,,,,,,,,,,,Absorption Bioavailability of ofloxacin in the tablet formulation is approximately 98% Protein Binding 32% Metabolism Hepatic Excretion Elimination is mainly by renal excretion. Between 65% and 80% of an administered oral dose of ofloxacin is excreted unchanged via the kidneys within 48 hours of dosing. Four to eight percent of an ofloxacin dose is excreted in the feces. This indicates a small de…,,"Indications & Usage Ofloxacin Otic Solution 0.3% is indicated for the treatment of infections caused by susceptible isolates of the designated microorganisms in the specific conditions listed below: Otitis Externa in adults and pediatric patients, 6 months and older, due to Escherichia coli, Pseudomonas aeruginosa, and Staphylococcus aereus . Chronic Suppurative Otitis Media in patients 12 years …","Contraindications Ofloxacin Otic Solution 0.3% is contraindicated in patients with a history of hypersensitivity to Ofloxacin, to other quinolones, or to any of the components in this medication. Warnings NOT FOR OPHTHALMIC USE. NOT FOR INJECTION. Serious and occasionally fatal hypersensitivity (anaphylactic) reactions, some following the first dose, have been reported in patients receiving syste…",Rx,,,Quinolone Antimicrobial,,
medtap,5a8e1981564c99302a18bc4c,Methadone,Methadose Dispersible; Dolophine,Opioid Agonist,Opioid,oral,oral,,,,,,,,,,,"Absorption Well absorbed following oral administration. The bioavailability of methadone ranges between 36 to 100%. Volume Of Distribution * 1.0 to 8.0 L/kg Protein Binding In plasma, methadone is predominantly bound to Metabolism Hepatic. Cytochrome P450 enzymes, primarily CYP3A4, CYP2B6, and CYP2C19 and to a lesser extent CYP2C9 and CYP2D6, are responsible for conversion of methadone to EDDP an…",,"Indications & Usage Methadone hydrochloride tablets for oral suspension are an opioid agonist indicated for the: Detoxification treatment of opioid addiction (heroin or other morphine-like drugs). Maintenance treatment of opioid addiction (heroin or other morphine-like drugs), in conjunction with appropriate social and medical services. Indications & Usage Methadone hydrochloride tablets for oral…",Contraindications Significant respiratory depression Acute or severe bronchial asthma Known or suspected paralytic ileus Known hypersensitivity to methadone Warnings And Precautions Neonatal Opioid Withdrawal Syndrome: Neonatal opioid withdrawal syndrome (NOWS) is an expected and treatable outcome of prolonged use of opioids during pregnancy. Life-Threatening Respiratory Depression in Patients wi…,Rx,,,Opioid Agonist,,
medtap,5a8e1981564c99302a18bc5f,Glyburide,Diabeta,Sulfonylurea,Other,oral,oral,,,,,,,,,,,Absorption Significant absorption within 1 hour and peak plasma levels are reached in 2 to 4 hours. Onset of action occurs within one hour. Volume Of Distribution Steady state V Protein Binding Unchanged drug is ~99% bound to serum proteins; 4-trans-hydroxyglyburide is greater than 97% bound to serum proteins. Protein binding is primarily nonionic making glyburide and is less likely to displace o…,,Indications & Usage Diaβeta is indicated as an adjunct to diet and exercise to improve glycemic control in adults with type 2 diabetes mellitus.,"Contraindications Diaβeta is contraindicated in patients: With known hypersensitivity to the drug or any of its excipients. With type 1 diabetes mellitus or diabetic ketoacidosis, with or without coma. These conditions should be treated with insulin. Treated with bosentan. Warnings SPECIAL WARNING ON INCREASED RISK OF CARDIOVASCULAR MORTALITY The administration of oral hypoglycemic drugs has been…",Rx,,,Sulfonylurea,,
medtap,5a8e1981564c99302a18bc54,30S ribosomal protein S12,"Neomycin, Polymyxin B Sulfates And Hydrocortisone; neomycin/polymyxin b sulfate/hydrocortisone",Corticosteroid,Supplement,other,other,,,,,,,,,,,"Absorption neomycin: Poorly absorbed from the normal gastrointestinal tract. Although only approximately 3% of neomycin is absorbed through intact intestinal mucosa, significant amounts may be absorbed through ulcerated or denuded mucosa or if inflammation is present. hydrocortisone: Topical corticosteroids can be absorbed from normal intact skin. Inflammation and/or other disease processes in th…",,"Indications & Usage Neomycin and Polymyxin B Sulfates and Hydrocortisone Ophthalmic Suspension is indicated for steroid-responsive inflammatory ocular conditions for which a corticosteroid is indicated and where bacterial infection or a risk of bacterial ocular infection exists. Ocular corticosteroids are indicated in inflammatory conditions of the palpebral and bulbar conjunctiva, cornea and ant…","Contraindications Neomycin and Polymyxin B Sulfates and Hydrocortisone Ophthalmic Suspension is contraindicated in most viral diseases of the cornea and conjunctiva including: epithelial herpes simplex keratitis (dendritic keratitis), vaccinia, and varicella, and also in mycobacterial infection of the eye and fungal diseases of ocular structures. Neomycin and Polymyxin B Sulfates and Hydrocortiso…",Rx,,,Corticosteroid,,
medtap,5a8e1981564c99302a18bc26,Fluvastatin,,HMG-CoA Reductase Inhibitor,Other,oral,oral,,,,,,,,,,,"Absorption Rapidly and almost completely absorbed ( Volume Of Distribution * 0.35 L/kg Protein Binding 98% bound to plasma proteins. At therapeutic concentrations, the protein binding of fluvastatin is not affected by warfarin, salicylic acid and glyburide. Metabolism Undergoes hepatic metabolism primarily via hydroxylation of the indole ring at the 5- and 6-positions to 5-hydroxy fluvastatin and…",,"Indications & Usage Fluvastatin capsules are an HMG-CoA reductase inhibitor (statin) indicated as an adjunctive therapy to diet to: Reduce elevated TC, LDL-C, Apo B, and TG, and to increase HDL-C in adult patients with primary hypercholesterolemia and mixed dyslipidemia Reduce elevated TC, LDL-C, and Apo B levels in boys and post-menarchal girls, 10 to 16 years of age, with heterozygous familial …","Contraindications Hypersensitivity to any component of this medication Active liver disease or unexplained, persistent elevations in serum transaminases Women who are pregnant or may become pregnant Nursing mothers Warnings And Precautions Skeletal muscle effects (e.g., myopathy and rhabdomyolysis): Risks increase with advanced age (≥ 65), uncontrolled hypothyroidism, renal impairment, and combin…",Rx,,,HMG-CoA Reductase Inhibitor,,
medtap,5a8e1981564c99302a18bc35,Dexamethasone,"Dexamethsone; Maxidex; Neomycin Sulfate, Polymyxin B Sulfate And Dexamethasone; neomycin/polymyxin b sulfate/dexamethasone; Dexamethasone Sodium Phosphate",Corticosteroid,Supplement,oral,oral,,,,,,,,,,,Absorption 80-90% Protein Binding 70% Metabolism Hepatic. Half-life 36-54 hours,,"Indications & Usage Allergic States Control of severe or incapacitating allergic conditions intractable to adequate trials of conventional treatment in asthma, atopic dermatitis, contact dermatitis, drug hypersensitivity reactions, perennial or seasonal allergic rhinitis, and serum sickness. Dermatologic Diseases Bullous dermatitis herpetiformis, exfoliative erythroderma, mycosis fungoides, pemph…",Contraindications Contraindicated in systemic fungal infections and patients with known hypersensitivity to the product and its consituents. Warnings And Precautions General Rare instances of anaphylactoid reactions have occurred in patients receiving corticosteroid therapy . Increased dosage of rapidly acting corticosteroids is indicated in patients on corticosteroid therapy subjected to any unu…,Rx,,,Corticosteroid,,
medtap,5a8e1981564c99302a18bc3b,Ranitidine,Acid Reducer 150; Basic Care Acid Reducer 150; Equaline Heartburn Relief; Heratburn Relief; Harris Teeter Acid Reducer 150; Zantac 75; Wal-zan 75,OTHER,Other,oral,oral,,,,,,,,,,,"Absorption Approximately 50% bioavailability orally. Volume Of Distribution * 1.4 L/kg Protein Binding 15% Metabolism Hepatic. Ranitidine is metabolized to the N-oxide, S-oxide, and N-desmethyl metabolites, accounting for approximately 4%, 1%, and 1% of the dose, respectively. Excretion The principal route of excretion is the urine (active tubular excretion, renal clearance 410mL/min), with appro…",,Indications & Usage relieves heartburn associated with acid indigestion and sour stomach prevents heartburn associated with acid indigestion and sour stomach brought on by certain foods and beverages,"Warnings Allergy alert: Do not use if you are allergic to ranitidine or other acid reducers Do not use if you have trouble or pain swallowing food, vomiting with blood, or bloody or black stools.These may be signs of a serious condition. See your doctor. with other acid reducers if you have kidney disease, except under the advice and supervision of a doctor Ask a doctor before use if you have fre…",OTC,,,OTHER,,
medtap,5a8e1981564c99302a18bc25,Ciprofloxacin,Cipro; Ciprofloxacin Hydrochloride,OTHER; Quinolone Antimicrobial,Antimicrobial,oral,,,,,,,,,,,,Absorption Rapidly and well absorbed from the gastrointestinal tract after oral administration. The absolute bioavailability is approximately 70% with no substantial loss by first pass metabolism. Protein Binding 20 to 40% Metabolism Hepatic. Four metabolites have been identified in human urine which together account for approximately 15% of an oral dose. The metabolites have antimicrobial activi…,,"Indications & Usage Cipro is a fluoroquinolone antibacterial indicated in adults (18 years of age and older) with the following infections caused by designated, susceptible bacteria and in pediatric patients where indicated: Skin and Skin Structure Infections Bone and Joint Infections Complicated Intra-Abdominal Infections Infectious Diarrhea Typhoid Fever (Enteric Fever) Uncomplicated Cervical a…","Contraindications Known hypersensitivity to Cipro or other quinolones Warnings And Precautions Hypersensitivity and other serious reactions: Serious and sometimes fatal reactions (for example, anaphylactic reactions) may occur after the first or subsequent doses of Cipro. Discontinue Cipro at the first sign of skin rash, jaundice or any sign of hypersensitivity. Hepatotoxicity: Discontinue immedi…",Rx,,,OTHER; Quinolone Antimicrobial,,
medtap,5a8e1981564c99302a18bc28,Diltiazem,Diltiazem Hydrochloride; Cardizem,Calcium Channel Blocker,Other,oral,oral,,,,,,,,,,,Absorption Diltiazem is well absorbed from the gastrointestinal tract but undergoes substantial hepatic first-pass effect. Protein Binding 70%-80% Metabolism Diltiazem is metabolized by and acts as an inhibitor of the CYP3A4 enzyme. Half-life 3.0 - 4.5 hours,,"Indications & Usage Diltiazem hydrochloride extended-release capsules, USP is indicated for the treatment of hypertension. It may be used alone or in combination with other antihypertensive medications. Diltiazem hydrochloride extended-release capsules, USP is indicated for the management of chronic stable angina and angina due to coronary artery spasm.","Contraindications Diltiazem hydrochloride tablets are contraindicated in (1) patients with sick sinus syndrome except in the presence of a functioning ventricular pacemaker, (2) patients with second- or third-degree AV block except in the presence of a functioning ventricular pacemaker, (3) patients with hypotension (less than 90 mm Hg systolic), (4) patients who have demonstrated hypersensitivit…",Rx,,,Calcium Channel Blocker,,
medtap,5a8e1981564c99302a18bc5d,Peptidyl-prolyl cis-trans isomerase FKBP1A,Astagraf Xl; tacrolimus,Calcineurin Inhibitor Immunosuppressant,Other,oral,oral,,,,,,,,,,,Absorption Absorption of tacrolimus from the gastrointestinal tract after oral administration is incomplete and variable. The absolute bioavailability in adult kidney transplant patients is 17±10%; in adults liver transplant patients is 22±6%; in healthy subjects is 18±5%. The absolute bioavailability in pediatric liver transplant patients was 31±24%. Tacrolimus maximum blood concentrations (Cmax…,,Indications & Usage Astagraf Xl is a calcineurin-inhibitor immunosuppressant indicated for the prophylaxis of organ rejection in kidney transplant patients in combination with other immunosuppressants Limitation of Use : Not interchangeable or substitutable with other tacrolimus products Indications & Usage Astagraf Xl is indicated for the prophylaxis of organ rejection in kidney transplant patie…,Contraindications Known hypersensitivity to tacrolimus Warnings And Precautions Graft rejection and other serious adverse reactions due to medication errors : Instruct patients or caregivers to recognize appearance of Astagraf Xl capsules New onset diabetes after transplant : Monitor blood glucose Nephrotoxicity (acute and/or chronic) due to Astagraf Xl and concomitant nephrotoxic drugs: Monitor …,Rx,,,Calcineurin Inhibitor Immunosuppressant,,
medtap,5a8e1981564c99302a18bc39,Ethambutol,Myambutol,Antimycobacterial,Other,oral,oral,,,,,,,,,,,"Absorption About 75% to 80% of an orally administered dose of ethambutol is absorbed from the gastrointestinal tract. Protein Binding 20-30% Metabolism Hepatic. Up to 15% of administered drug is metabolized to inactive metabolites. The main path of metabolism appears to be an initial oxidation of the alcohol to an aldehydic intermediate, followed by conversion to a dicarboxylic acid. Excretion Du…",,"Indications & Usage Myambutol is indicated for the treatment of pulmonary tuberculosis. It should not be used as the sole antituberculous drug, but should be used in conjunction with at least one other antituberculous drug. Selection of the companion drug should be based on clinical experience, considerations of comparative safety, and appropriate in-vitro susceptibility studies. In patients who …","Contraindications Myambutol is contraindicated in patients who are known to be hypersensitive to this drug. It is also contraindicated in patients with known optic neuritis unless clinical judgment determines that it may be used. Myambutol is contraindicated in patients who are unable to appreciate and report visual side effects or changes in vision (e.g., young children, unconscious patients). W…",Rx,,,Antimycobacterial,,
medtap,5a8e1981564c99302a18bc30,Mupirocin,Centany,RNA Synthetase Inhibitor Antibacterial,Other,transdermal,transdermal,,,,,,,,,,,"Absorption No measurable systemic absorption Protein Binding 97% Metabolism Hepatic. Following intravenous or oral administration, mupirocin is rapidly metabolized. The principal metabolite is monic acid, which has no antibacterial activity. Excretion Following the application of Centany (mupirocin ointment),2% to a 400 cm2 area on the back of 23 healthy volunteers once daily for 7 days, the mean…",,Indications & Usage CENTANY ® ointment is an antibacterial drug indicated for the topical treatment of impetigo due to: Staphylococcus aureus and Streptococcus pyogenes. Indications & Usage CENTANY ® ointment is indicated for the topical treatment of impetigo due to: Staphylococcus aureus and Streptococcus pyogenes .,"Contraindications CENTANY ® ointment is contraindicated in patients with a history of sensitivity reactions to any of its components. Warnings And Precautions Severe Allergic Reactions: Including anaphylaxis, urticaria, angioedema, and generalized rash have been reported in patients treated with CENTANY ® ointment. Eye and Nose Irritation: Not intended for ophthalmic use or nasal use or on mucosa…",Rx,,,RNA Synthetase Inhibitor Antibacterial,,
medtap,5a8e1981564c99302a18bc3f,Clofedanol,Ninjacof; chlophedianol/pyrilamine; Texaclear Fast Acting Allergy Relief; Kroger Allergy Relief; pyrilamine/chlophedianol,OTHER,Other,oral,oral,,,,,,,,,,,Metabolism null: Hepatic. null:,,"Indications & Usage Uses Temporarily relieves these symptoms due to the common cold, hay fever (allergic rhinitis) or other upper respiratory allergies: cough due to minor throat and bronchial irritation calms the cough control center and relieves coughing runny nose sneezing itching of the nose and throat itchy, watery eyes","Warnings WARNINGS Do not exceed recommended dosage DO NOT USE IF PRINTED SAFETY SEAL IS MISSING OR BROKEN If you are now taking prescription monoamine oxidase inhibitor (MAOI) (certain drugs for depression, psychiatric, or emotional conditions or Parkinsons disease), or for 2 weeks after stopping the MAOI drug. If you do not know if your prescription drug contains an MAOI, ask a doctor or pharmac…",OTC,,,OTHER,,
medtap,5a8e1981564c99302a18bc41,Thiotepa,,Alkylating Drug,Other,intravenous,intravenous,,,,,,,,,,,Excretion Urinary excretion of 14C-labeled thiotepa and metabolites in a 34-year old patient with metastatic carcinoma of the cecum who received a dose of 0.3 mg/kg intravenously was 63%. Half-life 1.5 to 4.1 hours Clearance * 446 +/- 63 mL/min [female patients (45 to 84 years) with advanced stage ovarian cancer receiving 60 mg and 80 mg thiotepa by intravenous infusion on subsequent courses give…,,"Indications & Usage Thiotepa for Injection, USP has been tried with varying results in the palliation of a wide variety of neoplastic diseases. However, the most consistent results have been seen in the following tumors: Adenocarcinoma of the breast. Adenocarcinoma of the ovary. For controlling intracavitary effusions secondary to diffuse or localized neoplastic diseases of various serosal caviti…","Contraindications Thiotepa is contraindicated in patients with a known hypersensitivity (allergy) to this preparation. Therapy is probably contraindicated in cases of existing hepatic, renal, or bone-marrow damage. However, if the need outweighs the risk in such patients, Thiotepa may be used in low dosage, and accompanied by hepatic, renal and hemopoietic function tests. Warnings Death has occur…",Rx,,,Alkylating Drug,,
medtap,5a8e1981564c99302a18bc49,D(1A) dopamine receptor,Methylergonovine Maleate; methylergonovine,Ergot Derivative,Other,intramuscular,intramuscular,,,,,,,,,,,"Absorption Absorption is rapid after oral (60% bioavailability) and intramuscular (78% bioavailability) administration. Volume Of Distribution * 56.1 ± 0 L Metabolism Hepatic, with extensive first-pass metabolism. Excretion Ergot alkaloids are mostly eliminated by hepatic metabolism and excretion, and the decrease in bioavailability following oral administration is probably a result of first-pass…",,"Indications & Usage Following delivery of the placenta, for routine management of uterine atony, hemorrhage and subinvolution of the uterus. For control of uterine hemorrhage in the second stage of labor following delivery of the anterior shoulder.","Contraindications Hypertension; toxemia; pregnancy; and hypersensitivity. Warnings General This drug should not be administered intravenously routinely because of the possibility of inducing sudden hypertensive and cerebrovascular accidents. If intravenous administration is considered essential as a lifesaving measure, Methylergonovine Maleate should be given slowly over a period of no less than …",Rx,,,Ergot Derivative,,
medtap,5a8e1981564c99302a18bc57,Calcium-activated potassium channel subunit alpha-1,Cromolyn Sodium; cromolyn,Mast Cell Stabilizer,Other,other,other,,,,,,,,,,,Absorption 1% Half-life 1.3 hours,,"Indications & Usage Cromolyn Sodium Ophthalmic Solution is indicated in the treatment of vernal keratoconjunctivitis, vernal conjunctivitis, and vernal keratitis.",Contraindications Cromolyn Sodium Ophthalmic Solution is contraindicated in those patients who have shown hypersensitivity to Cromolyn Sodium or to any of the other ingredients. Precautions General: Patients may experience a transient stinging or burning sensation following application of Cromolyn Sodium Ophthalmic Solution. The recommended frequency of administration should not be exceeded . Inf…,Rx,,,Mast Cell Stabilizer,,
medtap,5a8e1981564c99302a18bc3d,Doxylamine,Shoprite Sleep-aid,OTHER,Other,oral,oral,,,,,,,,,,,Absorption Readily absorbed via the gastrointestinal tract. Metabolism Hepatic. Half-life 10 hours,,Indications & Usage helps to reduce difficulty in falling asleep,"Warnings Do not use in children under 12 years of age Ask a doctor before use if you have a breathing problem such as asthma, emphysema or chronic bronchitis glaucoma trouble urinating due to an enlarged prostate gland Ask a doctor or pharmacist before use if you are taking any other drugs When using this product avoid alcoholic beverages take only at bedtime Stop use and ask a doctor if sleeples…",OTC,,,OTHER,,
medtap,5a8e1981564c99302a18bc45,Sulfacetamide,Sulfacetamide Sodium And Prednisolone Sodium Phosphate; sulfacetamide/prednisolone,Corticosteroid,Supplement,other,other,,,,,,,,,,,Half-life sulfacetamide: 7-12.8 hours prednisolone: 2-3 hours,,Indications & Usage Sulfacetamide Sodium And Prednisolone Sodium Phosphate Ophthalmic Solution is indicated for corticosteroid-responsive inflammatory ocular conditions for which a corticosteroid is indicated and where superficial bacterial ocular infection or a risk of bacterial ocular infection exists. Ocular corticosteroids are indicated in inflammatory conditions of the palpebral and bulbar c…,"Contraindications Sulfacetamide Sodium And Prednisolone Sodium Phosphate Ophthalmic Solution is contraindicated in most viral diseases of the cornea and conjunctiva including epithelial herpes simplex keratitis (dendritic keratitis), vaccinia, and varicella, and also in mycobacterial infection of the eye and fungal diseases of ocular structures. This product is also contraindicated in individuals…",Rx,,,Corticosteroid,,
medtap,5a8e1981564c99302a18bc4b,B-lymphocyte antigen CD20,Gazyva; obinutuzumab,CD20-directed Cytolytic Antibody,Other,intravenous,intravenous,,,,,,,,,,,"Absorption Obinutuzumab is administered intravenously, so its absorption is 100%. Volume Of Distribution Obinutuzumab has a volume of distribution of about 3.8 L. Protein Binding Obinutuzumab does not bind to plasma proteins. Metabolism Obinutuzumab is not metabolized by the liver. Excretion The route of elimination of obinutuzumab was not indicated (FDA label). Half-life The half life of obinutu…",,"Indications & Usage Gazyva (obinutuzumab) is a CD20-directed cytolytic antibody and is indicated: in combination with chlorambucil, for the treatment of patients with previously untreated chronic lymphocytic leukemia. in combination with bendamustine followed by Gazyva monotherapy, for the treatment of patients with follicular lymphoma who relapsed after, or are refractory to, a rituximab-contain…","Contraindications Gazyva is contraindicated in patients with known hypersensitivity reactions (e.g., anaphylaxis) to obinutuzumab or any of the excipients, including serum sickness with prior obinutuzumab use. Warnings And Precautions Infusion Reactions: Premedicate patients with glucocorticoid, acetaminophen, and anti-histamine. Monitor patients closely during infusions. Interrupt or discontinue…",Rx,,,CD20-directed Cytolytic Antibody,,
medtap,5a8e1981564c99302a18bc60,Remifentanil,Ultiva,Opioid Agonist,Opioid,intravenous,intravenous,,,,,,,,,,,Volume Of Distribution * 350 mL/kg Protein Binding 70% (bound to plasma proteins) Metabolism By hydrolysis of the propanoic acid-methyl ester linkage by nonspecific blood and tissue esterases. Excretion Remifentanil is an esterase-metabolized opioid. The carboxylic acid metabolite is essentially inactive (1/4600 as potent as remifentanil in dogs) and is excreted by the kidneys with an elimination…,,Indications & Usage Ultiva is an opioid agonist indicated for intravenous administration: As an analgesic agent for use during the induction and maintenance of general anesthesia for inpatient and outpatient procedures. For continuation as an analgesic into the immediate postoperative period in adult patients under the direct supervision of an anesthesia practitioner in a postoperative anesthesia…,"Contraindications Ultiva is contraindicated: For epidural or intrathecal administration due to the presence of glycine in the formulation. In patients with hypersensitivity to remifentanil (e.g., anaphylaxis). Warnings And Precautions Respiratory Depression in Spontaneously Breathing Patients : Monitor closely, particularly during initiation and titration. Risks from Use as Postoperative Analgesi…",Rx,,,Opioid Agonist,,
medtap,5a8e1981564c99302a18bc6e,oxygen,Air; oxygen,OTHER,Other,inhalation,inhalation,,,,,,,,,,,,,,,Rx,,,OTHER,,
medtap,5a8e1981564c99302a18bc6b,Chloramphenicol,Chloramphenicol Sodium Succinate,Amphenicol-class Antibacterial,Other,intravenous,intravenous,,,,,,,,,,,Absorption Rapidly and completely absorbed from gastrointestinal tract following oral administration (bioavailability 80%). Well absorbed following intramuscular administration (bioavailability 70%). Intraocular and some systemic absorption also occurs after topical application to the eye. Protein Binding Plasma protein binding is 50-60% in adults and 32% is premature neonates. Metabolism Hepatic…,,,"Contraindications Chloramphenicol is contraindicated in individuals with a history of previous hypersensitivity and/or toxic reaction to it. It must not be used in the treatment of trivial infections or where it is not indicated, as in colds, influenza, infections of the throat; or as a prophylactic agent to prevent bacterial infections. Precautions General Repeated courses of chloramphenicol tre…",Rx,,,Amphenicol-class Antibacterial,,
medtap,5a8e1981564c99302a18bc93,Histamine H1 receptor,Trav-l-tabs; meclizine; Dramamine Less Drowsy; Lastacaft; alcaftadine; Hydroxyzine Hydrochloride; hydroxyzine; Alaway; ketotifen,OTHER; Histamine-1 Receptor Antagonist; Antihistamine,Antihistamine,oral,oral,,,,,,,,,,,Absorption Well absorbed Metabolism Hepatic Half-life 6 hours,,"Indications & Usage prevents and treats nausea, vomiting, or dizziness associated with motion sickness","Warnings Do not use for children under 12 years of age unless directed by a doctor Ask a doctor before use if you have a breathing problem such as emphysema or chronic bronchitis glaucoma difficulty in urinating due to an enlargement of the prostate gland Ask a doctor or pharmacist before use if you are taking sedatives tranquilizers When using this product drowsiness may occur alcohol, sedatives…",OTC,,,OTHER; Histamine-1 Receptor Antagonist; Antihistamine,,
medtap,5a8e1981564c99302a18bc8a,Insulin Aspart,Fiasp,Insulin Analog,Other,subcutaneous,subcutaneous,,,,,,,,,,,"Absorption Rapidly absorbed following subcutaneous administration (more so than regular human insulin). Furthermore, insulin aspart has a faster absorption, a faster onset of action, and a shorter duration of action than regular human insulin after subcutaneous injection. It takes 40 - 50 minutes to reach maximum concentration. When a dose of 0.15 U/kg body weight was injected in type 1 diabetes …",,Indications & Usage Fiasp is a rapid-acting human insulin analog indicated to improve glycemic control in adults with diabetes mellitus. Indications & Usage Fiasp is indicated to improve glycemic control in adults with diabetes mellitus.,"Contraindications During episodes of hypoglycemia. Hypersensitivity to insulin aspart or one of the excipients in Fiasp. Warnings And Precautions Never share a Fiasp FlexTouch pen between patients, even if the needle is changed. Hyper- or hypoglycemia with changes in insulin regimen : Carry out under close medical supervision and increase frequency of blood glucose monitoring. Hypoglycemia: May b…",Rx,,,Insulin Analog,,
medtap,5a8e1981564c99302a18bca0,Hydrochlorothiazide,Metoprolol Tartrate And Hydrochlorothiazide; metoprolol/hydrochlorothiazide; Avalide; irbesartan/hydrochlorothiazide; Telmisartan And Hydrochlorthiazide; telmisartan/hydrochlorothiazide; Dutoprol; Candesartan Cilexetil And Hydrochlorothiazide; candesartan/hydrochlorothiazide,Thiazide Diuretic,Other,oral,oral,,,,,,,,,,,"Absorption hydrochlorothiazide: 50-60% metoprolol: Rapid and complete, 50% Protein Binding hydrochlorothiazide: 67.9% metoprolol: 12% Metabolism hydrochlorothiazide: Hydrochlorothiazide is not metabolized. metoprolol: Primarily hepatic Excretion hydrochlorothiazide: Hydrochlorothiazide is not metabolized but is eliminated rapidly by the kidney. Hydrochlorothiazide crosses the placental but not th…",,"Indications & Usage Metoprolol Tartrate And Hydrochlorothiazide tablets are indicated for the management of hypertension. This fixed-combination drug is not indicated for initial therapy of hypertension. If the fixed combination represents the dose titrated to the individual patient’s needs, therapy with the fixed combination may be more convenient than with the separate components.","Contraindications Metoprolol Metoprolol tartrate tablets are contraindicated in sinus bradycardia, heart block greater than first degree, cardiogenic shock, and overt cardiac failure . Hypersensitivity to metoprolol tartrate and related derivatives, or to any of the excipients; hypersensitivity to other beta blockers (cross sensitivity between beta blockers can occur). Sick-sinus syndrome. Severe…",Rx,,,Thiazide Diuretic,,
medtap,5a8e1981564c99302a18bca4,Nystatin,,Polyene Antifungal,Antimicrobial,transdermal,transdermal,,,,,,,,,,,"Absorption Nystatin is not absorbed from intact skin or mucous membrane. Pharmacokinetics Pharmacokinetics: Nystatin is not absorbed from intact skin or mucous membrane. Microbiology: Nystatin is an antifungal antibiotic which is both fungistatic and fungicidal in vitro against a wide variety of yeasts and yeast-like fungi, including Candida albicans, C. parapsilosis, C. tropicalis, C. guilliermo…",,"Indications & Usage Nystatin cream is indicated in the treatment of cutaneous or mucocutaneous mycotic infections caused by Candida albicans and other susceptible Candida species. This cream is not indicated for systemic, oral, intravaginal or ophthalmic use.","Contraindications Nystatin cream is contraindicated in patients with a history of hypersensitivity to any of their components. Precautions General: Nystatin cream should not be used for the treatment of systemic, oral, intravaginal or ophthalmic infections. If irritation or sensitization develops, treatment should be discontinued and appropriate measures taken as indicated. It is recommended that…",Rx,,,Polyene Antifungal,,
medtap,5a8e1981564c99302a18bc87,Capreomycin,Capastat Sulfate,Antimycobacterial,Other,intramuscular,intramuscular,,,,,,,,,,,"Absorption Not absorbed in significant quantities from the gastrointestinal tract and must be administered parenterally. Excretion When a 1–g dose of capreomycin was given intramuscularly to normal volunteers, 52% was excreted in the urine within 12 hours.",,"Indications & Usage Capastat Sulfate, which is to be used concomitantly with other appropriate antituberculosis agents, is indicated in pulmonary infections caused by capreomycin-susceptible strains of M. tuberculosis when the primary agents (isoniazid, rifampin, ethambutol, aminosalicylic acid, and streptomycin) have been ineffective or cannot be used because of toxicity or the presence of resis…","Contraindications Capastat Sulfate is contraindicated in patients who are hypersensitive to capreomycin. Precautions General Audiometric measurements and assessment of vestibular function should be performed prior to initiation of therapy with Capastat Sulfate and at regular intervals during treatment. Renal injury, with tubular necrosis, elevation of the blood urea nitrogen (BUN) or serum creati…",Rx,,,Antimycobacterial,,
medtap,5a8e1981564c99302a18bca7,Formoterol,Bevespi Aerosphere; glycopyrrolate/formoterol,beta2-Adrenergic Agonist,Other,inhalation,inhalation,,,,,,,,,,,Absorption formoterol: Rapidly absorbed into plasma following administration by oral inhalation. It is likely that the majority of the inhaled formoterol delivered is swallowed and then absorbed from the gastrointestinal tract. glycopyrrolate: Rapidly absorbed (1-2 minutes) after intravenous injection Protein Binding formoterol: The binding of formoterol to human plasma proteins in vitro was 61%-…,,"Indications & Usage Bevespi Aerosphere is a combination of glycopyrrolate, an anticholinergic, and formoterol fumarate, a long-acting beta 2 -adrenergic agonist (LABA) indicated for the long-term, maintenance treatment of airflow obstruction in patients with chronic obstructive pulmonary disease (COPD). Limitation of Use: Not indicated for the relief of acute bronchospasm or for the treatment of …","Contraindications All LABAs are contraindicated in patients with asthma without use of a long-term asthma controller medication. Bevespi Aerosphere is not indicated for the treatment of asthma. Hypersensitivity to glycopyrrolate, formoterol fumarate, or to any component of this product. Warnings And Precautions Do not initiate in acutely deteriorating COPD or to treat acute symptoms. Do not use i…",Rx,,,beta2-Adrenergic Agonist,,
medtap,5a8e1981564c99302a18bc86,Thymidylate synthase,Polytrim; polymyxin b sulfate/trimethoprim,Dihydrofolate Reductase Inhibitor Antibacterial,Other,other,other,,,,,,,,,,,"Absorption trimethoprim: Readily and almost completely absorbed in the GI tract with peak serum concentrations attained 1-4 hours after oral administration. Widely distributed to tissues and fluids including kidney, lung, seminal fluid, aqueous humour, middle ear fluid, sputum, vaginal secretions, bile, bone and CSF. Protein Binding trimethoprim: 42-46% bound to plasma proteins Metabolism trimeth…",,"Indications & Usage Polytrim ® Ophthalmic Solution is indicated in the treatment of surface ocular bacterial infections, including acute bacterial conjunctivitis, and blepharoconjunctivitis, caused by susceptible strains of the following microorganisms: Staphylococcus aureus , Staphylococcus epidermidis, Streptococcus pneumoniae, Streptococcus viridans, Haemophilus influenzae and Pseudomonas aeru…","Contraindications Polytrim ® Ophthalmic Solution is contraindicated in patients with known hypersensitivity to any of its components. Warnings NOT FOR INJECTION INTO THE EYE. If a sensitivity reaction to Polytrim ® occurs, discontinue use. Polytrim ® Ophthalmic Solution is not indicated for the prophylaxis or treatment of ophthalmia neonatorum. Precautions General: As with other antimicrobial pre…",Rx,,,Dihydrofolate Reductase Inhibitor Antibacterial,,
medtap,5a8e1981564c99302a18bc9a,Dihydrofolate reductase,Malarone; atovaquone/proguanil,Antimalarial,Other,oral,oral,,,,,,,,,,,"Absorption null: Rapidly and well absorbed in humans following oral doses ranging from 50 to 500 mg. atovaquone: The bioavailability of atovaquone is low and variable and is highly dependent on formulation and diet. Bioavailability of the suspension increases two-fold when administered with meals. When administered with food, bioavailability is approximately 47%. Without food, the bioavailability…",,"Indications & Usage Malarone is an antimalarial indicated for: prophylaxis of Plasmodium falciparum malaria, including in areas where chloroquine resistance has been reported. treatment of acute, uncomplicated P. falciparum malaria. Indications & Usage Prevention of Malaria Malarone ® is indicated for the prophylaxis of Plasmodium falciparum malaria, including in areas where chloroquine resistanc…","Contraindications Known serious hypersensitivity reactions to atovaquone or proguanil hydrochloride or any component of the formulation. Prophylaxis of falciparum malaria in patients with severe renal impairment (creatinine clearance <30 mL/min). Warnings And Precautions Atovaquone absorption may be reduced in patients with diarrhea or vomiting. If used in patients who are vomiting, parasitemia s…",Rx,,,Antimalarial,,
medtap,5a8e1981564c99302a18bc9c,Clindamycin,Benzaclin; clindamycin/benzoyl peroxide; Cleocin Phosphate; Veltin; clindamycin/tretinoin; Clindacin P; Clindamax Lotion; Neuac,Lincosamide Antibacterial; Retinoid,Other,transdermal,transdermal,,,,,,,,,,,Absorption clindamycin: Rapidly absorbed after oral administration with peak serum concentrations observed after about 45 minutes. Absorption of an oral dose is virtually complete (90%) and the concomitant intake of food does not appreciably modify the serum concentrations; serum levels have been uniform and predictable from person to person and dose to dose. Clindamycin does not penetrate the bl…,,Indications & Usage Benzaclin Topical Gel is indicated for the topical treatment of acne vulgaris.,"Contraindications Benzaclin Topical Gel is contraindicated in those individuals who have shown hypersensitivity to any of its components or to lincomycin. It is also contraindicated in those having a history of regional enteritis, ulcerative colitis, or antibiotic-associated colitis. Warnings ORALLY AND PARENTERALLY ADMINISTERED CLINDAMYCIN HAS BEEN ASSOCIATED WITH SEVERE COLITIS WHICH MAY RESULT…",Rx,,,Lincosamide Antibacterial; Retinoid,,
medtap,5a8e1981564c99302a18bc76,triamcinolone,24 Hour Nasal Allergy; triamcinolone; Nasal Allergy 24 Hour; Aristospan; Equaline Nasal Allergy,OTHER; Corticosteroid,Supplement,insufflation,insufflation,,,,,,,,,,,,,Indications & Usage temporarily relieves these symptoms of hay fever or other upper respiratory allergies: nasal congestion runny nose sneezing itchy nose,,OTC,,,OTHER; Corticosteroid,,
medtap,5a8e1981564c99302a18bc6d,Valproic Acid,Depakote; divalproex sodium,Mood Stabilizer,Other,oral,oral,,,,,,,,,,,"Absorption Rapid absorption from gastrointestinal tract. Although the rate of valproate ion absorption may vary with the formulation administered (liquid, solid, or sprinkle), conditions of use (e.g., fasting or postprandial) and the method of administration (e.g., whether the contents of the capsule are sprinkled on food or the capsule is taken intact), these differences should be of minor clini…",,"Indications & Usage Depakote ER is an anti-epileptic drug indicated for: Acute treatment of manic or mixed episodes associated with bipolar disorder, with or without psychotic features Monotherapy and adjunctive therapy of complex partial seizures and simple and complex absence seizures; adjunctive therapy in patients with multiple seizure types that include absence seizures Prophylaxis of migrai…",Contraindications Hepatic disease or significant hepatic dysfunction Known mitochondrial disorders caused by mutations in mitochondrial DNA polymerase γ (POLG) Suspected POLG-related disorder in children under two years of age Known hypersensitivity to the drug Urea cycle disorders Pregnant patients treated for prophylaxis of migraine headaches Warnings And Precautions Hepatotoxicity; evaluate hi…,Rx,,,Mood Stabilizer,,
medtap,5a8e1981564c99302a18bc70,Metoprolol,Lopressor,beta-Adrenergic Blocker,Other,oral,oral,,,,,,,,,,,"Absorption Rapid and complete, 50% Protein Binding 12% Metabolism Primarily hepatic Excretion Less than 5% of an oral dose of metoprolol is recovered unchanged in the urine; the rest is excreted by the kidneys as metabolites that appear to have no beta-blocking activity. Half-life 3-7 hours Mechanism Of Action Lopressor is a beta 1 -selective (cardioselective) adrenergic receptor blocker. This pr…",,Indications & Usage Hypertension Lopressor tablets are indicated for the treatment of hypertension. They may be used alone or in combination with other antihypertensive agents. Angina Pectoris Lopressor is indicated in the long-term treatment of angina pectoris. Myocardial Infarction Lopressor tablets are indicated in the treatment of hemodynamically stable patients with definite or suspected acu…,"Contraindications Hypertension and Angina Lopressor is contraindicated in sinus bradycardia, heart block greater than first degree, cardiogenic shock, and overt cardiac failure . Hypersensitivity to Lopressor and related derivatives, or to any of the excipients; hypersensitivity to other beta-blockers (cross sensitivity between beta-blockers can occur). Sick-sinus syndrome. Severe peripheral arte…",Rx,,,beta-Adrenergic Blocker,,
medtap,5a8e1981564c99302a18bc85,Cidofovir,Vistide,Cytomegalovirus Nucleoside Analog DNA Polymerase Inhibitor,Other,intravenous,intravenous,,,,,,,,,,,Absorption 100% Volume Of Distribution * 537 ± 126 mL/kg [VISTIDE ADMINISTERED WITHOUT PROBENECID] Protein Binding 6% Half-life 2.4 to 3.2 hours Clearance * 179 +/- 23.1 mL/min/1.73 m2 [WITHOUT PROBENECID],,"Indications & Usage Vistide is indicated for the treatment of CMV retinitis in patients with acquired immunodeficiency syndrome (AIDS). THE SAFETY AND EFFICACY OF Vistide HAVE NOT BEEN ESTABLISHED FOR TREATMENT OF OTHER CMV INFECTIONS (SUCH AS PNEUMONITIS OR GASTROENTERITIS), CONGENITAL OR NEONATAL CMV DISEASE, OR CMV DISEASE IN NON-HIV-INFECTED INDIVIDUALS.","Contraindications Initiation of therapy with Vistide is contraindicated in patients with a serum creatinine > 1.5 mg/dL, a calculated creatinine clearance ≤ 55 mL/min, or a urine protein ≥ 100 mg/dL (equivalent to ≥ 2+ proteinuria). Vistide is contraindicated in patients receiving agents with nephrotoxic potential. Such agents must be discontinued at least seven days prior to starting therapy wit…",Rx,,,Cytomegalovirus Nucleoside Analog DNA Polymerase Inhibitor,,
medtap,5a8e1981564c99302a18bc99,Benzylpenicillin,penicillin g sodium,Penicillin-class Antibacterial,Other,intramuscular,intramuscular,,,,,,,,,,,"Absorption Rapidly absorbed following both intramuscular and subcutaneous injection. Initial blood levels following parenteral administration are high but transient. Oral absorption in fasting, healthy humans is only about 15-30% as it is very susceptible to acid-catalyzed hydrolysis. Volume Of Distribution 0.53–0.67 L/kg in adults with normal renal function Protein Binding Bind to serum proteins…",,"Indications & Usage Therapy Penicillin G Sodium for Injection, USP is indicated in the treatment of serious infections caused by susceptible strains of the designated microorganisms in the conditions listed below. Appropriate culture and susceptibility tests should be done before treatment in order to isolate and identify organisms causing infection and to determine their susceptibility to penici…",Contraindications A history of hypersensitivity (anaphylactic) reaction to any penicillin is a contraindication. Warnings SERIOUS AND OCCASIONALLY FATAL HYPERSENSITIVITY (anaphylactic) REACTIONS HAVE BEEN REPORTED IN PATIENTS ON PENICILLIN THERAPY. THESE REACTIONS ARE MORE LIKELY TO OCCUR IN INDIVIDUALS WITH A HISTORY OF PENICILLIN HYPERSENSITIVITY AND/OR A HISTORY OF SENSITIVITY TO MULTIPLE ALLE…,Rx,,,Penicillin-class Antibacterial,,
medtap,5a8e1981564c99302a18bcab,Etomidate,Amidate,General Anesthetic,Other,intravenous,intravenous,,,,,,,,,,,"Protein Binding 76%, primarily to serum albumin. Metabolism Hepatic. Metabolized rapidly by ester hydrolysis to inactive metabolites. Excretion Approximately 75% of the administered dose is excreted in the urine during the first day after injection. Half-life 75 minutes.",,"Indications & Usage Amidate is indicated by intravenous injection for the induction of general anesthesia. When considering use of Amidate, the usefulness of its hemodynamic properties should be weighed against the high frequency of transient skeletal muscle movements . Intravenous Amidate is also indicated for the supplementation of subpotent anesthetic agents, such as nitrous oxide in oxygen, d…",Contraindications Amidate is contraindicated in patients who have shown hypersensitivity to it. Warnings INTRAVENOUS Amidate SHOULD BE ADMINISTERED ONLY BY PERSONS TRAINED IN THE ADMINISTRATION OF GENERAL ANESTHETICS AND IN THE MANAGEMENT OF COMPLICATIONS ENCOUNTERED DURING THE CONDUCT OF GENERAL ANESTHESIA. BECAUSE OF THE HAZARDS OF PROLONGED SUPPRESSION OF ENDOGENOUS CORTISOL AND ALDOSTERONE PR…,Rx,,,General Anesthetic,,
medtap,5a8e1981564c99302a18bc8e,Buspirone,Buspirone Hydrochloride,OTHER,Other,oral,oral,,,,,,,,,,,"Absorption Rapidly absorbed in man. Bioavailability is low and variable (approximately 5%) due to extensive first pass metabolism. Protein Binding 95% (approximately 70% bound to albumin, 30% bound to alpha 1 -acid glycoprotein) Metabolism Metabolized hepatically, primarily by oxidation by cytochrome P450 3A4 producing several hydroxylated derivatives and a pharmacologically active metabolite, 1-…",,Indications & Usage Buspirone Hydrochloride tablets are indicated for the management of anxiety disorders or the short-term relief of the symptoms of anxiety. Anxiety or tension associated with the stress of everyday life usually does not require treatment with an anxiolytic. The efficacy of Buspirone Hydrochloride tablets has been demonstrated in controlled clinical trials of outpatients whose d…,Contraindications Buspirone Hydrochloride tablets are contraindicated in patients hypersensitive to Buspirone Hydrochloride. Warnings The administration of Buspirone Hydrochloride tablets to a patient taking a monoamine oxidase inhibitor (MAOI) may pose a hazard. There have been reports of the occurrence of elevated blood pressure when Buspirone Hydrochloride has been added to a regimen including…,Rx,,,OTHER,,
medtap,5a8e1981564c99302a18bc94,Androgen receptor,Nilandron; nilutamide,Androgen Receptor Inhibitor,Other,oral,oral,,,,,,,,,,,"Absorption Rapidly and completely absorbed, yielding high and persistent plasma concentrations. Metabolism The results of a human metabolism study using 14C-radiolabelled tablets show that nilutamide is extensively metabolized and less than 2% of the drug is excreted unchanged in urine after 5 days. Excretion Nilutamide is extensively metabolized andless than 2% of the drug is excreted unchanged …",,"Indications & Usage Metastatic Prostate Cancer Nilandron tablets are indicated for use in combination with surgical castration for the treatment of metastatic prostate cancer (Stage D 2 ). For maximum benefit, Nilandron treatment must begin on the same day as or on the day after surgical castration.",Contraindications Nilandron tablets are contraindicated: in patients with severe hepatic impairment (baseline hepatic enzymes should be evaluated prior to treatment) in patients with severe respiratory insufficiency in patients with hypersensitivity to nilutamide or any component of this preparation. Warnings Interstitial Pneumonitis Interstitial pneumonitis has been reported in 2% of patients in…,Rx,,,Androgen Receptor Inhibitor,,
medtap,5a8e1981564c99302a18bca6,heparin,Heparin Sodium; heparin,Unfractionated Heparin,Other,intravenous,intravenous,,,,,,,,,,,"Mechanism Of Action Heparin interacts with the naturally occurring plasma protein, Antithrombin III, to induce a conformational change, which markedly enhances the serine protease activity of Antithrombin III, thereby inhibiting the activated coagulation factors involved in the clotting sequence, particularly Xa and IIa. Small amounts of heparin inhibit Factor Xa, and larger amounts inhibit throm…",,Indications & Usage Heparin Sodium is an anticoagulant indicated for: Prophylaxis and treatment of venous thromboembolism and pulmonary embolism Atrial fibrillation with embolization Treatment of acute and chronic consumptive coagulopathies (disseminated intravascular coagulation) Prevention of clotting in arterial and cardiac surgery Prophylaxis and treatment of peripheral arterial embolism Anti…,Contraindications History of Heparin-Induced Thrombocytopenia (HIT) and Heparin-Induced Thrombocytopenia and Thrombosis (HITT) Known hypersensitivity to heparin or pork products In whom suitable blood coagulation tests cannot be performed at appropriate intervals Warnings And Precautions Fatal Medication Errors: Confirm choice of correct strength prior to administration. Hemorrhage: Fatal cases h…,Rx,,,Unfractionated Heparin,,
medtap,5a8e1981564c99302a18bc71,Dutasteride,,5-alpha Reductase Inhibitor,Other,oral,oral,,,,,,,,,,,Absorption 60% Volume Of Distribution * 300 to 500 L Protein Binding Highly bound to albumin (99%) and α-1 acid glycoprotein (96.6%). Metabolism Hepatic. Extensively metabolized by CYP3A4 and CYP3A5 to active metabolites. Excretion Dutasteride is extensively metabolized in humans. Dutasteride and its metabolites were excreted mainly in feces. Half-life 5 weeks,,"Indications & Usage Dutasteride capsules is a 5 alpha-reductase inhibitor indicated for the treatment of symptomatic benign prostatic hyperplasia (BPH) in men with an enlarged prostate to: improve symptoms, reduce the risk of acute urinary retention, and reduce the risk of the need for BPH-related surgery. Dutasteride capsules in combination with the alpha adrenergic antagonist, tamsulosin, are i…","Contraindications Pregnancy and women of childbearing potential. Patients with previously demonstrated, clinically significant hypersensitivity (e.g., serious skin reactions, angioedema) to Dutasteride, USP or other 5 alpha-reductase inhibitors. Warnings And Precautions Dutasteride reduces serum prostate-specific antigen (PSA) concentration by approximately 50%. However, any confirmed increase in…",Rx,,,5-alpha Reductase Inhibitor,,
medtap,5a8e1981564c99302a18bc97,phytonadione,Mephyton; phytonadione,Warfarin Reversal Agent,Other,oral,oral,,,,,,,,,,,,,"Indications & Usage Mephyton is indicated in the following coagulation disorders which are due to faulty formation of factors II,VII, IX and X when caused by vitamin K deficiency or interference with vitamin K activity. Mephyton tablets are indicated in: - anticoagulant-induced prothrombin deficiency caused by coumarin or indanedione derivatives; - hypoprothrombinemia secondary to antibacterial t…","Contraindications Hypersensitivity to any component of this medication. Warnings An immediate coagulant effect should not be expected after administration of phytonadione. Phytonadione will not counteract the anticoagulant action of heparin. When vitamin K 1 is used to correct excessive anticoagulant-induced hypoprothrombinemia, anticoagulant therapy still being indicated, the patient is again fa…",Rx,,,Warfarin Reversal Agent,,
medtap,5a8e1981564c99302a18bc74,Olanzapine,Zyprexa,Atypical Antipsychotic,Antipsychotic,oral,oral,,,,,,,,,,,"Absorption Well absorbed, with approximately 40% of the dose metabolized before reaching the systemic circulation. Volume Of Distribution * 1000 L Protein Binding 93% Metabolism Hepatic Excretion It is eliminated extensively by first pass metabolism, with approximately 40% of the dose metabolized before reaching the systemic circulation. Following a single oral dose of 14C labeled olanzapine, 7% …",,Indications & Usage Zyprexa ® (olanzapine) is an atypical antipsychotic indicated: As oral formulation for the: Treatment of schizophrenia. Adults: Efficacy was established in three clinical trials in patients with schizophrenia: two 6-week trials and one maintenance trial. Adolescents (ages 13-17): Efficacy was established in one 6-week trial in patients with schizophrenia. The increased potenti…,"Contraindications None with Zyprexa monotherapy. When using Zyprexa and fluoxetine in combination, also refer to the Contraindications section of the package insert for Symbyax ® . When using Zyprexa in combination with lithium or valproate, refer to the Contraindications section of the package inserts for those products. Warnings And Precautions Elderly Patients with Dementia-Related Psychosis: …",Rx,,,Atypical Antipsychotic,,
medtap,5a8e1981564c99302a18bc7e,Diflorasone,Diflorasone Diacetate,Corticosteroid,Supplement,transdermal,transdermal,,,,,,,,,,,"Absorption Topical corticosteroids can be absorbed from intact healthy skin. The extent of percutaneous absorption of topical corticosteroids is determined by many factors, including the vehicle and the integrity of the epidermal barrier. Occlusion, inflammation and/or other disease processes in the skin may also increase percutaneous absorption. Protein Binding Bound to plasma proteins in varyin…",,Indications & Usage Topical corticosteroids are indicated for relief of the inflammatory and pruritic manifestations of corticosteroid-responsive dermatoses.,"Contraindications Topical steroids are contraindicated in those patients with a history of hypersensitivity to any of the components of the preparation. Precautions General Systemic absorption of topical corticosteroids has produced reversible hypothalamic-pituitary-adrenal (HPA) axis suppression, manifestations of Cushing’s syndrome, hyperglycemia, and glucosuria in some patients. Conditions whi…",Rx,,,Corticosteroid,,
medtap,5a8e1981564c99302a18bc73,Vitamin D3 receptor,Taclonex Scalp; calcipotriene/betamethasone,Corticosteroid,Supplement,transdermal,transdermal,,,,,,,,,,,"Absorption calcipotriene: Clinical studies with radiolabeled ointment indicate that approximately 6% (+3%, SD) of the applied dose of calcipotriene is absorbed systemically when the ointment is applied topically to psoriasis plaques or 5% (+2.6%, SO) when applied to normal skin. betamethasone: Minimal if applied topically. Metabolism calcipotriene: Hepatic. Calcipotriene metabolism following syst…",,"Indications & Usage Taclonex Scalp® Topical Suspension is a vitamin D analog and corticosteroid combination product indicated for the topical treatment of moderate to severe psoriasis vulgaris of the scalp in adults 18 years and older Limitations of Use: Do not use on the face, axillae or groin Do no use if atrophy is present at the treatment site Indications & Usage Enter section text here Indic…","Contraindications None Warnings And Precautions Hypercalcemia and hypercalciuria have been reported. If either occurs, discontinue until parameters of calcium metabolism normalize Topical corticosteroids can produce reversible HPA axis suppression, Cushing's syndrome and unmask latent diabetes Rate of adrenal suppression increased with treatment duration Systemic absorption may require evaluation…",Rx,,,Corticosteroid,,
medtap,5a8e1981564c99302a18bcaa,Mecamylamine,Vecamyl,Autonomic Ganglionic Blocker,Other,oral,oral,,,,,,,,,,,"Absorption Mecamylamine is almost completely absorbed from the gastrointestinal tract Protein Binding 40% Excretion Mecamylamine is excreted slowly in the urine in the unchanged form. The rate of its renal elimination is influenced markedly by urinary pH. Pharmacokinetics Mecamylamine HCl is almost completely absorbed from the gastrointestinal tract, resulting in consistent lowering of blood pres…",,Indications & Usage For the management of moderately severe to severe essential hypertension and in uncomplicated cases of malignant hypertension.,"Contraindications Mecamylamine HCl should not be used in mild, moderate, labile hypertension and may prove unsuitable in uncooperative patients. It is contraindicated in coronary insufficiency or recent myocardial infarction. Mecamylamine HCl should be given with great discretion, if at all, when renal insufficiency is manifested by a rising or elevated BUN. The drug is contraindicated in uremia.…",Rx,,,Autonomic Ganglionic Blocker,,
medtap,5a8e1981564c99302a18bcba,Irbesartan,Avapro,Angiotensin 2 Receptor Blocker,Other,oral,oral,,,,,,,,,,,Absorption Rapid and complete with an average absolute bioavailability of 60-80%. Food has no affect on bioavailability. Volume Of Distribution * 53 to 93 L Protein Binding 90% bound to serum proteins (primarily albumin and a1-acid glycoprotein) with negligible binding to cellular components of blood. Metabolism Hepatic. Irbesartan is metabolized via glucuronide conjugation and oxidation. In vitr…,,Indications & Usage Hypertension Avapro (irbesartan) is indicated for the treatment of hypertension. It may be used alone or in combination with other antihypertensive agents. Nephropathy in Type 2 Diabetic Patients Avapro is indicated for the treatment of diabetic nephropathy with an elevated serum creatinine and proteinuria (>300 mg/day) in patients with type 2 diabetes and hypertension. In thi…,Contraindications Avapro is contraindicated in patients who are hypersensitive to any component of this product. Do not coadminister aliskiren with Avapro in patients with diabetes . Warnings Fetal Toxicity Pregnancy Category D Use of drugs that act on the renin-angiotensin system during the second and third trimesters of pregnancy reduces fetal renal function and increases fetal and neonatal mor…,Rx,,,Angiotensin 2 Receptor Blocker,,
medtap,5a8e1981564c99302a18bcbb,Pravastatin,Pravastatin Sodium,HMG-CoA Reductase Inhibitor,Other,oral,oral,,,,,,,,,,,"Absorption Pravastatin is rapidly absorbed with peak plasma levels of the parent compound achieved 1 to 1.5 hours after administration. The average oral absorption of pravastatin is 34% and absolute bioavailability is 17%. These values however, are variable. Food decreases the systemic bioavailability but the lipid-lowering effect is not impacted. When 20 mg of pravastatin is given orally, the ph…",,"Indications & Usage Pravastatin Sodium tablets are an HMG-CoA reductase inhibitor (statin) indicated as an adjunctive therapy to diet to: 7. Reduce the risk of MI, revascularization, and cardiovascular mortality in hypercholesterolemic patients without clinically evident CHD. 8. Reduce the risk of total mortality by reducing coronary death, MI, revascularization, stroke/TIA, and the progression o…","Contraindications 5. Hypersensitivity to any component of this medication. 6. Active liver disease or unexplained, persistent elevations of serum transaminases. 7. Pregnancy. 8. Lactation. Warnings And Precautions 3. Skeletal muscle effects (e.g., myopathy and rhabdomyolysis): predisposing factors include advanced age (≥ 65), uncontrolled hypothyroidism, and renal impairment. Patients should be a…",Rx,,,HMG-CoA Reductase Inhibitor,,
medtap,5a8e1981564c99302a18bc91,Prilocaine,Lidopril; lidocaine/prilocaine; inflammation reduction pack; Lido-prilo Caine Pack; lidocaine,Amide Local Anesthetic; OTHER,Other,transdermal,transdermal,,,,,,,,,,,Protein Binding prilocaine: 98% lidocaine: 60-80% Excretion prilocaine: Prilocaine is metabolized in both the liver and the kidney and excreted via the kidney. lidocaine: Lidocaine and its metabolites are excreted by the kidneys.,,Indications & Usage Lidocaine and prilocaine cream (a eutectic mixture of lidocaine 2.5% and prilocaine 2.5%) is indicated as a topical anesthetic for use on: normal intact skin for local analgesia. genital mucous membranes for superficial minor surgery and as pretreatment for infiltration anesthesia. Lidocaine and prilocaine cream is not recommended in any clinical situation when penetration or …,Contraindications Lidocaine and prilocaine cream (lidocaine 2.5% and prilocaine 2.5%) is contraindicated in patients with a known history of sensitivity to local anesthetics of the amide type or to any other component of the product. Warnings Application of Lidocaine and prilocaine cream to larger areas or for longer times than those recommended could result in sufficient absorption of lidocaine …,Rx,,,Amide Local Anesthetic; OTHER,,
medtap,5a8e1981564c99302a18bcaf,Omeprazole,Humana Pharmacy Omeprazole; Leader Omeprazole; Sunmark Omeprazole; Healthy Accents Omeprazole; Prilosec Otc; Care One Omeprazole,OTHER,Other,oral,oral,,,,,,,,,,,"Absorption The delayed-release capsule are enteric-coated (as omeprazole is acid-labile) so the absorption of omprazole begins once the granules leave the stomach. Absorption is rapid. Peak plasma levels occur within 0.5 - 3.5 hours. The absolute bioavailability (compared with intravenous administration) of the delayed-release capsule is 30-40% at doses of 20 - 40 mg, due to presystemic metabolis…",,Indications & Usage treats frequent heartburn (occurs 2 or more days a week) not intended for immediate relief of heartburn; this drug may take 1 to 4 days for full effect,"Warnings Allergy alert: Do not use if you are allergic to omeprazole Do not use if you have trouble or pain swallowing food, vomiting with blood, or bloody or black stools. These may be signs of a serious condition. See your doctor. Ask a doctor before use if you have had heartburn over 3 months. This may be a sign of a more serious condition. heartburn with lightheadedness, sweating or dizziness…",OTC,,,OTHER,,
medtap,5a8e1981564c99302a18bcb5,Escitalopram,Escitalopram Oxalate,Serotonin Reuptake Inhibitor,Antidepressant,oral,oral,,,,,,,,,,,"Absorption The absolute bioavailability of citalopram is about 80% relative to an intravenous dose. Volume Of Distribution * 12 L/kg Protein Binding ~56% Metabolism Mainly hepatic. Escitalopram undergoes Excretion Following oral administrations of escitalopram, the fraction of drug recovered in the urine as escitalopram and Half-life 27-32 hours Clearance * oral cl=600 mL/min [Following oral admi…",,"Indications & Usage Escitalopram is a selective serotonin reuptake inhibitor (SSRI) indicated for: Acute and Maintenance Treatment of Major Depressive Disorder (MDD) in adults and adolescents aged 12 to 17 years Acute Treatment of Generalized Anxiety Disorder (GAD) in adults Indications & Usage Major Depressive Disorder Escitalopram Tablets, USP are indicated for the acute and maintenance treatme…","Contraindications Serotonin Syndrome and MAOIs: Do not use MAOIs intended to treat psychiatric disorders with escitalopram tablets or within 14 days of stopping treatment with escitalopram tablets. Do not use escitalopram tablets within 14 days of stopping an MAOI intended to treat psychiatric disorders. In addition, do not start escitalopram tablets in a patient who is being treated with linezol…",Rx,,,Serotonin Reuptake Inhibitor,,
medtap,5a8e1981564c99302a18bc82,Bicalutamide,Casodex,Androgen Receptor Inhibitor,Other,oral,oral,,,,,,,,,,,"Absorption Bicalutamide is well-absorbed following oral administration, although the absolute bioavailability is unknown. Protein Binding 96% Metabolism Bicalutamide undergoes stereo specific metabolism. The S (inactive) isomer is metabolized primarily by glucuronidation. The R (active) isomer also undergoes glucuronidation but is predominantly oxidized to an inactive metabolite followed by glucu…",,Indications & Usage Casodex 50 mg is an androgen receptor inhibitor indicated for use in combination therapy with a luteinizing hormone-releasing hormone (LHRH) analog for the treatment of Stage D 2 metastatic carcinoma of the prostate. Casodex 150 mg daily is not approved for use alone or with other treatments. Indications & Usage Casodex 50 mg daily is indicated for use in combination therapy w…,"Contraindications Hypersensitivity Women Pregnancy Warnings And Precautions Severe hepatic injury and fatal hepatic failure have been observed. Monitor serum transaminase levels prior to starting treatment with Casodex, at regular intervals for the first four months of treatment and periodically thereafter, and for symptoms or signs suggestive of hepatic dysfunction. Use Casodex with caution in p…",Rx,,,Androgen Receptor Inhibitor,,
medtap,5a8e1981564c99302a18bc90,Oxycodone,Oxycodone Hydrochloride; Roxicodone,Opioid Agonist,Opioid,oral,oral,,,,,,,,,,,Absorption Well absorbed with an oral bioavailability of 60% to 87% Volume Of Distribution * 2.6 L/kg Protein Binding 45% Metabolism Hepatic Excretion Oxycodone and its metabolites are excreted primarily via the kidney. Half-life 4.5 hours Clearance * 0.8 L/min [adults] Pharmacodynamics The relationship between the plasma level of oxycodone and the analgesic response will depend on the patient's …,,Indications & Usage Oxycodone Hydrochloride tablets are an immediate-release oral formulation of Oxycodone Hydrochloride indicated for the management of moderate to severe pain where the use of an opioid analgesic is appropriate.,"Contraindications Oxycodone Hydrochloride tablets are contraindicated in patients with known hypersensitivity to oxycodone, or in any situation where opioids are contraindicated. This includes patients with significant respiratory depression (in unmonitored settings or the absence of resuscitative equipment) and patients with acute or severe bronchial asthma or hypercarbia. Oxycodone Hydrochlorid…",Rx,,,Opioid Agonist,,
medtap,5a8e1981564c99302a18bc9b,progesterone,Endometrin; progesterone,Progesterone,Other,other,other,,,,,,,,,,,Absorption Progesterone absorption is prolonged with an absorption half-life of approximately 25-50 hours. Protein Binding 96%-99% Metabolism Progesterone is metabolized primarily by the liver largely to pregnanediols and pregnanolones. Excretion The glucuronide and sulfate conjugates of pregnanediol and pregnanolone are excreted in the urine and bile. Progesterone metabolites which are excreted …,,Indications & Usage Endometrin ® is a progesterone indicated to support embryo implantation and early pregnancy by supplementation of corpus luteal function as part of an Assisted Reproductive Technology (ART) treatment program for infertile women. Indications & Usage Endometrin ® (progesterone) is indicated to support embryo implantation and early pregnancy by supplementation of corpus luteal fu…,"Contraindications Previous allergic reactions to progesterone or any of the ingredients of Endometrin Vaginal Insert Undiagnosed vaginal bleeding Known missed abortion or ectopic pregnancy Liver disease Known or suspected malignancy of the breast or genital organs Active arterial or venous thromboembolism or severe thrombophlebitis, or a history of these events Warnings And Precautions Life-threa…",Rx,,,Progesterone,,
medtap,5a8e1981564c99302a18bc9e,magnesium,Magnesium Citrate; magnesium; Magesium Citrate; Epsom Salts,OTHER,Other,oral,oral,,,,,,,,,,,,,Indications & Usage for relief of occasional constipation (irregularity). Generally produces bowel movement in 1/2 to 6 hours,"Warnings for this product do not use if you are on a low salt diet Ask a doctor before use if you have kidney disease a magnesium or sodium-restricted diet abdominal pain, nausea, or vomiting noticed a sudden change in bowel habits that persists over a period of 2 weeks already used a laxative for a period longer than 1 week Ask a doctor or pharmacist before use if you are taking any other drug. …",OTC,,,OTHER,,
medtap,5a8e1981564c99302a18bca3,Anastrozole,,Aromatase Inhibitor,Other,oral,oral,,,,,,,,,,,"Absorption Rapidly absorbed into the systemic cirulation following oral administration. Peak plasma concentrations are usually attained within 2 hours under fasting conditions, with steady-state plasma concentrations attained in approximately 7 days. Protein Binding 40% Metabolism Hepatic. Metabolized mainly by N-dealkylation, hydroxylation, and glucuronidation to inactive metabolites. Primary me…",,Indications & Usage Anastrozole is an aromatase inhibitor indicated for: Adjuvant treatment of postmenopausal women with hormone receptor-positive early breast cancer First-line treatment of postmenopausal women with hormone receptor-positive or hormone receptor unknown locally advanced or metastatic breast cancer Treatment of advanced breast cancer in postmenopausal women with disease progressio…,"Contraindications Women of premenopausal endocrine status, including pregnant women Patients with demonstrated hypersensitivity to Anastrozole or any excipient Warnings And Precautions In women with pre-existing ischemic heart disease, an increased incidence of ischemic cardiovascular events occurred with Anastrozole use compared to tamoxifen use. Consider risks and benefits. Decreases in bone mi…",Rx,,,Aromatase Inhibitor,,
medtap,5a8e1981564c99302a18bca5,Squalene monooxygenase,Preferred Plus; terbinafine; Cvs Pharmacy,OTHER,Other,transdermal,transdermal,,,,,,,,,,,"Absorption Readily absorbed from gastrointestinal tract. Protein Binding > Metabolism Hepatic Excretion Prior to excretion, terbinafine is extensively metabolized. Half-life 36 hours",,"Indications & Usage cures most athlete's foot (tinea pedis) cures most jock itch (tinea cruris) and ringworm (tinea corporis) relieves itching, burning, cracking and scaling which accompany these conditions","Warnings For external use only Do not use on nails or scalp in or near the mouth or eyes for vaginal yeast infections When using this product do not get into eyes. If eye contact occurs, rinse thoroughly with water. Stop use and ask a doctor if too much irritation occurs or gets worse. Keep out of reach of children. If swallowed, get medical help or contact a Poison Control Center right away.",OTC,,,OTHER,,
medtap,5a8e1981564c99302a18bca8,hydrogen,White Labs; hydrogen,OTHER,Other,oral,oral,,,,,,,,,,,,,"Indications & Usage Aids in the removal of phlegm, mucus, or other secretions associated with occasional sore mouth",Warnings For external use only,OTC,,,OTHER,,
medtap,5a8e1981564c99302a18bcad,mRNA of ApoB-100,Kynamro; mipomersen,Antisense Oligonucleotide,Other,subcutaneous,subcutaneous,,,,,,,,,,,Absorption The maximum mipomersen concentration is reached in about 3-4 hours after subcutaneous injection. Additionally the bioavailability of mipomersn is dose-dependant and ranges from 54%-78%. Volume Of Distribution The volume of distribution for mipomersen was not quantified. Protein Binding Plasma protein binding for mipomersen is greater than or equal to 90%. Metabolism Mipomersem is metab…,,,,Rx,,,Antisense Oligonucleotide,,
medtap,5a8e1981564c99302a18bc9f,Lamivudine,"Triumeq; abacavir/dolutegravir/lamivudine; Abacavir, Lamivudine And Zidovudine; lamivudine/zidovudine/abacavir",Human Immunodeficiency Virus Nucleoside Analog Reverse Transcriptase Inhibitor,Other,oral,oral,,,,,,,,,,,"Absorption lamivudine: Lamivudine was rapidly absorbed after oral administration in HIV-infected patients. Absolute bioavailability in 12 adult patients was 86% ± 16% (mean ± SD) for the 150-mg tablet and 87% ± 13% for the oral solution. The peak serum lamivudine concentration (Cmax) was 1.5 ± 0.5 mcg/mL when an oral dose of 2 mg/kg twice a day was given to HIV-1 patients. When given with food, a…",,"Indications & Usage Triumeq, a combination of dolutegravir (integrase strand transfer inhibitor ), abacavir, and lamivudine (both nucleoside analogue reverse transcriptase inhibitors) is indicated for the treatment of HIV-1 infection in adults and in pediatric patients weighing at least 40 kg. Limitations of Use: Triumeq alone is not recommended in patients with resistance-associated integrase su…","Contraindications Presence of HLA-B*5701 allele. Prior hypersensitivity reaction to abacavir, dolutegravir, or lamivudine. Coadministration with dofetilide. Moderate or severe hepatic impairment. Warnings And Precautions Hepatotoxicity has been reported in patients receiving a dolutegravir-containing regimen. Monitoring for hepatotoxicity is recommended. Hepatic decompensation, some fatal, has oc…",Rx,,,Human Immunodeficiency Virus Nucleoside Analog Reverse Transcriptase Inhibitor,,
medtap,5a8e1981564c99302a18bcbc,Budesonide,Pulmicort Respules,Corticosteroid,Supplement,inhalation,inhalation,,,,,,,,,,,"Absorption Absorption is complete following oral administration. The pharmacokinetic parameters of the inhaled powder formulation are as follows: Volume Of Distribution Tablet and capsule, healthy subjects and patients = 2.2 - 3.9 L/kg; Protein Binding 85-90% protein bound. Metabolism Following absorption, budesonide is subject to high first pass metabolism (80-90%). Budesonide is rapidly and ext…",,Indications & Usage Pulmicort Respules ® is an inhaled corticosteroid indicated for: Maintenance treatment of asthma and as prophylactic therapy in children 12 months to 8 years of age Limitations of Use: Not indicated for the relief of acute bronchospasm Indications & Usage Maintenance Treatment of Asthma Pulmicort Respules is indicated for the maintenance treatment of asthma and as prophylactic…,Contraindications Primary treatment of status asthmaticus or other acute episodes of asthma where intensive measures are required Hypersensitivity to any of the ingredients in Pulmicort Respules Warnings And Precautions Localized Infections: Candida albicans infection of the mouth and throat may occur. Monitor patients periodically for signs of adverse effects on the oral cavity. Advise patients …,Rx,,,Corticosteroid,,
medtap,5a8e1981564c99302a18bcd5,Terazosin,Tarazosin,alpha-Adrenergic Blocker,Other,oral,oral,,,,,,,,,,,Absorption Essentially completely absorbed in man (90% bioavailability). Protein Binding 90-94% Metabolism Hepatic. One of the four metabolites identified (piperazine derivative of terazosin) has antihypertensive activity. Excretion Approximately 10% of an orally administered dose is excreted as parent drug in the urine and approximately 20% is excreted in the feces. Half-life 12 hours Pharmacody…,,"Indications & Usage Terazosin capsules are indicated for the treatment of symptomatic benign prostatic hyperplasia (BPH). There is a rapid response, with approximately 70% of patients experiencing an increase in urinary flow and improvement in symptoms of BPH when treated with terazosin capsules. The long-term effects of terazosin capsules on the incidence of surgery, acute urinary obstruction or…","Contraindications Terazosin capsules are contraindicated in patients known to be hypersensitive to terazosin hydrochloride. Warnings Syncope and 'First-Dose' Effect Terazosin capsules, like other alpha-adrenergic blocking agents, can cause marked lowering of blood pressure, especially postural hypotension, and syncope in association with the first dose or first few days of therapy. A similar effe…",Rx,,,alpha-Adrenergic Blocker,,
medtap,5a8e1981564c99302a18bcd6,sodium,Sodium Ferric Gluconate Complex In Sucrose; sodium; Ferrlecit,Phosphate Binder,Other,intravenous,intravenous,,,,,,,,,,,"Mechanism Of Action Sodium Ferric Gluconate Complex In Sucrose injection is used to replete the body content of iron. Iron is critical for normal hemoglobin synthesis to maintain oxygen transport. Additionally, iron is necessary for metabolism and various enzymatic processes. Pharmacokinetics Multiple sequential single dose intravenous pharmacokinetic studies were performed on 14 healthy iron-def…",,Indications & Usage Sodium Ferric Gluconate Complex In Sucrose injection is an iron replacement product for treatment of iron deficiency anemia in adult patients and in pediatric patients age 6 years and older with chronic kidney disease receiving hemodialysis who are receiving supplemental epoetin therapy. Indications & Usage Sodium Ferric Gluconate Complex In Sucrose injection is indicated for …,Contraindications Known hypersensitivity to sodium ferric gluconate or any of its inactive components. Warnings And Precautions Hypersensitivity Reactions: Monitor patients for signs and symptoms of hypersensitivity during and after Sodium Ferric Gluconate Complex In Sucrose injection administration for at least 30 minutes and until clinically stable following completion of the infusion. Only adm…,Rx,,,Phosphate Binder,,
medtap,5a8e1981564c99302a18bcdf,Esomeprazole,Careone Esomeprazole Magnesium; Nexium; Health Mart Esomeprazole Magnesium; Family Wellness Esomeprazole Magnesium,OTHER; Proton Pump Inhibitor,Other,oral,oral,,,,,,,,,,,"Absorption 90% Volume Of Distribution * 16 L [healthy volunteers] Protein Binding 97% Metabolism Mainly hepatic. Esomeprazole is completely metabolized by the cytochrome P450 system via CYP2C19 and CYP3A4. Metabolism produces inactive hydroxy and desmethyl metabolites, which have no effect on gastric acid secretion. Less than 1% of the parent drug is excreted in urine. Excretion Approximately 80%…",,Indications & Usage treats frequent heartburn (occurs 2 or more days a week) not intended for immediate relief of heartburn; this drug may take 1 to 4 days for full effect,Warnings Allergy alert: Do not use if you are allergic to esomeprazole,OTC,,,OTHER; Proton Pump Inhibitor,,
medtap,5a8e1981564c99302a18bcca,Exenatide,Bydureon,GLP-1 Receptor Agonist,Other,subcutaneous,subcutaneous,,,,,,,,,,,"Absorption Following subcutaneous administration to patients with type 2 diabetes, exenatide reaches median peak plasma concentrations in 2.1 hours. Volume Of Distribution * 28.3 L Excretion Nonclinical studies have shown that exenatide is predominantly eliminated by glomerular filtration with subsequent proteolytic degradation. Half-life Mean terminal half-life is 2.4 hours. Clearance * Apparent…",,Indications & Usage Bydureon is a glucagon-like peptide-1 (GLP-1) receptor agonist indicated as an adjunct to diet and exercise to improve glycemic control in adults with type 2 diabetes mellitus. Limitations of Use: Not recommended as first-line therapy for patients inadequately controlled on diet and exercise. Should not be used to treat type 1 diabetes or diabetic ketoacidosis. Use with insuli…,Contraindications Personal or family history of medullary thyroid carcinoma or in patients with Multiple Endocrine Neoplasia syndrome type 2. Prior serious hypersensitivity reaction to exenatide or any of the product components. Warnings And Precautions Acute Pancreatitis : Including fatal and non-fatal hemorrhagic or necrotizing pancreatitis has been reported. Discontinue promptly if pancreatiti…,Rx,,,GLP-1 Receptor Agonist,,
medtap,5a8e1981564c99302a18bcd8,Atropine,Atropine Sulfate,Cholinergic Muscarinic Antagonist,Other,other,other,,,,,,,,,,,"Absorption Atropine is rapidly and well absorbed after intramuscular administration. Atropine disappears rapidly from the blood and is distributed throughout the various body tissues and fluids. Protein Binding The protein binding of atropine is 14 to 22% in plasma. Metabolism Much of the drug is destroyed by enzymatic hydrolysis, particularly in the liver. From 13 to 50% is excreted unchanged in…",,"Indications & Usage Atropine is an anti-muscarinic agent indicated for: cycloplegia mydriasis penalization of the healthy eye in the treatment of amblyopia Indications & Usage Atropine Sulfate Ophthalmic Solution, USP 1% is indicated for: Cycloplegia Mydriasis Penalization of the healthy eye in the treatment of amblyopia",Contraindications Hypersensitivity or allergic reaction to any ingredient in formulation Warnings And Precautions Photophobia and blurred vision due to pupil unresponsiveness and cycloplegia may last up to 2 weeks. Risk of blood pressure increase from systemic absorption Contraindications Hypersensitivity to any Component of this Medication Atropine sulfate ophthalmic solution should not be used …,Rx,,,Cholinergic Muscarinic Antagonist,,
medtap,5a8e1981564c99302a18bcf2,Rifabutin,Mycobutin,Rifamycin Antimycobacterial,Other,oral,oral,,,,,,,,,,,"Absorption Rifabutin is readily absorbed from the gastrointestinal tract, with an absolute bioavailability averaging 20%. Protein Binding 85% Metabolism Hepatic. Of the five metabolites that have been identified, 25-O-desacetyl and 31-hydroxy are the most predominant. The former metabolite has an activity equal to the parent drug and contributes up to 10% to the total antimicrobial activity. Excr…",,Indications & Usage Mycobutin Capsules are indicated for the prevention of disseminated Mycobacterium avium complex (MAC) disease in patients with advanced HIV infection.,Contraindications Mycobutin Capsules are contraindicated in patients who have had clinically significant hypersensitivity to rifabutin or to any other rifamycins. Warnings Tuberculosis Mycobutin Capsules must not be administered for MAC prophylaxis to patients with active tuberculosis. Patients who develop complaints consistent with active tuberculosis while on prophylaxis with Mycobutin should b…,Rx,,,Rifamycin Antimycobacterial,,
medtap,5a8e1981564c99302a18bcf6,Fexofenadine,Leader Aller Ease; Childrens Allegra Allergy; Care One Aller Ease,OTHER,Other,oral,oral,,,,,,,,,,,"Absorption 33% Protein Binding 60%-70% Metabolism Approximately 5% of the total dose is metabolized, by cytochrome P450 3A4 and by intestinal microflora. Half-life 14.4 hours",,"Indications & Usage temporarily relieves these symptoms due to hay fever or other upper respiratory allergies: runny nose itchy, watery eyes sneezing itching of the nose or throat",Warnings Do not use if you have ever had an allergic reaction to this product or any of its ingredients. Ask a doctor before use if you have kidney disease. Your doctor should determine if you need a different dose. When using this product do not take more than directed do not take at the same time as aluminum or magnesium antacids do not take with fruit juices Stop use and ask a doctor if an all…,OTC,,,OTHER,,
medtap,5a8e1981564c99302a18bcfb,Copper,Peditrace; zinc/cupric chloride/manganese/sodium/sodium/potassium,Paramagnetic Contrast Agent,Other,intravenous,intravenous,,,,,,,,,,,,,,,Rx,,,Paramagnetic Contrast Agent,,
medtap,5a8e1981564c99302a18bd02,polyethylene glycol 3350,Welby Clearlax; polyethylene glycol 3350; Basic Care Clearlax; Berkley And Jensen Clearlax,OTHER; Osmotic Laxative,Other,oral,oral,,,,,,,,,,,,,Indications & Usage relieves occasional constipation (irregularity) generally produces a bowel movement in 1 to 3 days,"Warnings Allergy alert: Do not use if you are allergic to polyethylene glycol Do not use if you have kidney disease, except under the advice and supervision of a doctor Ask a doctor before use if you have nausea, vomiting or abdominal pain a sudden change in bowel habits that lasts over 2 weeks irritable bowel syndrome Ask a doctor or pharmacist before use if you are taking a prescription drug Wh…",OTC,,,OTHER; Osmotic Laxative,,
medtap,5a8e1981564c99302a18bd0c,Gentamicin,Gentamicin Sulfate,Aminoglycoside Antibacterial,Other,other,other,,,,,,,,,,,"Absorption Injections lead to peak serum concentrations in 30-60 minutes. Topical gentamicin is readily absorbed from large burned, denuded, or granulating areas but not through intact skin. Absorption of gentamicin is faster and greater with the cream compared to the ointment. Gentamicin is absorbed in small quantities following topical application to the eye. Gentamicin is also absorbed in smal…",,"Indications & Usage Gentamicin Sulfate ophthalmic solution is indicated in the topical treatment of ocular bacterial infections including conjunctivitis, keratitis, keratoconjunctivitis, corneal ulcers, blepharitis, blepharoconjunctivitis, acute meibomianitis, and dacryocystitis, caused by susceptible strains of the following microorganisms: Staphylococcus aureus, Staphylococcus epidermidis, Stre…","Contraindications Gentamicin Sulfate ophthalmic solution is contraindicated in patients with known hypersensitivity to any of its components. Warnings NOT FOR INJECTION INTO THE EYE Gentamicin Sulfate ophthalmic solution is not for injection. It should never be injected subconjunctivally, nor should it be directly introduced into the anterior chamber of the eye. Precautions General Prolonged use …",Rx,,,Aminoglycoside Antibacterial,,
medtap,5a8e1981564c99302a18bd11,Desogestrel,Cyclessa; Azurette; desogestrel/ethinyl estradiol and ethinyl estradiol; Kariva; Mircette; Caziant,OTHER,Other,oral,,,,,,,,,,,,"Pharmacokinetics Absorption Desogestrel is rapidly and almost completely absorbed and converted into etonogestrel, its biologically active metabolite. Following oral administration, the relative bioavailability of desogestrel, based on the lowest and highest tablet strengths, 0.100 mg desogestrel/0.025 mg ethinyl estradiol and 0.150 mg desogestrel/0.025 mg ethinyl estradiol, compared to solution,…",,Indications & Usage Cyclessa ® Tablets (desogestrel and ethinyl estradiol tablets USP) is indicated for the prevention of pregnancy in women who elect to use this product as a method of contraception. Oral contraceptives are highly effective. Table 2 lists the typical unintended pregnancy rates for users of combination oral contraceptives and other methods of contraception. The efficacy of these …,Contraindications Oral contraceptives should not be used in women who currently have the following conditions: Thrombophlebitis or thromboembolic disorders A past history of deep vein thrombophlebitis or thromboembolic disorders Cerebral vascular or coronary artery disease (current or history) Valvular heart disease with thrombogenic complications Severe hypertension Diabetes with vascular involv…,Rx,,,OTHER,,
medtap,5a8e1981564c99302a18bd25,defibrotide sodium,Defitelio; defibrotide sodium,OTHER,Other,intravenous,intravenous,,,,,,,,,,,"Mechanism Of Action The mechanism of action of defibrotide sodium has not been fully elucidated. In vitro , defibrotide sodium enhances the enzymatic activity of plasmin to hydrolyze fibrin clots. Studies evaluating the pharmacological effects of defibrotide sodium on endothelial cells (ECs) were conducted primarily in the human microvascular endothelial cell line. In vitro , defibrotide sodium i…",,"Indications & Usage Defitelio is indicated for the treatment of adult and pediatric patients with hepatic veno-occlusive disease (VOD), also known as sinusoidal obstruction syndrome (SOS), with renal or pulmonary dysfunction following hematopoietic stem-cell transplantation (HSCT). Indications & Usage Defitelio is indicated for the treatment of adult and pediatric patients with hepatic veno-occlu…","Contraindications Concomitant administration with systemic anticoagulant or fibrinolytic therapy. Known hypersensitivity to Defitelio or to any of its excipients. Warnings And Precautions Hemorrhage: Monitor patients for bleeding. Withhold or discontinue Defitelio if significant bleeding occurs. Hypersensitivity Reactions: If severe or life threatening allergic reaction occurs, discontinue Defite…",Rx,,,OTHER,,
medtap,5a8e1981564c99302a18bd33,Doxycycline,Doxycycline Hyclate; Adoxa; Acticlate; Doxycyclate Hyclate,OTHER,Other,oral,oral,,,,,,,,,,,Absorption Completely absorbed following oral administration. Protein Binding > Metabolism Hepatic Excretion They are concentrated by the liver in the bile and excreted in the urine and feces at high concentrations in a biologically active form. Half-life 18-22 hours,,"Indications & Usage To reduce the development of drug-resistant bacteria and maintain effectiveness of Doxycycline Hyclate Capsules and other antibacterial drugs, Doxycycline Hyclate Capsules should be used only to treat or prevent infections that are proven or strongly suspected to be caused by susceptible bacteria. When culture and susceptibility information are available, they should be consid…","Contraindications This drug is contraindicated in persons who have shown hypersensitivity to any of the tetracyclines. Warnings THE USE OF DRUGS OF THE TETRACYCLINE CLASS DURING TOOTH DEVELOPMENT (LAST HALF OF PREGNANCY, INFANCY AND CHILDHOOD TO THE AGE OF 8 YEARS) MAY CAUSE PERMANENT DISCOLORATION OF THE TEETH (YELLOW-GRAY-BROWN). This adverse reaction is more common during long-term use of the …",Rx,,,OTHER,,
medtap,5a8e1981564c99302a18bcf8,Travoprost,Travatan Z,Prostaglandin Analog,Other,other,other,,,,,,,,,,,"Absorption Systemically absorbed when administered to the eye. Metabolism Travoprost, an isopropyl ester prodrug, is hydrolyzed by esterases in the cornea to its biologically active free acid. Systemically, travoprost free acid is metabolized to inactive metabolites via beta-oxidation of the Excretion Less than 2% of the topical ocular dose of travoprost was excreted in the urine within 4 hours a…",,Indications & Usage Travatan Z ® is a prostaglandin analog indicated for the reduction of elevated intraocular pressure (IOP) in patients with open-angle glaucoma or ocular hypertension Indications & Usage Travatan Z ® (travoprost ophthalmic solution) 0.004% is indicated for the reduction of elevated intraocular pressure in patients with open-angle glaucoma or ocular hypertension.,"Contraindications None Warnings And Precautions Pigmentation: Pigmentation of the iris, periorbital tissue (eyelid) and eyelashes can occur. Iris pigmentation likely to be permanent Eyelash Changes: Gradual change to eyelashes including increased length, thickness and number of lashes. Usually reversible Contraindications None. Warnings And Precautions 5.1 Pigmentation Travoprost ophthalmic solut…",Rx,,,Prostaglandin Analog,,
medtap,5a8e1981564c99302a18bcfc,Sulfasalazine,Azulfidine,Aminosalicylate,Other,oral,oral,,,,,,,,,,,Volume Of Distribution * 7.5 ± 1.6 L Excretion The majority of 5-ASA stays within the colonic lumen and is excreted as 5-ASA and acetyl-5-ASA with the feces. Half-life 5-10 hours Clearance * 1 L/h [IV administration],,"Indications & Usage Sulfasalazine tablets are indicated: 1. in the treatment of mild to moderate ulcerative colitis, and as adjunctive therapy in severe ulcerative colitis; and 2. for the prolongation of the remission period between acute attacks of ulcerative colitis.","Contraindications Sulfasalazine tablets are contraindicated in: Patients with intestinal or urinary obstruction, Patients with porphyria as sulfonamides have been reported to precipitate an acute attack, Patients hypersensitive to Sulfasalazine, its metabolites, sulfonamides or salicylates. Warnings Only after critical appraisal should Sulfasalazine tablets be given to patients with hepatic or re…",Rx,,,Aminosalicylate,,
medtap,5a8e1981564c99302a18bd17,pectin,Throat Relief Pops; pectin,OTHER,Other,oral,oral,,,,,,,,,,,,,Indications & Usage Uses For temporary relief of minor discomfort and protection of irritated areas in sore mouth and sore throat.,"Warnings Warnings Sore throat warning: If sore throat is severe, persists for more than 2 days, is accompanied or followed by fever, headache, rash, swelling, nausea, or vomiting, consult a doctor promptly. These symptoms may be serious.",OTC,,,OTHER,,
medtap,5a8e1981564c99302a18bcd0,tetrakis(2-methoxyisobutylisocyanide)copper(i) tetrafluoroborate,Technetium Tc 99m Sestamibi; tetrakis(2-methoxyisobutylisocyanide)copper(i) tetrafluoroborate,OTHER,Other,intravenous,intravenous,,,,,,,,,,,"Pharmacokinetics Pulmonary activity is negligible even immediately after injection. Blood clearance studies indicate that the fast clearing component clears with a t ½ of 4.3 minutes at rest, and clears with a t ½ of 1.6 minutes under exercise conditions. At five minutes post injection about 8% of the injected dose remains in circulation. There is less than 1% protein binding of Technetium Tc 99m…",,"Indications & Usage Technetium Tc 99m Sestamibi, is a myocardial perfusion agent indicated for: detecting coronary artery disease by localizing myocardial ischemia (reversible defects) and infarction (non-reversible defects) evaluating myocardial function and developing information for use in patient management decisions Indications & Usage Myocardial Imaging: Technetium Tc 99m Sestamibi Injectio…","Contraindications None known. Warnings And Precautions Pharmacologic induction of cardiovascular stress may be associated with serious adverse events such as myocardial infarction, arrhythmia, hypotension, bronchoconstriction and cerebrovascular events. Technetium Tc 99m Sestamibi has been rarely associated with acute severe allergic and anaphylactic events of angioedema and generalized urticaria…",Rx,,,OTHER,,
medtap,5a8e1981564c99302a18bcfa,Scopolamine,Transderm Scop,Anticholinergic,Other,transdermal,transdermal,,,,,,,,,,,"Absorption Bioavailability is 10 - 50% Excretion Less than 10% of the total dose is excreted in the urine as parent and metabolites over 108 hours. Half-life 4.5 hours Mechanism Of Action Scopolamine, a belladonna alkaloid, is an anticholinergic agent. Scopolamine acts: i) as a competitive inhibitor at postganglionic muscarinic receptor sites of the parasympathetic nervous system, and ii) on smoo…",,Indications & Usage Transderm Scōp® is an anticholinergic agent indicated in adults for the prevention of nausea and vomiting associated with: Motion Sickness Post Operative Nausea and Vomiting (PONV) Indications & Usage Motion Sickness Transderm Scōp ® is indicated in adults for prevention of nausea and vomiting associated with motion sickness. Post Operative Nausea and Vomiting (PONV) Transderm…,Contraindications Patients with angle closure glaucoma Persons who are hypersensitive to scopolamine or to other belladonna alkaloids Warnings And Precautions Use with caution in patients with open angle glaucoma Stop use if patient experiences symptoms of angle closure glaucoma Can cause temporary dilation and blurred vision if scopolamine contacts the eyes Use caution in patients with a history…,Rx,,,Anticholinergic,,
medtap,5a8e1981564c99302a18bcc7,Atomoxetine,Strattera,Norepinephrine Reuptake Inhibitor,Other,oral,oral,,,,,,,,,,,"Absorption Atomoxetine is rapidly absorbed after oral administration, with absolute bioavailability of about 63% in EMs and 94% in PMs. Drugs that elevate gastric pH (magnesium hydroxide/aluminum hydroxide, omeprazole) have no effect on atomoxetine bioavailability. Absorption is minimally affected by food. Volume Of Distribution * 0.85 L/kg Protein Binding At therapeutic concentrations, 98% of at…",,Indications & Usage Strattera ® is a selective norepinephrine reuptake inhibitor indicated for the treatment of Attention-Deficit/Hyperactivity Disorder (ADHD). Indications & Usage Attention-Deficit/Hyperactivity Disorder (ADHD) Strattera is indicated for the treatment of Attention-Deficit/Hyperactivity Disorder (ADHD). The efficacy of Strattera Capsules was established in seven clinical trials i…,Contraindications Hypersensitivity to atomoxetine or other constituents of product. Strattera use within 2 weeks after discontinuing MAOI or other drugs that affect brain monoamine concentrations. Narrow Angle Glaucoma. Pheochromocytoma or history of pheochromocytoma. Severe Cardiovascular Disorders that might deteriorate with clinically important increases in HR and BP. Warnings And Precautions …,Rx,,,Norepinephrine Reuptake Inhibitor,,
medtap,5a8e1981564c99302a18bd10,Phenytoin,Phenytoin Sodium; Phenytek,Anti-epileptic Agent,Other,oral,oral,,,,,,,,,,,"Absorption Bioavailability 70-100% oral, 24.4% rectal. Rapid rate of absorption with peak blood concentration expected in 1 Protein Binding Highly protein bound, 90% Metabolism Primarily hepatic. The majority of the dose (up to 90%) is metabolized to 5-(4'-hydroxyphenyl)-5-phenylhydantoin (p-HPPH). This metabolite undergoes further glucuronidation and is excreted into the urine. CYP2C19 and CYP2C…",,"Indications & Usage Phenytoin Oral Suspension, USP is indicated for the control of tonic-clonic (grand mal) and psychomotor (temporal lobe) seizures. Phenytoin serum level determinations may be necessary for optimal dosage adjustments .","Contraindications Phenytoin Oral Suspension, USP is contraindicated in those patients with a history of hypersensitivity to Phenytoin, its inactive ingredients or other hydantoins. Coadministration of Phenytoin Oral Suspension, USP is contraindicated with delavirdine due to potential for loss of virologic response and possible resistance to delavirdine or to the class of non-nucleoside reverse tr…",Rx,,,Anti-epileptic Agent,,
medtap,5a8e1981564c99302a18bd2a,Beta-2 adrenergic receptor,Levalbuterol Inhalation; levalbuterol; Breo Ellipta; fluticasone/vilanterol; Xopenex Hfa; Levalbuterol Tartrate Hfa Inhalation,beta2-Adrenergic Agonist,Other,inhalation,inhalation,,,,,,,,,,,"Absorption Inhalation delivers the medication directly into the airways and lungs, thereby minimizing side effects because of reduced systemic absorption of the inhaled medications. Protein Binding plasma protein binding is relatively low. Metabolism Pure (R)-salbutamol formulation known as levosalbutamol is metabolised up to 12 times faster than (S)-salbutamol by intestine. Excretion excreted in…",,"Indications & Usage Levalbuterol Inhalation Solution, USP is a beta 2 -adrenergic agonist indicated for: Treatment or prevention of bronchospasm in adults, adolescents, and children 6 years of age and older with reversible obstructive airway disease. Indications & Usage Levalbuterol Inhalation Solution, USP is indicated for the treatment or prevention of bronchospasm in adults, adolescents, and c…",Contraindications Hypersensitivity to levalbuterol or racemic albuterol. Warnings And Precautions Life-threatening paradoxical bronchospasm may occur. Discontinue Levalbuterol Inhalation Solution immediately and treat with alternative therapy. Need for more doses of Levalbuterol Inhalation Solution than usual may be a sign of deterioration of asthma and requires reevaluation of treatment. Levalbu…,Rx,,,beta2-Adrenergic Agonist,,
medtap,5a8e1981564c99302a18bce8,Dexmedetomidine,,Central alpha-2 Adrenergic Agonist,Other,intravenous,intravenous,,,,,,,,,,,"Volume Of Distribution * 118 L Protein Binding 94% Metabolism Hepatic Excretion A mass balance study demonstrated that after nine days an average of 95% of the radioactivity, following intravenous administration of radiolabeled dexmedetomidine, was recovered in the urine and 4% in the feces. Fractionation of the radioactivity excreted in urine demonstrated that products of N-glucuronidation accou…",,Indications & Usage Dexmedetomidine hydrochloride injection is a relatively selective alpha 2 -adrenergic agonist indicated for: Sedation of non-intubated patients prior to and/or during surgical and other procedures. Indications & Usage Procedural Sedation Dexmedetomidine hydrochloride injection is indicated for sedation of non-intubated patients prior to and/or during surgical and other procedu…,"Contraindications None Warnings And Precautions Monitoring: Continuously monitor patients while receiving Dexmedetomidine hydrochloride injection. Bradycardia and sinus arrest: Have occurred in young healthy volunteers with high vagal tone or with different routes of administration, e.g., rapid intravenous or bolus administration. Hypotension and bradycardia: May necessitate medical intervention.…",Rx,,,Central alpha-2 Adrenergic Agonist,,
medtap,5a8e1981564c99302a18bcdc,Sumatriptan,Migraine Pack; Imitrex,OTHER; Serotonin-1b and Serotonin-1d Receptor Agonist,Other,oral,,,,,,,,,,,,"Absorption sumatriptan: Approximately 15% Volume Of Distribution sumatriptan: * 2.7 L/kg [subcutaneous dosing] Protein Binding sumatriptan: 14%-21% Metabolism sumatriptan: Hepatic. In vitro studies with human microsomes suggest that sumatriptan is metabolized by monoamine oxidase (MAO), predominantly the A isoenzyme. Excretion sumatriptan: Only 3% of the dose is excreted in the urine as unchanged…",,"Indications & Usage Sumatriptan tablets are indicated for the acute treatment of migraine attacks with or without aura in adults. Sumatriptan tablets are not intended for the prophylactic therapy of migraine or for use in the management of hemiplegic or basilar migraine . Safety and effectiveness of sumatriptan tablets have not been established for cluster headache, which is present in an older, …","Contraindications Sumatriptan tablets should not be given to patients with history, symptoms, or signs of ischemic cardiac, cerebrovascular, or peripheral vascular syndromes. In addition, patients with other significant underlying cardiovascular diseases should not receive sumatriptane tablets. Ischemic cardiac syndromes include, but are not limited to, angina pectoris of any type (e.g., stable a…",Rx,,,OTHER; Serotonin-1b and Serotonin-1d Receptor Agonist,,
medtap,5a8e1981564c99302a18bd09,5-hydroxytryptamine receptor 2A,trazodone; Invega Sustenna; paliperidone,Serotonin Reuptake Inhibitor; Atypical Antipsychotic,Antipsychotic,oral,oral,,,,,,,,,,,"Absorption Rapidly and almost completely absorbed following oral administration. Food may decrease the rate and extent of absorption. Protein Binding 89-95% bound to plasma proteins in vitro Metabolism Undergoes extensive hepatic metabolism via hydroxylation, N-dealkylation, N-oxidation and splitting of the pyridine ring. Cytochrome P450 (CYP) 3A4 catalyzes the formation of the major active metab…",,Indications & Usage Trazodone Hydrochloride Tablets USP are indicated for the treatment of major depressive disorder (MDD) in adults. The efficacy of Trazodone Hydrochloride Tablets USP has been established in trials with the immediate release formulation of Trazodone .,"Contraindications NONE Warnings And Precautions Clinical Worsening and Suicide Risk Patients with major depressive disorder (MDD), both adult and pediatric, may experience worsening of their depression and/or the emergence of suicidal ideation and behavior (suicidality) or unusual changes in behavior, whether or not they are taking antidepressant medications, and this risk may persist until signi…",Rx,,,Serotonin Reuptake Inhibitor; Atypical Antipsychotic,,
medtap,5a8e1981564c99302a18bd00,Benzocaine,Oral Pain Relief Anesthetic; Cvs Oral Anesthetic; Kanka; benzocaine/zinc; Leader Oral Pain Relief,OTHER,Other,oral,oral,,,,,,,,,,,,,"Indications & Usage Allergy Alert : do not use this product if you have a history of allergy to local anesthetics such as procaine, butacaine, benzocaine or other 'caine' anesthetics.",Warnings Warnings,OTC,,,OTHER,,
medtap,5a8e1981564c99302a18bd2b,medronic acid,Technetium Tc 99m Medronate; medronic acid,OTHER,Other,intravenous,intravenous,,,,,,,,,,,,,Indications & Usage MDP-25 (Kit for the Preparation of Technetium Tc 99m Medronate) may be used as a bone imaging agent to delineate areas of altered osteogenesis.,"Contraindications None known at present. Warnings This class of compounds is known to complex cations such as calcium. Particular caution should be used with patients who have, or who may be predisposed to, hypocalcemia (i.e., alkalosis). The contents of the kit before preparation are not radioactive. However, after the sodium pertechnetate Tc-99m is added, adequate shielding of the final prepara…",Rx,,,OTHER,,
medtap,5a8e1981564c99302a18bd14,Bile acid receptor,Ocaliva; obeticholic acid,Farnesoid X Receptor Agonist,Other,oral,oral,,,,,,,,,,,Absorption Peak plasma concentrations (Cmax) of obeticholic acid occurred at a median time (Tmax) of approximately 1.5 hours. Volume Of Distribution Vd = 618 L Protein Binding Obeticholic acid and it's conjugates bind to human plasma protein at a rate of 99% or higher. Metabolism Obeticholic acid is conjugated with glycine or taurine in the liver and secreted into bile. These glycine and taurine …,,"Indications & Usage Ocaliva, a farnesoid X receptor (FXR) agonist, is indicated for the treatment of primary biliary cholangitis (PBC) in combination with ursodeoxycholic acid (UDCA) in adults with an inadequate response to UDCA, or as monotherapy in adults unable to tolerate UDCA. This indication is approved under accelerated approval based on a reduction in alkaline phosphatase (ALP). An improv…","Contraindications Patients with complete biliary obstruction Warnings And Precautions Hepatic Decompensation and Failure in Incorrectly Dosed PBC Patients with Child-Pugh Class B or C or Decompensated Cirrhosis : Routinely monitor patients for progression of PBC disease, including liver-related complications, with laboratory and clinical assessments. Dosage adjustment, interruption, or discontinu…",Rx,,,Farnesoid X Receptor Agonist,,
medtap,5a8e1981564c99302a18bd31,Synaptic vesicular amine transporter,Zenzedi; dextroamphetamine; Dextroamphetamine Sulfateextended-release; Dexedrine; Dextroamphetamine Sulfate,Central Nervous System Stimulant,Stimulant,oral,oral,,,,,,,,,,,Absorption Oral bioavailability is over 75%. Metabolism Hepatic. Half-life 10-28 hours (average is approximately 12 hours) Pharmacokinetics The pharmacokinetics of the tablet and sustained-release capsule were compared in 12 healthy subjects. The extent of bioavailability of the sustained-release capsule was similar compared to the immediate-release tablet. Following administration of three 5 mg …,,"Indications & Usage Zenzedi ® (dextroamphetamine sulfate tablets, USP) is indicated for: 1. Narcolepsy. 2. Attention Deficit Disorder with Hyperactivity: As an integral part of a total treatment program which typically includes other remedial measures (psychological, educational, social) for a stabilizing effect in pediatric patients (ages 3 to 16 years) with a behavioral syndrome characterized b…","Contraindications Advanced arteriosclerosis, symptomatic cardiovascular disease, moderate to severe hypertension, hyperthyroidism, known hypersensitivity or idiosyncrasy to the sympathomimetic amines, glaucoma. Agitated states. Patients with a history of drug abuse. During or within 14 days following the administration of monoamine oxidase inhibitors (hypertensive crises may result). Warnings Ser…",Rx,,,Central Nervous System Stimulant,,
medtap,5a8e1981564c99302a18bd18,Ephedrine,Ephedrine Sulfate,OTHER,Other,oral,oral,,,,,,,,,,,Absorption 85% Excretion mainly renal Half-life 3-6 hours,,"Indications & Usage For temporary relief of shortness of breath, tightness of chest, and wheezing due to bronchial asthma. For the temporary relief of bronchial asthma. Eases breathing for asthma patients by reducing spasms of bronchial muscles.","Warnings Do not use this product unless a diagnosis of asthma has been made by a doctor. Do not use this product if you have heart disease, high blood pressure, thyroid disease, diabetes, or difficulty in urination due to enlargement of the prostate gland unless directed by a doctor. Do not use this product if you have ever been hospitalized for asthma or if you are taking and prescription drug f…",OTC,,,OTHER,,
medtap,5a8e1981564c99302a18bd1c,Estrogen receptor,Faslodex; fulvestrant; Osphena; ospemifene,Estrogen Receptor Antagonist; Estrogen Agonist/Antagonist,Other,intramuscular,intramuscular,,,,,,,,,,,"Volume Of Distribution * 3 to 5 L/kg Protein Binding 99% (mainly VLDL, LDL, and HDL) Metabolism Metabolism of fulvestrant appears to involve combinations of a number of possible biotransformation pathways analogous to those of endogenous steroids, including oxidation, aromatic hydroxylation, conjugation with glucuronic acid and/or sulphate at the 2, 3 and 17 positions of the steroid nucleus, and …",,"Indications & Usage Faslodex is an estrogen receptor antagonist indicated for the: Treatment of hormone receptor (HR)-positive, human epidermal growth factor receptor 2 (HER2)-negative advanced breast cancer in postmenopausal women not previously treated with endocrine therapy. Treatment of HR-positive advanced breast cancer in postmenopausal women with disease progression following endocrine the…","Contraindications Hypersensitivity. Warnings And Precautions Risk of Bleeding: Use with caution in patients with bleeding diatheses, thrombocytopenia, or anticoagulant use. Increased Exposure in Patients with Hepatic Impairment: Use a 250 mg dose for patients with moderate hepatic impairment. Injection Site Reaction: Use caution while administering Faslodex at the dorsogluteal injection site due …",Rx,,,Estrogen Receptor Antagonist; Estrogen Agonist/Antagonist,,
medtap,5a8e1981564c99302a18bcc0,Fluocinonide,Fluocinonide Cream (emulsified Base),Corticosteroid,Supplement,transdermal,transdermal,,,,,,,,,,,"Absorption The extent of percutaneous absorption of topical corticosteroids is determined by many factors including the vehicle, the integrity of the epidermal barrier, and the use of occlusive dressings. In general, percutaneous absorption is minimal. Excretion Corticosteroids are metabolized primarily in the liver and are then excreted by the kidneys. Corticosteroids are metabolized primarily i…",,Indications & Usage Fluocinonide Cream (Emulsified Base) is indicated for the relief of the inflammatory and pruritic manifestations of corticosteroid-responsive dermatoses.,"Contraindications Topical corticosteroids are contraindicated in those patients with a history of hypersensitivity to any of the components of the preparation. Precautions General Systemic absorption of topical corticosteroids has produced reversible hypothalamic-pituitary-adrenal (HPA) axis suppression, manifestations of Cushing's syndrome, hyperglycemia, and glucosuria in some patients. Conditi…",Rx,,,Corticosteroid,,
medtap,5a8e1981564c99302a18bce0,Vorapaxar,Zontivity,Protease-activated Receptor-1 Antagonist,Other,oral,oral,,,,,,,,,,,"Absorption After oral administration, vorapaxar is rapidly absorbed and peak concentrations occur at a median tmax of 1 hour under faster conditions. Vorapaxar may be taken with or without food as ingestion with a high-fat meal did not result in meaningful changes in AUC. The mean absolute bioavailability is 100%. Volume Of Distribution 424 L Protein Binding Vorapaxar is extensively bound ( Metab…",,"Indications & Usage Zontivity is a protease-activated receptor-1 (PAR-1) antagonist indicated for the reduction of thrombotic cardiovascular events in patients with a history of myocardial infarction (MI) or with peripheral arterial disease (PAD). Zontivity has been shown to reduce the rate of a combined endpoint of cardiovascular death, MI, stroke, and urgent coronary revascularization. Indicati…","Contraindications History of stroke, TIA, or ICH. Active pathologic bleeding. Warnings And Precautions Like other antiplatelet agents, Zontivity increases the risk of bleeding. Avoid use with strong CYP3A inhibitors or inducers. Contraindications History of Stroke, Transient Ischemic Attack (TIA), or Intracranial Hemorrhage (ICH) Zontivity is contraindicated in patients with a history of stroke, …",Rx,,,Protease-activated Receptor-1 Antagonist,,
medtap,5a8e1981564c99302a18bd01,Ampicillin,Ampicillin And Sulbactam; ampicillin/sulbactam,beta Lactamase Inhibitor,Other,intramuscular,intramuscular,,,,,,,,,,,Excretion ampicillin: Ampicillin is excreted largely unchanged in the urine. null: Approximately 75 to 85% of both ampicillin and sulbactam are excreted unchanged in the urine during the first 8 hours after administration.,,"Indications & Usage Ampicillin And Sulbactam for Injection, USP is indicated for the treatment of infections due to susceptible strains of the designated microorganisms in the conditions listed below. Skin and Skin Structure Infections caused by beta-lactamase producing strains of Staphylococcus aureus , Escherichia coli * , Klebsiella spp. * (including pneumoniae * ) , Proteus mirabilis * , Bact…","Contraindications The use of Ampicillin And Sulbactam for injection is contraindicated in individuals with a history of serious hypersensitivity reactions (e.g., anaphylaxis or Stevens-Johnson syndrome) to ampicillin, sulbactam or to other beta-lactam antibacterial drugs (e.g., penicillins and cephalosporins). Ampicillin And Sulbactam for injection is contraindicated in patients with a previous h…",Rx,,,beta Lactamase Inhibitor,,
medtap,5a8e1981564c99302a18bcec,Mivacurium,Mivacron,OTHER,Other,intravenous,intravenous,,,,,,,,,,,"Protein Binding The protein binding of mivacurium has not been determined due to its rapid hydrolysis by plasma cholinesterase. Metabolism Extensive and rapid via enzymatic hydrolysis catalyzed by plasma cholinesterase. Biotransformation may be significantly slowed in patients with abnormal or decreased plasma cholinesterase activity, especially individuals with a homozygous atypical cholinestera…",,"Indications & Usage Mivacron is a short-acting neuromuscular blocking agent indicated for inpatients and outpatients, as an adjunct to general anesthesia, to facilitate tracheal intubation and to provide skeletal muscle relaxation during surgery or mechanical ventilation.","Contraindications Mivacron is contraindicated in patients with known hypersensitivity to the product and its components. Warnings Anaphylaxis Severe anaphylactic reactions to neuromuscular blocking agents, including Mivacron, have been reported. These reactions have in some cases been life-threatening and fatal. Due to the potential severity of these reactions, the necessary precautions, such as …",Rx,,,OTHER,,
medtap,5a8e1981564c99302a18bd1d,High affinity immunoglobulin gamma Fc receptor I,Octagam Immune Globulin (human); human immunoglobulin g; Winrho,Human Immunoglobulin G,Other,intravenous,intravenous,,,,,,,,,,,Half-life >,,"Indications & Usage Octagam is an immune globulin intravenous (human), 5% liquid, indicated for treatment of primary humoral immunodeficiency (PI) (1). Indications & Usage Primary Humoral Immunodeficiency Diseases (PI) Octagam is an immune globulin intravenous (human) 5% liquid indicated for treatment of primary humoral immunodeficiency (PI), such as congenital agammaglobulinemia, common variable…",Contraindications Anaphylactic or severe systemic reactions to human immunoglobulin (4) IgA deficient patients with antibodies against IgA and a history of hypersensitivity (4) Patients with acute hypersensitivity reaction to corn (4) Warnings And Precautions IgA deficient patients with antibodies against IgA are at greater risk of developing severe hypersensitivity and anaphylactic reactions Epi…,PLASMA DERIVATIVE,,,Human Immunoglobulin G,,
medtap,5a8e1981564c99302a18bd32,bisacodyl,Carters Little Pills; bisacodyl; Health Sense Ducodyl,OTHER,Other,oral,oral,,,,,,,,,,,"Absorption 15% Metabolism Hepatic (CYP450-mediated). Half-life 16 hours Clearance primarily in the feces, systemically absorbed drug is excreted in the urine.",,Indications & Usage for relief of occasional constipation (irregularity) this product generally produces a bowel movement in 6 to 12 hours,"Warnings Do not use in children under 6 years of age if your can't swallow without chewing for a period longer than 1 week, unless directed by a doctor",OTC,,,OTHER,,
medtap,5a8e1981564c99302a18bd37,Eliglustat,Cerdelga,Glucosylceramide Synthase Inhibitor,Other,oral,oral,,,,,,,,,,,"Absorption In CYP2D6 EMs (extensive metabolizers), median time to reach maximum plasma concentrations (tmax) occurs at 1.5 to 2 hours following multiple doses of eliglustat 84 mg twice daily. Volume Of Distribution 835 L in CYP2D6 EMs (extensive metabolizers). Protein Binding 76 to 83%. Metabolism Extensively metabolized, primarily by CYP2D6 and less so by CYP3A4. No active metabolites have been …",,"Indications & Usage Cerdelga is a glucosylceramide synthase inhibitor indicated for the long-term treatment of adult patients with Gaucher disease type 1 who are CYP2D6 extensive metabolizers (EMs), intermediate metabolizers (IMs), or poor metabolizers (PMs) as detected by an FDA-cleared test. Limitations of Use: CYP2D6 ultra-rapid metabolizers may not achieve adequate concentrations of Cerdelga …","Contraindications CYP2D6 EMs and IMs taking a strong or moderate CYP2D6 inhibitor with a strong or moderate CYP3A inhibitor CYP2D6 IMs and PMs taking a strong CYP3A inhibitor Warnings And Precautions ECG Changes and Potential for Cardiac Arrhythmias: Not recommended in patients with pre-existing cardiac disease, long QT syndrome, and concomitant use of Class IA and Class III antiarrhythmics Contr…",Rx,,,Glucosylceramide Synthase Inhibitor,,
medtap,5a8e1981564c99302a18bcf7,Dexmethylphenidate,Dexmethylphenidate Hydrochloride Extended-release,Central Nervous System Stimulant,Stimulant,oral,oral,,,,,,,,,,,"Absorption 11-52% Protein Binding 30% Metabolism epatic, methylphenidate is metabolized primarily by de-esterification to ritalinic acid ( Excretion Renal Half-life 2-4 hours Mechanism Of Action Dexmethylphenidate hydrochloride, the active ingredient in Dexmethylphenidate Hydrochloride Extended-release Capsules, is a central nervous system stimulant. Dexmethylphenidate, the more pharmacologically…",,Indications & Usage Dexmethylphenidate Hydrochloride Extended-release Capsules is a CNS stimulant indicated for the treatment of Attention Deficit Hyperactivity Disorder (ADHD) in patients aged 6 years and older ( 1 ) Indications & Usage Dexmethylphenidate Hydrochloride Extended-release Capsules is indicated for the treatment of Attention Deficit Hyperactivity Disorder (ADHD) in patients aged 6 y…,"Contraindications Agitation, marked anxiety, and tension ( ) Known hypersensitivity to methylphenidate or product components ( ) Glaucoma ( ) History of motor tics or a family history or diagnosis of Tourette’s syndrome ( ) During, or within a minimum of 14 days following discontinuation of treatment with a monoamine oxidase inhibitor (MAOI) ( ) Warnings And Precautions Serious Cardiovascular Eve…",Rx,,,Central Nervous System Stimulant,,
medtap,5a8e1981564c99302a18bd07,Quinidine,Quinidine Gluconate,Cytochrome P450 2D6 Inhibitor,Other,oral,oral,,,,,,,,,,,"Volume Of Distribution * 2 to 3 L/kg Protein Binding 80-88% Excretion When the urine pH is less than 7, about 20% of administered quinidine appears unchanged in the urine, but this fraction drops to as little as 5% when the urine is more alkaline. Half-life 6-8 hours Clearance * 3 – 5 mL/min/kg [adults] Mechanism Of Action In patients with malaria, quinidine acts primarily as an intra-erythrocyti…",,"Indications & Usage Conversion of atrial fibrillation/flutter In patients with symptomatic atrial fibrillation/flutter whose symptoms are not adequately controlled by measures that reduce the rate of ventricular response, Quinidine Gluconate is indicated as a means of restoring normal sinus rhythm. If this use of Quinidine Gluconate does not restore sinus rhythm within a reasonable time , then Qu…","Contraindications Quinidine is contraindicated in patients who are known to be allergic to it, or who have a history of immune thrombocytopenia or have developed thrombocytopenic purpura during prior therapy with quinidine or quinine . In the absence of a functioning artificial pacemaker, quinidine is also contraindicated in any patient whose cardiac rhythm is dependent upon a junctional or idiov…",Rx,,,Cytochrome P450 2D6 Inhibitor,,
medtap,5a8e1981564c99302a18bcd1,Irinotecan,Irinotecan Hydrochloride; Onivyde,Topoisomerase Inhibitor,Other,intravenous,intravenous,,,,,,,,,,,"Absorption The maximum plasma concentration (Cmax) when a dose of 125 mg/m^2 is given to patients with solid tumours is 1660 ng/mL. The AUC (0-24) is 10,200 ng·h/mL. The Cmax when a dose of 340 mg/m^2 is given to patients with solid tumours is 3392 ng/mL. The AUC (0-24) is 20,604 ng·h/mL. Volume Of Distribution The volume of distribution of terminal elimination phase is 110 L/m^2 when a dose of 1…",,Indications & Usage Irinotecan Hydrochloride injection is a topoisomerase inhibitor indicated for: Patients with metastatic carcinoma of the colon or rectum whose disease has recurred or progressed following initial fluorouracil-based therapy. Indications & Usage Irinotecan Hydrochloride injection is indicated for patients with metastatic carcinoma of the colon or rectum whose disease has recurre…,Contraindications Hypersensitivity to Irinotecan Hydrochloride injection or its excipients Warnings And Precautions Diarrhea and Cholinergic Reactions: Early diarrhea (occurring duringor shortly after infusion of Irinotecan Hydrochloride injection) is usually transient and may be accompanied by cholinergic symptoms. Consider prophylactic or therapeutic administration of 0.25 mg to 1 mg of intrave…,Rx,,,Topoisomerase Inhibitor,,
medtap,5a8e1981564c99302a18bcd3,Norgestimate,Ortho Tri Cyclen Lo,OTHER,Other,oral,,,,,,,,,,,,Mechanism Of Action COCs lower the risk of becoming pregnant primarily by suppressing ovulation. Other possible mechanisms may include cervical mucus changes that inhibit sperm penetration and endometrial changes that reduce the likelihood of implantation. Pharmacodynamics No specific pharmacodynamic studies were conducted with ORTHO TRI-CYCLEN Lo. Pharmacokinetics Absorption Norgestimate (NGM) a…,,"Indications & Usage ORTHO TRI-CYCLEN Lo is an estrogen/progestin COC, indicated for use by women to prevent pregnancy. Indications & Usage Oral Contraception ORTHO TRI-CYCLEN Lo Tablets are indicated for use by females of reproductive potential to prevent pregnancy .","Contraindications A high risk of arterial or venous thrombotic diseases Liver tumors or liver disease Undiagnosed abnormal uterine bleeding Pregnancy Breast cancer or other estrogen- or progestin-sensitive cancer Co-administration with Hepatitis C drug combinations containing ombitasvir/paritaprevir/ritonavir, with or without dasabuvir Warnings And Precautions Thromboembolic Disorders and Other V…",Rx,,,OTHER,,
medtap,5a8e1981564c99302a18bcf0,Ethotoin,Peganone,Anti-epileptic Agent,Other,oral,oral,,,,,,,,,,,"Absorption Fairly rapidly absorbed, however, the extent of oral absorption is not known. Metabolism Hepatic. The drug exhibits saturable metabolism with respect to the formation of N-deethyl and p-hydroxyl-ethotoin, the major metabolites. Half-life 3 to 9 hours",,"Indications & Usage Peganone (ethotoin tablets, USP) is indicated for the control of tonic-clonic (grand mal) and complex partial (psychomotor) seizures.","Contraindications Peganone (ethotoin tablets, USP) is contraindicated in patients with hepatic abnormalities or hematologic disorders. Warnings Suicidal Behavior and Ideation: Antiepileptic drugs (AEDs), including Peganone, increase the risk of suicidal thoughts or behavior in patients taking these drugs for any indication. Patients treated with any AED for any indication should be monitored for …",Rx,,,Anti-epileptic Agent,,
medtap,5a8e1981564c99302a18bce4,Thymol,"Advanced Citrus; eucalyptol/menthol/methyl salicylate/thymol; Listerine Freshburst Antiseptic; eucalyptol/menthol, unspecified form/methyl salicylate/thymol",OTHER,Other,oral,oral,,,,,,,,,,,,,Indications & Usage Use helps control plaque that leads to gingivitis,"Warnings Do not use if you have painful or swollen gums, pus from the gum line loose teeth or increased spacing between the teeth. See your dentist immediately. These may be signs of periodontitis, a serious form of gum disease. Stop use and ask a dentist if gingivitis, bleeding, or redness persists for more than 2 weeks Keep out of reach of children. If more than used for rinsing is accidentally…",OTC,,,OTHER,,
medtap,5a8e1981564c99302a18bcea,Galsulfase,Naglazyme,Hydrolytic Lysosomal Glycosaminoglycan-specific Enzyme,Other,intravenous,intravenous,,,,,,,,,,,"Volume Of Distribution Week 1: 56-323 mL/kg and 59-2799 mL/kg by week 24 Half-life 9 (6 to 21) minutes during the first week of treatment, 26 (8 to 40) minutes by the 24th week. Mechanism Of Action Mucopolysaccharide storage disorders are caused by the deficiency of specific lysosomal enzymes required for the catabolism of GAG. MPS VI is characterized by the absence or marked reduction in N –acet…",,"Indications & Usage Naglazyme is a hydrolytic lysosomal glycosaminoglycan (GAG)-specific enzyme indicated for patients with Mucopolysaccharidosis VI (MPS VI; Maroteaux-Lamy syndrome). Naglazyme has been shown to improve walking and stair-climbing capacity. Indications & Usage Naglazyme (galsulfase) is indicated for patients with Mucopolysaccharidosis VI (MPS VI, Maroteaux-Lamy syndrome). Naglazym…","Contraindications None. Warnings And Precautions Anaphylaxis and Allergic Reactions : Life-threatening anaphylactic reactions have been observed in some patients during Naglazyme infusions and up to 24 hours after infusion. If anaphylaxis or severe allergic reactions occur, immediately discontinue infusion and initiate appropriate treatment, which may include resuscitation, epinephrine, administe…",Rx,,,Hydrolytic Lysosomal Glycosaminoglycan-specific Enzyme,,
medtap,5a8e1981564c99302a18bcee,Celecoxib,Celecoxib 400 Mg,Nonsteroidal Anti-inflammatory Drug,Analgesic,oral,oral,,,,,,,,,,,"Absorption Well absorbed in the gastrointestinal tract. When a single dose of 200 mg is given to healthy subjects, peak plasma levels occur 3 hours after an oral dose. The peak plasma level is 705 ng/mL. Absolute bioavailability studies have not been conducted. When multiple doses are given, steady-state is reached on or before Day 5. When taken with a high fat meal, peak plasma levels are delaye…",,Indications & Usage Celecoxib is a nonsteroidal anti-inflammatory drug indicated for: Osteoarthritis (OA) R heumatoid Arthritis (RA) Juvenile Rheumatoid Arthritis (JRA) in patients 2 years and older Ankylosing Spondylitis (AS) Acute Pain (AP) Primary Dysmenorrhea (PD) Indications & Usage Carefully consider the potential benefits and risks of celecoxib and other treatment options before deciding t…,"Contraindications Known hypersensitivity to celecoxib or sulfonamides (4) History of asthma, urticaria, or other allergic-type reactions after taking aspirin or other NSAIDs (4, 5.7, 5.8, 5.13) Use during the perioperative period in the setting of coronary artery bypass graft (CABG) surgery (4, 5.1) Warnings And Precautions Serious and potentially fatal cardiovascular (CV) thrombotic events, myoc…",Rx,,,Nonsteroidal Anti-inflammatory Drug,,
medtap,5a8e1981564c99302a18bd34,technetium tc-99m sestamibi,Kit For The Preparation Of Technetium Tc 99m Sestamibi; technetium tc-99m sestamibi,Radioactive Diagnostic Agent,Other,intravenous,intravenous,,,,,,,,,,,Absorption At five minutes post injection about 8% of the injected dose remains in circulation. Myocardial uptake which is coronary flow dependent is 1.2% of the injected dose at rest and 1.5% of the injected dose at exercise. Protein Binding There is less than 1% protein binding of Technetium Tc 99m Sestamibi in plasma. Metabolism The agent is excreted without any evidence of metabolism. Excreti…,,"Indications & Usage Technetium Tc 99m Sestamibi, is a myocardial perfusion agent indicated for: detecting coronary artery disease by localizing myocardial ischemia (reversible defects) and infarction (non-reversible defects) evaluating myocardial function and developing information for use in patient management decisions Indications & Usage Myocardial Imaging: Kit for the preparation of Technetiu…","Contraindications None known. Warnings And Precautions Pharmacologic induction of cardiovascular stress may be associated with serious adverse events such as myocardial infarction, arrhythmia, hypotension, bronchoconstriction and cerebrovascular events. Technetium Tc 99m Sestamibi has been rarely associated with acute severe allergic and anaphylactic events of angioedema and generalized urticaria…",Rx,,,Radioactive Diagnostic Agent,,
medtap,5a8e1981564c99302a18bd08,Ondansetron,,Serotonin-3 Receptor Antagonist,Other,intramuscular,intramuscular,,,,,,,,,,,Absorption Ondansetron is well absorbed after oral administration and undergoes limited first-pass metabolism. Protein Binding 70%-76% (Plasma protein binding) Metabolism Hepatic Half-life 5.7 hours Clearance * 0.38 L/h/kg [Normal Adult Volunteers (19-40 yrs)] Mechanism Of Action Ondansetron is a selective 5-HT 3 receptor antagonist. While Ondansetron's mechanism of action has not been fully char…,,"Indications & Usage Ondansetron Injection, USP is a 5-HT 3 receptor antagonist indicated for the prevention of: nausea and vomiting associated with initial and repeat courses of emetogenic cancer chemotherapy. postoperative nausea and/or vomiting. Indications & Usage Prevention of Nausea and Vomiting Associated with Initial and Repeat Courses of Emetogenic Cancer Chemotherapy Ondansetron Injectio…","Contraindications Patients known to have hypersensitivity (e.g., anaphylaxis) to this product or any of its components. Concomitant use of apomorphine. Warnings And Precautions Hypersensitivity reactions including anaphylaxis and bronchospasm, have been reported in patients who have exhibited hypersensitivity to other selective 5-HT 3 receptor antagonists. QT prolongation occurs in a dose-depende…",Rx,,,Serotonin-3 Receptor Antagonist,,
medtap,5a8e1981564c99302a18bd27,Rasburicase,Elitek,OTHER,Other,oral,,,,,,,,,,,,"Volume Of Distribution * 110 to 127 mL/kg [pediatric patients] Half-life 18 hours Mechanism Of Action In humans, uric acid is the final step in the catabolic pathway of purines. Rasburicase catalyzes enzymatic oxidation of poorly soluble uric acid into an inactive and more soluble metabolite (allantoin). Pharmacodynamics The measurement of plasma uric acid was used to evaluate the effectiveness o…",,"Indications & Usage Elitek is a recombinant urate-oxidase indicated for initial management of plasma uric acid levels in pediatric and adult patients with leukemia, lymphoma, and solid tumor malignancies who are receiving anti-cancer therapy expected to result in tumor lysis and subsequent elevation of plasma uric acid. Limitation of use: Elitek is indicated only for a single course of treatment.…","Contraindications History of the following reactions to rasburicase: anaphylaxis, severe hypersensitivity, hemolysis, methemoglobinemia. Glucose-6-phosphate dehydrogenase (G6PD) deficiency. Contraindications Elitek is contraindicated in patients with a history of anaphylaxis or severe hypersensitivity to rasburicase or in patients with development of hemolytic reactions or methemoglobinemia with …",Rx,,,OTHER,,
medtap,5a8e1981564c99302a18bd2d,DNA,Yondelis; trabectedin; Pentam 300; pentamidine,Alkylating Drug; Antiprotozoal,Other,intravenous,intravenous,,,,,,,,,,,"Absorption Administered intravenously. Protein Binding 94 to 98% Half-life 33-50 hours Mechanism Of Action Trabectedin is an alkylating drug that binds guanine residues in the minor groove of DNA, forming adducts and resulting in a bending of the DNA helix towards the major groove. Adduct formation triggers a cascade of events that can affect the subsequent activity of DNA binding proteins, inclu…",,Indications & Usage Yondelis is an alkylating drug indicated for the treatment of patients with unresectable or metastatic liposarcoma or leiomyosarcoma who received a prior anthracycline-containing regimen Indications & Usage Yondelis ® is indicated for the treatment of patients with unresectable or metastatic liposarcoma or leiomyosarcoma who received a prior anthracycline-containing regimen .,"Contraindications Known hypersensitivity to trabectedin Warnings And Precautions Neutropenic sepsis: Severe, and fatal, neutropenic sepsis may occur. Monitor neutrophil count during treatment. Withhold Yondelis for Grade 2 or greater neutropenia Rhabdomyolysis: Rhabdomyolysis may occur; withhold Yondelis for severe or life-threatening increases in creatine phosphokinase level Hepatotoxicity: Hepa…",Rx,,,Alkylating Drug; Antiprotozoal,,
medtap,5a8e1981564c99302a18bd28,Progesterone receptor,Cryselle; norgestrel,OTHER,Other,oral,,,,,,,,,,,,,,"Indications & Usage Cryselle is indicated for use by females of reproductive potential to prevent pregnancy. In a study of 1,287 women with a total of 11,085 cycles or 852.7 women-years of usage, the pregnancy rate in women age 15 to 40 years was approximately 1 pregnancy per 100 women-years of use.","Contraindications Do not prescribe Cryselle to women who are known to have any of the following conditions: A high risk of arterial or venous thrombotic diseases. Examples include women who are known to: o Smoke, if over age 35 o Have deep-vein thrombosis or pulmonary embolism, now or in the past o Have inherited or acquired coagulopathies o Have cerebrovascular disease o Have coronary artery dis…",Rx,,,OTHER,,
medtap,5a8e1981564c99302a18bd3a,ifosfamide,Ifex; ifosfamide,Alkylating Drug,Other,intravenous,intravenous,,,,,,,,,,,"Volume Of Distribution Ifosfamide volume of distribution (Vd) approximates the total body water volume, suggesting that distribution takes place with minimal tissue binding. Following intravenous administration of 1.5 g/m2 over 0.5 hour once daily for 5 days to 15 patients with neoplastic disease, the median Vd of ifosfamide was 0.64 L/kg on Day 1 and 0.72 L/kg on Day 5. When given to pediatric p…",,Indications & Usage Ifex is an alkylating drug indicated for use in combination with certain other approved antineoplastic agents for third-line chemotherapy of germ cell testicular cancer. It should be used in combination with mesna for prophylaxis of hemorrhagic cystitis. (1) Indications & Usage Ifex is indicated for use in combination with certain other approved antineoplastic agents for third…,Contraindications Known hypersensitivity to administration of ifosfamide. Urinary outflow obstruction. Warnings And Precautions Myelosuppression: Can be severe and lead to fatal infections. Monitor blood counts prior to and at intervals after treatment. Neurotoxicity: Severe and fatal neurotoxicity can occur. Carefully monitor the patient for CNS toxicity and other neurotoxic effects. Discontinue…,Rx,,,Alkylating Drug,,
medtap,5a8e1981564c99302a18bd67,Carvedilol,Coreg,beta-Adrenergic Blocker,Other,oral,oral,,,,,,,,,,,"Absorption Carvedilol is rapidly and extensively absorbed following oral administration, with an absolute bioavailability of approximately 25% to 35% due to a significant degree of first-pass metabolism. Volume Of Distribution * 115 L Protein Binding 98% Metabolism Hepatic. Carvedilol is metabolized primarily by aromatic ring oxidation and glucuronidation. The oxidative metabolites are further me…",,Indications & Usage COREG CR is an alpha-/beta-adrenergic blocking agent indicated for the treatment of: mild to severe chronic heart failure. left ventricular dysfunction following myocardial infarction in clinically stable patients. hypertension. Indications & Usage Heart Failure COREG CR is indicated for the treatment of mild-to-severe chronic heart failure of ischemic or cardiomyopathic origi…,"Contraindications Bronchial asthma or related bronchospastic conditions. Second- or third-degree AV block. Sick sinus syndrome. Severe bradycardia (unless permanent pacemaker in place). Patients in cardiogenic shock or decompensated heart failure requiring the use of IV inotropic therapy. Severe hepatic impairment. History of serious hypersensitivity reaction (e.g., Stevens-Johnson syndrome, anap…",Rx,,,beta-Adrenergic Blocker,,
medtap,5a8e1981564c99302a18bd4d,Propranolol,,beta-Adrenergic Blocker,Other,intravenous,intravenous,,,,,,,,,,,"Absorption Propranolol is almost completely absorbed from the GI tract; however, plasma concentrations attained are quite variable among individuals. Volume Of Distribution * 4 L Protein Binding More than 90% Metabolism Hepatic Excretion Propranolol is extensively metabolized with most metabolites appearing in the urine. Half-life 4 hours",,"Indications & Usage ﻿Cardiac Arrhythmias Intravenous administration is usually reserved for life-threatening arrhythmias or those occurring under anesthesia. 1. Supraventricular arrhythmias Intravenous Propranolol is indicated for the short-term treatment of supraventricular tachycardia, including Wolff‑Parkinson‑White syndrome and thyrotoxicosis, to decrease ventricular rate. Use in patients wit…","Contraindications Propranolol is contraindicated in 1) cardiogenic shock; 2) sinus bradycardia and greater than first-degree block; 3) bronchial asthma; and 4) in patients with known hypersensitivity to Propranolol hydrochloride. Warnings ﻿Cardiac Failure Sympathetic stimulation may be a vital component supporting circulatory function in patients with congestive heart failure, and its inhibition …",Rx,,,beta-Adrenergic Blocker,,
medtap,5a8e1981564c99302a18bd79,pyrantel,Vermocks; pyrantel,OTHER,Other,oral,oral,,,,,,,,,,,,,Indications & Usage for the treatment of pinworms. para el tratamiento de lombrices intestinales,"Warnings Abdominal cramps, nausea, vomiting, diarrhea, headache, or dizziness sometimes occur after taking this drug. If any of these conditions persist consult a doctor. If you are pregnant or have liver disease, do not take this product unless directed by a doctor. Retortijones, nausea, vomito, diarrea, dolor de cabeza o mareo ocasionalmente puede ocurrir después de tomar este producto. Consult…",OTC,,,OTHER,,
medtap,5a8e1981564c99302a18bd5f,Adenosine,Adenocard,Adenosine Receptor Agonist,Other,intravenous,intravenous,,,,,,,,,,,"Metabolism Intracellular adenosine is rapidly metabolized either via phosphorylation to adenosine monophosphate by adenosine kinase, or via deamination to inosine by adenosine deaminase in the cytosol. Half-life Less than 10 secs",,"Indications & Usage Intravenous Adenocard (adenosine injection) is indicated for the following. Conversion to sinus rhythm of paroxysmal supraventricular tachycardia (PSVT), including that associated with accessory bypass tracts (Wolff-Parkinson-White Syndrome). When clinically advisable, appropriate vagal maneuvers (e.g., Valsalva maneuver), should be attempted prior to Adenocard administration.…","Contraindications Intravenous Adenocard (adenosine injection) is contraindicated in: 1. Second- or third-degree A-V block (except in patients with a functioning artificial pacemaker). 2. Sinus node disease, such as sick sinus syndrome or symptomatic bradycardia (except in patients with a functioning artificial pacemaker). 3. Known hypersensitivity to adenosine. Warnings Heart Block Adenocard (ade…",Rx,,,Adenosine Receptor Agonist,,
medtap,5a8e1981564c99302a18bd8d,Benzonatate,,Non-narcotic Antitussive,Other,oral,oral,,,,,,,,,,,Metabolism Benzonatate is hydrolyzed to para-aminobenzoic acid (PABA) by plasma esterases Half-life 3-8 hours,,Indications & Usage Benzonatate is indicated for the symptomatic relief of cough.,"Contraindications Hypersensitivity to Benzonatate or related compounds. Warnings Hypersensitivity Severe hypersensitivity reactions (including bronchospasm, laryngospasm and cardiovascular collapse) have been reported which are possibly related to local anesthesia from sucking or chewing the capsule instead of swallowing it. Severe reactions have required intervention with vasopressor agents and …",Rx,,,Non-narcotic Antitussive,,
medtap,5a8e1981564c99302a18bd88,Chloroprocaine,Nesacaine; Chloroprocaine Hydrochloride,Ester Local Anesthetic,Other,other,other,,,,,,,,,,,"Absorption The rate of systemic absorption of local anesthetic drugs is dependent upon the total dose and concentration of drug administered, the route of administration, the vascularity of the administration site, and the presence or absence of epinephrine in the anesthetic injection. Metabolism Chloroprocaine is rapidly metabolized in plasma by hydrolysis of the ester linkage by pseudocholinest…",,"Indications & Usage Nesacaine 1% and 2% Injections, in multidose vials with methylparaben as preservative, are indicated for the production of local anesthesia by infiltration and peripheral nerve block. They are not to be used for lumbar or caudal epidural anesthesia. Nesacaine-MPF 2% and 3% Injections, in single dose vials without preservative and without EDTA, are indicated for the production …","Contraindications Nesacaine and Nesacaine-MPF Injections are contraindicated in patients hypersensitive (allergic) to drugs of the PABA ester group. Lumbar and caudal epidural anesthesia should be used with extreme caution in persons with the following conditions: existing neurological disease, spinal deformities, septicemia, and severe hypertension. Warnings LOCAL ANESTHETICS SHOULD ONLY BE EMPL…",Rx,,,Ester Local Anesthetic,,
medtap,5a8e1981564c99302a18bd8f,Everolimus,Zortress,mTOR Inhibitor Immunosuppressant,Other,oral,oral,,,,,,,,,,,"Absorption In patients with advanced solid tumors, peak everolimus concentrations are reached 1 to 2 hours after administration of oral doses ranging from 5 mg to 70 mg. Following single doses, Cmax is dose-proportional between 5 mg and 10 mg. At doses of 20 mg and higher, the increase in Cmax is less than dose-proportional, however AUC shows dose-proportionality over the 5 mg to 70 mg dose range…",,"Indications & Usage Zortress is a mTOR inhibitor immunosuppressant indicated for the prophylaxis of organ rejection in adult patients: Kidney transplant: at low-moderate immunologic risk. Use in combination with basiliximab, cyclosporine (reduced doses) and corticosteroids. Liver transplant: Administer no earlier than 30 days post-transplant. Use in combination with tacrolimus (reduced doses) and…","Contraindications Hypersensitivity to everolimus, sirolimus, or to components of the drug product. Warnings And Precautions Angioedema : Monitor for symptoms and treat promptly. Delayed Wound Healing/Fluid Accumulation: Monitor symptoms; treat promptly to minimize complications. Interstitial Lung Disease/Non-Infectious Pneumonitis: Monitor for symptoms or radiologic changes; manage by dose reduct…",Rx,,,mTOR Inhibitor Immunosuppressant,,
medtap,5a8e1981564c99302a18bd6c,Mesalazine,Apriso; mesalamine; Lialda; Asacol Hd,Aminosalicylate,Other,oral,oral,,,,,,,,,,,"Absorption 20 to 30% absorbed following oral administration. 10 to 35% absorbed from the colon (rectal suppository) - extent of absorption is determined by the length of time the drug is retained in the colon. Protein Binding About 80% of N-Ac-5-ASA is bound to plasma proteins, whereas 40% of mesalamine is protein bound. Metabolism Rapidly and extensively metabolized, mainly to N-acetyl-5-ASA (Ac…",,Indications & Usage Apriso is a locally-acting aminosalicylate indicated for the maintenance of remission of ulcerative colitis in adults. Indications & Usage Apriso capsules are indicated for the maintenance of remission of ulcerative colitis in patients 18 years of age and older.,"Contraindications Hypersensitivity to salicylates, aminosalicylates, or any component of Apriso capsules Warnings And Precautions Renal impairment may occur. Assess renal function at the beginning of treatment and periodically during therapy. Acute exacerbation of colitis symptoms can occur. Use caution with pre-existing liver disease. Contraindications Apriso is contraindicated in patients with …",Rx,,,Aminosalicylate,,
medtap,5a8e1981564c99302a18bd9c,Temazepam,Restoril,Benzodiazepine,Benzodiazepine,oral,oral,,,,,,,,,,,"Absorption Well absorbed, minimal first-pass metabolism. Protein Binding 96% Metabolism Hepatic. Temazepam is completely metabolized through conjugation prior to excretion. The major metabolite is the O-conjugate of temazepam (90%). Excretion Temazepam was completely metabolized through conjugation prior to excretion; 80% to 90% of the dose appeared in the urine. Half-life 10-20 hours",,"Indications & Usage Restoril™ (temazepam) is indicated for the short-term treatment of insomnia (generally 7 to 10 days). For patients with short-term insomnia, instructions in the prescription should indicate that Restoril™ (temazepam) should be used for short periods of time (7 to 10 days). The clinical trials performed in support of efficacy were 2 weeks in duration with the final formal asses…",Contraindications Benzodiazepines may cause fetal harm when administered to a pregnant woman. An increased risk of congenital malformations associated with the use of diazepam and chlordiazepoxide during the first trimester of pregnancy has been suggested in several studies. Transplacental distribution has resulted in neonatal CNS depression following the ingestion of therapeutic doses of a benzo…,Rx,,,Benzodiazepine,,
medtap,5a8e1981564c99302a18bd5b,Retapamulin,Altabax,Pleuromutilin Antibacterial,Other,transdermal,transdermal,,,,,,,,,,,"Protein Binding Retapamulin is approximately 94% bound to human plasma proteins, and the protein binding is independent of concentration. Metabolism In vitro studies with human liver microsomes demonstrated that retapamulin is extensively metabolized to numerous metabolites, of which the predominant routes of metabolism were mono-oxygenation and N-demethylation. The major enzyme responsible for m…",,"Indications & Usage Altabax, a pleuromutilin antibacterial, is indicated for the topical treatment of impetigo due to Staphylococcus aureus (methicillin-susceptible isolates only) or Streptococcus pyogenes in patients aged 9 months or older. Safety in patients younger than 9 months has not been established. Indications & Usage Altabax ® is indicated for use in adults and pediatric patients aged 9…","Contraindications None. Warnings And Precautions Discontinue in the event of sensitization or severe local irritation. Not intended for ingestion. Not for intraoral, intranasal, ophthalmic, or intravaginal use. Contraindications None. Warnings And Precautions Local Irritation In the event of sensitization or severe local irritation from Altabax, usage should be discontinued, the ointment wiped of…",Rx,,,Pleuromutilin Antibacterial,,
medtap,5a8e1981564c99302a18bd71,acalabrutinib,Calquence; acalabrutinib,OTHER,Other,oral,oral,,,,,,,,,,,"Mechanism Of Action Acalabrutinib is a small-molecule inhibitor of BTK. Acalabrutinib and its active metabolite, ACP-5862, form a covalent bond with a cysteine residue in the BTK active site, leading to inhibition of BTK enzymatic activity. BTK is a signaling molecule of the B cell antigen receptor (BCR) and cytokine receptor pathways. In B cells, BTK signaling results in activation of pathways n…",,Indications & Usage Calquence is a kinase inhibitor indicated for the treatment of adult patients with mantle cell lymphoma (MCL) who have received at least one prior therapy. This indication is approved under accelerated approval based on overall response rate. Continued approval for this indication may be contingent upon verification and description of clinical benefit in confirmatory trials. I…,"Contraindications None. Warnings And Precautions Hemorrhage : Monitor for bleeding and manage appropriately. Infections : Monitor patients for signs and symptoms of infection and treat as needed. Cytopenias : Monitor complete blood counts monthly during treatment. Second Primary Malignancies : Other malignancies have occurred in patients, including skin cancers and other carcinomas. Advise patien…",Rx,,,OTHER,,
medtap,5a8e1981564c99302a18bd63,Interferon alpha/beta receptor 2,Pegasys; peginterferon alfa-2a,Interferon alpha,Other,subcutaneous,subcutaneous,,,,,,,,,,,"Half-life Terminal half life is 80 hours (range 50 to 140 hours). Mechanism Of Action Pegylated recombinant human interferon alfa-2a is an inducer of the innate antiviral immune response . Pharmacodynamics Pegasys stimulates the production of effector proteins such as serum neopterin and 2', 5'-oligoadenylate synthetase. Pharmacokinetics Maximal serum concentrations (C max ) and AUC increased in …",,Indications & Usage Pegasys is an inducer of the innate immune response indicated for the treatment of Chronic Hepatitis C (CHC) Adult Patients: In combination therapy with other hepatitis C virus drugs for adults with compensated liver disease. Pegasys monotherapy is indicated only if patient has contraindication or significant intolerance to other HCV drugs. Pediatric Patients: In combination w…,"Contraindications Autoimmune hepatitis Hepatic decompensation in patients with cirrhosis Use in neonates/infants Known hypersensitivity reactions such as urticaria, angioedema, bronchoconstriction and anaphylaxis to alpha interferons or any component of the product Additional contraindications for use with other HCV antiviral drugs: When used in combination with other HCV antiviral drugs, all con…",Rx,,,Interferon alpha,,
medtap,5a8e1981564c99302a18bd64,Econazole,Econazole Nitrate Cream,Azole Antifungal,Antimicrobial,transdermal,transdermal,,,,,,,,,,,"Absorption After topical application to the skin of normal subjects, systemic absorption of econazole nitrate is extremely low. Although most of the applied drug remains on the skin surface, drug concentrations were found in the stratum corneum which, by far, exceeded the minimum inhibitory concentration for dermatophytes. Metabolism Hepatic.",,"Indications & Usage Econazole Nitrate Cream is indicated for topical application in the treatment of tinea pedis, tinea cruris, and tinea corporis caused by Trichophyton rubrum, Trichophyton mentagrophytes, Trichophyton tonsurans, Microsporum canis, Microsporum audouini, Microsporum gypseum, and Epidermophyton floccosum, in the treatment of cutaneous candidiasis, and in the treatment of tinea ver…","Contraindications Econazole Nitrate Cream is contraindicated in individuals who have shown hypersensitivity to any of its ingredients. Warnings Econazole Nitrate is not for ophthalmic use. Precautions General: If a reaction suggesting sensitivity or chemical irritation should occur, use of the medication should be discontinued. For external use only. Avoid introduction of Econazole Nitrate Cream …",Rx,,,Azole Antifungal,,
medtap,5a8e1981564c99302a18bda3,thiamine,Thiamine Hydrochloride; thiamine,OTHER,Other,intramuscular,intramuscular,,,,,,,,,,,,,"Indications & Usage Thiamine Hydrochloride injection is effective for the treatment of thiamine deficiency or beriberi whether of the dry (major symptoms related to the nervous system) or wet (major symptoms related to the cardiovascular system) variety. Thiamine Hydrochloride injection should be used where rapid restoration of thiamine is necessary, as in Wernicke's encephalopathy, infantile ber…","Contraindications A history of sensitivity to thiamine or to any of the ingredients in this drug is a contraindication. Warnings WARNING: This product contains aluminum that may be toxic. Aluminum may reach toxic levels with prolonged parenteral administration if kidney function is impaired. Premature neonates are particularly at risk because their kidneys are immature, and they require large amo…",Rx,,,OTHER,,
medtap,5a8e1981564c99302a18bdb0,Cefuroxime,Ceftin,Cephalosporin Antibacterial,Other,intravenous,intravenous,,,,,,,,,,,Absorption Absorbed from the gastrointestinal tract. Absorption is greater when taken after food (absolute bioavailability increases from 37% to 52%). Protein Binding 50% to serum protein Metabolism The axetil moiety is metabolized to acetaldehyde and acetic acid. Half-life Approximately 80 minutes following intramuscular or intravenous injection. Mechanism Of Action Cefuroxime is a bactericidal …,,"Indications & Usage Cefuroxime for Injection, USP is indicated for the treatment of patients with infections caused by susceptible strains of the designated organisms in the following diseases: Lower Respiratory Tract Infections, including pneumonia, caused by Streptococcus pneumoniae, Haemophilus influenzae (including ampicillin-resistant strains), Klebsiella spp. , Staphylococcus aureus (penici…","Contraindications Cefuroxime for Injection is contraindicated in patients with known allergy to the cephalosporin group of antibiotics. Warnings BEFORE THERAPY WITH Cefuroxime FOR INJECTION IS INSTITUTED, CAREFUL INQUIRY SHOULD BE MADE TO DETERMINE WHETHER THE PATIENT HAS HAD PREVIOUS HYPERSENSITIVITY REACTIONS TO CEPHALOSPORINS, PENICILLINS, OR OTHER DRUGS. THIS PRODUCT SHOULD BE GIVEN CAUTIOUSL…",Rx,,,Cephalosporin Antibacterial,,
medtap,5a8e1981564c99302a18bd56,Amphetamine,Dyanavel Xr; Adzenys Xr-odt; Mydayis; dextroamphetamine/dextroamphetamine/amphetamine/amphetamine,Central Nervous System Stimulant,Stimulant,oral,oral,,,,,,,,,,,"Absorption Amphetamine forms easily absorbed molecules that are highly lipid soluble. D-amphetamine mean peak plasma concentrations of 44.9 ng/mL occurred at a median time of 5.0 hours after dosing, and L-amphetamine mean peak plasma concentrations of 14.5 ng/mL occurred at a median time of 5.25 hours after dosing. Protein Binding 15-40% Metabolism Amphetamine is reported to be oxidized at the 4 …",,Indications & Usage DYANAVEL XR is a central nervous system (CNS) stimulant indicated for the treatment of Attention Deficit Hyperactivity Disorder (ADHD) Indications & Usage Dyanavel Xr is a central nervous system (CNS) stimulant indicated for the treatment of Attention Deficit Hyperactivity Disorder (ADHD) .,Contraindications Known hypersensitivity to amphetamine products or other ingredients in DYANAVEL XR Use of monoamine oxidase inhibitor (MAOI) or within 14 days of the last MAOI dose Warnings And Precautions Serious Cardiovascular Reactions: Sudden death has been reported in association with CNS stimulant treatment at recommended doses in pediatric patients with structural cardiac abnormalities o…,Rx,,,Central Nervous System Stimulant,,
medtap,5a8e1981564c99302a18bd6d,magnesium/sodium,Stomachin Antacid; magnesium/sodium,OTHER,Other,oral,oral,,,,,,,,,,,,,Indications & Usage Antacid,Warnings Enter section text here,OTC,,,OTHER,,
medtap,5a8e1981564c99302a18bd7b,Olopatadine,Pazeo,Histamine-1 Receptor Inhibitor,Other,other,other,,,,,,,,,,,Absorption Ophthalmic use of olopatadine usually does not produce measurable plasma concentrations. Metabolism The mono-desmethyl and the N-oxide metabolites have been detected at low concentrations in the urine. Excretion Elimination was predominantly through renal excretion. Half-life 3 hours Mechanism Of Action Olopatadine is a mast cell stabilizer and a histamine H 1 antagonist. Decreased che…,,Indications & Usage Pazeo is a mast cell stabilizer indicated for the treatment of ocular itching associated with allergic conjunctivitis. . Indications & Usage Pazeo is indicated for the treatment of ocular itching associated with allergic conjunctivitis.,"Contraindications None. Warnings And Precautions Contamination of Tip and Solution. To prevent contaminating the dropper tip and solution, do not touch the eyelids or surrounding areas with the dropper tip of the bottle. Contraindications None. Warnings And Precautions CONTAMINATION OF TIP AND SOLUTION As with any eye drop, care should be taken not to touch the eyelids or surrounding areas with t…",Rx,,,Histamine-1 Receptor Inhibitor,,
medtap,5a8e1981564c99302a18bd87,tetracycline,Sumycin; tetracycline,Tetracycline-class Antimicrobial,Antimicrobial,oral,oral,,,,,,,,,,,"Absorption Bioavailability is less than 40% when administered via intramuscular injection, 100% intravenously, and 60-80% orally (fasting adults). Food and/or milk reduce GI absorption of oral preparations of tetracycline by 50% or more. Protein Binding 20 - 67% protein bound Metabolism Not metabolized Excretion They are concentrated by the liver in the bile and excreted in the urine and feces at…",,"Indications & Usage To reduce the development of drug-resistant bacteria and maintain the effectiveness of tetracycline hydrochloride and other antibacterial drugs, tetracycline hydrochloride tablets should be used only to treat infections that are proven or strongly suspected to be caused by susceptible bacteria. When culture and susceptibility information are available, they should be considere…","Contraindications This drug is contraindicated in persons who have shown hypersensitivity to any of the tetracyclines. Warnings T ooth Development The use of drugs of the tetracycline-class during tooth development (last half of pregnancy, infancy and childhood to the age of 8 years) may cause permanent discoloration of the teeth (yellow-gray-brown). This adverse reaction is more common during lo…",Rx,,,Tetracycline-class Antimicrobial,,
medtap,5a8e1981564c99302a18bda4,potassium,K-tab; potassium; Normosol-r And Dextrose; dextrose/sodium/sodium/sodium/potassium/magnesium; Plasma-lyte 148; sodium/sodium/sodium/potassium/magnesium; Isoplate; sodium/sodium/sodium/potassium/magnesium/sodium/potassium; Golytely; polyethylene glycol 3350/sodium/sodium/sodium/potassium; Peg-3350 And Electrolytes; polyethylene glycol 3350/sodium/potassium/sodium/sodium,Osmotic Laxative,Other,oral,oral,,,,,,,,,,,,,"Indications & Usage BECAUSE OF REPORTS OF INTESTINAL AND GASTRIC ULCERATION AND BLEEDING WITH CONTROLLED-RELEASE POTASSIUM CHLORIDE PREPARATIONS, THESE DRUGS SHOULD BE RESERVED FOR THOSE PATIENTS WHO CANNOT TOLERATE OR REFUSE TO TAKE LIQUID OR EFFERVESCENT POTASSIUM PREPARATIONS, OR FOR PATIENTS WITH WHOM THERE IS A PROBLEM OF COMPLIANCE WITH THESE PREPARATIONS. For the treatment of patients with…","Contraindications Potassium supplements are contraindicated in patients with hyperkalemia since a further increase in serum potassium concentration in such patients can produce cardiac arrest. Hyperkalemia may complicate any of the following conditions: chronic renal failure, systemic acidosis such as diabetic acidosis, acute dehydration, extensive tissue breakdown as in severe burns, adrenal ins…",Rx,,,Osmotic Laxative,,
medtap,5a8e1981564c99302a18bdab,Octreotide,Octreotide Acetate,Somatostatin Analog,Other,intravenous,intravenous,,,,,,,,,,,Volume Of Distribution * 13.6 L [healthy volunteers] Excretion About 32% of the dose is excreted unchanged into the urine. Clearance * 7 – 10 L/hr [healthy after 100-mcg SC injection],,"Indications & Usage Acromegaly Octreotide Acetate Injection is indicated to reduce blood levels of growth hormone and IGF-I (somatomedin C) in acromegaly patients who have had inadequate response to or cannot be treated with surgical resection, pituitary irradiation, and bromocriptine mesylate at maximally tolerated doses. The goal is to achieve normalization of growth hormone and IGF-I (somatome…","Contraindications Sensitivity to this drug or any of its components. Warnings Single doses of Octreotide Acetate have been shown to inhibit gallbladder contractility and decrease bile secretion in normal volunteers. In clinical trials (primarily patients with acromegaly or psoriasis), the incidence of biliary tract abnormalities was 63% (27% gallstones, 24% sludge without stones, 12% biliary duct…",Rx,,,Somatostatin Analog,,
medtap,5a8e1981564c99302a18bd4c,indapamide,indapamide,Thiazide-like Diuretic,Other,oral,oral,,,,,,,,,,,"Absorption Rapidly absorbed from gastrointestinal tract. Protein Binding 71-79% Metabolism Primarily hepatic. Indapamide is an extensively metabolized drug with only about 7+ACU- of the total dose administered, recovered in the urine as unchanged drug during the first 48 hours after administration. Excretion Indapamide is an extensively metabolized drug, with only about 7% of the total dose admin…",,"Indications & Usage Indapamide tablets are indicated for the treatment of hypertension, alone or in combination with other antihypertensive drugs. Indapamide tablets are also indicated for the treatment of salt and fluid retention associated with congestive heart failure. Usage in Pregnancy: The routine use of diuretics in an otherwise healthy woman is inappropriate and exposes mother and fetus t…","Contraindications Anuria. Known hypersensitivity to Indapamide or to other sulfonamide-derived drugs. Warnings Severe cases of hyponatremia, accompanied by hypokalemia, have been reported with recommended doses of Indapamide. This occurred primarily in elderly females. This appears to be dose-related. Also, a large case-controlled pharmacoepidemiology study indicates that there is an increased ri…",Rx,,,Thiazide-like Diuretic,,
medtap,5a8e1981564c99302a18bd52,Clemastine,Tavist,OTHER,Other,oral,oral,,,,,,,,,,,Absorption Rapidly absorbed from the gastrointestinal tract. Metabolism Antihistamines appear to be metabolized in the liver chiefly via mono- and didemethylation and glucuronide conjugation. Excretion Urinary excretion is the major mode of elimination.,,"Indications & Usage temporarily reduces these symptoms of the common cold, hay fever and other respiratory allergies: runny nose itchy, watery eyes sneezing itching of the nose or throat",,OTC,,,OTHER,,
medtap,5a8e1981564c99302a18bd74,Idarubicin,Idamycin Pfs,Anthracycline Topoisomerase Inhibitor,Other,intravenous,intravenous,,,,,,,,,,,"Protein Binding 97% Excretion The drug is eliminated predominately by biliary and to a lesser extent by renal excretion, mostly in the form of idarubicinol. Half-life 22 hours Mechanism Of Action Idarubicin hydrochloride is a DNA-intercalating analog of daunorubicin which has an inhibitory effect on nucleic acid synthesis and interacts with the enzyme topoisomerase II. The absence of a methoxy gr…",,Indications & Usage Idamycin Pfs Injection in combination with other approved antileukemic drugs is indicated for the treatment of acute myeloid leukemia (AML) in adults. This includes French-American-British (FAB) classifications M1 through M7.,Warnings Idarubicin is intended for administration under the supervision of a physician who is experienced in leukemia chemotherapy. Idarubicin is a potent bone marrow suppressant. Idarubicin should not be given to patients with pre-existing bone marrow suppression induced by previous drug therapy or radiotherapy unless the benefit warrants the risk. Severe myelosuppression will occur in all pati…,Rx,,,Anthracycline Topoisomerase Inhibitor,,
medtap,5a8e1981564c99302a18bda0,Amiloride,Amiloride Hydrochloride,Potassium-sparing Diuretic,Other,oral,oral,,,,,,,,,,,Absorption Readily absorbed following oral administration. Metabolism Amiloride is not metabolized by the liver but is excreted unchanged by the kidneys. Excretion Amiloride HCl is not metabolized by the liver but is excreted unchanged by the kidneys. About 50 percent of a 20 mg dose of amiloride HCl is excreted in the urine and 40 percent in the stool within 72 hours. Half-life Plasma half-life …,,Indications & Usage Amiloride HCl tablets are indicated as adjunctive treatment with thiazide diuretics or other kaliureticdiuretic agents in congestive heart failure or hypertension to: a. help restore normal serum potassium levels in patients who develop hypokalemia on the kaliuretic diuretic b. prevent development of hypokalemia in patients who would be exposed to particular risk if hypokalemi…,"Contraindications Hyperkalemia Amiloride HCl tablets should not be used in the presence of elevated serum potassium levels (greater than 5.5 mEq per liter). Antikaliuretic Therapy or Potassium Supplementation Amiloride HCl tablets should not be given to patients receiving other potassium-conserving agents, such as spironolactone or triamterene. Potassium supplementation in the form of medication,…",Rx,,,Potassium-sparing Diuretic,,
medtap,5a8e1981564c99302a18bd43,Sodium channel protein type 5 subunit alpha,propafenone,Antiarrhythmic,Other,oral,oral,,,,,,,,,,,"Absorption Nearly completely absorbed following oral administration (90%). Systemic bioavailability ranges from 5 to 50%, due to significant first-pass metabolism. This wide range in systemic bioavailability is related to two factors: presence of food (food increases bioavailability) and dosage (bioavailability is 3.4% for a 150-mg tablet compared to 10.6% for a 300-mg tablet). Volume Of Distribu…",,Indications & Usage Propafenone Extended Release Capsules are indicated to prolong the time to recurrence of symptomatic atrial fibrillation in patients without structural heart disease. The use of Propafenone ER capsules in patients with permanent atrial fibrillation or in patients exclusively with atrial flutter or PSVT has not been evaluated. Propafenone ER capsules should not be used to contr…,"Contraindications Propafenone ER capsules are contraindicated in the presence of congestive heart failure, cardiogenic shock, sinoatrial, atrioventricular and intraventricular disorders of impulse generation or conduction (e.g., sick sinus node syndrome, atrioventricular block) in the absence of an artificial pacemaker, bradycardia, marked hypotension, bronchospastic disorders, electrolyte imbala…",Rx,,,Antiarrhythmic,,
medtap,5a8e1981564c99302a18bd46,Auranofin,Ridaura,OTHER,Other,oral,oral,,,,,,,,,,,"Excretion Approximately 60% of the absorbed gold (15% of the administered dose) from a single dose of auranofin is excreted in urine; the remainder is excreted in the feces. Pharmacokinetics Pharmacokinetics: Pharmacokinetic studies were performed in rheumatoid arthritis patients, not in normal volunteers. Auranofin is rapidly metabolized and intact auranofin has never been detected in the blood.…",,"Indications & Usage Ridaura (auranofin) is indicated in the management of adults with active classical or definite rheumatoid arthritis (ARA criteria) who have had an insufficient therapeutic response to, or are intolerant of, an adequate trial of full doses of one or more nonsteroidal anti-inflammatory drugs. Ridaura should be added to a comprehensive baseline program, including non-drug therapi…","Contraindications Ridaura (auranofin) is contraindicated in patients with a history of any of the following gold-induced disorders: anaphylactic reactions, necrotizing enterocolitis, pulmonary fibrosis, exfoliative dermatitis, bone marrow aplasia or other severe hematologic disorders. Warnings Danger signs of possible gold toxicity include fall in hemoglobin, leukopenia below 4,000 WBC/cu mm, gra…",Rx,,,OTHER,,
medtap,5a8e1981564c99302a18bd9d,senna leaf/docusate,Senna Leaf And Docusate Sodium; senna leaf/docusate,OTHER,Other,oral,oral,,,,,,,,,,,,,Indications & Usage relieves occasional constipation (irregularity) generally produces a bowel movement in 6-12 hours,"Warnings Do not use if you are now taking mineral oil, unless directed by a doctor laxative products for longer than 1 week unless directed by a doctor Ask a doctor before use if you have stomach pain nausea vomiting noticed a sudden change in bowel habits that continues over a period of 2 weeks Stop use and ask a doctor if you have rectal bleeding or fail to have a bowel movement after use of a …",OTC,,,OTHER,,
medtap,5a8e1981564c99302a18bd4e,Dimenhydrinate,Airmit Ace,OTHER,Other,oral,oral,,,,,,,,,,,Absorption Well absorbed after oral administration. Protein Binding 98 to 99%. Metabolism Hepatic (cytochrome P-450 system). Half-life 1 to 4 hours,,Indications & Usage Uses For the prevention and treatment of the following symptoms associated with motion sickness ■nausea ■vomiting ■dizziness,"Warnings Warnings Do not use ■for children under 2 years of age unless directed by a doctor ■this product if you are taking sedatives or tranquilizers, without first consulting your doctor Ask a doctor before use if you have ■a breathing problem such as emphysema or chronic bronchitis ■glaucoma ■difficulty in urination due to enlargement of the prostate gland When using this product ■may cause ma…",OTC,,,OTHER,,
medtap,5a8e1981564c99302a18bd65,Phentolamine,Oraverse; Phentolamine Mesylate,alpha-Adrenergic Blocker,Other,other,other,,,,,,,,,,,"Excretion 10-13% of the drug is excreted unchanged in urine, and the fate of the remainder of the drug is unknown. Half-life 19 minutes Mechanism Of Action The mechanism by which Oraverse accelerates reversal of soft-tissue anesthesia and the associated functional deficits is not fully understood. Phentolamine mesylate, the active ingredient in Oraverse, produces an alpha-adrenergic block of rela…",,"Indications & Usage Oraverse, an alpha adrenergic blocker, is indicated for adult and pediatric patients ages 3 years and older for the reversal of soft-tissue anesthesia, i.e., anesthesia of the lip and tongue, and the associated functional deficits resulting from an intraoral submucosal injection of a local anesthetic containing a vasoconstrictor. Indications & Usage Oraverse an alpha adrenergi…","Contraindications Oraverse is contraindicated in patients with: Hypersensitivity to the active substance or to any ingredients in the formulation. Warnings And Precautions Myocardial infarction, cerebrovascular spasm, and cerebrovascular occlusion have been reported to occur following the intravenous or intramuscular administration of phentolamine, usually in association with marked hypotensive e…",Rx,,,alpha-Adrenergic Blocker,,
medtap,5a8e1981564c99302a18bd70,Lansoprazole,Healthy Accents Lansoprazole,OTHER,Other,oral,oral,,,,,,,,,,,"Absorption The absorption of lansoprazole is rapid, with mean C Protein Binding 97% Metabolism Hepatic. Two metabolites have been identified in measurable quantities in plasma (the hydroxylated sulfinyl and sulfone derivatives of lansoprazole). These metabolites have very little or no antisecretory activity. Lansoprazole is thought to be transformed into two active species which inhibit acid secr…",,Indications & Usage treats frequent heartburn (occurs 2 or more days a week) not intended for immediate relief of heartburn; this drug may take 1 to 4 days for full effect,"Warnings Allergy alert: Do not use if you are allergic to lansoprazole Do not use if you have trouble or pain swallowing food, vomiting with blood, or bloody or black stools. These may be signs of a serious condition. See your doctor. Ask a doctor before use if you have liver disease had heartburn over 3 months. This may be a sign of a more serious condition. heartburn with lightheadedness, sweat…",OTC,,,OTHER,,
medtap,5a8e1981564c99302a18bd77,Sodium-dependent serotonin transporter,Fluvoxamine Maleate; fluvoxamine,Serotonin Reuptake Inhibitor,Antidepressant,oral,oral,,,,,,,,,,,"Absorption Well absorbed, bioavailability of fluvoxamine maleate is 53%. Volume Of Distribution * 25 L/kg Protein Binding ~77-80% (plasma protein) Metabolism Hepatic Excretion The main human metabolite was fluvoxamine acid which, together with its N-acetylated analog, accounted for about 60% of the urinary excretion products. Approximately 2% of fluvoxamine was excreted in urine unchanged. Follow…",,"Indications & Usage Fluvoxamine Maleate Tablets are indicated for the treatment of obsessions and compulsions in patients with obsessive compulsive disorder (OCD). Indications & Usage Obsessive-Compulsive Disorder Fluvoxamine Maleate tablets are indicated for the treatment of obsessions and compulsions in patients with obsessive compulsive disorder (OCD), as defined in DSM-III-R or DSM-IV. The ob…","Contraindications Co-administration of tizanidine, thioridazine, alosetron, pimozide Use of MAOIs concomitantly with or within 14 days of treatment with Fluvoxamine Maleate Tablets Warnings And Precautions Suicidality: Monitor for clinical worsening and suicide risk. Bipolar Disorder: Screen for bipolar disorder. Serotonin Syndrome or Neuroleptic Malignant Syndrome (NMS)-like Reactions: Serotonin…",Rx,,,Serotonin Reuptake Inhibitor,,
medtap,5a8e1981564c99302a18bd78,Chlorzoxazone,,Muscle Relaxant,Other,other,other,,,,,,,,,,,"Protein Binding 13-18% Metabolism Chlorzoxazone is rapidly metabolized in the liver and is excreted in the urine, primarily in a conjugated form as the glucuronide. Excretion Chlorzoxazone is rapidly metabolized and is excreted in the urine, primarily in a conjugated form as the glucuronide.",,"Indications & Usage Chlorzoxazone is indicated as an adjunct to rest, physical therapy, and other measures for the relief of discomfort associated with acute, painful musculoskeletal conditions. The mode of action of this drug has not been clearly identified, but may be related to its sedative properties. Chlorzoxazone does not directly relax tense skeletal muscles in man.",Contraindications Chlorzoxazone is contraindicated in patients with known intolerance to the drug. Warnings Serious (including fatal) hepatocellular toxicity has been reported rarely in patients receiving Chlorzoxazone. The mechanism is unknown but appears to be idiosyncratic and unpredictable. Factors predisposing patients to this rare event are not known. Patients should be instructed to report…,Rx,,,Muscle Relaxant,,
medtap,5a8e1981564c99302a18bd8e,Phentermine,Phentermine Hydrochloride,Sympathomimetic Amine Anorectic,Stimulant,oral,oral,,,,,,,,,,,"Absorption Phentermine is rapidly absorbed after oral ingestion. Protein Binding Approximately 96.3% Metabolism Hepatic. Half-life 16 to 31 hours Mechanism Of Action Phentermine is a sympathomimetic amine with pharmacologic activity similar to the prototype drugs of this class used in obesity, amphetamine (d- and dll-amphetamine). Drugs of this class used in obesity are commonly known as 'anorect…",,"Indications & Usage Phentermine Hydrochloride is a sympathomimetic amine anorectic indicated as a short-term adjunct (a few weeks) in a regimen of weight reduction based on exercise, behavioral modification and caloric restriction in the management of exogenous obesity for patients with an initial body mass index ≥30 kg/m 2 , or ≥27 kg/m 2 in the presence of other risk factors (e.g., controlled h…","Contraindications History of cardiovascular disease (e.g., coronary artery disease, stroke, arrhythmias, congestive heart failure, uncontrolled hypertension) During or within 14 days following the administration of monoamine oxidase inhibitors Hyperthyroidism Glaucoma Agitated states History of drug abuse Pregnancy Nursing Known hypersensitivity, or idiosyncrasy to the sympathomimetic amines Warn…",Rx,,,Sympathomimetic Amine Anorectic,,
medtap,5a8e1981564c99302a18bdae,Epoprostenol,Flolan,Prostacycline Vasodilator,Other,intravenous,intravenous,,,,,,,,,,,"Volume Of Distribution * 357 mL/kg Metabolism Epoprostenol is metabolized to 2 primary metabolites: 6-keto-PGF1 Excretion Epoprostenol is metabolized to 2 primary metabolites: 6-keto-PGF1α (formed by spontaneous degradation) and 6,15-diketo-13,14-dihydro-PGF1α (enzymatically formed), both of which have pharmacological activity orders of magnitude less than epoprostenol in animal test systems. Fou…",,Indications & Usage Flolan is a prostacyclin vasodilator indicated for the treatment of pulmonary arterial hypertension (PAH) (WHO Group I) to improve exercise capacity. Studies establishing effectiveness included predominantly (97%) patients with NYHA Functional Class III-IV symptoms and etiologies of idiopathic or heritable PAH (49%) or PAH associated with connective tissue diseases (51%). Indi…,Contraindications Heart failure with reduced ejection fraction. Hypersensitivity to Flolan or any of its ingredients. Warnings And Precautions Pulmonary edema: Discontinue therapy if pulmonary edema occurs. Rebound pulmonary hypertension: Do not abruptly discontinue or decrease the dose. Vasodilation reactions: Monitor blood pressure and symptoms regularly during initiation and after dose change.…,Rx,,,Prostacycline Vasodilator,,
medtap,5a8e1981564c99302a18bd91,Cyclopentolate,,OTHER,Other,other,other,,,,,,,,,,,Absorption Absorbed following ophthalmic administration.,,Indications & Usage Cyclopentolate hydrochloride is used to produce mydriasis and cycloplegia.,"Contraindications Should not be used when untreated narrow-angle glaucoma, or untreated anatomically narrow angles are present, or if the patient is hypersensitive to any component of this preparation. Warnings FOR TOPICAL APPLICATION IN THE EYE . NOT FOR INJECTION. This preparation may cause CNS disturbances. This is especially true in younger age groups, but may occur at any age, especially wit…",Rx,,,OTHER,,
medtap,5a8e1981564c99302a18bd9e,Alogliptin,Alogliptin And Pioglitazone; alogliptin/pioglitazone,Thiazolidinedione,Other,oral,oral,,,,,,,,,,,"Absorption alogliptin: The pharmacokinetics of NESINA was also shown to be similar in healthy subjects and in patients with type 2 diabetes. When single, oral doses up to 800 mg in healthy subjects and type 2 diabetes patients are given, the peak plasma alogliptin concentration (median Tmax) occurred 1 to 2 hours after dosing. Accumulation of aloglipin is minimal. The absolute bioavailability of …",,Indications & Usage Alogliptin And Pioglitazone tablets are a dipeptidyl peptidase-4 inhibitor and thiazolidinedione combination product indicated as an adjunct to diet and exercise to improve glycemic control in adults with type 2 diabetes mellitus. Important Limitations of Use: Not for treatment of type 1 diabetes or diabetic ketoacidosis. Indications & Usage Monotherapy and Combination Therapy…,"Contraindications History of a serious hypersensitivity reaction to alogliptin or pioglitazone, components of Alogliptin And Pioglitazone tablets, such as anaphylaxis, angioedema or severe cutaneous adverse reactions. Do not initiate Alogliptin And Pioglitazone tablets in patients with established NYHA Class III or IV heart failure. Warnings And Precautions Congestive heart failure: Fluid retenti…",Rx,,,Thiazolidinedione,,
medtap,5a8e1981564c99302a18bda1,Carisoprodol,Soma,Muscle Relaxant,Other,oral,oral,,,,,,,,,,,Protein Binding 60% Metabolism Hepatic. Metabolized in the liver via the cytochrome P450 oxidase isozyme CYP2C19. Excretion Carisoprodol is eliminated by both renal and non-renal routes. Half-life 8 hours Clearance * oral cl=0.772 L/hour/kg [Women] Mechanism Of Action The mechanism of action of Carisoprodol in relieving discomfort associated with acute painful musculoskeletal conditions has not b…,,"Indications & Usage Carisoprodol tablets, USP are indicated for the relief of discomfort associated with acute, painful musculoskeletal conditions in adults Limitations of Use: Should only be used for acute treatment periods up to two or three weeks Indications & Usage Carisoprodol tablets, USP are indicated for the relief of discomfort associated with acute, painful musculoskeletal conditions in…","Contraindications Acute intermittent porphyria Hypersensitivity reactions to a carbamate such as meprobamate Warnings And Precautions Due to sedative properties, may impair ability to perform hazardous tasks such as driving or operating machinery Additive sedative effects when used with other CNS depressants including alcohol Cases of abuse, dependence, and withdrawal Seizures Contraindications C…",Rx,,,Muscle Relaxant,,
medtap,5a8e1981564c99302a18bd66,Ribavirin,Virazole,Nucleoside Analog Antiviral,Antimicrobial,inhalation,inhalation,,,,,,,,,,,"Absorption Rapidly and extensively absorbed following oral administration. However, due to first-pass metabolism, the absolute bioavailability averages 64%. Metabolism Hepatic. Results of Half-life 9.5 hours Clearance * Apparent cl=26 L/h [A single oral dose] Mechanism Of Action In cell cultures the inhibitory activity of ribavirin for respiratory syncytial virus (RSV) is selective. The mechanism…",,"Indications & Usage Virazole ® (Ribavirin for Inhalation Solution, USP) is indicated for the treatment of hospitalized infants and young children with severe lower respiratory tract infections due to respiratory syncytial virus. Treatment early in the course of severe lower respiratory tract infection may be necessary to achieve efficacy. Only severe RSV lower respiratory tract infection should b…","Contraindications Virazole is contraindicated in individuals who have shown hypersensitivity to the drug or its components, and in women who are or may become pregnant during exposure to the drug. Ribavirin has demonstrated significant teratogenic and/or embryocidal potential in all animal species in which adequate studies have been conducted (rodents and rabbits). Therefore, although clinical st…",Rx,,,Nucleoside Analog Antiviral,,
medtap,5a8e1981564c99302a18bd6e,Fluorouracil,,Nucleoside Metabolic Inhibitor,Other,intravenous,intravenous,,,,,,,,,,,"Absorption 28-100% Protein Binding 8-12% Metabolism Hepatic. The catabolic metabolism of fluorouracil results in degradation products ( e.g., CO2, urea and α-fluoro-ß-alanine) which are inactive. Excretion Seven percent to 20% of the parent drug is excreted unchanged in the urine in 6 hours; of this over 90% is excreted in the first hour. Half-life 10-20 minutes Mechanism Of Action Fluorouracil i…",,Indications & Usage Fluorouracil is a nucleoside metabolic inhibitor indicated for the treatment of patients with Adenocarcinoma of the Colon and Rectum Adenocarcinoma of the Breast Gastric Adenocarcinoma Pancreatic Adenocarcinoma Indications & Usage Fluorouracil is indicated for the treatment of patients with: Adenocarcinoma of the Colon and Rectum Adenocarcinoma of the Breast Gastric Adenocarci…,"Contraindications None Warnings And Precautions Increased Risk of Serious or Fatal Adverse Reactions in Patients with Low or Absent Dipyrimidine Dehydrogenase Activity: Withhold or permanently discontinue Fluorouracil in patients with evidence of acute early-onset or unusually severe toxicity, which may indicate near complete or total absence of dipyrimidine dehydrogenase (DPD) activity. No Fluor…",Rx,,,Nucleoside Metabolic Inhibitor,,
medtap,5a8e1981564c99302a18bdb7,Granisetron,,Serotonin-3 Receptor Antagonist,Other,intravenous,intravenous,,,,,,,,,,,"Absorption Absorption of is rapid and complete, though oral bioavailability is reduced to about 60% as a result of first pass metabolism. Protein Binding 65% Metabolism Primarily hepatic; undergoes N -demethylation and aromatic ring oxidation followed by conjugation. Animal studies suggest that some of the metabolites may have 5-HT 3 receptor antagonist activity. Excretion The remainder of the do…",,"Indications & Usage Granisetron hydrochloride injection, USP is a serotonin-3 (5-HT 3 ) receptor antagonist indicated for: Prevention of nausea and/or vomiting associated with initial and repeat courses of emetogenic cancer therapy, including high-dose cisplatin. Indications & Usage Granisetron hydrochloride injection, USP is a serotonin-3 (5-HT 3 ) receptor antagonist indicated for: The preventi…","Contraindications Hypersensitivity to Granisetron or to any of its components. Warnings And Precautions Granisetron does not stimulate gastric or intestinal peristalsis and should not be used instead of nasogastric suction. QT prolongation has been reported with Granisetron. Use with caution in patients with pre-existing arrhythmias or cardiac conduction disorders. Hypersensitivity reactions, suc…",Rx,,,Serotonin-3 Receptor Antagonist,,
medtap,5a8e1981564c99302a18bd95,benazepril,Lotensin; benazepril,Angiotensin Converting Enzyme Inhibitor,Other,oral,oral,,,,,,,,,,,"Mechanism Of Action Benazepril and benazeprilat inhibit angiotensin-converting enzyme (ACE) in human subjects and animals. Benazeprilat has much greater ACE inhibitory activity than does benazepril. ACE is a peptidyl dipeptidase that catalyzes the conversion of angiotensin I to the vasoconstrictor substance, angiotensin II. Angiotensin II also stimulates aldosterone secretion by the adrenal corte…",,"Indications & Usage Lotensin is an angiotensin-converting enzyme (ACE) inhibitor indicated for the treatment of hypertension, to lower blood pressure. Lowering blood pressure reduces the risk of fatal and nonfatal cardiovascular events, primarily strokes and myocardial infarctions. Indications & Usage Lotensin ® is indicated for the treatment of hypertension, to lower blood pressure. Lowering blo…",Contraindications Angioedema or history of hereditary or idiopathic angioedema Hypersensitivity Coadministration with aliskiren in patients with diabetes Warnings And Precautions Angioedema: Discontinue Lotensin and treat appropriately. Monitor renal function periodically. Monitor blood pressure after initiation. Hyperkalemia: Monitor serum potassium periodically. Hepatic toxicity: Monitor for ja…,Rx,,,Angiotensin Converting Enzyme Inhibitor,,
medtap,5a8e1981564c99302a18bda6,Erythromycin,Erythrocin Lactobionate; Ery-tab,Macrolide Antimicrobial,Antimicrobial,intravenous,intravenous,,,,,,,,,,,"Absorption Orally administered erythromycin base and its salts are readily absorbed in the microbiologically active form. Topical application of the ophthalmic ointment to the eye may result in absorption into the cornea and aqueous humor. Protein Binding Erythromycin is largely bound to plasma proteins, ranging from 75 - 95% binding depending on the form. Metabolism Hepatic. Extensively metaboli…",,"Indications & Usage Erythrocin Lactobionate-IV (erythromycin lactobionate for injection, USP) is indicated in the treatment of infections caused by susceptible strains of the designated organisms in the diseases listed below when oral administration is not possible or when the severity of the infection requires immediate high serum levels of erythromycin. Intravenous therapy should be replaced by…","Contraindications Erythromycin is contraindicated in patients with known hypersensitivity to this antibiotic. Erythromycin is contraindicated in patients taking terfenadine or astemizole . Warnings There have been reports of hepatic dysfunction, with or without jaundice occurring in patients receiving oral erythromycin products. Clostridium difficile associated diarrhea (CDAD) has been reported w…",Rx,,,Macrolide Antimicrobial,,
medtap,5a8e1981564c99302a18bd5a,Balsalazide,Giazo,Aminosalicylate,Other,oral,oral,,,,,,,,,,,"Absorption Low and variable, intact balsalazide is poorly absorbed systemically. Protein Binding & Metabolism Cleaved in the colon via bacterial azoreduction to 5 Excretion The products of the azoreduction of this compound, 5-ASA and 4-aminobenzoyl-ß-alanine, and their N-acetylated metabolites have been identified in plasma, urine and feces. Following single-dose administration of 2.25 g COLAZAL …",,Indications & Usage Giazo is a locally acting aminosalicylate indicated for the treatment of mildly to moderately active ulcerative colitis in male patients 18 years of age and older. Limitations of Use Effectiveness in female patients was not demonstrated in clinical trials. Safety and effectiveness of Giazo beyond 8 weeks have not been established. Indications & Usage Giazo is indicated for the…,Contraindications Patients with hypersensitivity to salicylates or to any of the components of Giazo tablets or balsalazide metabolites. Warnings And Precautions Exacerbation of the symptoms of ulcerative colitis was reported. Observe patients closely for worsening of these symptoms while on treatment. Renal impairment may occur. Assess renal function at the beginning of treatment and periodicall…,Rx,,,Aminosalicylate,,
medtap,5a8e1981564c99302a18bd82,oseltamivir,Oseltamavir Phosphate; oseltamivir,OTHER,Other,oral,oral,,,,,,,,,,,Mechanism Of Action Oseltamivir is an antiviral drug with activity against influenza virus . Pharmacokinetics Absorption and Bioavailability Oseltamivir is absorbed from the gastrointestinal tract after oral administration of oseltamivir phosphate and is extensively converted predominantly by hepatic esterases to oseltamivir carboxylate. At least 75% of an oral dose reaches the systemic circulati…,,"Indications & Usage Oseltamivir phosphate capsules USP, is an influenza neuraminidase inhibitor (NAI) indicated for: Treatment of acute, uncomplicated influenza A and B in patients 2 weeks of age and older who have been symptomatic for no more than 48 hours. Prophylaxis of influenza A and B in patients 1 year and older. Limitations of Use: Not a substitute for annual influenza vaccination. Consid…","Contraindications Patients with known serious hypersensitivity to oseltamivir or any of the components of oseltamivir phosphate capsules Warnings And Precautions Serious skin/hypersensitivity reactions such as Stevens-Johnson Syndrome, toxic epidermal necrolysis and erythema multiforme: Discontinue oseltamivir phosphate capsules and initiate appropriate treatment if allergic-like reactions occur …",Rx,,,OTHER,,
medtap,5a8e1981564c99302a18bd93,Bupropion,Zyban; Forfivo,Aminoketone,Other,oral,oral,,,,,,,,,,,"Absorption For sustained release, peak plasma concentrations are achieved within 3 hours. Protein Binding 84 % Metabolism Reduction of the carbonyl groupand/or hydroxylation of the tert-butyl group of bupropion. Excretion Bupropion is extensively metabolized in humans. Oxidation of the bupropion side chain results in the formation of a glycine conjugate of metachlorobenzoic acid, which is then ex…",,Indications & Usage Zyban is an aminoketone agent indicated as an aid to smoking cessation treatment. Indications & Usage Zyban is indicated as an aid to smoking cessation treatment.,"Contraindications Seizure disorder. Current or prior diagnosis of bulimia or anorexia nervosa. Abrupt discontinuation of alcohol, benzodiazepines, barbiturates, antiepileptic drugs. Monoamine Oxidase Inhibitors (MAOIs): Do not use MAOIs intended to treat psychiatric disorders with Zyban or within 14 days of stopping treatment with Zyban. Do not use Zyban within 14 days of stopping an MAOI intende…",Rx,,,Aminoketone,,
medtap,5a8e1981564c99302a18bdb4,Eszopiclone,Lunesta,OTHER,Other,oral,oral,,,,,,,,,,,"Absorption Rapidly absorbed following oral administration Protein Binding 52-59% Metabolism Following oral administration, eszopiclone is extensively metabolized by oxidation and demethylation. Excretion Up to 75% of an oral dose of racemic zopiclone is excreted in the urine, primarily as metabolites. Half-life 6 hours Mechanism Of Action The precise mechanism of action of eszopiclone as a hypnot…",,"Indications & Usage Lunesta is indicated for the treatment of insomnia. Lunesta has been shown to decrease sleep latency and improve sleep maintenance Indications & Usage Lunesta ® (eszopiclone) is indicated for the treatment of insomnia. In controlled outpatient and sleep laboratory studies, Lunesta administered at bedtime decreased sleep latency and improved sleep maintenance. The clinical tria…","Contraindications Known hypersensitivity to eszopiclone Warnings And Precautions CNS depressant effects: Impaired alertness and motor coordination, including risk of morning impairment. Risk increases with dose. Caution patients taking 3 mg dose against driving and against activities requiring complete mental alertness during the morning after use. Evaluate for Co-Morbid Diagnoses: Reevaluate if …",Rx,,,OTHER,,
medtap,5a8e1981564c99302a18bdbf,Ivermectin,,Pediculicide,Other,oral,oral,,,,,,,,,,,"Absorption Moderately well absorbed. Improved absorption with high fat meal. Volume Of Distribution The volume of distribution is 3 to 3.5 L/kg and it does not cross the blood-brain barrier. Protein Binding 93% Metabolism Primarily hepatic. Ivermectin and/or its metabolites are excreted almost exclusively in the feces over an estimated 12 days, with less than 1 % of the administered dose excreted…",,"Indications & Usage Ivermectin is indicated for the treatment of the following infections: Strongyloidiasis of the intestinal tract Ivermectin is indicated for the treatment of intestinal (i.e., nondisseminated) strongyloidiasis due to the nematode parasite Strongyloides stercoralis . This indication is based on clinical studies of both comparative and open-label designs, in which 64-100% of infe…","Contraindications Ivermectin Tablets are contraindicated in patients who are hypersensitive to any component of this product. Warnings Historical data have shown that microfilaricidal drugs, such as diethylcarbamazine citrate (DEC-C), might cause cutaneous and/or systemic reactions of varying severity (the Mazzotti reaction) and ophthalmological reactions in patients with onchocerciasis. These re…",Rx,,,Pediculicide,,
medtap,5a8e1981564c99302a18bdb9,Dimercaprol,Bal,Metal Chelator,Other,intramuscular,intramuscular,,,,,,,,,,,Absorption After intra-muscular injection. Excretion Urine. Half-life The drug has a short half life.,,"Indications & Usage Bal in Oil (Dimercaprol Injection USP) is indicated in the treatment of arsenic, gold and mercury poisoning. It is indicated in acute lead poisoning when used concomitantly with Edetate Calcium Disodium Injection USP. Dimercaprol Injection USP is effective for use in acute poisoning by mercury salts if therapy is begun within one or two hours following ingestion. It is not ver…",Contraindications Bal in Oil (Dimercaprol Injection USP) is contraindicated in most instances of hepatic insufficiency with the exception of postarsenical jaundice. The drug should be discontinued or used only with extreme caution if acute renal insufficiency develops during therapy. Warnings There may be local pain at the site of the injection. A reaction apparently peculiar to children is fever…,Rx,,,Metal Chelator,,
medtap,5a8e1981564c99302a18bdbd,cisatracurium,Cisatracurium Besylate; cisatracurium,Nondepolarizing Neuromuscular Blocker,Other,intravenous,intravenous,,,,,,,,,,,,,"Indications & Usage Cisatracurium Besylate injection, USP is an intermediate-onset/intermediate-duration neuromuscular blocking agent indicated for inpatients and outpatients as an adjunct to general anesthesia, to facilitate tracheal intubation, and to provide skeletal muscle relaxation during surgery or mechanical ventilation in the ICU.","Contraindications Cisatracurium Besylate injection, USP is contraindicated in patients with known hypersensitivity to the product and its components. The 10 mL multiple-dose vials of Cisatracurium Besylate injection, USP is contraindicated for use in premature infants because the formulation contains benzyl alcohol. Warnings Anaphylaxis Severe anaphylactic reactions to neuromuscular blocking agen…",Rx,,,Nondepolarizing Neuromuscular Blocker,,
medtap,5a8e1981564c99302a18bdba,hyaluronidase,Hydase; hyaluronidase,Endoglycosidase,Other,intramuscular,intramuscular,,,,,,,,,,,"Mechanism Of Action Hyaluronidase is a spreading or diffusing substance which modifies the permeability of connective tissue through the hydrolysis of hyaluronic acid, a polysaccharide found in the intercellular ground substance of connective tissue, and of certain specialized tissues, such as the umbilical cord and vitreous humor. Hyaluronic acid is also present in the capsules of type A and C h…",,Indications & Usage Hydase ™ is an endoglycosidase indicated as an adjuvant to increase the absorption and dispersion of other injected drugs. for hypodermoclysis in subcutaneous urography for improving resorption of radiopaque agents Indications & Usage Absorption and Dispersion of Injected Drugs Hydase ™ (hyaluronidase injection) is indicated as an adjuvant to increase the absorption and disper…,Contraindications Hypersensitivity Warnings And Precautions Spread of Localized Injection Ocular Damage Contraindications Hypersensitivity Hydase ™ contraindicated in patients with known hypersensitivity to hyaluronidase or any other ingredient in the formulation. A preliminary skin test for hypersensitivity to Hydase ™ can be performed. The skin test is made by an intradermal injection of approx…,Rx,,,Endoglycosidase,,
medtap,5a8e1981564c99302a18bdc1,tetrofosmin,Myoview; tetrofosmin,OTHER,Other,intravenous,intravenous,,,,,,,,,,,"Mechanism Of Action Technetium (99mTc) tetrofosmin is a lipophilic, cationic complex which diffuses passively through the cell membrane and is locally retained actively due to the presence of intact mitochondria reflecting the presence of viable cells. After intravenous injection, it is distributed within the myocardium according to myocardial perfusion and viability. Pharmacodynamics The relatio…",,Indications & Usage Myoview 30 mL is a kit for the preparation of technetium Tc99m tetrofosmin for injection. Technetium Tc99m tetrofosmin injection is a radioactive diagnostic agent indicated for the following: Myocardial perfusion imaging under rest and/or exercise or pharmacologic stress conditions to delineate regions of reversible myocardial ischemia or infarcted myocardium in patients with …,"Contraindications None Warnings And Precautions Risk with exercise or pharmacologic stress: Continuous cardiac monitoring should be performed in studying patients with known or suspected coronary artery disease When pharmacologic stress is selected as an alternative to exercise, perform the procedure in accordance with the pharmacologic stress agent's prescribing information Appropriate safety me…",Rx,,,OTHER,,
medtap,5a8e1981564c99302a18bdb8,Paroxetine,Pexeva,Serotonin Reuptake Inhibitor,Antidepressant,oral,oral,,,,,,,,,,,"Absorption Paroxetine hydrochloride is slowly, but completely absorbed following oral administration. Paroxetine mesylate salt is also completely absorbed after oral dosing. The oral bioavailability appears to be low due to extensive first-pass metabolism. Paroxetine hydrochloride oral tablets and suspension are reportedly bioequivalent. Absorption of either salt form is not substantially affecte…",,Indications & Usage Major Depressive Disorder Pexeva® (paroxetine mesylate) is indicated for the treatment of MDD. The efficacy of paroxetine in the treatment of a major depressive episode was established in 6-week controlled trials of outpatients whose diagnoses corresponded most closely to the DSM-III category of MDD . A major depressive episode implies a prominent and relatively persistent dep…,Contraindications The use of MAOIs intended to treat psychiatric disorders with Pexeva® or within 14 days of stopping treatment with Pexeva® is contraindicated because of an increased risk of serotonin syndrome. The use of Pexeva® within 14 days of stopping an MAOI intended to treat psychiatric disorders is also contraindicated . Starting Pexeva® in a patient who is being treated with MAOIs such …,Rx,,,Serotonin Reuptake Inhibitor,,
medtap,5a8e1984564c99302a18bdd6,Lumefantrine,Coartem; artemether/lumefantrine,Antimalarial,Other,oral,oral,,,,,,,,,,,"Absorption null: Food increases absorption. null: Food increases absorption. Protein Binding null: Artemether and lumefantrine are both highly bound to human serum proteins in vitro (95.4% and 99.7%, respectively). Dihydroartemisinin is also bound to human serum proteins (47% to 76%). null: 99.7% bound Metabolism null: Rapidly metablized to its active metabolite, dihydroartemisinin. null: Extensi…",,"Indications & Usage Coartem (artemether and lumefantrine) Tablets are indicated for treatment of acute, uncomplicated malaria infections due to Plasmodium falciparum in patients of 5 kg bodyweight and above. Coartem Tablets have been shown to be effective in geographical regions where resistance to chloroquine has been reported. Coartem Tablets should not be used to treat severe malaria or to pre…","Contraindications Known hypersensitivity to artemether, lumefantrine, or to any of the excipients. Coadministration of strong inducers of CYP3A4 such as rifampin, carbamazepine, phenytoin, and St. John’s wort with Coartem Tablets. Warnings And Precautions Avoid use in patients with known QT prolongation, those with hypokalemia or hypomagnesemia, and those taking other drugs that prolong the QT in…",Rx,,,Antimalarial,,
medtap,5a8e1984564c99302a18bddb,mineral oil,Humco Mineral Oil Heavy; mineral oil; Dynarex Laxative,OTHER,Other,oral,oral,,,,,,,,,,,,,Indications & Usage For relief of occasional constipation or irregularit. Generally produces bowel movement in 6 to 8 hrs.,"Warnings Do not take this product if you have abdominal pain, nausea, vomiting, change in bowel habits persisting more than 2 weeks, rectal bleeding or kidney failure are present, or use for a period of longer than 1 week unless directed by a doctor. Frequent or prolonged use may result in the dependence on laxatives. Do not administer to infants or young children, bedridden or aged patients unle…",OTC,,,OTHER,,
medtap,5a8e1984564c99302a18bdde,Drospirenone,Zarah,OTHER,Other,oral,oral,,,,,,,,,,,"Pharmacodynamics Combination oral contraceptives (COCs) act by suppression of gonadotropins. Although the primary mechanism of this action is inhibition of ovulation, other alterations include changes in the cervical mucus (which increases the difficulty of sperm entry into the uterus) and the endometrium (which reduces the likelihood of implantation). Drospirenone is a spironolactone analogue wi…",,"Indications & Usage Zarah (Drospirenone and ethinyl estradiol tablets) is indicated for the prevention of pregnancy in women who elect to use an oral contraceptive. Oral contraceptives are highly effective. Table 2 lists the typical accidental pregnancy rates for users of combination oral contraceptives and other methods of contraception. The efficacy of these contraceptive methods, except steril…",Contraindications Drospirenone and ethinyl estradiol tablets should not be used in women who have the following: Renal insufficiency Hepatic dysfunction Adrenal Insufficiency Thrombophlebitis or thromboembolic disorders A past history of deep-vein thrombophlebitis or thromboembolic disorders Cerebral-vascular or coronary-artery disease Valvular heart disease with thrombogenic complications Severe…,Rx,,,OTHER,,
medtap,5a8e1984564c99302a18bdea,Miglitol,Glyset,alpha-Glucosidase Inhibitor,Other,oral,oral,,,,,,,,,,,Absorption Absorption of miglitol is saturable at high doses with 25 mg being completely absorbed while a 100-mg dose is only 50-70% absorbed. No evidence exists to show that systemic absorption of miglitol adds to its therapeutic effect. Volume Of Distribution * 0.18 L/kg Protein Binding The protein binding of miglitol is negligible ( Metabolism Miglitol is not metabolized in man or in any anima…,,Indications & Usage Glyset is indicated as an adjunct to diet and exercise to improve glycemic control in adults with type 2 diabetes mellitus.,"Contraindications Glyset Tablets are contraindicated in patients with: Diabetic ketoacidosis Inflammatory bowel disease, colonic ulceration, or partial intestinal obstruction, and in patients predisposed to intestinal obstruction Chronic intestinal diseases associated with marked disorders of digestion or absorption, or with conditions that may deteriorate as a result of increased gas formation i…",Rx,,,alpha-Glucosidase Inhibitor,,
medtap,5a8e1984564c99302a18bddf,Sargramostim,Leukine,Leukocyte Growth Factor,Other,intravenous,intravenous,,,,,,,,,,,Clearance * 420 mL/min/m2 [Normal people with liquid LEUKINE (IV)],,Indications & Usage Use Following Induction Chemotherapy in Acute Myelogenous Leukemia Leukine is indicated for use following induction chemotherapy in older adult patients with acute myelogenous leukemia (AML) to shorten time to neutrophil recovery and to reduce the incidence of severe and life-threatening infections and infections resulting in death. The safety and efficacy of Leukine have not …,"Contraindications Leukine is contraindicated: in patients with excessive leukemic myeloid blasts in the bone marrow or peripheral blood (≥ 10%); in patients with known hypersensitivity to GM-CSF, yeast-derived products or any component of the product; for concomitant use with chemotherapy and radiotherapy. Due to the potential sensitivity of rapidly dividing hematopoietic progenitor cells, Leukin…",Rx,,,Leukocyte Growth Factor,,
medtap,5a8e1984564c99302a18bde4,pancrelipase/pancrelipase/pancrelipase,Zenpep; pancrelipase/pancrelipase/pancrelipase,OTHER,Other,oral,oral,,,,,,,,,,,"Mechanism Of Action The pancreatic enzymes in Zenpep catalyze the hydrolysis of fats to monoglycerides, glycerol, and free fatty acids, protein into peptides and amino acids, and starch into dextrins and short chain sugars such as maltose and maltriose in the duodenum and proximal small intestine, thereby acting like digestive enzymes physiologically secreted by the pancreas. Pharmacokinetics The…",,"Indications & Usage Zenpep ® is a combination of porcine-derived lipases, proteases, and amylases indicated for the treatment of exocrine pancreatic insufficiency due to cystic fibrosis, or other conditions Indications & Usage Zenpep ® (pancrelipase) is indicated for the treatment of exocrine pancreatic insufficiency due to cystic fibrosis or other conditions.","Contraindications None Warnings And Precautions Fibrosing colonopathy is associated with high-dose use of pancreatic enzyme replacement. Exercise caution when doses of Zenpep exceed 2,500 lipase units/kg of body weight per meal (or greater than 10,000 lipase units/kg of body weight per day). To avoid irritation of oral mucosa, do not chew Zenpep or retain in the mouth. Exercise caution when presc…",Rx,,,OTHER,,
medtap,5a8e1984564c99302a18bde1,Chlorphenamine,"Chlortabs; chlorpheniramine; Hydrocodone Bitartrate, Chlorpheniramine Maleate, And Pseudoephedrine Hcl; hydrocodone/pseudoephedrine/chlorpheniramine",OTHER; Histamine-1 Receptor Antagonist,Other,oral,oral,,,,,,,,,,,Absorption Well absorbed in the gastrointestinal tract. Protein Binding 72% Metabolism Primarily hepatic via Cytochrome P450 (CYP450) enzymes. Half-life 21-27 hours,,"Indications & Usage temporarily relieves these symptoms due to hay fever or other upper respiratory allergies: runny nose sneezing itchy, watery eyes itching of the nose or throat","Warnings Do not use to make a child sleepy. Ask a doctor before use if you have a breathing problem such as emphysema or chronic bronchitis glaucoma trouble urinating due to an enlarged prostate gland Ask a doctor or pharmacist before use if you are taking sedatives or tranquilizers. When using this product drowsiness may occur avoid alcoholic beverages alcohol, sedatives, and tranquilizers may i…",OTC,,,OTHER; Histamine-1 Receptor Antagonist,,
medtap,5a8e1984564c99302a18bdfa,Diazepam,,Benzodiazepine,Benzodiazepine,intramuscular,intramuscular,,,,,,,,,,,"Absorption Essentially complete, with a bioavailability of 93%. Volume Of Distribution * 0.8 to 1.0 L/kg [young healthy males] Protein Binding 98.5% Metabolism Hepatic via the Cytochrome P450 enzyme system. The main active metabolite is desmethyldiazepam, in addition to minor active metabolites including temazepam and oxazepam. Excretion Diazepam and its metabolites are excreted mainly in the uri…",,"Indications & Usage Diazepam is indicated for the management of anxiety disorders or for the short-term relief of the symptoms of anxiety. Anxiety or tension associated with the stress of everyday life usually does not require treatment with an anxiolytic. In acute alcohol withdrawal, Diazepam may be useful in the symptomatic relief of acute agitation, tremor, impending or acute delirium tremens …","Contraindications Diazepam injection is contraindicated in patients with a known hypersensitivity to this drug; acute narrow angle glaucoma; and open angle glaucoma unless patients are receiving appropriate therapy. Warnings Concomitant use of benzodiazepines, including Diazepam, and opioids may result in profound sedation, respiratory depression, coma, and death. Because of these risks, reserve …",Rx,,,Benzodiazepine,,
medtap,5a8e1984564c99302a18bdef,Memantine,,N-methyl-D-aspartate Receptor Antagonist,Other,oral,oral,,,,,,,,,,,"Absorption Well absorbed orally with a bioavailability of approximately 100%. Peak plasma concentrations are reached in 3-7 hours. Food has no effect on absorption. Volume Of Distribution * 9 to 11 L/kg Protein Binding 45% Metabolism Excreted largely unchanged. About 20% is metabolized to 1-amino-3-hydroxymethyl-5-methyl-adamantane and 3-amino-1-hydroxy-5,7-dimethyl-adamantane. Excretion Memantin…",,Indications & Usage Memantine hydrochloride is an N-methyl-D-aspartate (NMDA) receptor antagonist indicated for the treatment of moderate to severe dementia of the Alzheimer’s type. (1) Indications & Usage Memantine hydrochloride tablets are indicated for the treatment of moderate to severe dementia of the Alzheimer’s type.,"Contraindications Memantine hydrochloride tablets are contraindicated in patients with known hypersensitivity to Memantine hydrochloride or to any excipients used in the formulation. (4) Warnings And Precautions Conditions that raise urine pH may decrease the urinary elimination of Memantine, resulting in increased plasma levels of Memantine. (5.1, 7.1) Contraindications Memantine hydrochloride t…",Rx,,,N-methyl-D-aspartate Receptor Antagonist,,
medtap,5a8e1984564c99302a18bdf5,Doripenem,Doribax,Penem Antibacterial,Other,intravenous,intravenous,,,,,,,,,,,"Absorption Doripenem is administered intravenously as an infusion. There was no accumulation of doripenem following mulitiple infusions of either 500mg or 1g administered every 8 hours for 7-10 days in subjects with normal renal function. Volume Of Distribution The average Vd is 16.8 L (8.09-55.5 L) at steady-state in healthy subjects. Doripenem penetrates into many tissues and fluids, including …",,"Indications & Usage Doribax ® is a penem antibacterial indicated in the treatment of the following infections caused by designated susceptible bacteria: Complicated intra-abdominal infections Complicated urinary tract infections, including pyelonephritis To reduce the development of drug-resistant bacteria and maintain the effectiveness of Doribax ® and other antibacterial drugs, Doribax ® should…",Contraindications Patients with known serious hypersensitivity to doripenem or to other drugs in the same class or patients who have demonstrated anaphylactic reactions to beta-lactams Warnings And Precautions Increased mortality in ventilator-associated bacterial pneumonia patients. Doripenem is not indicated for ventilator-associated bacterial pneumonia Serious hypersensitivity (anaphylactic) r…,Rx,,,Penem Antibacterial,,
medtap,5a8e1984564c99302a18be05,Desmopressin,Ddavp,Vasopressin Analog,Other,oral,oral,,,,,,,,,,,Absorption Minimally absorbed from the GI tract (average absolute bioavailability = 0.08-0.16%). 10-20% absorbed from nasal mucosa. Protein Binding 50% Metabolism Metabolic fate unknown. Is not affected by liver microsomal cytochrome P450 enzymes. Half-life Oral t,,Indications & Usage Central Diabetes Insipidus Ddavp Tablets are indicated as antidiuretic replacement therapy in the management of central diabetes insipidus and for the management of the temporary polyuria and polydipsia following head trauma or surgery in the pituitary region. Ddavp is ineffective for the treatment of nephrogenic diabetes insipidus. Patients were selected for therapy based on …,Contraindications Ddavp Tablets are contraindicated in individuals with known hypersensitivity to desmopressin acetate or to any of the components of Ddavp Tablets. Ddavp is contraindicated in patients with moderate to severe renal impairment (defined as a creatinine clearance below 50 mL/min). Ddavp is contraindicated in patients with hyponatremia or a history of hyponatremia. Warnings 1. Very r…,Rx,,,Vasopressin Analog,,
medtap,5a8e1984564c99302a18be03,Tolmetin,Tolmetin Sodium,Nonsteroidal Anti-inflammatory Drug,Analgesic,oral,oral,,,,,,,,,,,Absorption Rapidly and almost completely absorbed with peak plasma levels being reached within 30-60 minutes after an oral therapeutic dose. Metabolism Essentially all of the administered dose is recovered in the urine in 24 hours either as an inactive oxidative metabolite or as conjugates of tolmetin. Half-life Biphasic elimination from the plasma consisting of a rapid phase with a half-life of …,,"Indications & Usage Carefully consider the potential benefits and risks of Tolmetin Sodium tablets, USP and other treatment options before deciding to use Tolmetin Sodium tablets. Use the lowest effective dose for the shortest duration consistent with individual patient treatment goals . Tolmetin Sodium tablets are indicated for the relief of signs and symptoms of rheumatoid arthritis and osteoar…","Contraindications Tolmetin Sodium tablets are contraindicated in patients with known hypersensitivity to Tolmetin Sodium. Tolmetin should not be given to patients who have experienced asthma, urticaria or allergic-type reactions after taking aspirin or other NSAIDs. Severe, rarely fatal, anaphylactic-like reactions to NSAIDs have been reported in such patients . Tolmetin is contraindicated in the…",Rx,,,Nonsteroidal Anti-inflammatory Drug,,
medtap,5a8e1984564c99302a18be00,Thiothixene,,Typical Antipsychotic,Antipsychotic,oral,oral,,,,,,,,,,,Metabolism Hepatic. Half-life 10-20 hours,,Indications & Usage Thiothixene capsules are effective in the management of schizophrenia. Thiothixene capsules have not been evaluated in the management of behavioral complications in patients with mental retardation.,"Contraindications Thiothixene capsules are contraindicated in patients with circulatory collapse, comatose states, central nervous system depression due to any cause, and blood dyscrasias. Thiothixene is contraindicated in individuals who have shown hypersensitivity to the drug. It is not known whether there is a cross sensitivity between the thioxanthenes and the phenothiazine derivatives, but t…",Rx,,,Typical Antipsychotic,,
medtap,5a8e1984564c99302a18be06,Clarithromycin,,Macrolide Antimicrobial,Antimicrobial,oral,oral,,,,,,,,,,,"Absorption Clarithromycin is well-absorbed, acid stable and may be taken with food. Protein Binding ~ 70% protein bound Metabolism Hepatic - predominantly metabolized by CYP3A4 resulting in numerous drug interactions. Excretion After a 250 mg tablet every 12 hours, approximately 20% of the dose is excreted in the urine as clarithromycin, while after a 500 mg tablet every 12 hours, the urinary exc…",,"Indications & Usage Clarithromycin tablets, USP are indicated for the treatment of mild to moderate infections caused by susceptible isolates of the designated bacteria in the conditions as listed below: Adults (Clarithromycin Tablets, USP) Pharyngitis/Tonsillitis due to Streptococcus pyogenes (The usual drug of choice in the treatment and prevention of streptococcal infections and the prophylaxi…","Contraindications Clarithromycin tablets are contraindicated in patients with a known hypersensitivity to Clarithromycin or any of its excipients, erythromycin, or any of the macrolide antibiotics. Clarithromycin tablets are contraindicated in patients with a history of cholestatic jaundice/hepatic dysfunction associated with prior use of Clarithromycin. Concomitant administration of Clarithromyc…",Rx,,,Macrolide Antimicrobial,,
medtap,5a8e1984564c99302a18bdfe,Belinostat,Beleodaq,Histone Deacetylase Inhibitor,Other,intravenous,intravenous,,,,,,,,,,,"Volume Of Distribution The volume of distribution is 409 ± 76.7 L Protein Binding 92.9% and 95.8% of belinostat is bound to protein Metabolism Primarily metabolized by hepatic UGT1A1. Strong UGT1A1 inhibitors are expected to increase exposure to belinostat. Belinostat also undergoes hepatic metabolism by CYP2A6, CYP2C9, and CYP3A4 enzymes to form belinostat amide and belinostat acid. The enzymes …",,Indications & Usage Beleodaq is a histone deacetylase inhibitor indicated for the treatment of patients with relapsed or refractory peripheral T-cell lymphoma (PTCL). This indication is approved under accelerated approval based on tumor response rate and duration of response. An improvement in survival or disease-related symptoms has not been established. Continued approval for this indication ma…,"Contraindications None. ( 4 ) Warnings And Precautions Hematologic Toxicity: Thrombocytopenia, leukopenia (neutropenia and lymphopenia), and anemia: Monitor blood counts and modify dosage for hematologic toxicities. ( , ) Infection: Serious and fatal infections (e.g., pneumonia and sepsis) ( ) Hepatotoxicity: Beleodaq may cause hepatic toxicity and liver function test abnormalities. Monitor liver…",Rx,,,Histone Deacetylase Inhibitor,,
medtap,5a8e1984564c99302a18be17,Folic Acid,,OTHER,Other,oral,oral,,,,,,,,,,,"Protein Binding Very high to plasma protein Metabolism Hepatic Excretion Folic Acid is metabolized in the liver to 7, 8-dihydrofolic acid and eventually to 5,6,7,8-tetrahydrofolic acid with the aid of reduced diphosphopyridine nucleotide (DPNH) and folate reductases. A majority of the metabolic products appeared in the urine after 6 hours; excretion was generally complete within 24 hours. Folic A…",,"Indications & Usage Folic Acid, USP is effective in the treatment of megaloblastic anemias due to a deficiency of Folic Acid, USP (as may be seen in tropical or nontropical sprue) and in anemias of nutritional origin, pregnancy, infancy, or childhood.","Contraindications Folic Acid, USP is contraindicated in patients who have shown previous intolerance to the drug. Warnings Administration of Folic Acid alone is improper therapy for pernicious anemia and other megaloblastic anemias in which vitamin B 12 is deficient. Precautions General Folic Acid in doses above 0.1mg daily may obscure pernicious anemia in that hematologic remission can occur whi…",Rx,,,OTHER,,
medtap,5a8e1984564c99302a18be0c,Deferoxamine,Desferal,Iron Chelator,Other,intramuscular,intramuscular,,,,,,,,,,,"Absorption Deferoxamine is rapidly absorbed after intramuscular or subcutaneous administration, but only poorly absorbed from the gastrointestinal tract in the presence of intact mucosa. Protein Binding Less than 10% bound to serum proteins Metabolism Deferoxamine is mainly metabolised in the plasma and hepatic metabolism is minimal. A number of metabolites have been isolated but not characterise…",,"Indications & Usage Desferal is indicated for the treatment of acute iron intoxication and of chronic iron overload due to transfusion-dependent anemias. Acute Iron Intoxication Desferal is an adjunct to, and not a substitute for, standard measures used in treating acute iron intoxication, which may include the following: induction of emesis with syrup of ipecac; gastric lavage; suction and maint…","Contraindications Known hypersensitivity to the active substance. Desferal is contraindicated in patients with severe renal disease or anuria, since the drug and the iron chelate are excreted primarily by the kidney. . Warnings Ocular and auditory disturbances have been reported when Desferal was administered over prolonged periods of time, at high doses, or in patients with low ferritin levels. …",Rx,,,Iron Chelator,,
medtap,5a8e1984564c99302a18be0b,Disulfiram,,Aldehyde Dehydrogenase Inhibitor,Other,oral,oral,,,,,,,,,,,Absorption Disulfiram is absorbed slowly from the gastrointestinal tract (80 to 90% of oral dose). Metabolism Hepatic.,,"Indications & Usage Disulfiram is an aid in the management of selected chronic alcohol patients who want to remain in a state of enforced sobriety so that supportive and psychotherapeutic treatment may be applied to best advantage. Disulfiram is not a cure for alcoholism. When used alone, without proper motivation and supportive therapy, it is unlikely that it will have any substantive effect on …","Contraindications Patients who are receiving or have recently received metronidazole, paraldehyde, alcohol, or alcohol-containing preparations, e.g., cough syrups, tonics and the like, should not be given Disulfiram. Disulfiram is contraindicated in the presence of severe myocardial disease or coronary occlusion, psychoses, and hypersensitivity to Disulfiram or to other thiuram derivatives used i…",Rx,,,Aldehyde Dehydrogenase Inhibitor,,
medtap,5a8e1984564c99302a18be11,enalapril,Enalapril Maleate; enalapril,Angiotensin Converting Enzyme Inhibitor,Other,oral,oral,,,,,,,,,,,"Mechanism Of Action Enalapril, after hydrolysis to enalaprilat, inhibits angiotensin-converting enzyme (ACE) in human subjects and animals. ACE is a peptidyl dipeptidase that catalyzes the conversion of angiotensin I to the vasoconstrictor substance, angiotensin II. Angiotensin II also stimulates aldosterone secretion by the adrenal cortex. The beneficial effects of enalapril in hypertension and …",,"Indications & Usage Hypertension Enalapril Maleate is indicated for the treatment of hypertension. Enalapril Maleate is effective alone or in combination with other antihypertensive agents, especially thiazide-type diuretics. The blood pressure lowering effects of Enalapril Maleate and thiazides are approximately additive. Heart Failure Enalapril Maleate is indicated for the treatment of symptoma…",Contraindications Enalapril Maleate is contraindicated in patients who are hypersensitive to this product and in patients with a history of angioedema related to previous treatment with an angiotensin converting enzyme inhibitor and in patients with hereditary or idiopathic angioedema. Do not coadminister aliskiren with Enalapril Maleate in patients with diabetes . Warnings Anaphylactoid and Poss…,Rx,,,Angiotensin Converting Enzyme Inhibitor,,
medtap,5a8e1984564c99302a18be0d,Citric Acid,Bicaruvas; tartaric acid/calcium/citric acid monohydrate/sodium,OTHER,Other,oral,oral,,,,,,,,,,,,,Indications & Usage Other Information each packet contains 671 mg of sodium each packet contains 20 mg of calcium store in a dry cool place,Warnings Warnings Do not exceed more than 5 packets in a 24 hour period Do not exceed more than 3 packets in 24 hours if you are 60 years or older the maximum dosage for more than two weeks except under the advise and supervision of a physician Warnings,OTC,,,OTHER,,
medtap,5a8e1984564c99302a18be19,Bumetanide,,Loop Diuretic,Other,oral,oral,,,,,,,,,,,"Absorption Bumetanide is completely absorbed (80%), and the absorption is not altered when taken with food. Bioavailability is almost complete. Protein Binding 97% Metabolism 45% is secreted unchanged. Urinary and biliary metabolites are formed by oxidation of the N-butyl side chain. Excretion Oral administration of carbon-14 labeled Bumex to human volunteers revealed that 81% of the administered…",,"Indications & Usage Bumetanide tablets are indicated for the treatment of edema associated with congestive heart failure, hepatic and renal disease, including the nephrotic syndrome. Almost equal diuretic response occurs after oral and parenteral administration of Bumetanide. Therefore, if impaired gastrointestinal absorption is suspected or oral administration is not practical, Bumetanide should…","Contraindications Bumetanide is contraindicated in anuria. Although Bumetanide can be used to induce diuresis in renal insufficiency, any marked increase in blood urea nitrogen or creatinine, or the development of oliguria during therapy of patients with progressive renal disease, is an indication for discontinuation of treatment with Bumetanide. Bumetanide is also contraindicated in patients in …",Rx,,,Loop Diuretic,,
medtap,5a8e1984564c99302a18be1c,Melphalan,,Alkylating Drug,Other,oral,oral,,,,,,,,,,,"Absorption Incomplete, variable, 25-89% post oral dose Volume Of Distribution * 0.5 L/kg Protein Binding Moderate to high (60 to 90%), primarily to albumin and, to a lesser extent, alpha 1-acid glycoprotein. 30% is irreversibly bound. Metabolism Melphalan is not actively metabolised, it spontaneously degrades to mono and dihydroxy products. Excretion The 24-hour urinary excretion of parent drug i…",,Indications & Usage Melphalan Tablets USP are indicated for the palliative treatment of multiple myeloma and for the palliation of non-resectable epithelial carcinoma of the ovary.,Contraindications Melphalan Tablets USP should not be used in patients whose disease has demonstrated a prior resistance to this agent. Patients who have demonstrated hypersensitivity to Melphalan should not be given the drug. Warnings Melphalan Tablets USP should be administered in carefully adjusted dosage by or under the supervision of experienced physicians who are familiar with the drug's ac…,Rx,,,Alkylating Drug,,
medtap,5a8e1984564c99302a18be21,Pantoprazole,,Proton Pump Inhibitor,Other,oral,oral,,,,,,,,,,,"Absorption Pantoprazole is well absorbed. It undergoes little first-pass metabolism resulting in an absolute bioavailability of approximately 77%. Volume Of Distribution * 11.0 to 23.6 L Protein Binding 98% Metabolism Pantoprazole is extensively metabolized in the liver through the cytochrome P450 (CYP) system. The main metabolic pathway is demethylation, by CYP2C19, with subsequent sulfation; ot…",,Indications & Usage Pantoprazole sodium is a proton pump inhibitor (PPI) indicated for the following: Short-Term Treatment of Erosive Esophagitis Associated with Gastroesophageal Reflux Disease (GERD) Maintenance of Healing of Erosive Esophagitis Pathological Hypersecretory Conditions Including Zollinger-Ellison (ZE) Syndrome Indications & Usage Pantoprazole sodium delayed-release tablets are ind…,"Contraindications Patients with known hypersensitivity to any component of the formulation or to substituted benzimidazoles Warnings And Precautions Gastric Malignancy : In adults, symptomatic response does not preclude presence of gastric malignancy. Consider additional follow-up and diagnostic testing. Bone Fracture : Long-term and multiple daily dose PPI therapy may be associated with an incre…",Rx,,,Proton Pump Inhibitor,,
medtap,5a8e1984564c99302a18be26,technetium tc-99m disofenin,Kit For The Preparation Of Technetium Tc99m Disofenin; technetium tc-99m disofenin,Radioactive Diagnostic Agent,Other,intravenous,intravenous,,,,,,,,,,,,,"Indications & Usage Technetium Tc99m Disofenin is indicated as a hepatobiliary imaging agent. Hepatolite is indicated in the diagnosis of acute cholecystitis as well as to rule out the occurrence of acute cholecystitis in suspected patients with right upper quadrant pain, fever, jaundice, right upper quadrant tenderness and mass or rebound tenderness, but not limited to these signs and symptoms. …","Contraindications None known. Warnings The possibility of allergic reactions should be considered. Precautions The preparation contains no bacteriostatic preservative. Technetium Tc99m Disofenin should be used within six hours of preparation. In cases where there has been no visualization of the gallbladder after 60 minutes of scanning, morphine may be carefully administered provided there is no …",Rx,,,Radioactive Diagnostic Agent,,
medtap,5a8e1984564c99302a18be23,Zolpidem,Zolpidem Tartrate Sublingual,gamma-Aminobutyric Acid-ergic Agonist,Other,sublingual,sublingual,,,,,,,,,,,"Absorption Zolpidem is rapidly absorbed from the GI tract. Protein Binding 92.5 Metabolism Zolpidem is converted to inactive metabolites in the liver. Excretion Zolpidem tartrate tablets are converted to inactive metabolites that are eliminated primarily by renal excretion. Half-life 2.6 hours Mechanism Of Action Zolpidem, the active moiety of zolpidem tartrate, is a hypnotic agent with a chemica…",,Indications & Usage Zolpidem Tartrate Sublingual tablets are a GABA A agonist indicated for use as needed for the treatment of insomnia when a middle-of-the-night awakening is followed by difficulty returning to sleep (1) Limitation of Use : Not indicated for the treatment of middle-of-the night awakening when the patient has fewer than 4 hours of bedtime remaining before the planned time of waki…,Contraindications Known hypersensitivity to zolpidem (4) Warnings And Precautions CNS depressant effects: Impairs alertness and motor coordination. Instruct patients on correct use Evaluate for co-morbid diagnoses: Re-evaluate if insomnia persists after 7 to 10 days of use Severe anaphylactic/anaphylactoid reactions: Angioedema and anaphylaxis have been reported. Do not re-challenge if such react…,Rx,,,gamma-Aminobutyric Acid-ergic Agonist,,
medtap,5a8e1984564c99302a18be2e,potassium,Thyrosafe; potassium,OTHER,Other,oral,oral,,,,,,,,,,,,,Indications & Usage Use helps prevent radioactive iodine from getting into the thyroid gland during a nuclear radiation emergency. Use along with other emergency measures recommended by public officials.,"Warnings Allergy alert: Iodine may cause an allergic reaction with 1 or more of the following symptoms: shortness of breath or wheezing swelling skin rash trouble breathing, speaking or swallowing fever and joint pain Do not use if you have ever had an allergic reaction to iodine nodular thyroid disease with heart disease hypocomplementemic vasculitis dermatitis herpetiformis Stop use and ask a d…",OTC,,,OTHER,,
medtap,5a8e1984564c99302a18be2b,Colistimethate,Colistimethate Sodium,Polymyxin-class Antibacterial,Other,intramuscular,intramuscular,,,,,,,,,,,"Absorption Very poor absorption from gastrointestinal tract. Metabolism As 80% of the dose can be recovered unchanged in the urine, and there is no biliary excretion, it can be assumed that the remaining drug is inactivated in the tissues, however the mechanism is unknown. Half-life 2-3 hours following either intravenous or intramuscular administration in adults and in the pediatric population, i…",,"Indications & Usage Colistimethate for Injection, USP is indicated for the treatment of acute or chronic infections due to sensitive strains of certain gram-negative bacilli. It is particularly indicated when the infection is caused by sensitive strains of Pseudomonas aeruginosa . This antibiotic is not indicated for infections due to Proteus or Neisseria . Colistimethate for Injection, USP has p…","Contraindications The use of Colistimethate for Injection, USP is contraindicated for patients with a history of sensitivity to the drug or any of its components. Warnings Maximum daily dose calculated from colistin base activity should not exceed 5 mg/kg/day with normal renal function. Transient neurological disturbances may occur. These include circumoral paresthesia or numbness, tingling or fo…",Rx,,,Polymyxin-class Antibacterial,,
medtap,5a8e1984564c99302a18be31,doxepin,Silenor; doxepin,Tricyclic Antidepressant,Antidepressant,oral,oral,,,,,,,,,,,"Mechanism Of Action Doxepin binds with high affinity to the histamine H 1 receptor (Ki < 1 nM) where it functions as an antagonist. The exact mechanism by which doxepin exerts its sleep maintenance effect is unknown but is believed due to its antagonism of the H 1 receptor. Pharmacodynamics Cardiac Safety In a thorough QTc prolongation clinical study in healthy subjects, doxepin had no effect on …",,Indications & Usage Silenor (doxepin) tablets are indicated for the treatment of insomnia characterized by difficulties with sleep maintenance. Indications & Usage Silenor is indicated for the treatment of insomnia characterized by difficulty with sleep maintenance. The clinical trials performed in support of efficacy were up to 3 months in duration .,"Contraindications Hypersensitivity to doxepin hydrochloride, inactive ingredients, or other dibenzoxepines. Co-administration with Monoamine Oxidase Inhibitors (MAOIs): Do not administer if patient is taking MAOIs or has used MAOIs within the past two weeks. Untreated narrow angle glaucoma or severe urinary retention. Warnings And Precautions Need to Evaluate for Co-morbid Diagnoses: Reevaluate i…",Rx,,,Tricyclic Antidepressant,,
medtap,5a8e1984564c99302a18be37,deferiprone,Ferriprox; deferiprone,Iron Chelator,Other,oral,oral,,,,,,,,,,,"Absorption Deferiprone is absorbed in the upper gastrointestinal tract. Absorption is rapid with maximum plasma concentrations occurring after 1 hour in the fasted state and after 2 hours in the fed state. Volume Of Distribution In healthy patients, the volume of distribution is 1L/kg, and in thalassemia patients, the volume of distribution is 1.6L/kg. Protein Binding Plasma protein binding is le…",,"Indications & Usage Ferriprox ® (deferiprone) is an iron chelator indicated for the treatment of patients with transfusional iron overload due to thalassemia syndromes when current chelation therapy is inadequate. Approval is based on a reduction in serum ferritin levels. There are no controlled trials demonstrating a direct treatment benefit, such as improvement in disease-related symptoms, func…","Contraindications Hypersensitivity to deferiprone or to any of the excipients in the formulation. Warnings And Precautions If infection occurs while on Ferriprox, interrupt therapy and monitor the ANC more frequently. Ferriprox can cause fetal harm. Women should be advised of the potential hazard to the fetus and to avoid pregnancy while on this drug. Contraindications Ferriprox is contraindicate…",Rx,,,Iron Chelator,,
medtap,5a8e1984564c99302a18be3f,sebelipase alfa,Kanuma; sebelipase alfa,Hydrolytic Lysosomal Triacylglycerol-specific Enzyme,Other,intravenous,intravenous,,,,,,,,,,,"Mechanism Of Action LAL deficiency is an autosomal recessive lysosomal storage disorder characterized by a genetic defect resulting in a marked decrease or loss in activity of the lysosomal acid lipase (LAL) enzyme. The primary site of action of the LAL enzyme is the lysosome, where the enzyme normally causes the breakdown of lipid particles including LDL-c. Deficient LAL enzyme activity results …",,Indications & Usage Kanuma® is a hydrolytic lysosomal cholesteryl ester and triacylglycerol-specific enzyme indicated for the treatment of patients with a diagnosis of Lysosomal Acid Lipase (LAL) deficiency. Indications & Usage Kanuma® is indicated for the treatment of patients with a diagnosis of Lysosomal Acid Lipase (LAL) deficiency.,"Contraindications None. Warnings And Precautions Hypersensitivity Reactions including Anaphylaxis: Observe patients during and after the infusion. Consider interrupting the infusion or lowering the infusion rate, based on the severity of the reaction. If a severe hypersensitivity reaction occurs, immediately stop the infusion and initiate appropriate treatment. Pre-treatment with antipyretics and…",Rx,,,Hydrolytic Lysosomal Triacylglycerol-specific Enzyme,,
medtap,5a8e1984564c99302a18be40,Cyproheptadine,,OTHER,Other,oral,oral,,,,,,,,,,,"Absorption Well absorbed after oral administration. Protein Binding 96 to 99% Metabolism Hepatic (cytochrome P-450 system) and some renal. Excretion After a single 4 mg oral dose of14C-labelled cyproheptadine HCl in normal subjects, given as tablets 2% to 20% of the radioactivity was excreted in the stools. At least 40% of the administered radioactivity was excreted in the urine. Pharmacokinetics…",,"Indications & Usage Perennial and seasonal allergic rhinitis Vasomotor rhinitis Allergic conjunctivitis due to inhalant allergens and foods Mild, uncomplicated allergic skin manifestations of urticaria and angioedema Amelioration of allergic reactions to blood or plasma Cold urticaria Dermatographism As therapy for anaphylactic reactions adjunctive to epinephrine and other standard measures after…","Contraindications Newborn or Premature Infants This drug should not be used in newborn or premature infants. Nursing Mothers Because of the higher risk of antihistamines for infants generally and for newborns and prematures in particular, antihistamine therapy is contraindicated in nursing mothers. Other Conditions Hypersensitivity to Cyproheptadine and other drugs of similar chemical structure M…",Rx,,,OTHER,,
medtap,5a8e1984564c99302a18be43,Botulinum Toxin Type A,Dysport,Acetylcholine Release Inhibitor,Other,intramuscular,intramuscular,,,,,,,,,,,"Absorption The chemical complexity of Botulinum Toxin Type A combined with its extreme potency limits the opportunity to study its pharmacokinetic profile in humans. Therefore, no human pharmacokinetic studies have been performed. Botulinum Toxin Type A is injected directly into the target organ, a skeletal muscle. Thus, bioavailability of the intravenous or oral route is not of clinical relevanc…",,Indications & Usage Dysport ® is an acetylcholine release inhibitor and a neuromuscular blocking agent indicated for: the treatment of adults with cervical dystonia the temporary improvement in the appearance of moderate to severe glabellar lines associated with procerus and corrugator muscle activity in adult patients < 65 years of age the treatment of spasticity in adults the treatment of lower…,"Contraindications Hypersensitivity to any botulinum toxin product or excipients Allergy to cow's milk protein Infection at the proposed injection site(s) Warnings And Precautions The potency Units of Dysport ® are not interchangeable with other preparations of botulinum toxin products and, therefore, units of biological activity of Dysport ® cannot be compared to or converted into units of any ot…",Rx,,,Acetylcholine Release Inhibitor,,
medtap,5a8e1984564c99302a18be44,Verteporfin,Visudyne,Photoenhancer,Other,intravenous,intravenous,,,,,,,,,,,"Metabolism Metabolized to a small extent to its diacid metabolite by liver and plasma esterases. NADPH-dependent liver enzyme systems (including the cytochrome P450 isozymes) do not appear to play a role in the metabolism of verteporfin. Excretion Elimination is by the fecal route, with less than 0.01% of the dose recovered in urine. Half-life Following intravenous infusion, verteporfin exhibits …",,"Indications & Usage Visudyne ® (verteporfin for injection) therapy is indicated for the treatment of patients with predominantly classic subfoveal choroidal neovascularization due to age-related macular degeneration, pathologic myopia or presumed ocular histoplasmosis. Indications & Usage Visudyne (verteporfin for injection) therapy is indicated for the treatment of patients with predominantly cl…","Contraindications Visudyne (verteporfin for injection) is contraindicated for patients with porphyria or a known hypersensitivity to any component of this preparation. Warnings And Precautions Extravasation: If extravasation occurs, the infusion should be stopped immediately. The extravasation area must be thoroughly protected from direct light until swelling and discoloration have faded in order…",Rx,,,Photoenhancer,,
medtap,5a8e1984564c99302a18be50,Methylphenidate,Aptensio Xr; Methylphenidate Hcl Oral Solution; Methylphenidate Hydrochloride (la); Metadate Cd,Central Nervous System Stimulant,Stimulant,oral,oral,,,,,,,,,,,"Absorption Readily absorbed in a biphasic manner when orally administered (tablets) to children diagnosed with ADHD and to healthy adults. In children and adults males, after administration of a single oral dose of Ritalin LA and Ritalin given in two doses 4 hours apart, peak plasma concentration is reached approximately 2 hours for the first phase and 5-6 hours for the second phase. The absolute…",,Indications & Usage Aptensio Xr is a central nervous system (CNS) stimulant indicated for the treatment of Attention Deficit Hyperactivity Disorder (ADHD). Indications & Usage Aptensio Xr is indicated for the treatment of Attention Deficit Hyperactivity Disorder (ADHD) .,"Contraindications Known hypersensitivity to methylphenidate or product components Concurrent treatment with a monoamine oxidase inhibitor (MAOI), or use of an MAOI within the preceding 14 days Warnings And Precautions Serious Cardiovascular Events: Sudden death has been reported in association with CNS stimulant treatment at recommended doses in pediatric patients with structural cardiac abnormal…",Rx,,,Central Nervous System Stimulant,,
medtap,5a8e1984564c99302a18be54,Trifluoperazine,Trifluoperazine Hydrochloride,Phenothiazine,Other,oral,oral,,,,,,,,,,,Metabolism Hepatic. Half-life 10-20 hours,,"Indications & Usage For the management of schizophrenia. Trifluoperazine Hydrochloride tablets, USP are effective for the short-term treatment of generalized non-psychotic anxiety. However, Trifluoperazine Hydrochloride tablets are not the first drug to be used in therapy for most patients with non-psychotic anxiety because certain risks associated with its use are not shared by common alternativ…","Contraindications A known hypersensitivity to phenothiazines, comatose or greatly depressed states due to central nervous system depressants and, in cases of existing blood dyscrasias, bone marrow depression and preexisting liver damage. Warnings Increased Mortality in Elderly Patients with Dementia-Related Psychosis Elderly patients with dementia-related psychosis treated with antipsychotic drug…",Rx,,,Phenothiazine,,
medtap,5a8e1984564c99302a18be41,Almotriptan,,Serotonin-1b and Serotonin-1d Receptor Agonist,Other,oral,oral,,,,,,,,,,,"Volume Of Distribution * 180 to 200 L Protein Binding 35% Excretion Almotriptan is eliminated primarily by renal excretion (about 75% of the oral dose), with approximately 40% of an administered dose excreted unchanged in urine. Approximately 13% of the administered dose is excreted via feces, both unchanged and metabolized. Half-life 3-4 hours Clearance * 57 L/h [healthy] Mechanism Of Action Alm…",,"Indications & Usage Almotriptan tablets, USP are 5HT 1B/1D receptor agonist (triptan) indicated for: Acute treatment of migraine attacks in adults with a history of migraine with or without aura Acute treatment of migraine headache pain in adolescents age 12 to 17 years with a history of migraine with or without aura, and who have migraine attacks usually lasting 4 hours or more Important limitat…","Contraindications Ischemic heart disease, coronary artery vasospasm, or other significant underlying cardiovascular disease Cerebrovascular syndromes (e.g., history of stroke or TIA) Peripheral vascular disease (including ischemic bowel disease) Uncontrolled hypertension Do not use Almotriptan tablets within 24 hours of an ergotamine-containing, or ergot-type medication, or of another 5-HT 1 agon…",Rx,,,Serotonin-1b and Serotonin-1d Receptor Agonist,,
medtap,5a8e1984564c99302a18be4d,Penicillin-binding protein 2,Invanz; ertapenem,Penem Antibacterial,Other,intramuscular,intramuscular,,,,,,,,,,,"Absorption Ertapenem is almost completely absorbed following intramuscular administration. The bioavailability of a 1 g intramuscular dose approximated 92% in 26 healthy subjects [77% male; median (range) age, 29 (22–41) years]. Plasma concentrations of total ertapenem were similar whether given intramuscularly or intravenously. Volume Of Distribution * 0.12 liter/kg [adults] Protein Binding Erta…",,"Indications & Usage Invanz is a penem antibacterial indicated in adult patients and pediatric patients (3 months of age and older) for the treatment of the following moderate to severe infections caused by susceptible bacteria: Complicated intra-abdominal infections. Complicated skin and skin structure infections, including diabetic foot infections without osteomyelitis. Community-acquired pneumo…","Contraindications Known hypersensitivity to product components or anaphylactic reactions to β-lactams. Due to the use of lidocaine HCl as a diluent, Invanz administered intramuscularly is contraindicated in patients with a known hypersensitivity to local anesthetics of the amide type. Warnings And Precautions Serious hypersensitivity (anaphylactic) reactions have been reported in patients receivi…",Rx,,,Penem Antibacterial,,
medtap,5a8e1984564c99302a18be58,Clonidine,Duraclon,Central alpha-2 Adrenergic Agonist,Other,other,other,,,,,,,,,,,"Absorption Well absorbed following oral administration. Bioavailability following chronic administration is approximately 65%. Protein Binding 20-40%, primarily to albumin Metabolism Hepatic. Metabolized via minor pathways. The major metabolite, Half-life 6-20 hours; 40-60% is excreted in urine unchanged, 20% is excreted in feces. Less than 10% is excreted by Mechanism Of Action Epidurally admini…",,Indications & Usage Duraclon is indicated in combination with opiates for the treatment of severe pain in cancer patients that is not adequately relieved by opioid analgesics alone. Epidural clonidine is more likely to be effective in patients with neuropathic pain than somatic or visceral pain . The safety of this drug product has only been established in a highly selected group of cancer patien…,"Contraindications Duraclon is contraindicated in patients with a history of sensitization or allergic reactions to clonidine. Epidural administration is contraindicated in the presence of an injection site infection, in patients on anticoagulant therapy, and in those with a bleeding diathesis. Administration of Duraclon above the C4 dermatome is contraindicated since there are no adequate safety …",Rx,,,Central alpha-2 Adrenergic Agonist,,
medtap,5a8e1984564c99302a18be5b,Sertraline,Sertraline Hydrochloride Tablets,Serotonin Reuptake Inhibitor,Antidepressant,oral,oral,,,,,,,,,,,"Absorption The effects of food on the bioavailability of the sertraline tablet and oral concentrate were studied in subjects administered a single dose with and without food. For the tablet, AUC was slightly increased when drug was administered with food but the Cmax was 25% greater, while the time to reach peak plasma concentration (Tmax) decreased from 8 hours post-dosing to 5.5 hours. For the …",,Indications & Usage Major Depressive Disorder Sertraline is indicated for the treatment of major depressive disorder in adults. The efficacy of sertraline hydrochloride in the treatment of a major depressive episode was established in six to eight week controlled trials of adult outpatients whose diagnoses corresponded most closely to the DSM-III category of major depressive disorder . A major de…,Contraindications Concomitant use in patients taking monoamine oxidase inhibitors (MAOIs) is contraindicated . Concomitant use in patients taking pimozide is contraindicated . Sertraline hydrochloride is contraindicated in patients with a hypersensitivity to sertraline or any of the inactive ingredients in Sertraline Hydrochloride Tablets. Warnings Clinical Worsening and Suicide Risk Patients wit…,Rx,,,Serotonin Reuptake Inhibitor,,
medtap,5a8e1984564c99302a18be57,Metformin,Fortamet; Glipizide And Metformin Hydrochloride; glipizide/metformin,Biguanide,Other,oral,oral,,,,,,,,,,,"Absorption Absorbed over 6 hours, bioavailability is 50 to 60% under fasting conditions. Administration with food decreases and delays absorption. Some evidence indicates that the level of absorption is not dose-related, suggesting that absorption occurs through a saturable process. Limited data from animal and human cell cultures indicate that absorption occurs through a passive, non-saturable p…",,Indications & Usage Fortamet® is indicated as an adjunct to diet and exercise to improve glycemic control in adults with type 2 diabetes mellitus.,"Contraindications Fortamet® is contraindicated in patients with: Severe renal impairment (eGFR below 30 mL/min/1.73 m 2 ) . Known hypersensitivity to metformin. Acute or chronic metabolic acidosis, including diabetic ketoacidosis, with or without coma. Diabetic ketoacidosis should be treated with insulin. Warnings WARNING: LACTIC ACIDOSIS Postmarketing cases of metformin-associated lactic acidosi…",Rx,,,Biguanide,,
medtap,5a8e1984564c99302a18be55,Telithromycin,Ketek,Ketolide Antibacterial,Other,oral,oral,,,,,,,,,,,Absorption Absolute bioavailability is approximately 57%. Maximal concentrations are reached 0.5 - 4 hours following oral administration. Food intake does not affected absorption. Volume Of Distribution * 2.9 L/kg Protein Binding 60 - 70% bound primarily to human serum albumin Metabolism Hepatic - estimated 50% metabolized by CYP3A4 and 50% metabolized independent of cytochrome P450 Excretion The…,,"Indications & Usage Ketek tablets are indicated for the treatment of community-acquired pneumonia (of mild to moderate severity) due to Streptococcus pneumoniae , (including multi-drug resistant isolates ), Haemophilus influenzae , Moraxella catarrhalis , Chlamydophila pneumoniae , or Mycoplasma pneumoniae , for patients 18 years old and above. To reduce the development of drug-resistant bacteria…",Contraindications Ketek is contraindicated in patients with myasthenia gravis. Exacerbations of myasthenia gravis have been reported in patients and sometimes occurred within a few hours of the first dose of telithromycin. Reports have included fatal and life-threatening acute respiratory failure with a rapid onset and progression. Ketek is contraindicated in patients with previous history of hep…,Rx,,,Ketolide Antibacterial,,
medtap,5a8e1984564c99302a18be59,Trimipramine,Surmontil,Tricyclic Antidepressant,Antidepressant,oral,oral,,,,,,,,,,,Absorption Rapid absorption Protein Binding 93%-96% (to plasma proteins) Metabolism Hepatic Half-life 11-18 hrs,,"Indications & Usage Surmontil is indicated for the relief of symptoms of depression. Endogenous depression is more likely to be alleviated than other depressive states. In studies with neurotic outpatients, the drug appeared to be equivalent to amitriptyline in the less-depressed patients but somewhat less effective than amitriptyline in the more severely depressed patients. In hospitalized depre…",Contraindications Monoamine Oxidase Inhibitors (MAOIs) The use of MAOIs intended to treat psychiatric disorders with Surmontil or within 14 days of stopping treatment with Surmontil is contraindicated because of an increased risk of serotonin syndrome. The use of Surmontil within 14 days of stopping an MAOI intended to treat psychiatric disorders is also contraindicated . Starting Surmontil in a …,Rx,,,Tricyclic Antidepressant,,
medtap,5a8e1984564c99302a18be5d,Zoledronic acid,Reclast,Bisphosphonate,Other,intravenous,intravenous,,,,,,,,,,,"Absorption Poorly absorbed (oral absorption is about 1% of what intravenous absorption is). Protein Binding Approximately 22% bound in human plasma, independent of the concentration. However, Canadian product information states binding to human plasma protein is approximately 56%. Metabolism Zoledronate does not inhibit human P450 enzymes in vitro and does not undergo biotransformation in vivo. E…",,Indications & Usage Reclast is a bisphosphonate indicated for: Treatment and prevention of postmenopausal osteoporosis Treatment to increase bone mass in men with osteoporosis Treatment and prevention of glucocorticoid-induced osteoporosis Treatment of Paget’s disease of bone in men and women Limitations of Use Optimal duration of use has not been determined. For patients at low-risk for fracture…,Contraindications Hypocalcemia Patients with creatinine clearance less than 35 mL/min and in those with evidence of acute renal impairment Hypersensitivity to any component of Reclast Warnings And Precautions Products Containing Same Active Ingredient: Patients receiving Zometa should not receive Reclast Hypocalcemia may worsen during treatment. Patients must be adequately supplemented with calci…,Rx,,,Bisphosphonate,,
medtap,5a8e1984564c99302a18be5e,Lamotrigine,,Mood Stabilizer,Other,oral,oral,,,,,,,,,,,Absorption 98% Volume Of Distribution * 0.9 to 1.3 L/kg Protein Binding 55% Metabolism Hepatic Half-life 25 +/- 10 hours (healthy individuals); 42.9 hours (chronic renal failure) Clearance * Apparent plasma cl=0.44 mL/min/kg [healthy volunteers taking single-dose LAMICTAL] Mechanism Of Action The precise mechanism(s) by which Lamotrigine exerts its anticonvulsant action are unknown. In animal mod…,,"Indications & Usage Lamotrigine tablets (chewable, dispersible) are indicated for: Epilepsy—adjunctive therapy in patients aged 2 years and older: partial-onset seizures. primary generalized tonic-clonic seizures. generalized seizures of Lennox-Gastaut syndrome. Epilepsy—monotherapy in patients aged 16 years and older: Conversion to monotherapy in patients with partial-onset seizures who are rece…","Contraindications Hypersensitivity to the drug or its ingredients. Warnings And Precautions Life-threatening serious rash and/or rash-related death: Discontinue at the first sign of rash, unless the rash is clearly not drug related. Fatal or life-threatening hypersensitivity reaction: Multiorgan hypersensitivity reactions, also known as drug reaction with eosinophilia and systemic symptoms, may b…",Rx,,,Mood Stabilizer,,
medtap,5a8e1984564c99302a18be64,Cilastatin,Imipenem And Cilastatin; imipenem/cilastatin,Renal Dehydropeptidase Inhibitor,Other,intravenous,intravenous,,,,,,,,,,,Mechanism Of Action Imipenem And Cilastatin for Injection (I.V.) is a combination of Imipenem And Cilastatin. Imipenem is a penem antibacterial drug . Cilastatin sodium is a renal dehydropeptidase inhibitor that limits the renal metabolism of imipenem. Pharmacokinetics Intravenous infusion of Imipenem And Cilastatin for Injection (I.V.) over 20 minutes results in peak plasma levels of imipenem an…,,"Indications & Usage Imipenem And Cilastatin for Injection (I.V.) for intravenous use is a combination of imipenem, a penem antibacterial, and cilastatin, a renal dehydropeptidase inhibitor, indicated for the treatment of the following serious infections caused by designated susceptible bacteria: Lower respiratory tract infections. Urinary tract infections. Intra-abdominal infections. Gynecologic …","Contraindications Known hypersensitivity to any component of Imipenem And Cilastatin for Injection (I.V.). Warnings And Precautions Hypersensitivity Reactions: Serious and occasionally fatal hypersensitivity (anaphylactic) reactions have been reported in patients receiving therapy with beta-lactams. If an allergic reaction to Imipenem And Cilastatin for Injection (I.V.) occurs, discontinue the dr…",Rx,,,Renal Dehydropeptidase Inhibitor,,
medtap,5a8e1984564c99302a18be67,Empagliflozin,Jardiance,Sodium-Glucose Cotransporter 2 Inhibitor,Other,oral,oral,,,,,,,,,,,"Absorption Following oral administration, peak plasma concentrations were reached at 1.5 hours post-dose and then declined in a biphasic manner with a rapid distribution phase and a relatively slow terminal phase. Administration following a high-fat and high-calorie meal results in a slightly lower exposure with AUC decreasing by approximately 16% and Cmax decreasing by approximately 37% compared…",,"Indications & Usage Jardiance is a sodium-glucose co-transporter 2 (SGLT2) inhibitor indicated: as an adjunct to diet and exercise to improve glycemic control in adults with type 2 diabetes mellitus, to reduce the risk of cardiovascular death in adult patients with type 2 diabetes mellitus and established cardiovascular disease. Limitations of Use: Not for the treatment of type 1 diabetes mellitu…","Contraindications History of serious hypersensitivity reaction to empagliflozin or any of the excipients in Jardiance Severe renal impairment, end-stage renal disease, or dialysis Warnings And Precautions Hypotension: Before initiating Jardiance assess and correct volume status in patients with renal impairment, the elderly, in patients with low systolic blood pressure, and in patients on diureti…",Rx,,,Sodium-Glucose Cotransporter 2 Inhibitor,,
medtap,5a8e1984564c99302a18be66,Paricalcitol,,Vitamin D3 Analog,Supplement,intravenous,intravenous,,,,,,,,,,,"Absorption Well absorbed Volume Of Distribution * 30.8 ± 7.5 L [CKD Stage 5-HD] Protein Binding 99.8% (bound to plasma proteins) Metabolism Metabolized by multiple hepatic and non-hepatic enzymes, including mitochondrial CYP24, as well as CYP3A4 and UGT1A4 Excretion Paricalcitol is excreted primarily by hepatobiliary excretion. Half-life 4 to 6 hours Clearance * 1.49 +/- 0.60 L/h [chronic kidney …",,"Indications & Usage Paricalcitol Injection, USP is indicated for the prevention and treatment of secondary hyperparathyroidism associated with chronic kidney disease Stage 5.","Contraindications Paricalcitol injection should not be given to patients with evidence of vitamin D toxicity, hypercalcemia, or hypersensitivity to any ingredient in this product . Warnings Acute overdose of Paricalcitol injection may cause hypercalcemia, and require emergency attention . During dose adjustment, serum calcium and phosphorus levels should be monitored closely (e.g., twice weekly).…",Rx,,,Vitamin D3 Analog,,
medtap,5a8e1984564c99302a18be6c,Methylprednisolone,Methylprednisolone Acetate,Corticosteroid,Supplement,intramuscular,intramuscular,,,,,,,,,,,Absorption Oral bioavailability 80-99% Protein Binding 78% Metabolism Hepatic Half-life 1-3 hours,,"Indications & Usage For Intramuscular Administration When oral therapy is not feasible and the strength, dosage form, and route of administration of the drug reasonably lend the preparation to the treatment of the condition, the intramuscular use of Methylprednisolone Acetate Injectable Suspension is indicated as follows: Allergic States Control of severe or incapacitating allergic conditions int…",Contraindications Methylprednisolone Acetate injectable suspension is contraindicated in patients with known hypersensitivity to the product and its constituents. Intramuscular corticosteroid preparations are contraindicated for idiopathic thrombocytopenic purpura. Methylprednisolone Acetate injectable suspension is contraindicated for intrathecal administration. This formulation of Methylprednis…,Rx,,,Corticosteroid,,
medtap,5a8e1984564c99302a18be74,Tenofovir,Viread,Hepatitis B Virus Nucleoside Analog Reverse Transcriptase Inhibitor,Other,oral,oral,,,,,,,,,,,"Absorption Tenofovir disoproxil fumarate is the water soluble diester prodrug of the active ingredient tenofoir. The oral bioavailability in fasted patients is approximately 25%. When a single oral dose (300 mg) is given to HIV-1 infected subjects in the fasted state, the maximum serum concentration was achieved in 1.0 ± 0.4 hours (Tmax). Cmax and AUC values are 0.30 ± 0.09 µg/mL and 2.29 ± 0.69 …",,Indications & Usage Viread is a nucleotide analog HIV-1 reverse transcriptase inhibitor and an HBV reverse transcriptase inhibitor. Viread is indicated in combination with other antiretroviral agents for the treatment of HIV-1 infection in adults and pediatric patients 2 years of age and older. Viread is indicated for the treatment of chronic hepatitis B in adults and pediatric patients 12 years …,"Contraindications None. Warnings And Precautions New onset or worsening renal impairment: Can include acute renal failure and Fanconi syndrome. Assess estimated creatinine clearance before initiating treatment with Viread. In patients at risk for renal dysfunction, assess estimated creatinine clearance, serum phosphorus, urine glucose, and urine protein before initiating treatment with Viread and…",Rx,,,Hepatitis B Virus Nucleoside Analog Reverse Transcriptase Inhibitor,,
medtap,5a8e1984564c99302a18be71,Methocarbamol,,Muscle Relaxant,Other,intramuscular,intramuscular,,,,,,,,,,,"Absorption Rapid. Onset of action is about 30 minutes after oral administration. Metabolism Hepatic. Excretion Small amounts of unchanged methocarbamol also are excreted in the urine. Half-life 1.14-1.24 hours Clearance * 0.2 – 0.8 L/h/kg [healthy] Pharmacokinetics In healthy volunteers, the plasma clearance of Methocarbamol ranges between 0.20 and 0.80 L/h/kg, the mean plasma elimination half-li…",,"Indications & Usage The injectable form of Methocarbamol is indicated as an adjunct to rest, physical therapy, and other measures for the relief of discomfort associated with acute, painful musculoskeletal conditions. The mode of action of this drug has not been clearly identified, but may be related to its sedative properties. Methocarbamol does not directly relax tense skeletal muscles in man.",Contraindications Methocarbamol injection should not be administered to patients with known or suspected renal pathology. This caution is necessary because of the presence of polyethylene glycol 300 in the vehicle. A much larger amount of polyethylene glycol 300 than is present in recommended doses of Methocarbamol injection is known to have increased preexisting acidosis and urea retention in pa…,Rx,,,Muscle Relaxant,,
medtap,5a8e1984564c99302a18be72,Fluorometholone,Fml Forte; Fml,Corticosteroid,Supplement,other,other,,,,,,,,,,,,,"Indications & Usage Fml Forte ® suspension is indicated for the treatment of corticosteroid-responsive inflammation of the palpebral and bulbar conjunctiva, cornea and anterior segment of the globe.","Contraindications Fml Forte ® suspension is contraindicated in most viral diseases of the cornea and conjunctiva, including epithelial herpes simplex keratitis (dendritic keratitis), vaccinia, and varicella, and also in mycobacterial infection of the eye and fungal diseases of ocular structures. Fml Forte ® suspension is also contraindicated in individuals with known or suspected hypersensitivity…",Rx,,,Corticosteroid,,
medtap,5a8e1984564c99302a18be97,Glutamate receptor 1,Fycompa; perampanel,Noncompetitive AMPA Glutamate Receptor Antagonist,Other,oral,oral,,,,,,,,,,,"Absorption After oral adminitration, perampanel is absorbed rapidly and completely. Volume Of Distribution The volume of distribution of perampanel was not quantified. Protein Binding Perampanel is 95-96% plasma protein bound with most binding to the plasma proteins α1-acid glycoprotein and albumin. Metabolism Perampanel is highly metabolized by CYP3A4 and/or CYP3A5 primary oxidation and by seque…",,"Indications & Usage Fycompa, a non-competitive AMPA glutamate receptor antagonist, is indicated for: Treatment of partial-onset seizures with or without secondarily generalized seizures in patients with epilepsy 12 years of age and older Adjunctive therapy in the treatment of primary generalized tonic-clonic seizures in patients with epilepsy 12 years of age and older Indications & Usage Partial …","Contraindications None Warnings And Precautions Suicidal Behavior and Ideation: Monitor for suicidal thoughts or behavior Neurologic Effects: Monitor for dizziness, gait disturbance, somnolence, and fatigue Patients should use caution when driving or operating machinery Falls: Monitor for falls and injuries Drug Reaction with Eosinophilia and Systemic Symptoms (DRESS)/ Multi-Organ Hypersensitivit…",Rx,,,Noncompetitive AMPA Glutamate Receptor Antagonist,,
medtap,5a8e1984564c99302a18be89,Darifenacin,Enablex,Cholinergic Muscarinic Antagonist,Other,oral,oral,,,,,,,,,,,"Absorption The mean oral bioavailability at steady state is estimated to be 15% and 19% for 7.5 mg and 15 mg tablets, respectively. Volume Of Distribution * 163 L Protein Binding Darifenacin is approximately 98% bound to plasma proteins (primarily to alpha-1-acid-glycoprotein). Metabolism Hepatic. Primarily mediated by the cytochrome P450 enzymes CYP2D6 and CYP3A4. Half-life The elimination half-…",,"Indications & Usage Enablex is a muscarinic antagonist indicated for the treatment of overactive bladder with symptoms of urge urinary incontinence, urgency and frequency Indications & Usage Enablex (darifenacin) is a muscarinic antagonist indicated for the treatment of overactive bladder with symptoms of urge urinary incontinence, urgency and frequency.","Contraindications Enablex is contraindicated in patients with, or at risk for, the following conditions : urinary retention, gastric retention, or uncontrolled narrow-angle glaucoma. Warnings And Precautions Enablex should be administered with caution to patients with clinically significant bladder outflow obstruction because of the risk of urinary retention Enablex should be administered with ca…",Rx,,,Cholinergic Muscarinic Antagonist,,
medtap,5a8e1984564c99302a18be94,evolocumab,Repatha; evolocumab,PCSK9 Inhibitor,Other,subcutaneous,subcutaneous,,,,,,,,,,,"Absorption Total bioavailability from subcutaneous injection was 82% in cynomolgus monkeys. Clearance Evolocumab showed non-linear, dose-dependent clearance in healthy volunteers; clearance decreased with increasing dose. Mechanism Of Action Evolocumab is a human monoclonal IgG2 directed against human proprotein convertase subtilisin kexin 9 (PCSK9). Evolocumab binds to PCSK9 and inhibits circula…",,"Indications & Usage Repatha is a PCSK9 (proprotein convertase subtilisin kexin type 9) inhibitor antibody indicated: to reduce the risk of myocardial infarction, stroke, and coronary revascularization in adults with established cardiovascular disease. as an adjunct to diet, alone or in combination with other lipid-lowering therapies (e.g., statins, ezetimibe), for treatment of adults with primary…","Contraindications Patients with a history of a serious hypersensitivity reaction to Repatha. Warnings And Precautions Allergic Reactions : Rash and urticaria have occurred. If signs or symptoms of serious allergic reactions occur, discontinue treatment with Repatha, treat according to the standard of care, and monitor until signs and symptoms resolve. Contraindications Repatha is contraindicated …",Rx,,,PCSK9 Inhibitor,,
medtap,5a8e1984564c99302a18be85,castor oil,Leader Castor; castor oil; Signature Care,OTHER,Other,oral,oral,,,,,,,,,,,,,Indications & Usage For temporary relief of occasional constipation. Bowel movement is generally produced in 6 to 12 hours.,"Warnings Do not use when abdominal pain, nausea or vomiting are present unless directed by a doctor. Frequent or prolonged use may result in the dependence on laxatives. Ask a Doctor before use if you have noticed a sudden change in bowel habits that persist over a period of 2 weeks. Laxative products should not be used for a period of longer than 1 week unless directed by a doctor.",OTC,,,OTHER,,
medtap,5a8e1984564c99302a18bea0,Fluconazole,,Azole Antifungal,Antimicrobial,intravenous,intravenous,,,,,,,,,,,"Absorption 90% Protein Binding 11 to 12% Metabolism Hepatic Excretion In normal volunteers, fluconazole is cleared primarily by renal excretion, with approximately 80% of the administered dose appearing in the urine as unchanged drug. Half-life 30 hours (range 20-50 hours) Clearance * 0.23 mL/min/Kg [adults] Mechanism Of Action Fluconazole is a highly selective inhibitor of fungal cytochrome P-45…",,"Indications & Usage Fluconazole Injection is indicated for the treatment of: Oropharyngeal and esophageal candidiasis. In open noncomparative studies of relatively small numbers of patients, Fluconazole was also effective for the treatment of Candida urinary tract infections, peritonitis, and systemic Candida infections including candidemia, disseminated candidiasis, and pneumonia. Cryptococcal m…",Contraindications Fluconazole is contraindicated in patients who have shown hypersensitivity to Fluconazole or to any of its excipients. There is no information regarding cross-hypersensitivity between Fluconazole and other azole antifungal agents. Caution should be used in prescribing Fluconazole to patients with hypersensitivity to other azoles. Coadministration of terfenadine is contraindicate…,Rx,,,Azole Antifungal,,
medtap,5a8e1984564c99302a18be9b,Bismuth Subsalicylate,Desempacho; bismuth,OTHER,Other,oral,oral,,,,,,,,,,,"Absorption Following oral administration, absorption of the salicylate component from the small intestine is generally rapid and complete ( Metabolism Based on in vitro dissociation data and in vivo animal data, bismuth subsalicylate is believed to be largely hydrolyzed in the stomach to bismuth oxychloride and salicylic acid. In the small intestine, nondissociated bismuth subsalicylate reacts wi…",,"Indications & Usage Other Information Each tablespoon contains: Sodium 6 mg, Low sodium, Sugar free, Salicylate 130 mg. Protect from freezing. Avoid excessive heat (more than 140 F or 40 C) Tamper-Evident : Do not use if imprinted shrinkband is missing or broken Distributed by: Perez Distributing Fresno Sanger, California 93657 www.perezdistfresno.com email: ordenes@perezdistfresno.com","Warnings Warnings Reye's syndrome: Children and teenagers who have or are recovering from chicken pox or flu-like symptoms should not use this product. When using this product, if changes in behavior with nausea or vomiting occur, consult a doctor because these symptoms could be an early sign of Reye's syndrome, a rare but serious illness. Allergy Alert : Contains salicylate. Do not take if you a…",OTC,,,OTHER,,
medtap,5a8e1984564c99302a18be9e,Trimethobenzamide,Tigan,Antiemetic,Other,intramuscular,intramuscular,,,,,,,,,,,Absorption The relative bioavailability of the capsule formulation compared to the solution is 100%. Metabolism Hepatic. Excretion Between 30 – 50% of a single dose in humans is excreted unchanged in the urine within 48–72 hours. Half-life The mean elimination half-life of trimethobenzamide is 7 to 9 hours. Mechanism Of Action The mechanism of action of Tigan ® as determined in animals is obscure…,,Indications & Usage Tigan ® is indicated for the treatment of postoperative nausea and vomiting and for nausea associated with gastroenteritis.,Contraindications The injectable form of Tigan ® is contraindicated in pediatric patients and in patients with known hypersensitivity to trimethobenzamide. Warnings Tigan ® may produce drowsiness. Patients should not operate motor vehicles or other dangerous machinery until their individual responses have been determined. Usage in Pregnancy Trimethobenzamide hydrochloride was studied in reproduct…,Rx,,,Antiemetic,,
medtap,5a8e1984564c99302a18be9f,sodium,Sodium Polystyrene Sulfonate; sodium,OTHER,Other,oral,oral,,,,,,,,,,,,,Indications & Usage SPS ® Suspension is indicated for the treatment of hyperkalemia.,"Contraindications SPS ® Suspension is contraindicated in the following conditions: patients with hypokalemia, patients with a history of hypersensitivity to polystyrene sulfonate resins, obstructive bowel disease, oral or rectal administration in neonates . Warnings Intestinal Necrosis Cases of intestinal necrosis, which may be fatal, and other serious gastrointestinal adverse events (bleeding, i…",Rx,,,OTHER,,
medtap,5a8e1984564c99302a18bea1,Sugammadex,Bridion,OTHER,Other,intravenous,intravenous,,,,,,,,,,,"Absorption Sugammadex is administered intravenously. Volume Of Distribution At steady state, the volume of distribution is 11-14 L in adult patients with normal renal function. Protein Binding Sugammadex does not bind plasma proteins. Metabolism No metabolites of sugammadex were observed during clinical studies. Excretion Renal excretion of unchanged product. Half-life About 2 hours Clearance 88L…",,Indications & Usage Bridion is indicated for the reversal of neuromuscular blockade induced by rocuronium bromide and vecuronium bromide in adults undergoing surgery. Indications & Usage Bridion ® is indicated for the reversal of neuromuscular blockade induced by rocuronium bromide and vecuronium bromide in adults undergoing surgery.,"Contraindications Known hypersensitivity to sugammadex or any of its components. Warnings And Precautions Anaphylaxis : Anaphylaxis has occurred in 0.3% of healthy volunteers. Observe patients for an appropriate period of time after administration. Marked Bradycardia : Cases of marked bradycardia, some of which have resulted in cardiac arrest, have been observed within minutes after administratio…",Rx,,,OTHER,,
medtap,5a8e1984564c99302a18beb2,Ketorolac,Ketorolac Tromethamine; Acular Ls,Cyclooxygenase Inhibitor,Other,intramuscular,intramuscular,,,,,,,,,,,"Absorption Rapidly and completely absorbed after oral administration Volume Of Distribution * 0.26 ± 0.08 L/kg [children 4 to 8 years old] Protein Binding 99% Metabolism Primarily hepatic. Less than 50% of a dose is metabolized. The major metabolites are a glucuronide conjugate, which may also be formed in the kidney, and p-hydroxy ketorolac. Neither metabolite has significant analgesic activity.…",,Indications & Usage Carefully consider the potential benefits and risks of Ketorolac Tromethamine and other treatment options before deciding to use ketorolac. Use the lowest effective dose for the shortest duration consistent with individual patient treatment goals . Acute Pain in Adult Patients Ketorolac Tromethamine is indicated for the short-term (≤5 days) management of moderately severe acut…,"Contraindications Ketorolac Tromethamine is contraindicated in patients with previously demonstrated hypersensitivity to Ketorolac Tromethamine. Ketorolac Tromethamine is contraindicated in patients with active peptic ulcer disease, in patients with recent gastrointestinal bleeding or perforation and in patients with a history of peptic ulcer disease or gastrointestinal bleeding. Ketorolac Tromet…",Rx,,,Cyclooxygenase Inhibitor,,
medtap,5a8e1984564c99302a18bea6,Zidovudine,Retrovir,Human Immunodeficiency Virus Nucleoside Analog Reverse Transcriptase Inhibitor,Other,oral,oral,,,,,,,,,,,"Absorption Rapid and nearly complete absorption from the gastrointestinal tract following oral administration; however, because of first-pass metabolism, systemic bioavailability of zidovudine capsules and solution is approximately 65% (range, 52 to 75%). Bioavailability in neonates up to 14 days of age is approximately 89%, and it decreases to approximately 61% and 65% in neonates over 14 days o…",,"Indications & Usage Retrovir is a nucleoside analogue reverse transcriptase inhibitor indicated for: Treatment of Human Immunodeficiency Virus (HIV-1) infection in combination with other antiRetroviral agents. Prevention of maternal-fetal HIV-1 transmission. Indications & Usage Treatment of HIV-1 Retrovir, a nucleoside reverse transcriptase inhibitor, is indicated in combination with other antiRe…","Contraindications Hypersensitivity to zidovudine or any of the components (e.g., anaphylaxis, Stevens-Johnson syndrome). Warnings And Precautions See boxed warning for information about the following: hematologic toxicity, myopathy, and lactic acidosis and severe hepatomegaly. The vial stoppers for Retrovir injection contain dry natural rubber latex which may cause allergic reactions in latex-sen…",Rx,,,Human Immunodeficiency Virus Nucleoside Analog Reverse Transcriptase Inhibitor,,
medtap,5a8e1984564c99302a18bea5,bismuth,Kaopectate Regular Strength Peppermint Flavor Anti Diarrheal; bismuth,OTHER,Other,oral,oral,,,,,,,,,,,,,Indications & Usage relieves diarrhea relieves nausea and upset stomach associated with this symptom,"Warnings Reye’s Syndrome: Children and teenagers who have or are recovering from chicken pox or flu-like symptoms should not use this product. When using this product, if changes in behavior with nausea and vomiting occur, consult a doctor because these symptoms could be an early sign of Reye’s syndrome, a rare but serious illness. Allergy Alert: Contains salicylate . Do not take if you are aller…",OTC,,,OTHER,,
medtap,5a8e1984564c99302a18bea9,Busulfan,N/a,Alkylating Drug,Other,intravenous,intravenous,,,,,,,,,,,"Absorption Completely absorbed from the gastrointestinal tract. Busulfan is a small, highly lipophilic molecule that crosses the blood-brain-barrier. The absolute bioavailability, if a single 2 mg IV bolus injection is given to adult patients, is 80% ± 20%. In children (1.5 - 6 years old), the absolute bioavailability was 68% ± 31%. When a single oral dose is given to patients, the area under the…",,Indications & Usage Busulfan Injection is an alkylating drug indicated for: Use in combination with cyclophosphamide as a conditioning regimen prior to allogeneic hematopoietic progenitor cell transplantation for chronic myelogenous leukemia (CML) ( 1) Indications & Usage Busulfan injection is indicated for use in combination with cyclophosphamide as a conditioning regimen prior to allogeneic hem…,"Contraindications Busulfan injection is contraindicated in patients with a history of hypersensitivity to any of its components Warnings And Precautions Seizures: Initiate anticonvulsant prophylactic therapy prior to treatment with busulfan injection. Monitor patients with history of seizure disorder, head trauma or receiving epileptogenic drugs Embryo-fetal Toxicity: Can cause fetal harm. Advise…",Rx,,,Alkylating Drug,,
medtap,5a8e1984564c99302a18beb4,barium,E-z-paque; barium,Radiographic Contrast Agent,Other,oral,oral,,,,,,,,,,,,,"Indications & Usage E-z-paque is a radiographic contrast agent indicated for use in single contrast radiographic examinations of the esophagus, stomach, duodenum and small bowel to visualize the gastrointestinal (GI) tract in adult and pediatric patients Indications & Usage E-z-paque is indicated for use in single contrast radiographic examinations of the esophagus, stomach, duodenum and small bo…",Contraindications Known or suspected perforation of the GI tract Known obstruction of the GI tract Conditions associated to high risk of GI aspiration Conditions associated to high risk of GI perforation Known hypersensitivity to barium sulfate or any of the excipients of E-z-paque Warnings And Precautions Hypersensitivity reactions: Emergency equipment and trained personnel should be immediately…,Rx,,,Radiographic Contrast Agent,,
medtap,5a8e1984564c99302a18beb8,Eptifibatide,Integrilin,Platelet Aggregation Inhibitor,Other,intravenous,intravenous,,,,,,,,,,,"Protein Binding Approximately 25% Metabolism No major metabolites have been detected in human plasma. Deamidated eptifibatide and other, more polar metabolites have been detected in urine. Half-life Approximately 2.5 hours Clearance * 55 mL/kg/h [patients with coronary artery disease] Mechanism Of Action Eptifibatide reversibly inhibits platelet aggregation by preventing the binding of fibrinogen…",,Indications & Usage Integrilin is a platelet aggregation inhibitor indicated for: Treatment of acute coronary syndrome (ACS) managed medically or with percutaneous coronary intervention (PCI) Treatment of patients undergoing PCI (including intracoronary stenting) Indications & Usage Acute Coronary Syndrome (ACS) Integrilin ® is indicated to decrease the rate of a combined endpoint of death or new…,Contraindications Bleeding diathesis or bleeding within the previous 30 days Severe uncontrolled hypertension Major surgery within the preceding 6 weeks Stroke within 30 days or any history of hemorrhagic stroke Coadministration of another parenteral GP IIb/IIIa inhibitor Dependency on renal dialysis Known hypersensitivity to any component of the product Warnings And Precautions Integrilin can ca…,Rx,,,Platelet Aggregation Inhibitor,,
medtap,5a8e1984564c99302a18beb5,niraparib,Zejula; niraparib,Poly(ADP-Ribose) Polymerase Inhibitor,Other,oral,oral,,,,,,,,,,,"Mechanism Of Action Niraparib is an inhibitor of poly(ADP-ribose) polymerase (PARP) enzymes, PARP-1 and PARP-2, which play a role in DNA repair. In vitro studies have shown that niraparib-induced cytotoxicity may involve inhibition of PARP enzymatic activity and increased formation of PARP-DNA complexes resulting in DNA damage, apoptosis and cell death. Increased niraparib-induced cytotoxicity wa…",,"Indications & Usage Zejula is a poly(ADP-ribose) polymerase (PARP) inhibitor indicated for the maintenance treatment of adult patients with recurrent epithelial ovarian, fallopian tube, or primary peritoneal cancer who are in a complete or partial response to platinum-based chemotherapy. Indications & Usage Zejula ® is indicated for the maintenance treatment of adult patients with recurrent epith…","Contraindications None. Warnings And Precautions Myelodysplastic Syndrome/Acute Myeloid Leukemia (MDS/AML): MDS/AML occurred in patients exposed to Zejula, and some cases were fatal. Monitor patients for hematological toxicity and discontinue if MDS/AML is confirmed. Bone Marrow Suppression: Test complete blood counts weekly for the first month, monthly for the next 11 months and periodically the…",Rx,,,Poly(ADP-Ribose) Polymerase Inhibitor,,
medtap,5a8e1984564c99302a18beb7,Mycophenolic acid,Mycophenolic Acid; mycophenolate sodium,Antimetabolite Immunosuppressant,Other,oral,oral,,,,,,,,,,,"Absorption Bioavailability following oral administration of Myfortic delayed-release tablet ranges from 70-95% Volume Of Distribution * 54 ± 25 L Protein Binding > Metabolism Mycophenolic acid is metabolized mainly by glucuronyl transferase to glucuronidated metabolites, predominantly the phenolic glucuronide, mycophenolic acid glucuronide (MPAG). MPAG does not manifest pharmacological activity. …",,Indications & Usage 3. Mycophenolic Acid delayed-release tablets are an antimetabolite immunosuppressant indicated for prophylaxis of organ rejection in adult patients receiving kidney transplants and in pediatric patients at least 5 years of age and older who are at least 6 months post kidney transplant. 4. Use in combination with cyclosporine and corticosteroids. Limitations of Use: 2. Mycophen…,"Contraindications Known hypersensitivity to mycophenolate sodium, Mycophenolic Acid, mycophenolate mofetil, or to any of its excipients. Warnings And Precautions 6. New or Reactivated Viral Infections: Consider reducing immunosuppression. 7. Blood Dyscrasias including Pure Red Cell Aplasia (PRCA): Monitor for neutropenia or anemia; consider treatment interruption or dose reduction. 8. Serious GI …",Rx,,,Antimetabolite Immunosuppressant,,
medtap,5a8e1984564c99302a18bebd,Lenalidomide,Revlimid,Thalidomide Analog,Other,oral,oral,,,,,,,,,,,"Absorption Rapidly absorbed following oral administration, with maximum plasma concentrations occurring between 0.625 and 1.5 hours post-dose. Co-administration with food does not alter the extent of absorption (AUC) but does reduce the maximal plasma concentration (C Protein Binding 30% protein bound. Metabolism Lenalidomide undergoes limited metabolism. Unchanged lenalidomide is the predominant…",,"Indications & Usage Revlimid is a thalidomide analogue indicated for the treatment of patients with: Multiple myeloma (MM), in combination with dexamethasone. MM, as maintenance following autologous hematopoietic stem cell transplantation (auto-HSCT). Transfusion-dependent anemia due to low- or intermediate-1-risk myelodysplastic syndromes (MDS) associated with a deletion 5q abnormality with or w…",Contraindications Pregnancy . Demonstrated severe hypersensitivity to lenalidomide. Warnings And Precautions Increased mortality: serious and fatal cardiac adverse reactions occurred in patients with CLL treated with Revlimid. Second Primary Malignancies (SPM): Higher incidences of SPM were observed in controlled trials of patients with MM receiving Revlimid. Increased Mortality: Observed in pati…,Rx,,,Thalidomide Analog,,
medtap,5a8e1984564c99302a18bec0,Clorazepate,clorazepate dipotassium,Benzodiazepine,Benzodiazepine,oral,oral,,,,,,,,,,,"Absorption Rapidly absorbed following oral administration (bioavailability is 91%). Protein Binding The protein binding of nordiazepam in plasma is high (97-98%). Metabolism The drug is metabolized in the liver and excreted primarily in the urine. The primary metabolite, nordiazepam, is further metabolized by hydroxylation. The major urinary metabolite is conjugated oxazepam (3-hydroxynordiazepam…",,"Indications & Usage Clorazepate Dipotassium tablets, USP are indicated for the management of anxiety disorders or for the short-term relief of the symptoms of anxiety. Anxiety or tension associated with the stress of everyday life usually does not require treatment with an anxiolytic. Clorazepate Dipotassium tablets, USP are indicated as adjunctive therapy in the management of partial seizures. T…",Contraindications Clorazepate Dipotassium tablets are contraindicated in patients with a known hypersensitivity to the drug and in those with acute narrow angle glaucoma. Warnings Use in Depressive Neuroses or Psychotic Reactions: Clorazepate Dipotassium tablets are not recommended for use in depressive neuroses or in psychotic reactions. Use in Children: Because of the lack of sufficient clinica…,Rx,,,Benzodiazepine,,
medtap,5a8e1984564c99302a18bec4,Felbamate,Felbatol,Anti-epileptic Agent,Other,oral,oral,,,,,,,,,,,"Absorption > Volume Of Distribution * 756±82 mL/kg Protein Binding 20-36% Metabolism Hepatic Half-life 20-23 hours Clearance * 26 +/- 3 mL/hr/kg [single 1200 mg dose] Mechanism Of Action The mechanism by which felbamate exerts its anticonvulsant activity is unknown, but in animal test systems designed to detect anticonvulsant activity, felbamate has properties in common with other marketed antico…",,Indications & Usage Felbatol® is not indicated as a first line antiepileptic treatment . Felbatol® is recommended for use only in those patients who respond inadequately to alternative treatments and whose epilepsy is so severe that a substantial risk of aplastic anemia and/or liver failure is deemed acceptable in light of the benefits conferred by its use. If these criteria are met and the patie…,"Contraindications Felbatol® is contraindicated in patients with known hypersensitivity to Felbatol®, its ingredients, or known sensitivity to other carbamates. It should not be used in patients with a history of any blood dyscrasia or hepatic dysfunction. Warnings See Boxed Warning regarding aplastic anemia and hepatic failure. Antiepileptic drugs should not be suddenly discontinued because of th…",Rx,,,Anti-epileptic Agent,,
medtap,5a8e1984564c99302a18bec3,bisacodyl,Unit Dose Bisacodyl; bisacodyl; Womens Gentle Laxative,OTHER,Other,oral,oral,,,,,,,,,,,,,Indications & Usage relieves occasional constipation and irregularity this product generally produces bowel movement in 6 to 12 hours,"Warnings Do not use if you cannot swallow without chewing. Ask a doctor before use if you have stomach pain, nausea or vomiting a sudden change in bowel habits that lasts more than 2 weeks When using this product do not chew or crush tablet(s) do not use within 1 hour after taking an antacid or milk you may have stomach discomfort, faintness or cramps Stop use and ask a doctor if have rectal blee…",OTC,,,OTHER,,
medtap,5a8e1984564c99302a18bec1,bupivacaine,bupivacaine,Amide Local Anesthetic,Other,other,other,,,,,,,,,,,"Absorption The rate of systemic absorption of local anesthetics is dependent upon the total dose and concentration of drug administered, the route of administration, the vascularity of the administration site, and the presence or absence of epinephrine in the anesthetic solution. Protein Binding 95% Metabolism Amide-type local anesthetics such as bupivacaine are metabolized primarily in the liver…",,Indications & Usage Bupivacaine Spinal is indicated for the production of subarachnoid block (spinal anesthesia). Standard textbooks should be consulted to determine the accepted procedures and techniques for the administration of spinal anesthesia.,"Contraindications Bupivacaine Spinal (Bupivacaine in Dextrose Injection, USP) is contraindicated in patients with a known hypersensitivity to it or to any local anesthetic agent of the amide-type. The following conditions preclude the use of spinal anesthesia: 1. Severe hemorrhage, severe hypotension or shock and arrhythmias, such as complete heart block, which severely restrict cardiac output. 2…",Rx,,,Amide Local Anesthetic,,
medtap,5a8e1984564c99302a18bed6,Panitumumab,Vectibix,Epidermal Growth Factor Receptor Antagonist,Other,intravenous,intravenous,,,,,,,,,,,"Half-life 7.5 days (range: 4-11 days) Clearance * 4.9+/- 1.4 mL/kg/day [Following single-dose administrations of panitumumab as 1-hour infusions] Mechanism Of Action The EGFR is a transmembrane glycoprotein that is a member of a subfamily of type I receptor tyrosine kinases, including EGFR, HER2, HER3, and HER4. EGFR is constitutively expressed in normal epithelial tissues, including the skin and…",,Indications & Usage Vectibix is an epidermal growth factor receptor (EGFR) antagonist indicated for the treatment of wild-type RAS (defined as wild-type in both KRAS and NRAS as determined by an FDA-approved test for this use ) metastatic colorectal cancer (mCRC): In combination with FOLFOX for first-line treatment. As monotherapy following disease progression after prior treatment with fluoropyr…,"Contraindications None Warnings And Precautions Dermatologic and Soft Tissue Toxicity: Monitor for dermatologic and soft tissue toxicities and withhold or discontinue Vectibix for severe or life-threatening complications. Limit sun exposure. Increased tumor progression, increased mortality, or lack of benefit in patients with RAS -mutant mCRC. Electrolyte Depletion/Monitoring: Monitor electrolyte…",Rx,,,Epidermal Growth Factor Receptor Antagonist,,
medtap,5a8e1984564c99302a18becf,Losartan,Losortan Potassium,Angiotensin 2 Receptor Blocker,Other,oral,oral,,,,,,,,,,,"Absorption Losartan is well absorbed and undergoes substantial first-pass metabolism; the systemic bioavailability of losartan is approximately 33%. Mean peak concentrations of losartan and its active metabolite are reached in 1 hour and in 3-4 hours, respectively. While maximum plasma concentrations of losartan and its active metabolite are approximately equal, the AUC of the metabolite is about…",,"Indications & Usage Losartan potassium tablets are an angiotensin II receptor blocker (ARB) indicated for: Treatment of hypertension, to lower blood pressure in adults and children greater than 6 years old. Lowering blood pressure reduces the risk of fatal and nonfatal cardiovascular events, primarily strokes and myocardial infarctions. Reduction of the risk of stroke in patients with hypertensio…",Contraindications Hypersensitivity to any component. Coadministration with aliskiren in patients with diabetes. Warnings And Precautions Hypotension: Correct volume or salt depletion prior to administration of losartan potassium. Monitor renal function and potassium in susceptible patients. Contraindications Losartan potassium is contraindicated: In patients who are hypersensitive to any componen…,Rx,,,Angiotensin 2 Receptor Blocker,,
medtap,5a8e1984564c99302a18bedf,magnesium/magaldrate,Zantanol Tab.; magnesium/magaldrate,OTHER,Other,oral,oral,,,,,,,,,,,,,"Indications & Usage Helps relieve symptoms associated with indigestion: pain in the upper abdomen, heartburn, indigestion, nausea.","Warnings For oral use only Use only the recommended dosage Do not use if you have hemodyscrasia kidney, liver, bowel, stomach, and duodenum disease immunological disorder (asthma,rheumatism) previously experienced sensitivity to this medication dialysis Do not use if the user under 15 and over 80 years old. When using this product do not take other stomach medicine. do not take alcohol Ask a doct…",OTC,,,OTHER,,
medtap,5a8e1984564c99302a18bed4,Topotecan,Hycamtin,Topoisomerase Inhibitor,Other,oral,oral,,,,,,,,,,,"Protein Binding 35% Metabolism Topotecan undergoes a reversible pH dependent hydrolysis of its lactone moiety; it is the lactone form that is pharmacologically active. Excretion Renal clearance is an important determinant of topotecan elimination. In a mass balance/excretion study in 4 patients with solid tumors, the overall recovery of total topotecan and its N-desmethyl metabolite in urine and …",,Indications & Usage Hycamtin is a topoisomerase inhibitor. Hycamtin capsules are indicated for treatment of patients with relapsed small cell lung cancer. Indications & Usage Hycamtin capsules are indicated for the treatment of relapsed small cell lung cancer in patients with a prior complete or partial response and who are at least 45 days from the end of first-line chemotherapy.,Contraindications History of severe hypersensitivity reactions to topotecan. Warnings And Precautions Bone marrow suppression: Administer Hycamtin only to patients with adequate bone marrow reserves. Monitor peripheral blood counts. Adjust dose as needed. Diarrhea: Severe diarrhea can occur and may require hospitalization. Withhold for severe diarrhea. Reduce dose upon recovery. Interstitial lung…,Rx,,,Topoisomerase Inhibitor,,
medtap,5a8e1984564c99302a18bef1,indium,Indium In 111 Chloride; indium,OTHER,Other,intravenous,intravenous,,,,,,,,,,,,,Indications & Usage Indium In 111 Chloride Sterile Solution is indicated for radiolabeling ProstaScint preparations used for in vivo diagnostic imaging procedures. It is also indicated for radiolabeling Zevalin preparations used for Radioimmunotherapy procedures. Please refer to the package insert for ProstaScint or Zevalin for information on the final drug product.,Contraindications Please refer to the package insert for ProstaScint or Zevalin for this information on the final drug product. Warnings CONTENTS OF THE VIAL OF Indium In 111 Chloride SOLUTION ARE INTENDED ONLY TO BE USED AS AN INGREDIENT FOR RADIOLABELING PROSTASCINT FOR USE IN IN VIVO DIAGNOSTIC IMAGING PROCEDURES OR TO BE USED AS AN INGREDIENT FOR RADIOLABELING ZEVALIN™ FOR USE IN RADIOIMMUNOT…,Rx,,,OTHER,,
medtap,5a8e1984564c99302a18bedb,Naratriptan,Naratriptan Hydrochloride,Serotonin-1b and Serotonin-1d Receptor Agonist,Other,oral,oral,,,,,,,,,,,"Absorption Well absorbed (74% oral biovaility), absorption is rapid with peak plasma concentrations after 2-5 hours. The rate of absorption is slower during a migraine attack. Volume Of Distribution * 170 L Protein Binding 28%-31% (over the concentration range of 50 to 1000 ng/mL) Metabolism Primarily hepatic. Half-life 5-8 hours Clearance * 6.6 mL/min/kg Mechanism Of Action Naratriptan binds wit…",,"Indications & Usage Naratriptan Tablets, USP are a serotonin (5-HT 1B/1D ) receptor agonist (triptan) indicated for the acute treatment of migraine with or without aura in adults. (1) Limitations of Use: Use only if a clear diagnosis of migraine has been established. (1) Not indicated for the prophylactic therapy of migraine attacks. (1) Not indicated for the treatment of cluster headache. (1) In…","Contraindications History of coronary artery disease or coronary artery vasospasm (4) Wolff-Parkinson-White syndrome or other cardiac accessory conduction pathway disorders (4) History of stroke, transient ischemic attack, or hemiplegic or basilar migraine (4) Peripheral vascular disease (4) Ischemic bowel disease (4) Uncontrolled hypertension (4) Recent (within 24 hours) use of another 5-HT 1 ag…",Rx,,,Serotonin-1b and Serotonin-1d Receptor Agonist,,
medtap,5a8e1984564c99302a18bee2,Bexarotene,,Retinoid,Other,oral,oral,,,,,,,,,,,"Protein Binding > Excretion Urinary elimination of bexarotene and its known metabolites is a minor excretory pathway ( Half-life 7 hours Mechanism Of Action Bexarotene selectively binds and activates retinoid X receptor subtypes (RXRα, RXRβ, RXRγ). RXRs can form heterodimers with various receptor partners such as retinoic acid receptors (RARs), vitamin D receptor, thyroid receptor, and peroxisome…",,Indications & Usage Bexarotene is a retinoid indicated for the treatment of cutaneous manifestations of cutaneous T-cell lymphoma in patients who are refractory to at least one prior systemic therapy. Indications & Usage Bexarotene capsules are indicated for the treatment of cutaneous manifestations of cutaneous T-cell lymphoma in patients who are refractory to at least one prior systemic therapy.,"Contraindications Pregnancy Known hypersensitivity to Bexarotene Warnings And Precautions Hyperlipidemia: Bexarotene causes elevations in blood lipids. Obtain baseline values, monitor, and manage elevations during therapy by dose reduction, interruption, discontinuation and/or lipid lowering therapy. Pancreatitis: Interrupt Bexarotene and evaluate if suspected. Hepatotoxicity, cholestasis, and he…",Rx,,,Retinoid,,
medtap,5a8e1984564c99302a18bee3,Sinecatechins,Veregen,OTHER,Other,transdermal,transdermal,,,,,,,,,,,"Mechanism Of Action The mode of action of Veregen ® involved in the clearance of genital and perianal warts is unknown. In vitro, sinecatechins had anti-oxidative activity; the clinical significance of this finding is unknown. Pharmacodynamics The pharmacodynamics of Veregen ® is unknown. Pharmacokinetics Systemic exposure to EGCg, EGC, ECg, and EC were evaluated following either topical applicat…",,"Indications & Usage Veregen ® is a topical ointment indicated for the treatment of external genital and perianal warts (Condylomata acuminata) in immunocompetent patients 18 years and older. Limitations of Use Safety and effectiveness of Veregen ® have not been established in immunosuppressed patients, in treatment of external genital and perianal warts beyond 16-weeks, or for multiple treatment …","Contraindications None Warnings And Precautions Veregen ® should not be used to treat urethral, intra-vaginal, cervical, rectal, or intra-anal human papilloma viral disease. Use of Veregen ® on open wounds should be avoided. Avoid exposure of Veregen ® treated areas to sun/UV-light as Veregen ® has not been tested under these circumstances. Contraindications None Warnings And Precautions Veregen …",Rx,,,OTHER,,
medtap,5a8e1984564c99302a18bef4,Dicloxacillin,Dicloxacillin Sodium,Penicillin-class Antibacterial,Other,oral,oral,,,,,,,,,,,"Absorption Absorption of the isoxazolyl penicillins after oral administration is rapid but incomplete: peak blood levels are achieved in 1-1.5 hours. Oral absorption of cloxacillin, dicloxacillin, oxacillin and nafcillin is delayed when the drugs are administered after meals. Protein Binding Binds to serum protein, mainly albumin. Excretion Dicloxacillin sodium is rapidly excreted as unchanged dr…",,"Indications & Usage To reduce the development of drug-resistant bacteria and maintain the effectiveness of Dicloxacillin Sodium capsules USP and other antibacterial drugs, Dicloxacillin Sodium capsules USP should be used only to treat or prevent infections that are proven or strongly suspected to be caused by susceptible bacteria. When culture and susceptibility information are available, they sh…",Contraindications A history of a hypersensitivity (anaphylactic) reaction to any penicillin is a contraindication. Warnings Serious and occasionally fatal hypersensitivity (anaphylactic shock with collapse) reactions have occurred in patients receiving penicillin. The incidence of anaphylactic shock in all penicillin-treated patients is between 0.015% and 0.04%. Anaphylactic shock resulting in de…,Rx,,,Penicillin-class Antibacterial,,
medtap,5a8e1984564c99302a18bee8,Nitroglycerin,Nitroglycerin In Dextrose,Nitrate Vasodilator,Other,intravenous,intravenous,,,,,,,,,,,"Volume Of Distribution * 3 L/kg Metabolism Hepatic, cytochrome P450 (P450) is a key enzyme of organic nitrate biotransformation Half-life 3 minutes Clearance * 1 L/kg/min Pharmacokinetics The volume of distribution of nitroglycerin is about 3 L/kg, and nitroglycerin is cleared from this volume at extremely rapid rates, with a resulting serum half-life of about 3 minutes. The observed clearance ra…",,Indications & Usage Nitroglycerin in 5% Dextrose Injection is indicated for treatment of peri-operative hypertension; for control of heart failure in the setting of acute myocardial infarction; for treatment of angina pectoris in patients who have not responded to sublingual nitroglycerin and ß-blockers; and for induction of intraoperative hypotension.,"Contraindications Nitroglycerin in 5% Dextrose Injection is contraindicated in patients who are allergic to it. In patients with pericardial tamponade, restrictive cardiomyopathy, or constrictive pericarditis, cardiac output is dependent upon venous return. Intravenous nitroglycerin is contraindicated in patients with these conditions. Nitroglycerin is also contraindicated in patients with increa…",Rx,,,Nitrate Vasodilator,,
medtap,5a8e1984564c99302a18bef8,Buprenorphine,,Partial Opioid Agonist,Opioid,transdermal,transdermal,,,,,,,,,,,"Absorption 31% bioavailability (sublingual). Sublingual absorption is also dependent on pH. The length of time the tablet is under the tongue has little effect on absorption. Although buprenorphine is rapidly absorbed from the oral mucosa, the absorption into the systemic is slower. The time to reach peak plasma concentration (Tmax) varies between individuals (range of 40 minutes to 3.5 hours). H…",,"Indications & Usage Buprenorphine Transdermal System is a partial opioid agonist indicated for the management of pain severe enough to require daily, around-the-clock, long-term opioid treatment and for which alternative treatment options are inadequate. Limitations of Use Because of the risks of addiction, abuse, and misuse with opioids, even at recommended doses, and because of the greater risk…","Contraindications Significant respiratory depression Acute or severe bronchial asthma in an unmonitored setting or in the absence of resuscitative equipment Known or suspected gastrointestinal obstruction, including paralytic ileus Hypersensitivity to Buprenorphine Warnings And Precautions Life Threatening Respiratory Depression in Patients with Chronic Pulmonary Disease or in Elderly, Cachectic,…",Rx,,,Partial Opioid Agonist,,
medtap,5a8e1984564c99302a18beda,Bivalirudin,,Direct Thrombin Inhibitor,Other,other,other,,,,,,,,,,,"Absorption Following intravenous administration, bivalirudin exhibits linear pharmacokinetics. The mean steady state concentration is 12.3 +/- 1.7mcg/mL after administration of an intravenous bolus of 1mg/kg followd by a 2.5mg/kg/hr intravenous infusion given over 4 hours. Volume Of Distribution 0.2L/kg Protein Binding Other than thrombin and red blood cells, bivalirudin does not bind to plasma p…",,"Indications & Usage Bivalirudin for injection is a direct thrombin inhibitor indicated for use as an anticoagulant in patients: With unstable angina undergoing percutaneous transluminal coronary angioplasty (PTCA). Undergoing percutaneous coronary intervention (PCI) with provisional use of glycoprotein IIb/IIIa inhibitor (GPI) as in the REPLACE-2 study. With, or at risk of, heparin-induced thromb…","Contraindications Active major bleeding ( Warnings And Precautions Bleeding events: Hemorrhage can occur at any site. Discontinue Bivalirudin for injection for an unexplained fall in blood pressure or hematocrit. Acute Stent Thrombosis: Increased incidence of acute stent thrombosis in STEMI patients undergoing primary PCI. Coronary artery brachytherapy: Risk of thrombus formation, including fatal…",Rx,,,Direct Thrombin Inhibitor,,
medtap,5a8e1984564c99302a18bee4,DNA (cytosine-5)-methyltransferase 1,azacitidine,Nucleoside Metabolic Inhibitor,Other,intravenous,intravenous,,,,,,,,,,,"Absorption Azacitidine is rapidly absorbed after subcutaneous administration. The bioavailability of subcutaneous azacitidine relative to IV azacitidine is approximately 89%, based on area under the curve. Volume Of Distribution * 76 ± 26 L Metabolism An in vitro study of azacitidine incubation in human liver fractions indicated that azacitidine may be metabolized by the liver. The potential of a…",,"Indications & Usage Azacitidine for Injection is a nucleoside metabolic inhibitor indicated for the treatment of patients with the following FAB myelodysplastic syndrome (MDS) subtypes: Refractory anemia (RA) or refractory anemia with ringed sideroblasts (RARS) (if accompanied by neutropenia or thrombocytopenia or requiring transfusions), refractory anemia with excess blasts (RAEB), refractory an…","Contraindications Advanced malignant hepatic tumors. Hypersensitivity to Azacitidine. Warnings And Precautions Anemia, neutropenia and thrombocytopenia: Monitor complete blood counts frequently (CBC). Hepatic toxicity: Patients with severe preexisting hepatic impairment are at higher risk for toxicity. Renal impairment: Monitor patients with renal impairment for toxicity since Azacitidine and its…",Rx,,,Nucleoside Metabolic Inhibitor,,
medtap,5a8e1984564c99302a18bef3,hydromorphone,Hydromorphone Hydrochloride; hydromorphone,Opioid Agonist,Opioid,other,other,,,,,,,,,,,"Absorption Better absorbed orally than morphine Protein Binding 20% Metabolism Primarily hepatic. After absorption hydromorphone is metabolized by the liver to the glucuronide conjugate which is then excreted in the urine. Hydromorphone is metabolized to the major metabolites hydromorphone-3-glucuronide, hydromorphone-3-glucoside and dihydroisomorphine-6-glucuronide. Excretion Only a small amount…",,Indications & Usage Hydromorphone Hydrochloride injection is an opioid agonist indicated for the management of pain severe enough to require an opioid analgesic and for which alternate treatments are inadequate. Hydromorphone Hydrochloride injection is an opioid agonist indicated for use in opioid-tolerant patients who require higher doses of opioids for the management of pain severe enough to re…,"Contraindications Significant respiratory depression. Acute or severe bronchial asthma in an unmonitored setting or in absence of resuscitative equipment. Known or suspected gastrointestinal obstruction, including paralytic ileus. Known hypersensitivity to hydromorphone, hydromorphone salts, sulfite-containing medications, or any other components of the product. Hydromorphone Hydrochloride inject…",Rx,,,Opioid Agonist,,
medtap,5a8e1984564c99302a18bf0f,Cefditoren,Spectracef,Cephalosporin Antibacterial,Other,oral,oral,,,,,,,,,,,"Absorption Following oral administration, cefditoren pivoxil is absorbed from the gastrointestinal tract and hydrolyzed to cefditoren by esterases. Under fasting conditions, the estimated absolute bioavailability of cefditoren pivoxil is approximately 14%. The absolute bioavailability of cefditoren pivoxil administered with a low fat meal (693 cal, 14 g fat, 122 g carb, 23 g protein) is 16.1 Volu…",,"Indications & Usage Spectracef® (cefditoren pivoxil) is indicated for the treatment of mild to moderate infections in adults and adolescents (12 years of age or older) which are caused by susceptible strains of the designated microorganisms in the conditions listed below. Acute Bacterial Exacerbation of Chronic Bronchitis caused by Haemophilus influenzae (including ß-lactamase-producing strains),…","Contraindications Spectracef® is contraindicated in patients with known allergy to the cephalosporin class of antibiotics or any of its components. Spectracef® is contraindicated in patients with carnitine deficiency or inborn errors of metabolism that may result in clinically significant carnitine deficiency, because use of Spectracef® causes renal excretion of carnitine. Spectracef® tablets con…",Rx,,,Cephalosporin Antibacterial,,
medtap,5a8e1984564c99302a18bf00,clomiphene,Clomiphene Citrate; clomiphene,Estrogen Agonist/Antagonist,Other,oral,oral,,,,,,,,,,,"Mechanism Of Action Clomiphene Citrate tablets USP is a drug of considerable pharmacologic potency. With careful selection and proper management of the patient, Clomiphene Citrate tablets USP has been demonstrated to be a useful therapy for the anovulatory patient desiring pregnancy. Clomiphene Citrate is capable of interacting with estrogen-receptor-containing tissues, including the hypothalamus…",,"Indications & Usage Clomiphene Citrate tablets USP is indicated for the treatment of ovulatory dysfunction in women desiring pregnancy. Impediments to achieving pregnancy must be excluded or adequately treated before beginning Clomiphene Citrate tablets USP therapy. Those patients most likely to achieve success with clomiphene therapy include patients with polycystic ovary syndrome , amenorrhea-g…","Contraindications Hypersensitivity Clomiphene Citrate tablets USP is contraindicated in patients with a known hypersensitivity or allergy to Clomiphene Citrate or to any of its ingredients. Pregnancy Pregnancy Category X. Clomiphene Citrate tablets USP use in pregnant women is contraindicated, as Clomiphene Citrate does not offer benefit in this population. Available human data do not suggest an …",Rx,,,Estrogen Agonist/Antagonist,,
medtap,5a8e1984564c99302a18beff,silver,Thermazene; silver,Sulfonamide Antibacterial,Other,transdermal,transdermal,,,,,,,,,,,,,"Indications & Usage Silver sulfadiazine cream, USP 1% is a topical antimicrobial drug indicated as an adjunct for the prevention and treatment of wound sepsis in patients with second and third degree burns.","Contraindications Silver sulfadiazine cream, USP 1% is contraindicated in patients who are hypersensitive to silver sulfadiazine or any of the other ingredients in the preparation. Because sulfonamide therapy is known to increase the possibility of kernicterus, silver sulfadiazine cream, USP 1% should not be used on pregnant women approaching or at term, on premature infants, or on newborn infant…",Rx,,,Sulfonamide Antibacterial,,
medtap,5a8e1984564c99302a18bf1e,Metoclopramide,,Dopamine-2 Receptor Antagonist,Other,intramuscular,intramuscular,,,,,,,,,,,Absorption Rapidly and well absorbed (oral bioavailability 80 Volume Of Distribution * 4.4±0.65 L/kg Protein Binding 30% Metabolism Hepatic Excretion Approximately 85% of the radioactivity of an orally administered dose appears in the urine within 72 hours. Half-life 5-6 hr Clearance * 0.67 +/- 0.14 L/hr/kg [infants (0.9-5.4 months) with gastroesophageal reflux (GER)],,"Indications & Usage Diabetic Gastroparesis (Diabetic Gastric Stasis) Metoclopramide is indicated for the relief of symptoms associated with acute and recurrent diabetic gastric stasis. The Prevention of Nausea and Vomiting Associated with Emetogenic Cancer Chemotherapy Metoclopramide Injection, USP is indicated for the prophylaxis of vomiting associated with emetogenic cancer chemotherapy. The Pr…","Contraindications Metoclopramide should not be used whenever stimulation of gastrointestinal motility might be dangerous, e.g., in the presence of gastrointestinal hemorrhage, mechanical obstruction or perforation. Metoclopramide is contraindicated in patients with pheochromocytoma because the drug may cause a hypertensive crisis, probably due to release of catecholamines from the tumor. Such hyp…",Rx,,,Dopamine-2 Receptor Antagonist,,
medtap,5a8e1984564c99302a18bf05,Quinine,Qualaquin,Antimalarial,Other,oral,oral,,,,,,,,,,,"Absorption 76 - 88% Volume Of Distribution * 1.43 ± 0.18 L/kg [Healthy Pediatric Controls] Protein Binding Approximately 70% Metabolism Hepatic, over 80% metabolized by the liver. Excretion Quinine is eliminated primarily via hepatic biotransformation. Approximately 20% of quinine is excreted unchanged in urine. Half-life Approximately 18 hours Clearance * 0.17 L/h/kg [healthy] Mechanism Of Actio…",,Indications & Usage Qualaquin ® (quinine sulfate) is a cinchona alkaloid indicated for treatment of uncomplicated Plasmodium falciparum malaria. Indications & Usage Qualaquin (quinine sulfate) is an antimalarial drug indicated only for treatment of uncomplicated Plasmodium falciparum malaria. Quinine sulfate has been shown to be effective in geographical regions where resistance to chloroquine ha…,"Contraindications Qualaquin is contraindicated in patients with the following: Prolongation of QT interval Glucose-6-phosphate dehydrogenase (G6PD) deficiency Myasthenia gravis Known hypersensitivity to quinine, mefloquine, or quinidine Optic neuritis Warnings And Precautions Not indicated for the prevention or treatment of nocturnal leg cramps. Risk of serious and life-threatening adverse reacti…",Rx,,,Antimalarial,,
medtap,5a8e1984564c99302a18bf20,elm,Nin Jiom Pei Pa Koa; elm,OTHER,Other,oral,oral,,,,,,,,,,,,,Indications & Usage For the temporary relief of minor discomfort and protection of irritated areas in sore mouth and sore throat.,"Warnings If sore throat is severe, persists for more than 2 days, is accompanied or followed by fever, headache, rash, nausea, or vomiting consult a doctor promptly. If sore mouth symptoms do not improve in 7 days, see your dentist or doctor promptly. If you are pregnant or nursing a baby seek the advice of a health professional before using this product. Keep this and all drugs out of the reach …",OTC,,,OTHER,,
medtap,5a8e1984564c99302a18befc,Lipoprotein lipase,Ez Char; activated charcoal,OTHER,Other,oral,oral,,,,,,,,,,,,,Indications & Usage for emergency use to adsorb swallowed poisons,"Warnings do not give activated charcoal until after the patient has vomited unless directed by health professional do not use in persons who are not fully conscious do not use this product, unless directed by health professional, if turpentine, corrosives, such as alkalies (lye) and strong acids, or petroleum distillates, such as kerosene, gasoline, paint thinner, cleaning fluid or furniture poli…",OTC,,,OTHER,,
medtap,5a8e1984564c99302a18bf1b,Tramadol,Conzip; Tramadol Er,Opioid Agonist,Opioid,oral,oral,,,,,,,,,,,"Absorption Racemic tramadol is rapidly and almost completely absorbed after oral administration. The mean absolute bioavailability of a 100 mg oral dose is approximately 75%. The mean peak plasma concentration of racemic tramadol and M1 occurs at two and three hours, respectively, after administration in healthy adults. Volume Of Distribution * 2.6 L/kg [male, 100 mg intravenous dose] Protein Bin…",,"Indications & Usage Conzip is an opioid agonist indicated for the management of pain severe enough to require daily, around-the-clock, long-term opioid treatment and for which alternative treatment options are inadequate. Limitations of Use Because of the risks of addiction, abuse, and misuse with opioids, even at recommended doses, and because of the greater risks of overdose and death with exte…","Contraindications Children younger than 12 years of age. Postoperative management in children younger than 18 years of age following tonsillectomy and/or adenoidectomy. Significant respiratory depression. Acute or severe bronchial asthma in an unmonitored setting or in absence of resuscitative equipment. Known or suspected gastrointestinal obstruction, including paralytic ileus. Hypersensitivity …",Rx,,,Opioid Agonist,,
medtap,5a8e1984564c99302a18bf06,Desipramine,Desipramine Hydrochloride,Tricyclic Antidepressant,Antidepressant,oral,oral,,,,,,,,,,,Absorption Desipramine hydrochloride is rapidly and almost completely absorbed from the gastrointestinal tract. It undergoes extensive first-pass metabolism. Peak plasma concentrations are attained 4 - 6 hours following oral administration. Protein Binding 73-92% bound to plasma proteins Metabolism Desipramine is extensively metabolized in the liver by CYP2D6 (major) and CYP1A2 (minor) to 2-hydro…,,"Indications & Usage Desipramine Hydrochloride tablets, USP are indicated for the treatment of depression.",Contraindications The use of MAOIs intended to treat psychiatric disorders with Desipramine Hydrochloride or within 14 days of stopping treatment with Desipramine Hydrochloride is contraindicated because of an increased risk of serotonin syndrome. The use of Desipramine Hydrochloride within 14 days of stopping an MAOI intended to treat psychiatric disorders is also contraindicated . Starting Desi…,Rx,,,Tricyclic Antidepressant,,
medtap,5a8e1984564c99302a18bf14,liothyronine,Triostat; liothyronine,l-Triiodothyronine,Other,intravenous,intravenous,,,,,,,,,,,"Absorption 95% in 4 hours Protein Binding 99.7% Half-life 2.5 days Pharmacodynamics The clinical features of myxedema coma include depression of the cardiovascular, respiratory, gastrointestinal and central nervous systems, impaired diuresis, and hypothermia. Administration of thyroid hormones reverses or attenuates these conditions. Thyroid hormones increase heart rate, ventricular contractility…",,Indications & Usage Triostat (liothyronine sodium injection) (T 3 ) is indicated in the treatment of myxedema coma/precoma. Triostat can be used in patients allergic to desiccated thyroid or thyroid extract derived from pork or beef.,"Contraindications Thyroid hormone preparations are generally contraindicated in patients with diagnosed but as yet uncorrected adrenal cortical insufficiency or untreated thyrotoxicosis. Thyroid hormone preparations are also generally contraindicated in patients with hypersensitivity to any of the active or extraneous constituents of these preparations; however, there is no well-documented eviden…",Rx,,,l-Triiodothyronine,,
medtap,5a8e1984564c99302a18bf0a,technetium tc-99m pyrophosphate,Kit For The Preparation Of Technetium Tc99m Pyrophosphate; technetium tc-99m pyrophosphate,Radioactive Diagnostic Agent,Other,intravenous,intravenous,,,,,,,,,,,,,"Indications & Usage Technetium Tc 99m Pyrophosphate Injection is a bone imaging agent used to demonstrate areas of altered osteogenesis, and a cardiac imaging agent used as an adjunct in the diagnosis of acute myocardial infarction. Kit for the Preparation of Technetium Tc 99m Pyrophosphate Injection is a blood pool imaging agent which may be used for gated blood pool imaging and for the detectio…","Contraindications None known. Warnings As an adjunct in the diagnosis of confirmed myocardial infarction (ECG and serum enzymes positive), the incidence of false negative images has been found to be 6 percent. False negative images can also occur if made prior to 24 hours in the evolutionary phase of the infarct or after 6 days in the resolution phase. In a limited study involving 22 patients in …",Rx,,,Radioactive Diagnostic Agent,,
medtap,5a8e1984564c99302a18bf1c,calcium,Good Neighbor Pharmacy Fiber-caps Fiber Laxative; calcium,OTHER,Other,oral,oral,,,,,,,,,,,Absorption Calcium polycarbophil is not absorbed from the intestine. Volume Of Distribution Calcium polycarbophil is not absorbed from the intestine. Protein Binding Calcium polycarbophil is not absorbed from the intestine. Metabolism Polycarrbophil calcium is not metabolized and has limited hydrophilic activity in acidic environments. Excretion Excreted in feces. Half-life Calcium polycarbophil …,,Indications & Usage relieves: constipation helps restore & maintain regularity promotes normal function of the bowel this product generally produces bowel movement in 12 to 72 hours,"Warnings Choking: Taking this product without adequate fluid may cause it to swell and block your throat or esophagus and may cause choking. Do not take this product if you have difficulty in swallowing. If you experience chest pain, vomiting, or difficulty in swallowing or breathing after taking this product, seek immediate medical attention. Ask a doctor before use if you have abdominal pain, n…",OTC,,,OTHER,,
medtap,5a8e1984564c99302a18bf29,Allopurinol,Zyloprim,Xanthine Oxidase Inhibitor,Other,oral,oral,,,,,,,,,,,Absorption Approximately 80-90% absorbed from the gastrointestinal tract. Protein Binding Allopurinol and oxypurinol are not bound to plasma proteins Metabolism Hepatic Excretion Approximately 20% of the ingested allopurinol is excreted in the feces. Half-life 1-3 hours,,Indications & Usage THIS IS NOT AN INNOCUOUS DRUG. IT IS NOT RECOMMENDED FOR THE TREATMENT OF ASYMPTOMATIC HYPERURICEMIA. Zyloprim reduces serum and urinary uric acid concentrations. Its use should be individualized for each patient and requires an understanding of its mode of action and pharmacokinetics . Zyloprim is indicated in: the management of patients with signs and symptoms of primary or …,"Contraindications Patients who have developed a severe reaction to Zyloprim should not be restarted on the drug. Warnings Zyloprim SHOULD BE DISCONTINUED AT THE FIRST APPEARANCE OF SKIN RASH OR OTHER SIGNS WHICH MAY INDICATE AN ALLERGIC REACTION. In some instances a skin rash may be followed by more severe hypersensitivity reactions such as exfoliative, urticarial, and purpuric lesions, as well a…",Rx,,,Xanthine Oxidase Inhibitor,,
medtap,5a8e1984564c99302a18bf1a,Peginterferon alfa-2b,Sylatron,OTHER,Other,oral,,,,,,,,,,,,"Absorption Following a single subcutaneous dose of peginterferon alfa-2b, the mean absorption half-life (t Excretion Renal elimination accounts for 30% of the clearance. Half-life The mean elimination half-life is approximately 40 hours (range 22 to 60 hours) in patients with HCV infection. Clearance * Oral cl=22 mL/hr∙kg [patients with HCV infection] Mechanism Of Action Peginterferon alfa-2b is …",,Indications & Usage Sylatron is an alpha interferon indicated for the adjuvant treatment of melanoma with microscopic or gross nodal involvement within 84 days of definitive surgical resection including complete lymphadenectomy. Indications & Usage Sylatron ™ is an alpha interferon indicated for the adjuvant treatment of melanoma with microscopic or gross nodal involvement within 84 days of defin…,"Contraindications Known serious hypersensitivity reactions to peginterferon alfa-2b or interferon alfa-2b. Autoimmune hepatitis. Hepatic decompensation (Child-Pugh score >6 ). Warnings And Precautions Depression and other serious neuropsychiatric adverse reactions. History of significant or unstable cardiac disease. Retinal disorders. Child-Pugh score >6 (class B and C). Hypothyroidism, hyperthyr…",Rx,,,OTHER,,
medtap,5a8e1984564c99302a18bf1f,Somatropin recombinant,Zorbtive; somatropin,OTHER,Other,subcutaneous,subcutaneous,,,,,,,,,,,"Excretion Although calcium excretion in the urine is increased, there is a simultaneous increase in calcium absorption from the intestine. Somatropin stimulates the synthesis of chondroitin sulfate and collagen, and increases the urinary excretion of hydroxyproline. Clearance * 2.3 +/- 1.8 mL/min/kg [GHD patients (IV 33 ng/kg/min)] Mechanism Of Action Intestinal mucosa contains receptors for grow…",,Indications & Usage Zorbtive ® is a recombinant human growth hormone indicated for the treatment of short bowel syndrome in adult patients receiving specialized nutritional support. Indications & Usage Zorbtive ® is indicated for the treatment of short bowel syndrome in adult patients receiving specialized nutritional support.,Contraindications active malignancy acute critical illness active proliferative or severe non-proliferative diabetic retinopathy hypersensitivity to somatropin or any of the excipients in Zorbtive ® Warnings And Precautions Neoplasms: Monitor patients for potential malignant changes of pre-existing nevi; discontinue if there is evidence of recurrent activity. Acute Critical Illness: Increased mor…,Rx,,,OTHER,,
medtap,5a8e1984564c99302a18bf38,Sodium/potassium-transporting ATPase subunit alpha-1,ciclopirox,OTHER,Other,transdermal,transdermal,,,,,,,,,,,Absorption Rapidly absorbed after oral administration. Mean absorption of ciclopirox after application to nails of all twenty digits and adjacent 5 millimeters of skin once daily for 6 months in patients with dermatophytic onychomycoses was less than 5% of the applied dose. Ciclopirox olamine also penetrates into hair and through the epidermis and hair follicles into sebaceous glands and dermis. …,,"Indications & Usage (To understand fully the indication for this product, please read the entire INDICATIONS AND USAGE section of the labeling.) Ciclopirox Topical Solution, 8% as a component of a comprehensive management program, is indicated as topical treatment in immunocompetent patients with mild to moderate onychomycosis of fingernails and toenails without lunula involvement, due to Trichop…","Contraindications Ciclopirox Topical Solution, 8% is contraindicated in individuals who have shown hypersensitivity to any of its components. Warnings Ciclopirox Topical Solution, 8% is not for ophthalmic, oral, or intravaginal use. It is for use on nails and immediately adjacent skin only. Precautions If a reaction suggesting sensitivity or chemical irritation should occur with the use of Ciclop…",Rx,,,OTHER,,
medtap,5a8e1984564c99302a18bf31,Pregabalin,Lyrica,OTHER,Other,oral,oral,,,,,,,,,,,"Absorption Pregabalin is well absorbed after oral administration. When an oral administration of pregabalin under fasting conditions is given, the pharmacokinetic parameters are as follows: Volume Of Distribution Apparent volume of distribution, oral administration = 0.5 L/kg. Protein Binding Pregabalin does not bind to plasma proteins. Metabolism Pregabalin undergoes negligible metabolism in hum…",,Indications & Usage Lyrica is indicated for: Neuropathic pain associated with diabetic peripheral neuropathy (DPN) Postherpetic neuralgia (PHN) Adjunctive therapy for adult patients with partial onset seizures Fibromyalgia Neuropathic pain associated with spinal cord injury Indications & Usage Lyrica is indicated for: Management of neuropathic pain associated with diabetic peripheral neuropathy M…,"Contraindications Known hypersensitivity to pregabalin or any of its components. Warnings And Precautions Angioedema (e.g., swelling of the throat, head and neck) can occur, and may be associated with life-threatening respiratory compromise requiring emergency treatment. Discontinue Lyrica immediately in these cases. Hypersensitivity reactions (e.g. hives, dyspnea, and wheezing) can occur. Discon…",Rx,,,OTHER,,
medtap,5a8e1984564c99302a18bf41,Cephalexin,Daxbia,Cephalosporin Antibacterial,Other,oral,oral,,,,,,,,,,,Absorption Well absorbed from the gastrointestinal tract Protein Binding 14% Metabolism No appreciable biotransformation in the liver (90% of the drug is excreted unchanged in the urine). Excretion Cephalexin is excreted in the urine by glomerular filtration and tubular secretion. Studies showed that over 90% of the drug was excreted unchanged in the urine within 8 hours. Half-life 1 hour Mechani…,,Indications & Usage Daxbia™ Cephalexin is a cephalosporin antibacterial drug indicated for the treatment of the following infections caused by susceptible isolates of designated bacteria: Respiratory tract infection ( ) Otitis media ( ) Skin and skin structure infections ( ) Bone infections ( ) Genitourinary tract infections ( ) To reduce the development of drug-resistant bacteria and maintain th…,"Contraindications Patients with known hypersensitivity to cephalexin or other members of the cephalosporin class of antibacterial drugs. Warnings And Precautions Serious hypersensitivity (anaphylactic) reactions : Prior to use, inquire regarding history of hypersensitivity to beta-lactam antibacterial drugs. Discontinue the drug if signs or symptoms of an allergic reaction occur and institute sup…",Rx,,,Cephalosporin Antibacterial,,
medtap,5a8e1984564c99302a18bf4a,ethynodiol,Zovia 1/50e-28; ethynodiol,OTHER,Other,oral,,,,,,,,,,,,,,"Indications & Usage Zovia 1/50E is indicated for the prevention of pregnancy in women who elect to use oral contraceptives as a method of contraception. Oral contraceptive products such as Zovia 1/50E, which contain 50 mcg of estrogen, should not be used unless medically indicated. Oral contraceptives are highly effective. Table 1 lists the typical accidental pregnancy rates for users of combinat…","Contraindications Oral contraceptives should not be used in women who have the following conditions: Thrombophlebitis or thromboembolic disorders A past history of deep vein thrombophlebitis or thromboembolic disorders Cerebral vascular disease, myocardial infarction, or coronary artery disease, or a past history of these conditions Known or suspected carcinoma of the breast, or a history of this…",Rx,,,OTHER,,
medtap,5a8e1984564c99302a18bf55,Ivacaftor,Kalydeco,Cystic Fibrosis Transmembrane Conductance Regulator Potentiator,Other,oral,oral,,,,,,,,,,,"Absorption The pharmacokinetics of ivacaftor is similar between healthy adult volunteers and patients with CF. When given a single oral dose of 150 mg to healthy subjects, the parameters were as follows: Volume Of Distribution The mean apparent volume of distribution (Vz/F) of ivacaftor after a single dose of 275 mg of Ivacaftor in the fed state was similar for healthy subjects and patients with …",,"Indications & Usage Kalydeco is a cystic fibrosis transmembrane conductance regulator (CFTR) potentiator indicated for the treatment of cystic fibrosis (CF) in patients age 2 years and older who have one mutation in the CFTR gene that is responsive to ivacaftor based on clinical and/or in vitro assay data. If the patient's genotype is unknown, an FDA-cleared CF mutation test should be used to det…","Contraindications None Warnings And Precautions Elevated transaminases (ALT or AST): Transaminases (ALT and AST) should be assessed prior to initiating Kalydeco, every 3 months during the first year of treatment, and annually thereafter. In patients with a history of transaminase elevations, more frequent monitoring of liver function tests should be considered. Patients who develop increased tran…",Rx,,,Cystic Fibrosis Transmembrane Conductance Regulator Potentiator,,
medtap,5a8e1984564c99302a18bf5b,Gemcitabine,Gemcitabine Hydrochloride,Nucleoside Metabolic Inhibitor,Other,intravenous,intravenous,,,,,,,,,,,"Absorption The pharmacokinetics of gemcitabine are described by a 2-compartment model. Volume Of Distribution * 50 L/m^2 [infusions lasting Protein Binding Plasma protein binding is negligible ( Metabolism Transformed via nucleoside kinases to two active metabolites, gemcitabine diphosphate and gemcitabine triphosphate. Can also undergo deamination via cytidine deaminase to an inactive uracil met…",,"Indications & Usage Gemcitabine for Injection, USP is a nucleoside metabolic inhibitor indicated: in combination with carboplatin, for the treatment of advanced ovarian cancer that has relapsed at least 6 months after completion of platinum-based therapy. in combination with paclitaxel, for first-line treatment of metastatic breast cancer after failure of prior anthracycline-containing adjuvant c…",Contraindications Patients with a known hypersensitivity to gemcitabine. Warnings And Precautions Schedule-dependent toxicity: Increased toxicity with infusion time greater than 60 minutes or dosing more frequently than once weekly. Myelosuppression: Monitor for myelosuppression prior to each cycle and reduce or withhold dose for severe myelosuppression. Pulmonary Toxicity and Respiratory Failure…,Rx,,,Nucleoside Metabolic Inhibitor,,
medtap,5a8e1984564c99302a18bf5e,Zolmitriptan,,Serotonin-1b and Serotonin-1d Receptor Agonist,Other,oral,oral,,,,,,,,,,,"Absorption Mean absolute oral bioavailability is approximately 40%. Food has no affect on the rate and extent of absorption. Volume Of Distribution * 8.4±3.3 L/kg Protein Binding 25% Metabolism Hepatic. There have been three metabolites identified: indole acetic acid, N -oxide, and N-desmethyl metabolites. However, the N-desmethyl is the only active metabolite. Half-life The mean elimination half…",,Indications & Usage Zolmitriptan is a serotonin (5-HT) 1B/1D receptor agonist (triptan) indicated for the acute treatment of migraine with or without aura in adults Limitations of Use : Use only after a clear diagnosis of migraine has been established Not indicated for the prophylactic therapy of migraine Not indicated for the treatment of cluster headache Indications & Usage Zolmitriptan is indi…,"Contraindications History of coronary artery disease (CAD) or coronary vasospasm Symptomatic Wolff-Parkinson-White syndrome or other cardiac accessory conduction pathway disorders History of stroke, transient ischemic attack, or hemiplegic or basilar migraine ( Ischemic bowel disease Uncontrolled hypertension Recent (within 24 hours) use of another 5-HT 1 agonist (e.g., another triptan), or an er…",Rx,,,Serotonin-1b and Serotonin-1d Receptor Agonist,,
medtap,5a8e1984564c99302a18bf51,Urofollitropin,Bravelle,OTHER,Other,subcutaneous,subcutaneous,,,,,,,,,,,"Absorption 74% Volume Of Distribution Time to peak in plasma: Excretion Via liver and kidneys Half-life Circulation half life of 3-4 hours, elimination half life of 35-40 hours Mechanism Of Action Bravelle ® administered for 7 to 12 days produces ovarian follicular growth in women who do not have primary ovarian failure. Treatment with Bravelle ® in most instances results only in follicular growt…",,"Indications & Usage Bravelle ® (urofollitropin for injection, purified) is a gonadotropin indicated for: Induction of ovulation in women who have previously received pituitary suppression – intramuscular and subcutaneous administration Development of multiple follicles as part of an Assisted Reproductive Technology (ART) cycle in ovulatory women who have previously received pituitary suppression …",Contraindications Bravelle ® is contraindicated in women who exhibit: Prior hypersensitivity to Bravelle ® or urofollitropins High levels of FSH indicating primary ovarian failure Pregnancy Presence of uncontrolled non-gonadal endocrinopathies Sex hormone dependent tumors of the reproductive tract and accessory organ Tumors of pituitary gland or hypothalamus Abnormal uterine bleeding of undetermi…,Rx,,,OTHER,,
medtap,5a8e1984564c99302a18bf58,Bleomycin,,Cytoprotective Agent,Other,intramuscular,intramuscular,,,,,,,,,,,Absorption Systemic absorption is approximately 45%. Protein Binding 1% Metabolism Hepatic Excretion It was reported that patients with moderately severe renal failure excreted less than 20% of the dose in the urine. Half-life 115 minutes Pharmacokinetics A bsorption Bleomycin is well absorbed in animals upon parenteral administration. Intramuscular injection of 15 units in humans resulted in a m…,,"Indications & Usage Palliation and treatment adjutant to surgery and radiation therapy of the following neoplasms: Squamous cell carcinoma of the skin, head and neck, and esophagus (primary indication). Squamous cell carcinoma of the larynx, penis and uterine cervix. Squamous cell carcinoma of the bronchus (response infrequent). Ch0riocarcinoma and embryonal cell carcinoma of the testis. Advanced…",Contraindications Warnings Precautions It is recommended that Bleomycin be administered under the supervision of a qualified doctor experienced in the use of cancer chemotherapeutic agents. Appropriate management of therapy and complications is possible only when adequate diagnostic and treatment facilities are readily available. Patients receiving Bleomycin must be Observed carefully and frequen…,Rx,,,Cytoprotective Agent,,
medtap,5a8e1984564c99302a18bf3d,Tobramycin,,Aminoglycoside Antibacterial,Other,inhalation,inhalation,,,,,,,,,,,Absorption The bioavailability of tobramycin may vary because of individual differences in nebulizer performance and airway pathology. Half-life The elimination half-life of tobramycin from serum is approximately 2 hours after intravenous (IV) administration.,,"Indications & Usage Tobramycin inhalation solution, USP 300 mg/5 mL is indicated for the management of cystic fibrosis patients with aeruginosa . Safety and efficacy have not been demonstrated in patients under the age of 6 years, patients with forced expiratory volume in 1 second (FEV 1 ) <25% or >75% predicted, or patients colonized with Burkholderia cepacia .","Contraindications Tobramycin inhalation solution, USP is contraindicated in patients with a known hypersensitivity to any aminoglycoside. Warnings Caution should be exercised when prescribing Tobramycin inhalation solution to patients with known or suspected renal, auditory, vestibular, or neuromuscular dysfunction. Patients receiving concomitant parenteral aminoglycoside therapy should be monito…",Rx,,,Aminoglycoside Antibacterial,,
medtap,5a8e1984564c99302a18bf3f,Prochlorperazine,Prochlorperazine Maleate,Phenothiazine,Other,oral,oral,,,,,,,,,,,"Absorption Rapidly absorbed following oral administration Protein Binding 91-99% Metabolism Hepatic. Undergoes metabolism in the gastric mucosa and on first pass through the liver, CYP2D6 and/or CYP3A4. Half-life 6 to 8 hours",,"Indications & Usage For control of severe nausea and vomiting. For the treatment of schizophrenia. Prochlorperazine is effective for the short-term treatment of generalized non-psychotic anxiety. However, prochlorperazine is not the first drug to be used in therapy for most patients with non-psychotic anxiety, because certain risks associated with its use are not shared by common alternative trea…","Contraindications Do not use in patients with known hypersensitivity to phenothiazines. Do not use in comatose states or in the presence of large amounts of central nervous system depressants (alcohol, barbiturates, narcotics, etc.). Do not use in pediatric surgery. Do not use in pediatric patients under 2 years of age or under 20 lbs. Do not use in children for conditions for which dosage has no…",Rx,,,Phenothiazine,,
medtap,5a8e1984564c99302a18bf33,Cyanocobalamin,B12 Inject Kit,OTHER,Other,intramuscular,intramuscular,,,,,,,,,,,Absorption Readily absorbed in the lower half of the ileum. Protein Binding Very high (to specific plasma proteins called transcobalamins); binding of hydroxocobalamin is slightly higher than cyanocobalamin. Metabolism Hepatic Half-life Approximately 6 days (400 days in the liver).,,"Indications & Usage Cyanocobalamin is indicated for vitamin B 12 deficiencies due to malabsorption which may be associated with the following conditions: Addisonian (pernicious) anemia Gastrointestinal pathology, dysfunction, or surgery, including gluten enteropathy or sprue, small bowel bacteria overgrowth, total or partial gastrectomy Fish tapeworm infestation Malignancy of pancreas or bowel Fo…",Contraindications Sensitivity to cobalt and/or vitamin B 12 is a contraindication. Warnings Patients with early Leber's disease (hereditary optic nerve atrophy) who were treated with cyanocobalamin suffered severe and swift optic atrophy. Hypokalemia and sudden death may occur in severe megaloblastic anemia which is treated intensely. Anaphylactic shock and death have been reported after parenter…,Rx,,,OTHER,,
medtap,5a8e1984564c99302a18bf59,Tocilizumab,Actemra,Interleukin-6 Receptor Antagonist,Other,intravenous,intravenous,,,,,,,,,,,"Absorption When 4 mg/kg of tocilizumab was given every 4 weeks to RA patients, the pharmacokinetic parameters at steady state are as follows: Volume Of Distribution In rheumatoid arthritis patients the central volume of distribution was 3.5 L and the peripheral volume of distribution was 2.9 L, resulting in a volume of distribution at steady state of 6.4 L. Excretion Following intravenous dosing,…",,Indications & Usage Actemra ® (tocilizumab) is an interleukin-6 (IL-6) receptor antagonist indicated for treatment of: Rheumatoid Arthritis (RA) Adult patients with moderately to severely active rheumatoid arthritis who have had an inadequate response to one or more Disease-Modifying Anti-Rheumatic Drugs (DMARDs). Giant Cell Arteritis (GCA) Adult patients with giant cell arteritis. Polyarticular …,"Contraindications Actemra is contraindicated in patients with known hypersensitivity to Actemra. Warnings And Precautions Serious Infections – do not administer Actemra during an active infection, including localized infections. If a serious infection develops, interrupt Actemra until the infection is controlled. Gastrointestinal (GI) perforation—use with caution in patients who may be at increas…",Rx,,,Interleukin-6 Receptor Antagonist,,
medtap,5a8e1984564c99302a18bf67,Nelarabine,Arranon,Nucleoside Metabolic Inhibitor,Other,intravenous,intravenous,,,,,,,,,,,"Protein Binding Nelarabine and ara-G are not substantially bound to human plasma proteins ( Metabolism The principal route of metabolism for nelarabine is O-demethylation by adenosine deaminase to form ara-G, which undergoes hydrolysis to form guanine. In addition, some nelarabine is hydrolyzed to form methylguanine, which is O-demethylated to form guanine. Guanine is N-deaminated to form xanthin…",,Indications & Usage Arranon is a nucleoside metabolic inhibitor indicated for the treatment of patients with T-cell acute lymphoblastic leukemia and T-cell lymphoblastic lymphoma whose disease has not responded to or has relapsed following treatment with at least two chemotherapy regimens. This use is based on the induction of complete responses. Randomized trials demonstrating increased survival…,Contraindications None. Warnings And Precautions Severe neurologic reactions have been reported. Monitor for signs and symptoms of neurologic toxicity. Hematologic Reactions: Complete blood counts including platelets should be monitored regularly. Fetal harm can occur if administered to a pregnant woman. Women should be advised not to become pregnant when taking Arranon. Contraindications None. W…,Rx,,,Nucleoside Metabolic Inhibitor,,
medtap,5a8e1984564c99302a18bf8c,bicisate,Neurolite; bicisate,OTHER,Other,intravenous,intravenous,,,,,,,,,,,,,"Indications & Usage Neurolite single photon emission computerized tomography (SPECT) is indicated as an adjunct to conventional CT or MRI imaging in the localization of stroke in patients in whom stroke has already been diagnosed. Neurolite is not indicated for assessment of functional viability of brain tissue. Also, Neurolite is not indicated for distinguishing between stroke and other brain le…",Contraindications None known. Warnings None known. Precautions General USE WITH CAUTION IN PATIENTS WITH RENAL OR HEPATIC IMPAIRMENT. TECHNETIUM Tc99m BICISATE IS ELIMINATED PRIMARILY BY RENAL EXCRETION. WHETHER TECHNETIUM Tc99m BICISATE IS DIALYZABLE IS NOT KNOWN. DOSE ADJUSTMENTS IN PATIENTS WITH RENAL OR HEPATIC IMPAIRMENT HAVE NOT BEEN STUDIED. Patients should be encouraged to drink fluids an…,Rx,,,OTHER,,
medtap,5a8e1984564c99302a18bf99,dalbavancin,Dalvance; dalbavancin,Lipoglycopeptide Antibacterial,Peptide,intravenous,intravenous,,,,,,,,,,,Mechanism Of Action Dalbavancin is an antibacterial drug . Pharmacodynamics The antibacterial activity of dalbavancin appears to best correlate with the ratio of area under the concentration-time curve to minimal inhibitory concentration (AUC/MIC) for Staphylococcus aureus based on animal models of infection. An exposure-response analysis of a single study in patients with complicated skin and sk…,,"Indications & Usage Dalvance is indicated for acute bacterial skin and skin structure infections (ABSSSI) caused by designated susceptible strains of Gram-positive microorganisms. To reduce the development of drug-resistant bacteria and maintain the effectiveness of Dalvance and other antibacterial drugs, Dalvance should be used only to treat infections that are proven or strongly suspected to be…","Contraindications Hypersensitivity to dalbavancin Warnings And Precautions Serious hypersensitivity (anaphylactic) and skin reactions have been reported with glycopeptide antibacterial agents, including Dalvance; exercise caution in patients with known hypersensitivity to glycopeptides. Rapid intravenous infusion of glycopeptide antibacterial agents can cause reactions. ALT elevations with Dalvan…",Rx,,,Lipoglycopeptide Antibacterial,,
medtap,5a8e1984564c99302a18bf96,Nitrous oxide,,OTHER,Other,inhalation,inhalation,,,,,,,,,,,,,,,Rx,,,OTHER,,
medtap,5a8e1984564c99302a18bfa1,Etoposide,,Topoisomerase Inhibitor,Other,oral,oral,,,,,,,,,,,"Absorption Absorbed well, time to peak plasma concentration is 1-1.5 hrs. Mean bioavailability is 50% (range of 25% - 75%). Cmax and AUC values for orally administered etoposide capsules display intra- and inter-subject variability. There is no evidence of first-pass effect for etoposide. Volume Of Distribution The disposition of etoposide is a biphasic process with a distribution half-life of 1.…",,Indications & Usage Etoposide capsules are indicated in the management of the following neoplasms: Small Cell Lung Cancer Etoposide capsules in combination with other approved chemotherapeutic agents as first line treatment in patients with small cell lung cancer.,Contraindications Etoposide capsules are contraindicated in patients who have demonstrated a previous hypersensitivity to Etoposide or any component of the formulation. Warnings Patients being treated with Etoposide must be frequently observed for myelosuppression both during and after therapy. Myelosuppression resulting in death has been reported. Dose-limiting bone marrow suppression is the mos…,Rx,,,Topoisomerase Inhibitor,,
medtap,5a8e1984564c99302a18bf69,Hydrocodone,Hydrocodone Bitartrate; hydrocodone/acetaminophen,Opioid Agonist,Opioid,oral,oral,,,,,,,,,,,"Absorption hydrocodone: Well absorbed from the gastrointestinal tract. ibuprofen: ~ 80% absorbed from GI tract Protein Binding hydrocodone: As most agents in the 5-ring morphinan group of semi-synthetic opioids bind plasma protein to a similar degree (range 19% [hydromorphone] to 45% [oxycodone] ibuprofen: 90-99% to whole human plasma and site II of purified albumin, binding appears to be saturab…",,Indications & Usage Carefully consider the potential benefits and risks of Hydrocodone Bitartrate and ibuprofen tablets and other treatment options before deciding to use Hydrocodone Bitartrate and ibuprofen tablets. Use the lowest effective dose for the shortest duration consistent with individual patient treatment goals . Hydrocodone Bitartrate and ibuprofen tablets are indicated for the short-…,"Contraindications Hydrocodone Bitartrate and ibuprofen tablets are contraindicated in patients with known hypersensitivity to hydrocodone or ibuprofen. Patients known to be hypersensitive to other opioids may exhibit cross-sensitivity to hydrocodone. Hydrocodone Bitartrate and ibuprofen tablets should not be given to patients who have experienced asthma, urticaria, or allergic-type reactions afte…",Rx,,,Opioid Agonist,,
medtap,5a8e1984564c99302a18bf71,leucovorin,Leucovorin Calcium; leucovorin,Folate Analog,Other,intramuscular,intramuscular,,,,,,,,,,,"Absorption Following oral administration, leucovorin is rapidly absorbed. The apparent bioavailability of leucovorin was 97% for 25 mg, 75% for 50 mg, and 37% for 100 mg. Protein Binding ~15% Metabolism Hepatic and intestinal mucosal, the main metabolite being the active 5-methyltetrahydrofolate. Leucovorin is readily converted to another reduced folate, 5,10-methylenetetrahydrofolate, which acts…",,Indications & Usage Leucovorin Calcium rescue is indicated after high dose methotrexate therapy in osteosarcoma. Leucovorin Calcium is also indicated to diminish the toxicity and counteract the effects of impaired methotrexate elimination and of inadvertent overdosages of folic acid antagonists. Leucovorin Calcium is indicated in the treatment of megaloblastic anemias due to folic acid deficiency…,"Contraindications Leucovorin is improper therapy for pernicious anemia and other megaloblastic anemias secondary to the lack of vitamin B 12 . A hematologic remission may occur while neurologic manifestations continue to progress. Warnings In the treatment of accidental overdosages of folic acid antagonists, intravenous leucovorin should be administered as promptly as possible. As the time interv…",Rx,,,Folate Analog,,
medtap,5a8e1984564c99302a18bf72,zinc/zinc/sambucus nigra flowering top,Nbb; zinc/zinc/sambucus nigra flowering top,OTHER,Other,oral,oral,,,,,,,,,,,,,Indications & Usage Reduces duration of the common cold Reduces severity of cold symptoms: Sneezing Sore Throat Stuffy Nose Coughing Congestion,"Warnings For oral use only, not for use in nasal pathways. When using this product Avoid contact with eyes. In case of accidental contact with eyes, flush with water and immediately seek professional help. Stop use and ask doctor if Side effects occur. You may report side effects to FDA at 1-800-FDA-1088. CVS Cold Remedy Oral Spray was formulated to shorten the duration of the common cold and may…",OTC,,,OTHER,,
medtap,5a8e1984564c99302a18bfa4,Rotigotine,Neupro,OTHER,Other,transdermal,transdermal,,,,,,,,,,,"Absorption Bioavailability varies depending on the application site. Differences in bioavailability were very small between the abdomen and hip ( Volume Of Distribution The weight normalized apparent volume of distribution, (Vd/F), in humans is approximately 84 L/kg after repeated dose administration. Protein Binding 92% in vitro and 89.5% in vivo. Metabolism Hepatic (CYP-mediated). Rotigotine is…",,Indications & Usage Neupro is a dopamine agonist indicated for the treatment of: Parkinson's disease Moderate-to-severe primary Restless Legs Syndrome Indications & Usage Parkinson's Disease (PD) Neupro is indicated for the treatment of Parkinson's disease. Restless Legs Syndrome (RLS) Neupro is indicated for the treatment of moderate-to-severe primary Restless Legs Syndrome.,"Contraindications History of hypersensitivity to rotigotine or components of the transdermal patch. Warnings And Precautions Contains sodium metabisulfite that may cause allergic-type reactions in those with sulfite sensitivity. Falling asleep during activities of daily living, including the operation of motor vehicles, and somnolence may occur. Hallucinations/psychosis and dyskinesia may occur. …",Rx,,,OTHER,,
medtap,5a8e1984564c99302a18bf75,Cefazolin,,Cephalosporin Antibacterial,Other,intramuscular,intramuscular,,,,,,,,,,,Absorption Not absorbed from GI tract. Must be administered parenterally. Peak serum concentrations attained 1-2 hours post intramuscular injection. Protein Binding 74-86% Metabolism Not metabolized. Excretion Cefazolin is present in very low concentrations in the milk of nursing mothers. Cefazolin is excreted unchanged in the urine. In the first six hours approximately 60% of the drug is excrete…,,"Indications & Usage Cefazolin for Injection, USP is a cephalosporin antibacterial indicated in the treatment of the following infections caused by susceptible isolates of the designated microorganisms: Respiratory tract infections. Urinary tract infections. Skin and skin structure infections. Biliary tract infections. Bone and joint infections. Genital infections. Septicemia. Endocarditis. Periop…","Contraindications Cefazolin for injection is contraindicated in patients with known allergy to the cephalosporin group of antibiotics Warnings And Precautions Hypersensitivity Reactions: Cross-hypersensitivity may occur in up to 10% of patients with a history of penicillin allergy. If an allergic reaction occurs, discontinue the drug. Use in Patients with Renal Impairment: Dose adjustment require…",Rx,,,Cephalosporin Antibacterial,,
medtap,5a8e1984564c99302a18bf88,Voltage gated sodium channel,Analpram Hc; hydrocortisone/pramoxine,Corticosteroid,Supplement,transdermal,transdermal,,,,,,,,,,,"Absorption null: minimal absorbed after topical administration. hydrocortisone: Topical corticosteroids can be absorbed from normal intact skin. Inflammation and/or other disease processes in the skin increase percutaneous absorption. Pharmacokinetics The extent of percutaneous absorption of topical corticosteroids is determined by many factors including the vehicle, the integrity of the epiderma…",,Indications & Usage Topical corticosteroids are indicated for the relief of the inflammatory and pruritic manifestations of corticosteroid-responsive dermatoses.,"Contraindications Topical corticosteroids are contraindicated in those patients with a history of hypersensitivity to any of the components of the preparation. Precautions General: Systemic absorption of topical corticosteroids has produced reversible hypothalamic-pituitary-adrenal (HPA) axis suppression, manifestations of Cushing's syndrome, hyperglycemia, and glucosuria in some patients. Condit…",Rx,,,Corticosteroid,,
medtap,5a8e1984564c99302a18bfa9,Mitotane,Lysodren,OTHER,Other,oral,oral,,,,,,,,,,,Absorption About 40% oral Lysodren is absorbed Protein Binding 6% Metabolism Hepatic and renal Excretion A variable amount of metabolite (1%-17%) is excreted in the bile and the balance is apparently stored in the tissues. Half-life 18-159 days Mechanism Of Action Mitotane is an adrenal cytotoxic agent with an unknown mechanism of action. Mitotane modifies the peripheral metabolism of steroids an…,,"Indications & Usage Lysodren is an adrenal cytotoxic agent indicated for the treatment of inoperable, functional or nonfunctional, adrenal cortical carcinoma. Indications & Usage Lysodren is indicated for the treatment of patients with inoperable, functional or nonfunctional, adrenal cortical carcinoma.",Contraindications None Warnings And Precautions Central Nervous System (CNS) Toxicity: Plasma concentrations exceeding 20 mcg/mL are associated with a greater incidence of toxicity. Adrenal Insufficiency: Institute steroid replacement as clinically indicated. Measure free cortisol and corticotropin (ACTH) levels to achieve optimal steroid replacement. Embryo-Fetal Toxicity: Can cause fetal harm. …,Rx,,,OTHER,,
medtap,5a8e1984564c99302a18bfb1,Lithium,,Mood Stabilizer,Other,oral,oral,,,,,,,,,,,,,"Indications & Usage Lithium is indicated in the treatment of manic episodes of Bipolar Disorder. Bipolar Disorder, Manic (DSM-III) is equivalent to Manic Depressive illness, Manic, in the older DSM-II terminology. Lithium is also indicated as a maintenance treatment for individuals with a diagnosis of Bipolar Disorder. Maintenance therapy reduces the frequency of manic episodes and diminishes the…","Contraindications Lithium should generally not be given to patients with significant renal or cardiovascular disease, severe debilitation or dehydration, or sodium depletion, and to patients receiving diuretics, since the risk of Lithium toxicity is very high in such patients. If the psychiatric indication is life-threatening, and if such a patient fails to respond to other measures, Lithium trea…",Rx,,,Mood Stabilizer,,
medtap,5a8e1984564c99302a18bf74,Diatrizoate,Cystografin; diatrizoate meglumine,Radiographic Contrast Agent,Other,intravenous,intravenous,,,,,,,,,,,"Excretion However, it is not metabolized but excreted unchanged in the urine, each diatrizoate molecule remaining ""obligated"" to its sodium moiety. The liver and small intestine provide the major alternate route of excretion for diatrizoate. Injectable radiopaque diagnostic agents are excreted unchanged in human milk. Saliva is a minor secretory pathway for injectable radiopaque diagnostic agents.",,Indications & Usage Cystografin is indicated for retrograde cystourethrography.,"Contraindications This preparation is contraindicated in patients with a hypersensitivity to salts of diatrizoic acid. Warnings Severe sensitivity reactions are more likely to occur in patients with a personal or family history of bronchial asthma, significant allergies, or previous reactions to contrast agents. A history of sensitivity to iodine per se or to other contrast agents is not an absol…",Rx,,,Radiographic Contrast Agent,,
medtap,5a8e1984564c99302a18bf79,Nefazodone,Nefazodone Hydrochloride,Serotonin Reuptake Inhibitor,Antidepressant,oral,oral,,,,,,,,,,,"Absorption Nefazodone is rapidly and completely absorbed. Its absolute bioavailability is low (about 20%). Volume Of Distribution * 0.22 to 0.87 L/kg Protein Binding Greater than 99% (in vitro, human plasma proteins). Metabolism Hepatic. Excretion Nefazodone is extensively metabolized after oral administration by n-dealkylation and aliphatic and aromatic hydroxylation, and less than 1% of adminis…",,"Indications & Usage Nefazodone Hydrochloride tablets are indicated for the treatment of depression. When deciding among the alternative treatments available for this condition, the prescriber should consider the risk of hepatic failure associated with Nefazodone Hydrochloride treatment . In many cases, this would lead to the conclusion that other drugs should be tried first. The efficacy of nefaz…","Contraindications Coadministration of terfenadine, astemizole, cisapride, pimozide, or carbamazepine with Nefazodone Hydrochloride is contraindicated . Nefazodone Hydrochloride tablets are contraindicated in patients who were withdrawn from nefazodone because of evidence of liver injury . Nefazodone Hydrochloride tablets are also contraindicated in patients who have demonstrated hypersensitivity …",Rx,,,Serotonin Reuptake Inhibitor,,
medtap,5a8e1984564c99302a18bfa0,Timolol,Cosopt Pf; dorzolamide/timolol,beta-Adrenergic Blocker,Other,other,other,,,,,,,,,,,Absorption timolol: Bioavailability is about 60% dorzolamide: Protein Binding timolol: ~10% dorzolamide: ~33% Metabolism timolol: Primarily hepatic (80%) via the cytochrome P450 2D6 isoenzyme. dorzolamide: Excretion timolol: Timolol and its metabolites are primarily excreted in the urine. dorzolamide: Dorzolamide is primarily excreted unchanged in the urine; the metabolite also is excreted in uri…,,Indications & Usage Cosopt Pf is a carbonic anhydrase inhibitor with a beta-adrenergic receptor blocking agent indicated for the reduction of elevated intraocular pressure (IOP) in patients with open-angle glaucoma or ocular hypertension who are insufficiently responsive to beta-blockers. The IOP-lowering of COSOPT twice daily was slightly less than that seen with the concomitant administration o…,"Contraindications Cosopt Pf is contraindicated in patients with: Bronchial asthma or a history of bronchial asthma, severe chronic obstructive pulmonary disease. Sinus bradycardia, second or third degree atrioventricular block, overt cardiac failure, cardiogenic shock. Hypersensitivity to any component of this product. Warnings And Precautions Potentiation of Respiratory Reactions Including Asthm…",Rx,,,beta-Adrenergic Blocker,,
medtap,5a8e1984564c99302a18bf89,Menthol,Olbas Lozenges,OTHER,Other,oral,oral,,,,,,,,,,,,,,,OTC,,,OTHER,,
