source,source_id,name,aliases,raw_classes,piru_category,default_route,routes,units,dose_threshold,dose_light,dose_common,dose_strong,dose_heavy,onset,peak,total_duration,half_life_min,mechanism_summary,effects,indications,contraindications,regulatory_status,cas_no,chemical_formula,tags,sources_count,notes
pyrls,639e391cfcae6920598b5328,Aclidinium,Tudorza Pressair,Long-Acting Muscarinic Antagonist,Other,inhalation,inhalation,,,,,,,,,,,Reversibly competes and antagonizes muscarinic receptors in the airways causing smooth muscle relaxation and bronchodilation .,,Maintenance treatment of chronic obstructive pulmonary disease (COPD),Severe hypersensitivity to milk proteins; Hypersensitivity aclidinium bromide or any formulation ingredients,rx; Prescription only,,,Dry powder inhaler; Long-Acting Muscarinic Antagonist,2,
pyrls,639e391cfcae6920598b5329,Glycopyrrolate,Seebri Neohaler,Long-Acting Muscarinic Antagonist,Other,inhalation,inhalation,,,,,,,,,,,Reversibly competes and antagonizes muscarinic receptors in the airways causing smooth muscle relaxation and bronchodilation .,,"Maintenance treatment of airflow obstruction in patients with chronic obstructive pulmonary disease (COPD), including chronic bronchitis and/or emphysema",Hypersensitivity to glycopyrrolate or any formulation ingredients,rx; Prescription only,,,Dry powder inhaler; Long-Acting Muscarinic Antagonist,2,
pyrls,639e391cfcae6920598b532a,Tiotropium,Spiriva Handihaler; Spiriva Respimat,Long-Acting Muscarinic Antagonist,Other,inhalation,inhalation,,,,,,,,,,,Reversibly competes and antagonizes muscarinic receptors in the airways causing smooth muscle relaxation and bronchodilation .,,"(Spiriva Respimat formulation only) : maintenance treatment of asthma in patients 6+ years old; Maintenance treatment of airflow obstruction in patients with chronic obstructive pulmonary disease (COPD), including chronic bronchitis and/or emphysema","Hypersensitivity to tiotropium, ipratropium, or any formulation ingredients",rx; Prescription only,,,"Dry powder inhaler, Soft mist inhaler; Long-Acting Muscarinic Antagonist",4,
pyrls,639e391cfcae6920598b532b,Umeclidinium,Incruse Ellipta,Long-Acting Muscarinic Antagonist,Other,inhalation,inhalation,,,,,,,,,,,Reversibly competes and antagonizes muscarinic receptors in the airways causing smooth muscle relaxation and bronchodilation .,,Maintenance treatment of patients with chronic obstructive pulmonary disease (COPD),Severe hypersensitivity to milk proteins; Hypersensitivity to umeclidinium or any formulation ingredients,rx; Prescription only,,,Dry powder inhaler; Long-Acting Muscarinic Antagonist,2,
pyrls,639e391cfcae6920598b532c,Salmeterol,Serevent Diskus,Long-Acting Beta-2 Agonist,Other,inhalation,inhalation,,,,,,,,,,,Selectively agonizes beta-2 adrenergic receptors in the airways causing smooth muscle relaxation and bronchodilation .,,"Maintenance treatment of asthma and in the prevention of bronchospasm only as concomitant therapy with an ICS in patients age 4+ years with reversible obstructive airway disease, including those with symptoms of nocturnal asthma; Use for asthma without concomitant ICS therapy is contraindicated; Maintenance treatment of bronchospasm associated with chronic obstructive pulmonary disease (COPD), including emphysema and chronic bronchitis; Prevention of exercise-induced bronchospasm (EIB) in patients age 4+ years ; can be used as monotherapy in those who do not have persistent asthma, however, should only be used if in combination with an ICS in those with asthma and EIB",Use for asthma without concomitant ICS therapy; Severe hypersensitivity to milk proteins; Hypersensitivity to salmeterol or any formulation ingredients,rx; Prescription only,,,Dry powder inhaler; Long-Acting Beta-2 Agonist,4,
pyrls,639e391cfcae6920598b532d,Indacaterol,Arcapta Neohaler,Long-Acting Beta-2 Agonist,Other,inhalation,inhalation,,,,,,,,,,,Selectively agonizes beta-2 adrenergic receptors in the airways causing smooth muscle relaxation and bronchodilation .,,"Maintenance treatment of bronchospasm associated with chronic obstructive pulmonary disease (COPD), including emphysema and chronic bronchitis","Hypersensitivity to indacaterol or any formulation ingredients; Indacaterol is not approved for asthma, however, should it be used, use for asthma without concomitant ICS therapy is contraindicated",rx; Prescription only,,,Dry powder inhaler; Long-Acting Beta-2 Agonist,4,
pyrls,639e391cfcae6920598b532e,Olodaterol,Striverdi Respimat,Long-Acting Beta-2 Agonist,Other,inhalation,inhalation,,,,,,,,,,,Selectively agonizes beta-2 adrenergic receptors in the airways causing smooth muscle relaxation and bronchodilation .,,"Maintenance treatment of bronchospasm associated with chronic obstructive pulmonary disease (COPD), including emphysema and chronic bronchitis","Hypersensitivity to olodaterol or any formulation ingredients; Olodaterol is not approved for asthma, however, should it be used, use for asthma without concomitant ICS therapy is contraindicated",rx; Prescription only,,,Soft mist inhaler; Long-Acting Beta-2 Agonist,4,
pyrls,639e391cfcae6920598b532f,Albuterol,ProAir; Proventil; Ventolin,Short-Acting Beta-2 Agonist,Other,inhalation,inhalation,,,,,,,,,,,Rapidly agonizes beta-2 adrenergic receptors in the airways causing smooth muscle relaxation and bronchodilation .,,Treatment or prevention of bronchospasm in patients 4+ years of age with reversible obstructive airway disease; Prevention of exercise-induced bronchospasm (EIB) in patients 4+ years of age,Hypersensitivity to albuterol or any formulation ingredients,rx; Prescription only,,,Metered dose inhaler (this page does not cover nebulized albuterol); Short-Acting Beta-2 Agonist,3,
pyrls,639e391cfcae6920598b5330,Levalbuterol,Xopenex,Short-Acting Beta-2 Agonist,Other,inhalation,inhalation,,,,,,,,,,,Rapidly agonizes beta-2 adrenergic receptors in the airways causing smooth muscle relaxation and bronchodilation .,,Treatment or prevention of bronchospasm in patients 4+ years of age with reversible obstructive airway disease,"Hypersensitivity to levalbuterol, racemic albuterol, or any formulation ingredients",rx; Prescription only,,,Metered dose inhaler (this page does not cover nebulized albuterol); Short-Acting Beta-2 Agonist,4,
pyrls,639e391cfcae6920598b5331,Montelukast,Singulair,Leukotriene Receptor Antagonist,Other,oral,oral,,,,,,,,,,,Selectively antagonizes leukotriene receptors (CysLT-1 receptor) blocking activation of cellular activity associated with the inflammation process and smooth muscle contraction in the airways and similar effects associated with allergic rhinitis in nasal passages.,,Prophylaxis and chronic treatment of asthma in patients 12 months of age and older; Prevention of exercise-induced bronchoconstriction (EIB) in patients 6+ years of age; Relief of symptoms of seasonal and perennial allergic rhinitis in patients 2+ years of age,Hypersensitivity to montelukast or any formulation ingredients,rx; Prescription only,,,"Tablet, Chewable Tablet, Oral Granules; Leukotriene Receptor Antagonist",4,
pyrls,639e391cfcae6920598b5332,Zafirlukast,Accolate,Leukotriene Receptor Antagonist,Other,oral,oral,,,,,,,,,,,Selectively antagonizes leukotriene receptors (CysLT-1 receptor) blocking activation of cellular activity associated with the inflammation process and smooth muscle contraction in the airways.,,Prophylaxis and chronic treatment of asthma in patients 5+ years of age,Patients with hepatic impairment including hepatic cirrhosis; Hypersensitivity to zafirlukast or any formulation ingredients,rx; Prescription only,,,Tablet; Leukotriene Receptor Antagonist,3,
pyrls,639e391cfcae6920598b5333,Fluticasone furoate,Arnuity Ellipta,Inhaled Corticosteroid,Supplement,inhalation,inhalation,,,,,,,,,,,"Inhaled corticosteroids reduce inflammation in the airways, an important component in the pathogenesis of inflammatory lung disease, through a wide range of actions on several cell types (e.g., mast cells, eosinophils, neutrophils, macrophages, lymphocytes) and mediators (e.g., histamine, eicosanoids, leukotrienes, cytokines) involved in inflammation.",,Maintenance treatment of asthma as prophylactic therapy in patients aged 5+ years of age; Note: not indicated for relief of acute bronchospasm,Primary treatment of status asthmaticus or other acute episodes of asthma where intensive measures are required; Severe hypersensitivity to milk proteins; Hypersensitivity to fluticasone furoate or any formulation ingredients,rx; otc; Rx/OTC depending on formulation,,,Dry powder inhaler; Inhaled Corticosteroid,4,
pyrls,639e391cfcae6920598b5334,Fluticasone propionate-inhaled,Flovent Diskus; Flovent HFA; ArmonAir Digihaler,Inhaled Corticosteroid,Supplement,inhalation,inhalation,,,,,,,,,,,"Inhaled corticosteroids reduce inflammation in the airways, an important component in the pathogenesis of inflammatory lung disease, through a wide range of actions on several cell types (e.g., mast cells, eosinophils, neutrophils, macrophages, lymphocytes) and mediators (e.g., histamine, eicosanoids, leukotrienes, cytokines) involved in inflammation.",,Maintenance treatment of asthma as prophylactic therapy in patients aged 4+ years of age; Note: not indicated for relief of acute bronchospasm,Primary treatment of status asthmaticus or other acute episodes of asthma where intensive measures are required; Severe hypersensitivity to milk proteins; Hypersensitivity to fluticasone or any formulation ingredients,rx; Prescription only,,,"Dry powder inhaler (Diskus), metered dose inhaler (HFA); Inhaled Corticosteroid",5,
pyrls,639e391cfcae6920598b5335,Mometasone-inhaled,Asmanex Twisthaler; Asmanex HFA,Inhaled Corticosteroid,Supplement,inhalation,inhalation,,,,,,,,,,,"Inhaled corticosteroids reduce inflammation in the airways, an important component in the pathogenesis of inflammatory lung disease, through a wide range of actions on several cell types (e.g., mast cells, eosinophils, neutrophils, macrophages, lymphocytes) and mediators (e.g., histamine, eicosanoids, leukotrienes, cytokines) involved in inflammation.",,Maintenance treatment of asthma as prophylactic therapy in patients aged 4+ years of age; Note: not indicated for relief of acute bronchospasm,Primary treatment of status asthmaticus or other acute episodes of asthma where intensive measures are required; Severe hypersensitivity to milk proteins; Hypersensitivity to mometasone or any formulation ingredients,rx; Prescription only,,,"Dry powder inhaler (Twisthaler), metered dose inhaler (HFA); Inhaled Corticosteroid",5,
pyrls,639e391cfcae6920598b5336,Ciclesonide-inhaled,Alvesco,Inhaled Corticosteroid,Supplement,inhalation,inhalation,,,,,,,,,,,"Inhaled corticosteroids reduce inflammation in the airways, an important component in the pathogenesis of inflammatory lung disease, through a wide range of actions on several cell types (e.g., mast cells, eosinophils, neutrophils, macrophages, lymphocytes) and mediators (e.g., histamine, eicosanoids, leukotrienes, cytokines) involved in inflammation.",,Maintenance treatment of asthma as prophylactic therapy in patients aged 12+ years of age; Note: not indicated for relief of acute bronchospasm; Note: not indicated for those under 12 years of age,Primary treatment of status asthmaticus or other acute episodes of asthma where intensive measures are required; Hypersensitivity to ciclesonide or any formulation ingredients,rx; Prescription only,,,Metered dose inhaler; Inhaled Corticosteroid,3,
pyrls,639e391cfcae6920598b5337,Beclomethasone-inhaled,QVAR RediHaler,Inhaled Corticosteroid,Supplement,inhalation,inhalation,,,,,,,,,,,"Inhaled corticosteroids reduce inflammation in the airways, an important component in the pathogenesis of inflammatory lung disease, through a wide range of actions on several cell types (e.g., mast cells, eosinophils, neutrophils, macrophages, lymphocytes) and mediators (e.g., histamine, eicosanoids, leukotrienes, cytokines) involved in inflammation.",,Maintenance treatment of asthma as prophylactic therapy in patients aged 4+ years of age; Note: not indicated for relief of acute bronchospasm,Primary treatment of status asthmaticus or other acute episodes of asthma where intensive measures are required; Hypersensitivity to beclomethasone or any formulation ingredients,rx; Prescription only,,,Metered dose inhaler; Inhaled Corticosteroid,3,
pyrls,639e391cfcae6920598b5338,Budesonide-inhaled,Pulmicort Flexhaler,Inhaled Corticosteroid,Supplement,inhalation,inhalation,,,,,,,,,,,"Inhaled corticosteroids reduce inflammation in the airways, an important component in the pathogenesis of inflammatory lung disease, through a wide range of actions on several cell types (e.g., mast cells, eosinophils, neutrophils, macrophages, lymphocytes) and mediators (e.g., histamine, eicosanoids, leukotrienes, cytokines) involved in inflammation.",,Maintenance treatment of asthma as prophylactic therapy in patients aged 6+ years of age; Note: not indicated for relief of acute bronchospasm,Primary treatment of status asthmaticus or other acute episodes of asthma where intensive measures are required; Severe hypersensitivity to milk proteins; Hypersensitivity to budesonide or any formulation ingredients,rx; Prescription only,,,"Dry powder inhaler (Twisthaler), metered dose inhaler (HFA); Inhaled Corticosteroid",3,
pyrls,639e391cfcae6920598b5339,Ipratropium,Atrovent HFA,Short-Acting Muscarinic Antagonist,Other,inhalation,inhalation,,,,,,,,,,,Reversibly competes and antagonizes muscarinic receptors in the airways causing smooth muscle relaxation and bronchodilation .,,"Maintenance treatment of bronchospasm associated with chronic obstructive pulmonary disease (COPD), including chronic bronchitis and/or emphysema",Hypersensitivity to ipratropium or any formulation ingredients; Hypersensitivity to atropine or any of its derivatives,rx; Prescription only,,,Metered dose inhaler; Short-Acting Muscarinic Antagonist,3,
pyrls,639e391cfcae6920598b533a,Ipratropium-Albuterol,Combivent Respimat,Short-Acting Muscarinic Antagonist; Short-Acting Beta-2 Agonist,Other,inhalation,inhalation,,,,,,,,,,,Ipratropium : Reversibly competes and antagonizes muscarinic receptors in the airways causing smooth muscle relaxation and bronchodilation . Albuterol : Rapidly agonizes beta-2 adrenergic receptors in the airways causing smooth muscle relaxation and bronchodilation .,,Patients with chronic obstructive pulmonary disease (COPD) on a regular aerosol bronchodilator who continue to have evidence of bronchospasm and who require a second bronchodilator,"Hypersensitivity to ipratropium, albuterol or any formulation ingredients; Hypersensitivity to atropine or any of its derivatives",rx; Prescription only,,,Soft mist inhaler; Short-Acting Muscarinic Antagonist; Short-Acting Beta-2 Agonist,3,
pyrls,639e391cfcae6920598b533b,Umeclidinium-Vilanterol,Anoro Ellipta,Long-Acting Muscarinic Antagonist; Long-Acting Beta-2 Agonist,Other,inhalation,inhalation,,,,,,,,,,,Umeclidinium : Reversibly competes and antagonizes muscarinic receptors in the airways causing smooth muscle relaxation and bronchodilation . Vilanterol : Selectively agonizes beta-2 adrenergic receptors in the airways causing smooth muscle relaxation and bronchodilation .,,Maintenance treatment of patients with chronic obstructive pulmonary disease (COPD),"Hypersensitivity to umeclidinium, vilanterol or any formulation ingredients; Severe hypersensitivity to milk proteins; This medication is not approved for asthma, however, should it be used, use for asthma without concomitant ICS therapy is contraindicated",rx; Prescription only,,,Dry powder inhaler; Long-Acting Muscarinic Antagonist; Long-Acting Beta-2 Agonist,4,
pyrls,639e391cfcae6920598b533c,Glycopyrrolate-Formoterol,Bevespi Aerosphere,Long-Acting Muscarinic Antagonist; Long-Acting Beta-2 Agonist,Other,inhalation,inhalation,,,,,,,,,,,Glycopyrrolate : Reversibly competes and antagonizes muscarinic receptors in the airways causing smooth muscle relaxation and bronchodilation . Formoterol : Selectively agonizes beta-2 adrenergic receptors in the airways causing smooth muscle relaxation and bronchodilation .,,"Maintenance treatment of patients with chronic obstructive pulmonary disease (COPD), including chronic bronchitis and/or emphysema.","Hypersensitivity to glycopyrrolate, formoterol or any formulation ingredients; This medication is not approved for asthma, however, should it be used, use for asthma without concomitant ICS therapy is contraindicated",rx; Prescription only,,,Metered dose inhaler; Long-Acting Muscarinic Antagonist; Long-Acting Beta-2 Agonist,4,
pyrls,639e391cfcae6920598b533d,Tiotropium-Olodaterol,Stiolto Respimat,Long-Acting Muscarinic Antagonist; Long-Acting Beta-2 Agonist,Other,inhalation,inhalation,,,,,,,,,,,Tiotropium : Reversibly competes and antagonizes muscarinic receptors in the airways causing smooth muscle relaxation and bronchodilation . Olodaterol : Selectively agonizes beta-2 adrenergic receptors in the airways causing smooth muscle relaxation and bronchodilation .,,"Maintenance treatment of patients with chronic obstructive pulmonary disease (COPD), including chronic bronchitis and/or emphysema.","Hypersensitivity to tiotropium, ipratropium, olodaterol, or any formulation ingredients; This medication is not approved for asthma, however, should it be used, use for asthma without concomitant ICS therapy is contraindicated",rx; Prescription only,,,Soft mist inhaler; Long-Acting Muscarinic Antagonist; Long-Acting Beta-2 Agonist,4,
pyrls,639e391cfcae6920598b533e,Indacaterol-Glycopyrrolate,Utibron Neohaler,Long-Acting Beta-2 Agonist; Long-Acting Muscarinic Antagonist,Other,inhalation,inhalation,,,,,,,,,,,Indacaterol : Selectively agonizes beta-2 adrenergic receptors in the airways causing smooth muscle relaxation and bronchodilation . Glycopyrrolate : Reversibly competes and antagonizes muscarinic receptors in the airways causing smooth muscle relaxation and bronchodilation .,,"Maintenance treatment of patients with chronic obstructive pulmonary disease (COPD), including chronic bronchitis and/or emphysema.","Hypersensitivity to indacaterol, glycopyrrolate, or any formulation ingredients; This medication is not approved for asthma, however, should it be used, use for asthma without concomitant ICS therapy is contraindicated",rx; Prescription only,,,Dry powder inhaler; Long-Acting Beta-2 Agonist; Long-Acting Muscarinic Antagonist,4,
pyrls,639e391cfcae6920598b533f,Budesonide-Formoterol,Symbicort,Inhaled Corticosteroid; Long-Acting Beta-2 Agonist,Supplement,inhalation,inhalation,,,,,,,,,,,"Budesonide : Inhaled corticosteroids reduce inflammation in the airways, an important component in the pathogenesis of inflammatory lung disease, through a wide range of actions on several cell types (e.g., mast cells, eosinophils, neutrophils, macrophages, lymphocytes) and mediators (e.g., histamine, eicosanoids, leukotrienes, cytokines) involved in inflammation. Formoterol : Selectively agonizes beta-2 adrenergic receptors in the airways causing smooth muscle relaxation and bronchodilation .",,"Maintenance treatment of asthma as prophylactic therapy in patients aged 6+ years of age; Maintenance treatment of patients with chronic obstructive pulmonary disease (COPD), including chronic bronchitis and/or emphysema.; Asthma note: not FDA-approved for relief of acute bronchospasm, however, is recommended for those age 12+ years old as reliever therapy of acute bronchospasm in the 2019 Global Initiative for Asthma (GINA) Report.; COPD note: budesonide 160 mcg/formoterol 4.5 mcg is the only strength approved for use in COPD","Primary treatment of status asthmaticus or other acute episodes of asthma where intensive measures are required; Hypersensitivity to budesonide, formoterol or any formulation ingredients",rx; Prescription only,,,Metered dose inhaler (HFA); Inhaled Corticosteroid; Long-Acting Beta-2 Agonist,3,
pyrls,639e391cfcae6920598b5340,Mometasone-Formoterol,Dulera,Inhaled Corticosteroid; Long-Acting Beta-2 Agonist,Supplement,inhalation,inhalation,,,,,,,,,,,"Budesonide : Inhaled corticosteroids reduce inflammation in the airways, an important component in the pathogenesis of inflammatory lung disease, through a wide range of actions on several cell types (e.g., mast cells, eosinophils, neutrophils, macrophages, lymphocytes) and mediators (e.g., histamine, eicosanoids, leukotrienes, cytokines) involved in inflammation. Formoterol : Selectively agonizes beta-2 adrenergic receptors in the airways causing smooth muscle relaxation and bronchodilation .",,"Maintenance treatment of asthma as prophylactic therapy in patients aged 5+ years of age; Asthma note: not FDA-approved for relief of acute bronchospasm, however, is recommended for those age 12+ years old as reliever therapy of acute bronchospasm in the 2019 Global Initiative for Asthma (GINA) Report.","Primary treatment of status asthmaticus or other acute episodes of asthma where intensive measures are required; Hypersensitivity to mometasone, formoterol or any formulation ingredients",rx; Prescription only,,,Metered dose inhaler; Inhaled Corticosteroid; Long-Acting Beta-2 Agonist,3,
pyrls,639e391cfcae6920598b5341,Fluticasone-Vilanterol,Breo Ellipta,Inhaled Corticosteroid; Long-Acting Beta-2 Agonist,Supplement,inhalation,inhalation,,,,,,,,,,,"Fluticasone : Inhaled corticosteroids reduce inflammation in the airways, an important component in the pathogenesis of inflammatory lung disease, through a wide range of actions on several cell types (e.g., mast cells, eosinophils, neutrophils, macrophages, lymphocytes) and mediators (e.g., histamine, eicosanoids, leukotrienes, cytokines) involved in inflammation. Vilanterol : Selectively agonizes beta-2 adrenergic receptors in the airways causing smooth muscle relaxation and bronchodilation .",,"Maintenance treatment of asthma in patients aged 18+ years of age; Maintenance treatment of patients with chronic obstructive pulmonary disease (COPD), including chronic bronchitis and/or emphysema.; Asthma note: should be used for patients not adequately controlled on a long-term asthma control medication such as an inhaled corticosteroid (ICS) or whose disease warrants initiation of treatment with both an ICS and long-acting beta2-adrenergic agonist (LABA).; COPD note: fluticasone furoate 100 mcg/vilanterol 25 mcg is the only strength approved for use in COPD","Primary treatment of status asthmaticus or other acute episodes of asthma or COPD where intensive measures are required; Hypersensitivity to fluticasone furoate, vilanterol or any formulation ingredients; Hypersensitivity to milk proteins",rx; Prescription only,,,Dry powder inhaler; Inhaled Corticosteroid; Long-Acting Beta-2 Agonist,3,
pyrls,639e391cfcae6920598b5342,Fluticasone-Salmeterol,Advair Diskus/HFA; AirDuo Respiclick; Wixela Inhub,Inhaled Corticosteroid; Long-Acting Beta-2 Agonist,Supplement,inhalation,inhalation,,,,,,,,,,,"Fluticasone : Inhaled corticosteroids reduce inflammation in the airways, an important component in the pathogenesis of inflammatory lung disease, through a wide range of actions on several cell types (e.g., mast cells, eosinophils, neutrophils, macrophages, lymphocytes) and mediators (e.g., histamine, eicosanoids, leukotrienes, cytokines) involved in inflammation. Salmeterol : Selectively agonizes beta-2 adrenergic receptors in the airways causing smooth muscle relaxation and bronchodilation .",,"Advair Diskus (and generic, Wixela Inhub): maintenance treatment of asthma in patients aged 4+ years of age maintenance treatment of chronic obstructive pulmonary disease (COPD) NOTE : only the fluticasone 250 mcg/salmeterol 50 mcg strength is approved for use in COPD; Advair HFA : maintenance treatment of asthma in patients aged 12+ years of age; AirDuo Respiclick (and generic): maintenance treatment of asthma in patients aged 12+ years of age; Note: fluticasone-salmeterol products are not indicated for relief of acute bronchospasm","Primary treatment of status asthmaticus or other acute episodes of asthma or COPD where intensive measures are required; Hypersensitivity to fluticasone propionate, salmeterol or any formulation ingredients; Hypersensitivity to milk proteins",rx; Prescription only,,,"Dry powder inhaler (Diskus, Inhub, Respiclick), metered dose inhaler (HFA); Inhaled Corticosteroid; Long-Acting Beta-2 Agonist",6,
pyrls,639e391cfcae6920598b5343,Fluticasone-Umeclidinium-Vilanterol,Trelegy Ellipta,Inhaled Corticosteroid; Long-Acting Muscarinic Antagonist; Long-Acting Beta-2 Agonist,Supplement,inhalation,inhalation,,,,,,,,,,,"Fluticasone : Inhaled corticosteroids reduce inflammation in the airways, an important component in the pathogenesis of inflammatory lung disease, through a wide range of actions on several cell types (e.g., mast cells, eosinophils, neutrophils, macrophages, lymphocytes) and mediators (e.g., histamine, eicosanoids, leukotrienes, cytokines) involved in inflammation. Umeclidinium : Reversibly competes and antagonizes muscarinic receptors in the airways causing smooth muscle relaxation and bronchodilation Vilanterol : Selectively agonizes beta-2 adrenergic receptors in the airways causing smooth muscle relaxation and bronchodilation .",,Maintenance treatment of patients with chronic obstructive pulmonary disease (COPD); Maintenance treatment of patients with asthma in those age 18+ years,"Hypersensitivity to fluticasone furoate, umeclidinium, vilanterol, or any formulation ingredients; Hypersensitivity to milk proteins",rx; Prescription only,,,Dry powder inhaler; Inhaled Corticosteroid; Long-Acting Muscarinic Antagonist; Long-Acting Beta-2 Agonist,3,
pyrls,639e391cfcae6920598b5344,Alendronate,Fosamax; Binosto,Bisphosphonate,Other,oral,oral,,,,,,,,,,,"Binds to bone hydroxyapatite and inhibits osteoclast activity , thus reducing bone resorption (breakdown).",,"Osteoporosis : Fosamax : Treatment and prevention of osteoporosis in postmenopausal females ; treatment to increase bone mass in males with osteoporosis; treatment of glucocorticoid-induced osteoporosis in males and females with low bone mineral density who are receiving a prednisone dosage of ≥7.5 mg/day (or equivalent) Binosto (effervescent tablet) : Treatment of osteoporosis in postmenopausal females and to increase bone mass in males with osteoporosis; Paget's Disease of Bone : Fosamax : Treatment of Paget's disease of the bone in males and females who are symptomatic, at risk for future complications, or with alkaline phosphatase 2+ times the upper limit of normal",Abnormalities of the esophagus which delay esophageal emptying such as stricture or achalasia; Inability to stand or sit upright for at least 30 minutes; Patients at risk of aspiration should not take alendronate oral solution; Hypocalcemia; hypocalcemia must be corrected before initiating therapy with alendronate; Hypersensitivity to alendronate or any formulation ingredients,rx; Prescription only,,,"Tablet, effervescent tablet, solution; Bisphosphonate",7,
pyrls,639e391cfcae6920598b5345,Risedronate,Actonel; Atelvia,Bisphosphonate,Other,oral,oral,,,,,,,,,,,"Binds to bone hydroxyapatite and inhibits osteoclast activity , thus reducing bone resorption (breakdown).",,"Osteoporosis : Actonel (tablet) : Treatment and prevention of osteoporosis in postmenopausal females ; treatment to increase bone mass in males with osteoporosis; treatment of glucocorticoid-induced osteoporosis in males and females with low bone mineral density who are receiving a prednisone dosage of ≥7.5 mg/day (or equivalent) Atelvia (delayed release tablet) : Treatment of osteoporosis in postmenopausal females; Paget's Disease of Bone : Actonel (tablet) : Treatment of Paget's disease of the bone in males and females who are symptomatic, at risk for future complications, or with alkaline phosphatase 2+ times the upper limit of normal",Abnormalities of the esophagus which delay esophageal emptying such as stricture or achalasia; Inability to stand or sit upright for at least 30 minutes; Hypocalcemia; hypocalcemia must be corrected before initiating therapy; Hypersensitivity to risedronate or any formulation ingredients,rx; Prescription only,,,"Tablet, delayed release tablet; Bisphosphonate",7,
pyrls,639e391cfcae6920598b5346,Ibandronate,Boniva,Bisphosphonate,Other,oral,oral,,,,,,,,,,,"Binds to bone hydroxyapatite and inhibits osteoclast activity , thus reducing bone resorption (breakdown).",,Treatment and prevention of osteoporosis in postmenopausal females,Abnormalities of the esophagus which delay esophageal emptying such as stricture or achalasia; Inability to stand or sit upright for at least 60 minutes; Hypocalcemia; hypocalcemia must be corrected before initiating therapy; Hypersensitivity to ibandronate or any formulation ingredients,rx; Prescription only,,,Tablet; Bisphosphonate,6,
pyrls,639e391cfcae6920598b5347,Doxazosin,Cardura; Cardura XL,Non-Selective Alpha-1 Blocker,Other,oral,oral,,,,,,,,,,,"Systemically blocks alpha-1 adrenergic receptors resulting in effects including relaxation of smooth muscle around the bladder neck (improving urinary flow), and reduction in vascular resistance (may reduce blood pressure).",,"Treatment of the signs and symptoms of benign prostatic hyperplasia (BPH); Doxazosin regular-release: treatment of hypertension , to lower blood pressure.; Note : doxazosin extended-release (Cardura XL) is not indicated for hypertension","Hypersensitivity to doxazosin, other quinazolines (e.g., prazosin, terazosin), or any formulation ingredients",rx; Prescription only,,,Tablet; Non-Selective Alpha-1 Blocker,5,
pyrls,639e391cfcae6920598b5348,Terazosin,Hytrin,Non-Selective Alpha-1 Blocker,Other,oral,oral,,,,,,,,,,,"Systemically blocks alpha-1 adrenergic receptors resulting in effects including relaxation of smooth muscle around the bladder neck (improving urinary flow), and reduction in vascular resistance (may reduce blood pressure).",,Treatment of symptomatic benign prostatic hyperplasia (BPH); Treatment of hypertension,Hypersensitivity to terazosin or any formulation ingredients,rx; Prescription only,,,Capsule; Non-Selective Alpha-1 Blocker,4,
pyrls,639e391cfcae6920598b5349,Prazosin,Minipress,Non-Selective Alpha-1 Blocker,Other,oral,oral,,,,,,,,,,,Systemically blocks alpha-1 adrenergic receptors resulting in reduction in vascular resistance (lowering blood pressure).,,Treatment of hypertension .,"Hypersensitivity to prazosin, quinazolines, or any formulation ingredients",rx; Prescription only,,,Capsule; Non-Selective Alpha-1 Blocker,4,
pyrls,639e391cfcae6920598b534a,Tamsulosin,Flomax,Selective Alpha-1A Blocker,Other,oral,oral,,,,,,,,,,,Selectively blocks alpha-1 adrenergic receptors in the prostate resulting in effects including relaxation of smooth muscle around the bladder neck (improving urinary flow).,,Treatment of the signs and symptoms of benign prostatic hyperplasia (BPH).,Hypersensitivity to tamsulosin or any formulation ingredients,rx; Prescription only,,,Capsule; Selective Alpha-1A Blocker,3,
pyrls,639e391cfcae6920598b534b,Alfuzosin,Uroxatral,Selective Alpha-1A Blocker,Other,oral,oral,,,,,,,,,,,Selectively blocks alpha-1 adrenergic receptors in the prostate resulting in effects including relaxation of smooth muscle around the bladder neck (improving urinary flow).,,Treatment of the signs and symptoms of benign prostatic hyperplasia (BPH).,"Those with moderate or severe hepatic impairment (Childs-Pugh categories B and C), since alfuzosin blood levels are increased in these patients; Concomitant use with potent CYP3A4 inhibitors such as ketoconazole, itraconazole, and ritonavir, since alfuzosin blood levels are increased; Hypersensitivity to alfuzosin or any formulation ingredients",rx; Prescription only,,,Tablet; Selective Alpha-1A Blocker,3,
pyrls,639e391cfcae6920598b534c,Silodosin,Rapaflo,Selective Alpha-1A Blocker,Other,oral,oral,,,,,,,,,,,Selectively blocks alpha-1 adrenergic receptors in the prostate resulting in effects including relaxation of smooth muscle around the bladder neck (improving urinary flow).,,Treatment of the signs and symptoms of benign prostatic hyperplasia (BPH).,"Severe renal impairment (CCr <30 mL/min); Severe hepatic impairment (Child-Pugh score ≥10); Concomitant use with potent CYP3A4 inhibitors such as (e.g. ketoconazole, itraconazole, and ritonavir); Hypersensitivity to silodosin or any formulation ingredients",rx; Prescription only,,,Capsule; Selective Alpha-1A Blocker,3,
pyrls,639e391cfcae6920598b534d,Finasteride,Proscar; Propecia,5 Alpha-Reductase Inhibitor,Other,oral,oral,,,,,,,,,,,Inhibits the Type II 5 alpha-reductase enzyme blocking conversion of testosterone to dihydrotestosterone (DHT). Over time this results in the shrinking of the prostate and improvement in urinary flow. Decreases in scalp and serum DHT concentrations appear to interrupt male pattern baldness (androgenetic alopecia).,,"Treatment, as monotherapy , of symptomatic benign prostatic hyperplasia (BPH) in men with an enlarged prostate to: Improve symptoms Reduce the risk of acute urinary retention Reduce the risk of the need for BPH-related surgery; Treatment, in combination with the alpha-blocker, doxazosin, to reduce the risk of symptomatic progression of BPH; Treatment of male pattern hair loss (androgenetic alopecia) in men only",Women who are pregnant or who have potential to become pregnant; Hypersensitivity to finasteride or any formulation ingredients,rx; Prescription only,,,Tablet; 5 Alpha-Reductase Inhibitor,7,
pyrls,639e391cfcae6920598b534e,Dutasteride,Avodart,5 Alpha-Reductase Inhibitor,Other,oral,oral,,,,,,,,,,,Inhibits the Type II 5 alpha-reductase enzyme blocking conversion of testosterone to dihydrotestosterone (DHT). Over time this results in the shrinking of the prostate and improvement in urinary flow.,,"Treatment, as monotherapy , of symptomatic benign prostatic hyperplasia (BPH) in men with an enlarged prostate to: Improve symptoms Reduce the risk of acute urinary retention Reduce the risk of the need for BPH-related surgery; Treatment, in combination with the alpha-blocker, tamsulosin, to reduce the risk of symptomatic progression of BPH","Women who are pregnant or who have potential to become pregnant; Hypersensitivity to dutasteride, other 5 alpha-reductase inhibitors, or any formulation ingredients",rx; Prescription only,,,Capsule; 5 Alpha-Reductase Inhibitor,3,
pyrls,639e391cfcae6920598b534f,Dutasteride-Tamsulosin,Jalyn,5 Alpha-Reductase Inhibitor,Other,oral,oral,,,,,,,,,,,Dutasteride : Inhibits the Type II 5 alpha-reductase enzyme blocking conversion of testosterone to dihydrotestosterone (DHT). Over time this results in the shrinking of the prostate and improvement in urinary flow. Tamsulosin : Selectively blocks alpha-1 adrenergic receptors in the prostate resulting in effects including relaxation of smooth muscle around the bladder neck (improving urinary flow).,,Treatment of symptomatic benign prostatic hyperplasia (BPH) in men with an enlarged prostate,"Women who are pregnant; Women of childbearing potential; Pediatric patients; Hypersensitivity to dutasteride, other 5-alpha-reductase inhibitors, tamsulosin, or any formulation ingredients",rx; Prescription only,,,Capsule; 5 Alpha-Reductase Inhibitor,2,
pyrls,639e391cfcae6920598b5350,Sildenafil,Viagra; Revatio,Phosphodiesterase-5 Inhibitor,Other,oral,oral,,,,,,,,,,,"Inhibits cGMP specific phosphodiesterase type-5 (PDE-5) enzymes from degrading cyclic guanosine monophosphate (cGMP) . Sexual stimulation creates a release of nitric oxide, which increases cGMP that causes smooth muscle relaxation allowing blood flow into the penis to produce an erection. This same effect in the pulmonary vascular bed leads to vasodilation for the treatment of pulmonary arterial hypertension.",,Treatment of erectile dysfunction; Treatment of pulmonary arterial hypertension (WHO group I) in adults to improve exercise ability and delay clinical worsening; efficacy established predominately in patients with NYHA functional class II and III symptoms and idiopathic etiology (71%) or associated with connective tissue disease (CTD) (25%),"Regular or intermittent use of organic nitrates or nitrites in any form (e.g. nitroglycerin, isosorbide); Concomitant use of a guanylate cyclase stimulator (e.g. riociguat); Hypersensitivity to sildenafil or any formulation ingredients",rx; Prescription only,,,"Tablet, Oral reconstituted suspension; Phosphodiesterase-5 Inhibitor",5,
pyrls,639e391cfcae6920598b5351,Tadalafil,Cialis; Adcirca; Alyq,Phosphodiesterase-5 Inhibitor,Other,oral,oral,,,,,,,,,,,"Inhibits cGMP specific phosphodiesterase type-5 (PDE-5) enzymes from degrading cyclic guanosine monophosphate (cGMP) . Sexual stimulation creates a release of nitric oxide, which increases cGMP that causes smooth muscle relaxation allowing blood flow into the penis to produce an erection. This same effect in the pulmonary vascular bed leads to vasodilation for the treatment of pulmonary arterial hypertension. This effect is also observed in the smooth muscle of the prostate, the bladder and their vascular supply, although the exact mechanism for reducing BPH symptoms has not been established.",,Treatment of erectile dysfunction (ED); Treatment of the signs and symptoms of benign prostatic hyperplasia (BPH); Treatment of ED and the signs and symptoms of BPH; Treatment of pulmonary arterial hypertension (WHO group I) to improve exercise ability and delay clinical worsening; efficacy established predominately in patients with NYHA functional class II and III symptoms and etiologies of idiopathic or heritable PAH (61%) or PAH associated with connective tissue diseases (23%),"Regular or intermittent use of organic nitrates or nitrites in any form (e.g. nitroglycerin, isosorbide); Concomitant use of a guanylate cyclase stimulator (e.g. riociguat); Hypersensitivity to tadalafil or any formulation ingredients",rx; Prescription only,,,Tablet; Phosphodiesterase-5 Inhibitor,6,
pyrls,639e391cfcae6920598b5352,Vardenafil,Levitra; Staxyn,Phosphodiesterase-5 Inhibitor,Other,oral,oral,,,,,,,,,,,"Inhibits cGMP specific phosphodiesterase type-5 (PDE-5) enzymes from degrading cyclic guanosine monophosphate (cGMP) . Sexual stimulation creates a release of nitric oxide, which increases cGMP that causes smooth muscle relaxation allowing blood flow into the penis to produce an erection.",,Treatment of erectile dysfunction,"Regular or intermittent use of organic nitrates or nitrites in any form (e.g. nitroglycerin, isosorbide); Concomitant use of a guanylate cyclase stimulator (e.g. riociguat); Hypersensitivity to vardenafil or any formulation ingredients",rx; Prescription only,,,"Tablet, orally disintegrating tablet; Phosphodiesterase-5 Inhibitor",4,
pyrls,639e391cfcae6920598b5353,Avanafil,Stendra,Phosphodiesterase-5 Inhibitor,Other,oral,oral,,,,,,,,,,,"Inhibits cGMP specific phosphodiesterase type-5 (PDE-5) enzymes from degrading cyclic guanosine monophosphate (cGMP) . Sexual stimulation creates a release of nitric oxide, which increases cGMP that causes smooth muscle relaxation allowing blood flow into the penis to produce an erection.",,Treatment of erectile dysfunction,"Regular or intermittent use of organic nitrates or nitrites in any form (e.g. nitroglycerin, isosorbide); In a patient who has taken avanafil, where nitrate administration is deemed medically necessary in a life-threatening situation, at least 12 hours should elapse after the last dose of avanafil before nitrate administration is considered. In such circumstances, nitrates should only be administered under close medical supervision with appropriate hemodynamic monitoring; Concomitant use of a guanylate cyclase stimulator (e.g. riociguat); Hypersensitivity to avanafil or any formulation ingredients",rx; Prescription only,,,Tablet; Phosphodiesterase-5 Inhibitor,3,
pyrls,639e391cfcae6920598b5354,Flibanserin,Addyi,5-HT1A Agonist; 5-HT2A Antagonist,Other,oral,oral,,,,,,,,,,,"Flibanserin demonstrates notable 5-HT1A agonist and 5-HT2A antagonist activity, as well as moderate antagonist activity towards the 5-HT2B, 5-HT2C, and dopamine D4 receptors. The mechanism of action in the treatment of hypoactive sexual desire disorder is unknown.",,"Treatment of premenopausal women with acquired, generalized hypoactive sexual desire disorder (HSDD)",Concomitant use with moderate or strong CYP3A4 inhibitors; In patients with hepatic impairment; Hypersensitivity to flibanserin or any formulation ingredients,rx; Prescription only,,,Tablet; 5-HT1A Agonist; 5-HT2A Antagonist,3,
pyrls,639e391cfcae6920598b5355,Acyclovir,Zovirax,Antiviral,Antimicrobial,oral,oral,,,,,,,,,,,"Acyclovir is a synthetic nucleoside analogue that prevents viral DNA replication in multiple ways: competitive inhibition of viral DNA polymerase, incorporation into and termination of the growing viral DNA chain, and inactivation of the viral DNA polymerase.",,Acute treatment of herpes zoster (shingles); Treatment of initial episodes and the management of recurrent episodes of genital herpes; Treatment of chickenpox (varicella),"Hypersensitivity to acyclovir, valacyclovir or any formulation ingredients",rx; Prescription only,,,"Tablet, capsule, oral suspension; Antiviral",4,
pyrls,639e391cfcae6920598b5356,Valacyclovir,Valtrex,Antiviral,Antimicrobial,oral,oral,,,,,,,,,,,"Valacyclovir is a prodrug of acyclovir, which is a synthetic nucleoside analogue that prevents viral DNA replication in multiple ways: competitive inhibition of viral DNA polymerase, incorporation into and termination of the growing viral DNA chain, and inactivation of the viral DNA polymerase.",,Treatment of cold sores (herpes labialis) in those 12+ years of age; Treatment of herpes zoster (shingles) in immunocompetent adults; Treatment of initial episodes and recurrent episodes of genital herpes in immunocompetent adults; Treatment of chickenpox (varicella) in those between the ages of 2 to 17 years of age,"Hypersensitivity to valacyclovir, acyclovir or any formulation ingredients",rx; Prescription only,,,Tablet; Antiviral,2,
pyrls,639e391cfcae6920598b5357,Famciclovir,Famvir,Antiviral,Antimicrobial,oral,oral,,,,,,,,,,,"Famciclovir is a prodrug of penciclovir that is then converted to penciclovir triphosphate, a compound which prevents viral DNA replication by selective inhibition of viral DNA polymerase.",,Treatment of cold sores (herpes labialis) in immunocompetent and HIV-infected adults; Treatment of initial episodes and recurrent episodes of genital herpes in immunocompetent adults and HIV-infected adults; Treatment of herpes zoster (shingles) in immunocompetent adults,"Hypersensitivity to famciclovir, Denavir (penciclovir cream), or any formulation ingredients",rx; Prescription only,,,Tablet; Antiviral,2,
pyrls,639e391cfcae6920598b5358,Azithromycin,Zithromax,Macrolide Antibiotic,Antimicrobial,oral,oral,,,,,,,,,,,Inhibits protein synthesis by binding to the 23S rRNA of the 50S ribosomal subunit of susceptible microorganisms.,,"Adult Patients Acute bacterial exacerbations of chronic bronchitis due to Haemophilus influenzae , Moraxella catarrhalis, or Streptococcus pneumoniae . Acute bacterial sinusitis due to Haemophilus influenzae , Moraxella catarrhalis. or Streptococcus pneumoniae . Community-acquired pneumonia due to Chlamydophila pneumoniae , Haemophilus influenzae , Mycoplasma pneumoniae, or Streptococcus pneumoniae in patients appropriate for oral therapy. Pharyngitis/tonsillitis caused by Streptococcus pyogenes as an alternative to first-line therapy in individuals who cannot use first-line therapy. Uncomplicated skin and skin structure infections due to Staphylococcus aureus , Streptococcus pyogenes , or Streptococcus agalactiae . Urethritis and cervicitis due to Chlamydia trachomatis or Neisseria gonorrhoeae . Genital ulcer disease in men due to Haemophilus ducreyi (chancroid). Due to the small number of women included in clinical trials, the efficacy of azithromycin in the treatment of chancroid in women has not been established.; Pediatric Patients Acute otitis media (>6 months of age) caused by Haemophilus influenzae , Moraxella catarrhalis, or Streptococcus pneumoniae. Community-acquired pneumonia (>6 months of age) due to Chlamydophila pneumoniae , Haemophilus influenzae , Mycoplasma pneumoniae , or Streptococcus pneumoniae in patients appropriate for oral therapy. Pharyngitis/tonsillitis (>2 years of age) caused by Streptococcus pyogenes as an alternative to first-line therapy in individuals who cannot use first-line therapy.","History of cholestatic jaundice/hepatic dysfunction associated with prior use of azithromycin; Hypersensitivity to azithromycin, erythromycin, any macrolide or ketolide drug, or any formulation ingredients",rx; Prescription only,,,"Tablet, oral suspension; Macrolide Antibiotic",3,
pyrls,639e391cfcae6920598b5359,Clarithromycin,Biaxin,Macrolide Antibiotic,Antimicrobial,oral,oral,,,,,,,,,,,Inhibits protein synthesis by binding to the 23S rRNA of the 50S ribosomal subunit of susceptible microorganisms.,,"Adult Patients Acute Bacterial Exacerbation of Chronic Bronchitis: mild to moderate infections caused by susceptible isolates due to Haemophilus influenzae , Haemophilus parainfluenzae , Moraxella catarrhalis , or Streptococcus pneumoniae Acute Maxillary Sinusitis: mild to moderate infections caused by susceptible isolates due to Haemophilus influenzae , Moraxella catarrhalis , or Streptococcus pneumoniae Community-Acquired Pneumonia: mild to moderate infections caused by susceptible isolates due to Haemophilus influenzae, Mycoplasma pneumoniae, Streptococcus pneumoniae, Chlamydophila pneumoniae Pharyngitis/Tonsillitis: mild to moderate infections caused by susceptible isolates due to Streptococcus pyogenes as an alternative in individuals who cannot use first line therapy Uncomplicated Skin and Skin Structure Infections: mild to moderate infections caused by susceptible isolates due to Staphylococcus aureus , or Streptococcus pyogenes Treatment and Prophylaxis of Disseminated Mycobacterial Infections: mild to moderate infections caused by susceptible isolates due to Mycobacterium avium or Mycobacterium intracellulare in patients with advanced HIV infection; Pediatric Patients Safety and effectiveness have been established for the treatment of the following conditions or diseases in pediatric patients 6 months and older: Acute Otitis Media: mild to moderate infections caused by susceptible isolates due to Haemophilus influenzae , Moraxella catarrhalis , or Streptococcus pneumoniae Acute Maxillary Sinusitis: mild to moderate infections caused by susceptible isolates due to Haemophilus influenzae , Moraxella catarrhalis , or Streptococcus pneumoniae Community-Acquired Pneumonia: mild to moderate infections caused by susceptible isolates due to Mycoplasma pneumoniae, Streptococcus pneumoniae, Chlamydophila pneumoniae Pharyngitis/Tonsillitis: mild to moderate infections caused by susceptible isolates due to Streptococcus pyogenes as an alternative in individuals who cannot use first line therapy Uncomplicated Skin and Skin Structure Infections: mild to moderate infections caused by susceptible isolates due to Staphylococcus aureus , or Streptococcus pyogenes","History of cholestatic jaundice/hepatic dysfunction associated with prior use of clarithromycin; Concomitant administration with colchicine in patients with renal or hepatic impairment; Concomitant administration with cisapride and pimozide; Concomitant administration with lomitapide, lovastatin, and simvastatin; Concomitant administration with ergotamine or dihydroergotamine; Hypersensitivity to clarithromycin, erythromycin, any macrolide or ketolide drug, or any formulation ingredients",rx; Prescription only,,,"Tablet, extended release tablet, oral suspension; Macrolide Antibiotic",4,
pyrls,639e391cfcae6920598b535a,Benzonatate,Tessalon Perles,Antitussive,Other,oral,oral,,,,,,,,,,,"Acts by anesthetizing stretch receptors in the respiratory passages, lungs, and pleura by dampening their activity and thereby reducing the cough reflex at its source.",,Symptomatic relief of cough,"Hypersensitivity to benzonatate, related compounds, or any formulation ingredients",rx; Prescription only,,,Capsule; Antitussive,2,
pyrls,639e391cfcae6920598b535b,Allopurinol,Zyloprim,Xanthine Oxidase Inhibitor,Other,oral,oral,,,,,,,,,,,"Inhibits xanthine oxidase , thus reducing uric acid production. Xanthine oxidase is the enzyme responsible for the conversion of hypoxanthine to xanthine and of xanthine to uric acid.",,"Treatment of gout : management of signs and symptoms of primary or secondary gout (acute attacks, tophi, joint destruction, uric acid lithiasis, and/or nephropathy).; Prevention of tumor lysis syndrome : management of patients with leukemia, lymphoma and malignancies who are receiving cancer therapy which causes elevations of serum and urinary uric acid levels. Treatment with allopurinol should be discontinued when the potential for overproduction of uric acid is no longer present.; Prevention of recurrent calcium kidney stones (nephrolithiasis) : management of patients with recurrent calcium oxalate calculi whose daily uric acid excretion exceeds 800 mg/day in male patients and 750 mg/day in female patients. Therapy in such patients should be carefully assessed initially and reassessed periodically to determine in each case that treatment is beneficial and that the benefits outweigh the risks.",Those with history of severe reaction to allopurinol should not be restarted on the drug; Hypersensitivity to any formulation ingredients,rx; Prescription only,,,Tablet; Xanthine Oxidase Inhibitor,4,
pyrls,639e391cfcae6920598b535c,Febuxostat,Uloric,Xanthine Oxidase Inhibitor,Other,oral,oral,,,,,,,,,,,"Inhibits xanthine oxidase , thus reducing uric acid production. Xanthine oxidase is the enzyme responsible for the conversion of hypoxanthine to xanthine and of xanthine to uric acid.",,"Treatment of gout : chronic management of hyperuricemia in adult patients with gout who have an inadequate response to a maximally titrated dose of allopurinol , who are intolerant to allopurinol , or for whom treatment with allopurinol is not advisable .",Concomitant use with azathioprine or mercaptopurine; Hypersensitivity to febuxostat or any formulation ingredients,rx; Prescription only,,,Tablet; Xanthine Oxidase Inhibitor,3,
pyrls,639e391cfcae6920598b535d,Colchicine,Colcrys,Antigout Agent,Other,oral,oral,,,,,,,,,,,"Inhibits β-tubulin polymerization into microtubules, preventing activation, degranulation, and migration of neutrophils associated with mediating some gout symptoms .",,Gout flares : prophylaxis and treatment of acute gout flares .; Familial Mediterranean Fever (FMF) : treatment of familial Mediterranean fever (FMF) in adults and children 4 years or older,Concomitant use with a P-glycoprotein (P-gp) inhibitor or CYP3A4 strong inhibitor in those with renal or hepatic impairment; Those with both renal and hepatic impairment; Hypersensitivity to colchicine or any formulation ingredients,rx; Prescription only,,,"Tablet, capsule, solution; Antigout Agent",5,
pyrls,639e391cfcae6920598b535e,Nitrofurantoin,Macrobid; Macrodantin,Antibiotic,Antimicrobial,oral,oral,,,,,,,,,,,"Nitrofurantoin is reduced by bacterial flavoproteins to reactive intermediates which inactivate or alter bacterial ribosomal proteins and other macromolecules. As a result of such inactivations, the vital biochemical processes of protein synthesis, aerobic energy metabolism, DNA synthesis, RNA synthesis, and cell wall synthesis are inhibited.",,"Nitrofurantoin monohydrate/macrocrystals (Macrobid) : treatment of uncomplicated urinary tract infections (cystitis) due to susceptible strains of Escherichia coli , enterococci, Staphylococcus aureus, and certain susceptible strains of Klebsiella and Enterobacter species.; Nitrofurantoin macrocrystals (Macrodantin) : treatment of uncomplicated urinary tract infections (cystitis) due to susceptible strains of Klebsiella and Enterobacter species.; Note: not indicated for complicated urinary tract infections (pyelonephritis or perinephric abscess)","Anuria, oliguria, or significant impairment of renal function (CrCl <60 mL/min* or clinically significant elevated serum creatinine) *Some literature supports use in lower renal function; History of cholestatic jaundice/hepatic dysfunction associated with nitrofurantoin; Hypersensitivity to nitrofurantoin or any formulation ingredients; Because of the possibility of hemolytic anemia caused by immature erythrocyte enzyme systems (glutathione instability), the drug is contraindicated in pregnant patients at term (38 to 42 weeks gestation), during labor and delivery, or when the onset of labor is imminent; also contraindicated in neonates younger than 1 month of age",rx; Prescription only,,,Capsule; Antibiotic,5,
pyrls,639e391cfcae6920598b535f,Metronidazole,Flagyl,Antibiotic,Antimicrobial,oral,oral,,,,,,,,,,,"Gets reduced intracellularly in susceptible organisms forming free radicals that, along with the reduced form of metronidazole, cause DNA helical structure damage resulting in inhibition of protein synthesis .",,"Anaerobic bacterial infections Bacterial septicemia: caused by Bacteroides species including the B. fragilis group and Clostridium species. Bone and joint infections: (as adjunctive therapy), caused by Bacteroides species including the B. fragilis group. CNS Infections: including meningitis and brain abscess, caused by Bacteroides species including the B. fragilis group. Endocarditis: caused by Bacteroides species including the B. fragilis group. Gynecologic infections: including endometritis, endomyometritis, tubo-ovarian abscess, and postsurgical vaginal cuff infection, caused by Bacteroides species including the B. fragilis group, Clostridium species, Peptococcus species, Peptostreptococcus species, and Fusobacterium species. Intra-abdominal infections: including peritonitis, intra-abdominal abscess, and liver abscess, caused by Bacteroides species including the B. fragilis group ( B. fragilis, B. distasonis, B. ovatus, B. thetaiotaomicron, B. vulgatus ), Clostridium species, Eubacterium species, Peptococcus species, and Peptostreptococcus species. Lower respiratory tract infections: including pneumonia, empyema, and lung abscess, caused by Bacteroides species including the B. fragilis group. Skin and skin structure infections: caused by Bacteroides species including the B. fragilis group, Clostridium species, Peptococcus species, Peptostreptococcus species, and Fusobacterium species.; Trichomoniasis, symptomatic and asymptomatic: treatment of infections caused by Trichomonas vaginalis; Amebiasis: treatment of acute intestinal amebiasis (amebic dysentery) and amebic liver abscess. Note: When used for amebic liver abscess, may be used concurrently with percutaneous needle aspiration when clinically indicated.","During the first trimester of pregnancy; Those who have taken disulfiram within the last two weeks; Consumption of alcohol or products containing propylene glycol during and for at least three days after therapy with metronidazole; Hypersensitivity to metronidazole, other nitroimidazole derivatives, or any formulation ingredients",rx; Prescription only,,,"Tablet, extended release tablet, capsule; Antibiotic",6,
pyrls,639e391cfcae6920598b5360,Tinidazole,Tindamax,Antibiotic,Antimicrobial,oral,oral,,,,,,,,,,,Gets reduced intracellularly in susceptible organisms forming free radicals that cause DNA helical structure damage resulting in inhibition of protein synthesis .,,"Amebiasis: treatment of intestinal amebiasis and amebic liver abscess caused by Entamoeba histolytica in both adults and pediatric patients 3+ years of age . Note: not indicated in the treatment of asymptomatic cyst passage.; Bacterial Vaginosis: treatment of bacterial vaginosis (formerly referred to as Haemophilus vaginitis, Gardnerella vaginitis, nonspecific vaginitis, or anaerobic vaginosis) in adult women.; Giardiasis: treatment of giardiasis caused by Giardia duodenalis (also termed G. lamblia ) in both adults and pediatric patients 3+ years of age .; Trichomoniasis: treatment of trichomoniasis caused by Trichomonas vaginalis.","Hypersensitivity to tinidazole, other nitroimidazole derivatives, or any formulation ingredients",rx; Prescription only,,,Tablet; Antibiotic,3,
pyrls,639e391cfcae6920598b5361,Clindamycin,Cleocin,Lincosamide Antibiotic,Antimicrobial,oral,oral,,,,,,,,,,,Reversibly binds to the 50S subunit of bacterial ribosomes inhibiting protein synthesis .,,"Treatment of serious infections caused by susceptible strains of anaerobic, streptococci, pneumococci , and staphylococci bacteria. Use should be reserved for penicillin-allergic patients or other patients for whom, in the judgment of the healthcare provider, a penicillin is inappropriate. Anaerobes: Serious respiratory tract infections such as empyema, anaerobic pneumonitis, and lung abscess; serious skin and soft tissue infections; septicemia; intra-abdominal infections such as peritonitis and intra-abdominal abscess (typically resulting from anaerobic organisms resident in the normal gastrointestinal tract); infections of the female pelvis and genital tract such as endometritis, nongonococcal tubo-ovarian abscess, pelvic cellulitis, and postsurgical vaginal cuff infection. Streptococci: Serious respiratory tract infections; serious skin and soft tissue infections. Staphylococci: Serious respiratory tract infections; serious skin and soft tissue infections. Pneumococci: Serious respiratory tract infections. Bacteriologic studies should be performed to determine the causative organisms and their susceptibility to clindamycin.","Hypersensitivity to clindamycin, lincomycin, or any formulation ingredients",rx; Prescription only,,,"Capsule, solution; Lincosamide Antibiotic",3,
pyrls,639e391cfcae6920598b5362,Penicillin V Potassium,Pen VK,Natural Penicillin; Beta-Lactam Antibiotic,Antimicrobial,oral,oral,,,,,,,,,,,Inhibits bacterial cell wall synthesis by binding to and inactivating penicillin-binding proteins (PBPs) present in the bacterial cell wall.,,"Treatment of mild to moderately severe infections due to penicillin G- sensitive microorganisms .; The following infections will usually respond to adequate dosage of penicillin V: Streptococcal infections (without bacteremia): Mild-to-moderate infections of the upper respiratory tract, scarlet fever and mild erysipelas. NOTE: Streptococci in groups A, C, G, H, L, and M are very sensitive to penicillin. Other groups, including group D (enterococcus) are resistant. Pneumococcal infections : Mild to moderately severe infections of the respiratory tract. Staphylococcal infections - penicillin G sensitive: Mild infections of the skin and soft tissues. NOTE: Reports indicate an increasing number of strains of staphylococci resistant to penicillin G, emphasizing the need for culture and sensitivity studies in treating suspected staphylococcal infections. Fusospirochetosis (Vincent's gingivitis and pharyngitis): Mild to moderately severe infections of the oropharynx usually respond to therapy with oral penicillin. NOTE: Necessary dental care should be accomplished in infections involving the gum tissue.; As prophylaxis: Recurrence following rheumatic fever and/or chorea. Bacterial endocarditis in those at risk undergoing dental procedures and surgical procedures of the upper respiratory tract.",Hypersensitivity to any penicillin or any formulation ingredients,rx; Prescription only,,,"Tablet, solution; Natural Penicillin; Beta-Lactam Antibiotic",2,
pyrls,639e391cfcae6920598b5363,Amoxicillin,Amoxil,Aminopenicillin; Beta-Lactam Antibiotic,Antimicrobial,oral,oral,,,,,,,,,,,Inhibits bacterial cell wall synthesis by binding to and inactivating penicillin-binding proteins (PBPs) present in the bacterial cell wall.,,"Infections of the Ear, Nose, and Throat: treatment of infections due to susceptible (ONLY β-lactamase–negative) isolates of Streptococcus species. (α- and β-hemolytic isolates only), Streptococcus pneumoniae , Staphylococcus spp., or Haemophilus influenzae .; Infections of the Genitourinary Tract: treatment of infections due to susceptible (ONLY β-lactamase–negative) isolates of Escherichia coli, Proteus mirabilis , or Enterococcus faecalis .; Infections of the Skin and Skin Structure: treatment of infections due to susceptible (ONLY β-lactamase–negative) isolates of Streptococcus spp. (α- and β-hemolytic isolates only), Staphylococcus spp., or E. coli .; Infections of the Lower Respiratory Tract: treatment of infections due to susceptible (ONLY β-lactamase–negative) isolates of Streptococcus spp. (α- and β-hemolytic isolates only), S. pneumoniae, Staphylococcus spp., or H. influenzae .; Helicobacter pylori Infection Triple therapy with clarithromycin and lansoprazole: treatment of patients with H. pylori infection and duodenal ulcer disease (active or 1-year history of a duodenal ulcer) to eradicate H. pylori . Eradication of H. pylori has been shown to reduce the risk of duodenal ulcer recurrence. Dual therapy with lansoprazole: treatment of patients with H. pylori infection and duodenal ulcer disease (active or 1-year history of a duodenal ulcer) who are either allergic or intolerant to clarithromycin or in whom resistance to clarithromycin is known or suspected. Eradication of H. pylori has been shown to reduce the risk of duodenal ulcer recurrence.","Hypersensitivity to amoxicillin, other β-lactam antibiotics (e.g., penicillins and cephalosporins), or any formulation ingredients",rx; Prescription only,,,"Capsule, tablet, chewable tablet, extended release tablet, suspension; Aminopenicillin; Beta-Lactam Antibiotic",2,
pyrls,639e391cfcae6920598b5364,Amoxicillin-Clavulanate,Augmentin,Aminopenicillin; Beta-Lactam Antibiotic,Antimicrobial,oral,oral,,,,,,,,,,,Amoxicillin : inhibits bacterial cell wall synthesis by binding to and inactivating penicillin-binding proteins (PBPs) present in the bacterial cell wall. Clavulanate : protects amoxicillin from degradation by some beta-lactamase enzymes thus extending the activity to include bacteria normally resistant to amoxicillin.,,"Lower Respiratory Tract Infections: caused by beta‑lactamase–producing isolates of Haemophilus influenzae and Moraxella catarrhalis.; Acute Bacterial Otitis Media: caused by beta‑lactamase–producing isolates of H. influenzae and M. catarrhalis.; Sinusitis: caused by beta‑lactamase–producing isolates of H. influenzae and M. catarrhalis.; Skin and Skin Structure Infections: caused by beta‑lactamase–producing isolates of Staphylococcus aureus, Escherichia coli, and Klebsiella species.; Urinary Tract Infections: caused by beta‑lactamase–producing isolates of E. coli, Klebsiella species, and Enterobacter species.; NOTE: When susceptibility test results show susceptibility to amoxicillin, indicating no beta-lactamase production, amoxicillin-clavulanate should not be used.","Hypersensitivity to amoxicillin, clavulanate, other β-lactam antibiotics (e.g., penicillins and cephalosporins), or any formulation ingredients; Those with history of cholestatic jaundice/hepatic dysfunction associated with amoxicillin-clavulanate",rx; Prescription only,,,"Tablet, chewable tablet, suspension; Aminopenicillin; Beta-Lactam Antibiotic",2,
pyrls,639e391cfcae6920598b5365,Cephalexin,Keflex,1st Generation Cephalosporin; Beta-Lactam Antibiotic,Antimicrobial,oral,oral,,,,,,,,,,,Inhibits bacterial cell wall synthesis by binding to and inactivating penicillin-binding proteins (PBPs) present in the bacterial cell wall.,,"Respiratory Tract Infections: treatment of respiratory tract infections caused by susceptible isolates of Streptococcus pneumoniae and Streptococcus pyogenes .; Otitis Media: treatment of otitis media caused by susceptible isolates of Streptococcus pneumoniae, Haemophilus influenzae, Staphylococcus aureus, Streptococcus pyogenes, and Moraxella catarrhalis .; Skin and Skin Structure Infections: treatment of skin and skin structure infections caused by susceptible isolates of the following Gram-positive bacteria: Staphylococcus aureus and Streptococcus pyogenes .; Bone Infections: treatment of bone infections caused by susceptible isolates of Staphylococcus aureus and Proteus mirabilis .; Genitourinary Tract Infections: treatment of genitourinary tract infections, including acute prostatitis, caused by susceptible isolates of Escherichia coli, Proteus mirabilis , and Klebsiella pneumoniae .","Hypersensitivity to cephalexin, any other cephalosporins, or any formulation ingredients",rx; Prescription only,,,"Capsule, tablet, suspension; 1st Generation Cephalosporin; Beta-Lactam Antibiotic",2,
pyrls,639e391cfcae6920598b5366,Cefadroxil,Duricef,1st Generation Cephalosporin; Beta-Lactam Antibiotic,Antimicrobial,oral,oral,,,,,,,,,,,Inhibits bacterial cell wall synthesis by binding to and inactivating penicillin-binding proteins (PBPs) present in the bacterial cell wall.,,"Urinary tract infections: caused by E. coli , P. mirabilis , and Klebsiella species.; Skin and skin structure infections: caused by staphylococci and/or streptococci.; Pharyngitis and/or tonsillitis: caused by Streptococcus pyogenes (Group A beta-hemolytic streptococci).","Hypersensitivity to cefadroxil, any other cephalosporins, or any formulation ingredients",rx; Prescription only,,,"Capsule, tablet, suspension; 1st Generation Cephalosporin; Beta-Lactam Antibiotic",4,
pyrls,639e391cfcae6920598b5367,Cefuroxime,Ceftin,2nd Generation Cephalosporin; Beta-Lactam Antibiotic,Antimicrobial,oral,oral,,,,,,,,,,,Inhibits bacterial cell wall synthesis by binding to and inactivating penicillin-binding proteins (PBPs) present in the bacterial cell wall.,,"Pharyngitis/Tonsillitis: treatment of patients ( 13+ years old ) with mild-to-moderate pharyngitis/tonsillitis caused by susceptible strains of Streptococcus pyogenes . Note: The efficacy of cefuroxime axetil in the prevention of rheumatic fever was not established in clinical trials. The efficacy of cefuroxime axetil in the treatment of penicillin-resistant strains of Streptococcus pyogenes has not been demonstrated in clinical trials.; Acute Bacterial Otitis Media: treatment of pediatric patients (who can swallow tablets whole) with acute bacterial otitis media caused by susceptible strains of Streptococcus pneumoniae, Haemophilus influenzae (including β-lactamase–producing strains), Moraxella catarrhalis (including β-lactamase–producing strains), or Streptococcus pyogenes .; Acute Bacterial Maxillary Sinusitis: treatment of adult and pediatric patients ( 13+ years old ) with mild-to-moderate acute bacterial maxillary sinusitis caused by susceptible strains of Streptococcus pneumoniae or Haemophilus influenzae (non-β-lactamase–producing strains only). Note: The effectiveness of cefuroxime axetil for sinus infections caused by β-lactamase–producing Haemophilus influenzae or Moraxella catarrhalis in patients with acute bacterial maxillary sinusitis was not established due to insufficient numbers of these isolates in the clinical trials.; Acute Bacterial Exacerbations of Chronic Bronchitis: treatment of patients ( 13+ years old ) with mild-to-moderate acute bacterial exacerbations of chronic bronchitis caused by susceptible strains of Streptococcus pneumoniae, Haemophilus influenzae (β-lactamase–negative strains), or Haemophilus parainfluenzae (β-lactamase–negative strains).; Uncomplicated Skin and Skin-Structure Infections: treatment of patients ( 13+ years old ) with uncomplicated skin and skin-structure infections caused by susceptible strains of Staphylococcus aureus (including β-lactamase–producing strains) or Streptococcus pyogenes .; Uncomplicated Urinary Tract Infections: treatment of patients ( 13+ years old ) with uncomplicated urinary tract infections caused by susceptible strains of Escherichia coli or Klebsiella pneumoniae .; Uncomplicated Gonorrhea: treatment of patients ( 13+ years old ) with uncomplicated gonorrhea, urethral and endocervical, caused by penicillinase producing and non-penicillinase–producing susceptible strains of Neisseria gonorrhoeae and uncomplicated gonorrhea, rectal, in females, caused by non-penicillinase–producing susceptible strains of Neisseria gonorrhoeae .; Early Lyme Disease (erythema migrans): treatment of patients ( 13+ years old ) with early Lyme disease (erythema migrans) caused by susceptible strains of Borrelia burgdorferi.","Hypersensitivity to cefuroxime axetil, any other β-lactam antibacterial drugs (e.g., penicillins and cephalosporins), or any formulation ingredients",rx; Prescription only,,,"Tablet, suspension; 2nd Generation Cephalosporin; Beta-Lactam Antibiotic",3,
pyrls,639e391cfcae6920598b5368,Cefprozil,Cefzil,2nd Generation Cephalosporin; Beta-Lactam Antibiotic,Antimicrobial,oral,oral,,,,,,,,,,,Inhibits bacterial cell wall synthesis by binding to and inactivating penicillin-binding proteins (PBPs) present in the bacterial cell wall.,,"Acute Bacterial Exacerbation of Chronic Bronchitis: treatment in patients caused by Streptococcus pneumoniae, Haemophilus influenzae (including β-lactamase-producing strains), and Moraxella (Branhamella) catarrhalis (including β-lactamase-producing strains).; Acute Sinusitis: treatment in patients age 6+ months caused by Streptococcus pneumoniae , Haemophilus influenza (including β-lactamase-producing strains), and Moraxella (Branhamella) catarrhalis (including β-lactamase-producing strains).; Otitis Media: treatment in patients age 6+ months caused by Streptococcus pneumoniae , Haemophilus influenzae (including β-lactamase-producing strains), and Moraxella (Branhamella) catarrhalis (including β-lactamase-producing strains).; Pharyngitis/tonsillitis: treatment in patients age 2+ years old caused by Streptococcus pyogenes .; Uncomplicated Skin and Skin-Structure Infections: treatment in patients age 2+ years old caused by Staphylococcus aureus (including penicillinase-producing strains) and Streptococcus pyogenes . Abscesses usually require surgical drainage.","Hypersensitivity to cefprozil, any other cephalosporins, or any formulation ingredients",rx; Prescription only,,,"Tablet, suspension; 2nd Generation Cephalosporin; Beta-Lactam Antibiotic",3,
pyrls,639e391cfcae6920598b5369,Cefdinir,Omnicef,3rd Generation Cephalosporin; Beta-Lactam Antibiotic,Antimicrobial,oral,oral,,,,,,,,,,,Inhibits bacterial cell wall synthesis by binding to and inactivating penicillin-binding proteins (PBPs) present in the bacterial cell wall.,,"Community-Acquired Pneumonia: treatment in adult and adolescents caused by Haemophilus influenzae (including β-lactamase producing strains), Haemophilus parainfluenzae (including β-lactamase producing strains), Streptococcus pneumoniae (penicillin-susceptible strains only), and Moraxella catarrhalis (including β-lactamase producing strains).; Acute Exacerbations of Chronic Bronchitis: treatment in adult and adolescents caused by Haemophilus influenzae (including β-lactamase producing strains), Haemophilus parainfluenzae (including β-lactamase producing strains), Streptococcus pneumoniae (penicillin-susceptible strains only), and Moraxella catarrhalis (including β-lactamase producing strains).; Acute Maxillary Sinusitis: treatment in adult and pediatric patients age 6+ months caused by Haemophilus influenzae (including β-lactamase producing strains), Streptococcus pneumoniae (penicillin-susceptible strains only), and Moraxella catarrhalis (including β-lactamase producing strains).; Acute Bacterial Otitis Media: treatment in adult and pediatric patients age 6+ months caused by Haemophilus influenzae (including β-lactamase producing strains), Streptococcus pneumoniae (penicillin-susceptible strains only), and Moraxella catarrhalis (including β-lactamase producing strains).; Pharyngitis/Tonsillitis: treatment in adult and pediatric patients age 6+ months caused by Streptococcus pyogenes.; Uncomplicated Skin and Skin Structure Infections: treatment in adult and pediatric patients age 6+ months caused by Staphylococcus aureus (including β-lactamase producing strains) and Streptococcus pyogenes .","Hypersensitivity to cefdinir, any other cephalosporins, or any formulation ingredients",rx; Prescription only,,,"Capsule, suspension; 3rd Generation Cephalosporin; Beta-Lactam Antibiotic",3,
pyrls,639e391cfcae6920598b536a,Varenicline,Chantix,Partial Nicotine Agonist,Other,oral,oral,,,,,,,,,,,Selectively binds to and acts as a partial agonist of α4β2 nicotinic receptors . The efficacy in smoking cessation is believed to be the result of the partial agonist activity while simultaneously preventing nicotine binding to these receptors.,,Use as an aid to smoking cessation treatment,Hypersensitivity to varenicline or any formulation ingredients,rx; Prescription only,,,Tablet; Partial Nicotine Agonist,5,
pyrls,639e391cfcae6920598b536b,Bupropion,Wellbutrin; Zyban,Dopamine/NE Reuptake Inhibitor,Other,oral,oral,,,,,,,,,,,Weak reuptake inhibitor of norepinephrine and dopamine . Does not inhibit the reuptake of serotonin and does not inhibit monoamine oxidase. The exact mechanism of action for depression and smoking cessation is not known but thought to be related to these effects.,,Treatment of major depressive disorder (MDD); Bupropion XL (24 hour) only: Prevention of seasonal major depressive episodes in patients with a diagnosis of seasonal affective disorder (SAD); Bupropion SR (12 hour) only: Use as an aid to smoking cessation treatment,"Seizure disorder; Current or prior diagnosis of bulimia or anorexia nervosa; Abrupt discontinuation of alcohol, benzodiazepines, barbiturates, antiepileptic drugs; Use of monoamine oxidase inhibitors (MAOIs) within 14 days of starting or stopping bupropion; Hypersensitivity to bupropion or any formulation ingredients",rx; Prescription only,,,"Tablet, extended release tablet (24 hour), sustained release tablet (12 hour); Dopamine/NE Reuptake Inhibitor",8,
pyrls,639e391cfcae6920598b536c,Docusate,Colace,Stool Softener,Other,oral,oral,,,,,,,,,,,Reduces surface tension of the stool resulting in enhanced incorporation of water and fat resulting in softer fecal mass .,,"Relief of occasional constipation associated with hard, dry stools","Hypersensitivity to docusate or any formulation ingredients; Concomitant use with mineral oil, unless directed by a healthcare provider",rx; otc; Rx/OTC depending on product,,,"Capsule, tablet, liquid, syrup; Stool Softener",2,
pyrls,639e391cfcae6920598b536d,Fluconazole,Diflucan,Antifungal,Antimicrobial,oral,oral,,,,,,,,,,,"Highly selective inhibitor of the fungal cytochrome P450 14-α-demethylase enzyme responsible for the conversion of lanosterol to ergosterol, which is an important component of fungal cell membrane formation .",,"Treatment of Candida infections : vaginal candidiasis, oropharyngeal and esophageal candidiasis, urinary tract infections, peritonitis, and systemic Candida infections including candidemia, disseminated candidiasis, and pneumonia.; Cryptococcal meningitis; Prophylaxis: to decrease the incidence of candidiasis in patients undergoing bone marrow transplantation who receive cytotoxic chemotherapy and/or radiation therapy.","Hypersensitivity to fluconazole, or any formulation ingredients; Use caution in those with hypersensitivity to other azoles; cross-hypersensitivity between fluconazole and other azole antifungal agents is possible but has not been established; Coadministration of terfenadine in those receiving multiple doses of fluconazole at 400 mg/day or higher; Coadministration of other drugs known to prolong the QT interval and which are metabolized via the enzyme CYP3A4 such as cisapride, astemizole, erythromycin, pimozide, and quinidine",rx; Prescription only,,,"Tablet, suspension; Antifungal",3,
pyrls,639e391cfcae6920598b536e,Doxycycline,Vibramycin,Tetracycline Antibiotic,Antimicrobial,oral,oral,,,,,,,,,,,Inhibits protein synthesis by binding to the 30S ribosomal subunit of susceptible microorganisms.,,"Treatment of the following infections due to susceptible strains of the designated microorganisms: Rocky Mountain spotted fever, typhus fever and the typhus group, Q fever, rickettsialpox, and tick fevers caused by Rickettsiae. Respiratory tract infections caused by Mycoplasma pneumoniae. Lymphogranuloma venereum caused by Chlamydia trachomatis . Psittacosis (ornithosis) caused by Chlamydophila psittaci . Trachoma caused by Chlamydia trachomatis , although the infectious agent is not always eliminated, as judged by immunofluorescence. Inclusion conjunctivitis caused by Chlamydia trachomatis . Uncomplicated urethral, endocervical, or rectal infections in adults caused by Chlamydia trachomatis . Nongonococcal urethritis caused by Ureaplasma urealyticum . Relapsing fever due to Borrelia recurrentis . Severe acne as adjunctive therapy Acute intestinal amebiasis as adjunct to amebicides; Treatment of infections caused by the following gram-negative microorganisms : Chancroid caused by Haemophilus ducreyi . Plague due to Yersinia pestis . Tularemia due to Francisella tularensis . Cholera caused by Vibrio cholerae . Campylobacter fetus infections caused by Campylobacter fetus . Brucellosis due to Brucella species (in conjunction with streptomycin). Bartonellosis due to Bartonella bacilliformis . Granuloma inguinale caused by Klebsiella granulomatis .; Treatment of infections caused by the following gram-negative bacteria, when bacteriologic testing indicates susceptibility to the drug: Escherichia coli . Enterobacter aerogenes . Shigella species. Acinetobacter species. Respiratory tract infections caused by Haemophilus influenzae . Respiratory tract and urinary tract infections caused by Klebsiella species.; Treatment of infections caused by the following gram-positive microorganisms when bacteriologic testing indicates susceptibility to the drug: Upper respiratory infections caused by Streptococcus pneumoniae . Anthrax due to Bacillus anthracis , including inhalational anthrax (post-exposure): to reduce the incidence or progression of disease following exposure to aerosolized Bacillus anthracis .; When penicillin is contraindicated , an alternative in treatment of the following: Uncomplicated gonorrhea caused by Neisseria gonorrhoeae . Syphilis caused by Treponema pallidum . Yaws caused by Treponema pallidum subspecies pertenue . Listeriosis due to Listeria monocytogenes . Vincent's infection caused by Fusobacterium fusiforme . Actinomycosis caused by Actinomyces israelii . Infections caused by Clostridium species.","Hypersensitivity to doxycycline, other tetracyclines, or any formulation ingredients",rx; Prescription only,,,"Tablet, delayed release tablet, capsule, delayed release capsule, suspension, syrup; Tetracycline Antibiotic",5,
pyrls,639e391cfcae6920598b536f,Minocycline,Minocin,Tetracycline Antibiotic,Antimicrobial,oral,oral,,,,,,,,,,,Inhibits protein synthesis by binding to the 30S ribosomal subunit of susceptible microorganisms.,,"Treatment of the following infections due to susceptible strains of the designated microorganisms: Rocky Mountain spotted fever, typhus fever and the typhus group, Q fever, rickettsialpox and tick fevers caused by rickettsiae. Respiratory tract infections caused by Mycoplasma pneumoniae . Lymphogranuloma venereum caused by Chlamydia trachomatis . Psittacosis (Ornithosis) due to Chlamydophila psittaci . Trachoma caused by Chlamydia trachomatis , although the infectious agent is not always eliminated, as judged by immunofluorescence. Inclusion conjunctivitis caused by Chlamydia trachomatis . Nongonococcal urethritis, endocervical, or rectal infections in adults caused by Ureaplasma urealyticum or Chlamydia trachomatis . Relapsing fever due to Borrelia recurrentis . Chancroid caused by Haemophilus ducreyi . Plague due to Yersinia pestis . Tularemia due to Francisella tularensis . Cholera caused by Vibrio cholerae. Campylobacter fetus infections caused by Campylobacter fetus . Brucellosis due to Brucella species (in conjunction with streptomycin). Bartonellosis due to Bartonella bacilliformis. Granuloma inguinale caused by Klebsiella granulomatis . Severe acne as adjunctive therapy. Acute intestinal amebiasis as adjunct to amebicides. Asymptomatic carriers of Neisseria meningitidis to eliminate meningococci from the nasopharynx; Treatment of infections caused by the following gram-negative microorganisms when bacteriologic testing indicates susceptibility : Escherichia coli . Enterobacter aerogenes . Shigella species. Acinetobacter species. Respiratory tract infections caused by Haemophilus influenzae . Respiratory tract and urinary tract infections caused by Klebsiella species.; Treatment of infections caused by the following gram-positive microorganisms when bacteriologic testing indicates susceptibility : Upper respiratory tract infections caused by Streptococcus pneumoniae . Skin and skin structure infections caused by Staphylococcus aureus (Note: Minocycline is not the drug of choice in the treatment of any type of staphylococcal infection).; When penicillin is contraindicated , as an alternative in the following infections: Uncomplicated urethritis in men due to Neisseria gonorrhoeae and for the treatment of other gonococcal infections. Infections in women caused by Neisseria gonorrhoeae . Syphilis caused by Treponema pallidum subspecies pallidum . Yaws caused by Treponema pallidum subspecies pertenue . Listeriosis due to Listeria monocytogenes . Anthrax due to Bacillus anthracis . Vincent's infection caused by Fusobacterium fusiforme . Actinomycosis caused by Actinomyces israelii . Infections caused by Clostridium species.","Hypersensitivity to minocycline, other tetracyclines, or any formulation ingredients",rx; Prescription only,,,"Tablet, delayed release tablet, capsule, delayed release capsule; Tetracycline Antibiotic",4,
pyrls,639e391cfcae6920598b5370,Levofloxacin,Levaquin,Fluoroquinolone Antibiotic,Antimicrobial,oral,oral,,,,,,,,,,,"Inhibits the bacterial enzymes, DNA topoisomerase IV and DNA gyrase , required for DNA replication, transcription, repair and recombination.",,"Nosocomial Pneumonia: treatment of nosocomial pneumonia in adults due to methicillin-susceptible Staphylococcus aureus, Pseudomonas aeruginosa, Serratia marcescens, Escherichia coli, Klebsiella pneumoniae, Haemophilus influenzae, or Streptococcus pneumoniae . Adjunctive therapy should be used as clinically indicated. Where Pseudomonas aeruginosa is a documented or presumptive pathogen, combination therapy with an anti-pseudomonal β-lactam is recommended.; Community-Acquired Pneumonia - 7 to 14 day Treatment Regimen: treatment of community-acquired pneumonia in adults due to methicillin-susceptible Staphylococcus aureus, Streptococcus pneumoniae (including multi-drug-resistant Streptococcus pneumoniae [MDRSP]), Haemophilus influenzae, Haemophilus parainfluenzae, Klebsiella pneumoniae, Moraxella catarrhalis, Chlamydophila pneumoniae, Legionella pneumophila, or Mycoplasma pneumoniae; Community-Acquired Pneumonia - 5-day Treatment Regimen: treatment of community-acquired pneumonia in adults due to Streptococcus pneumoniae (excluding multi-drug-resistant isolates [MDRSP]), Haemophilus influenzae, Haemophilus parainfluenzae, Mycoplasma pneumoniae, or Chlamydophila pneumoniae; Complicated Skin and Skin Structure Infections: treatment of complicated skin and skin structure infections in adults due to methicillin-susceptible Staphylococcus aureus, Enterococcus faecalis, Streptococcus pyogenes, or Proteus mirabilis.; Uncomplicated Skin and Skin Structure Infections: treatment of uncomplicated skin and skin structure infections (mild to moderate) in adults including abscesses, cellulitis, furuncles, impetigo, pyoderma, wound infections, due to methicillin-susceptible Staphylococcus aureus , or Streptococcus pyogenes .; Chronic Bacterial Prostatitis: treatment of chronic bacterial prostatitis in adults due to Escherichia coli, Enterococcus faecalis, or methicillin-susceptible Staphylococcus epidermidis.; Inhalational Anthrax (Post-Exposure): indicated for inhalational anthrax (post-exposure) to reduce the incidence or progression of disease following exposure to aerosolized Bacillus anthracis in adults and pediatric patients 6+ months of age .; Plague: treatment of plague, including pneumonic and septicemic plague, due to Yersinia pestis ( Y. pestis ) and prophylaxis for plague in adults and pediatric patients 6+ months of age .; Complicated Urinary Tract Infections - 5-day Treatment Regimen: treatment of complicated urinary tract infections in adults due to Escherichia coli, Klebsiella pneumoniae, or Proteus mirabilis.; Complicated Urinary Tract Infections - 10-day Treatment Regimen: treatment of complicated urinary tract infections (mild to moderate) in adults due to Enterococcus faecalis, Enterobacter cloacae, Escherichia coli, Klebsiella pneumoniae, Proteus mirabilis, or Pseudomonas aeruginosa.; Acute Pyelonephritis - 5 or 10-day Treatment Regimen: treatment of acute pyelonephritis in adults caused by Escherichia coli , including cases with concurrent bacteremia.; Uncomplicated Urinary Tract Infections: treatment of uncomplicated urinary tract infections (mild to moderate) in adults due to Escherichia coli, Klebsiella pneumoniae, or Staphylococcus saprophyticus .; Acute Bacterial Exacerbation of Chronic Bronchitis: treatment of acute bacterial exacerbation of chronic bronchitis (ABECB) in adults due to methicillin-susceptible Staphylococcus aureus , Streptococcus pneumoniae , Haemophilus influenzae , Haemophilus parainfluenzae , or Moraxella catarrhalis .; Acute Bacterial Sinusitis - 5-day and 10 to 14 day Treatment Regimens: treatment of acute bacterial sinusitis (ABS) in adults due to Streptococcus pneumoniae , Haemophilus influenzae , or Moraxella catarrhalis.","Hypersensitivity to levofloxacin, other quinolone antibacterials, or any formulation ingredients",rx; Prescription only,,,"Tablet, solution; Fluoroquinolone Antibiotic",3,
pyrls,639e391cfcae6920598b5371,Ciprofloxacin,Cipro,Fluoroquinolone Antibiotic,Antimicrobial,oral,oral,,,,,,,,,,,"Inhibits the bacterial enzymes, DNA topoisomerase IV and DNA gyrase , required for DNA replication, transcription, repair and recombination.",,"Skin and Skin Structure Infections: treatment of skin and skin structure infections in adults caused by Escherichia coli, Klebsiella pneumoniae, Enterobacter cloacae, Proteus mirabilis, Proteus vulgaris, Providencia stuartii, Morganella morganii, Citrobacter freundii, Pseudomonas aeruginosa, methicillin-susceptible Staphylococcus aureus, methicillin-susceptible Staphylococcus epidermidis, or Streptococcus pyogenes.; Bone and Joint Infections: treatment of bone and joint infections in adults caused by Enterobacter cloacae, Serratia marcescens, or Pseudomonas aeruginosa.; Complicated Intra-Abdominal Infections: treatment of complicated intra-abdominal infections (used in combination with metronidazole) in adults caused by Escherichia coli, Pseudomonas aeruginosa, Proteus mirabilis, Klebsiella pneumoniae, or Bacteroides fragilis.; Infectious Diarrhea: treatment of infectious diarrhea in adults caused by Escherichia coli (enterotoxigenic isolates), Campylobacter jejuni, Shigella boydii , Shigella dysenteriae, Shigella flexneri or Shigella sonnei when antibacterial therapy is indicated.; Typhoid Fever (Enteric Fever): treatment of typhoid fever (enteric fever) in adults caused by Salmonella typhi. The efficacy of ciprofloxacin in the eradication of the chronic typhoid carrier state has not been demonstrated.; Uncomplicated Cervical and Urethral Gonorrhea: treatment of uncomplicated cervical and urethral gonorrhea in adults due to Neisseria gonorrhoeae.; Inhalational Anthrax (Post-Exposure): for inhalational anthrax (post-exposure) in adults and pediatric patients from birth to 17 years of age to reduce the incidence or progression of disease following exposure to aerosolized Bacillus anthracis.; Plague: treatment of plague, including pneumonic and septicemic plague, due to Yersinia pestis (Y. pestis) and prophylaxis for plague in adults and pediatric patients from birth to 17 years of age .; Chronic Bacterial Prostatitis: treatment of chronic bacterial prostatitis in adults caused by Escherichia coli or Proteus mirabilis.; Lower Respiratory Tract Infections: treatment of lower respiratory tract infections in adults caused by Escherichia coli, Klebsiella pneumoniae, Enterobacter cloacae, Proteus mirabilis, Pseudomonas aeruginosa, Haemophilus influenzae, Haemophilus parainfluenzae, or Streptococcus pneumoniae. Ciprofloxacin is not a drug of first choice in the treatment of presumed or confirmed pneumonia secondary to Streptococcus pneumoniae. Ciprofloxacin is indicated for the treatment of acute exacerbations of chronic bronchitis (AECB) caused by Moraxella catarrhalis.; Urinary Tract Infections: Urinary Tract Infections in Adults: treatment of urinary tract infections caused by Escherichia coli , Klebsiella pneumoniae , Enterobacter cloacae , Serratia marcescens , Proteus mirabilis , Providencia rettgeri , Morganella morganii , Citrobacter koseri , Citrobacter freundii , Pseudomonas aeruginosa , methicillin-susceptible Staphylococcus epidermidis , Staphylococcus saprophyticus , or Enterococcus faecalis . Acute Uncomplicated Cystitis: treatment of acute uncomplicated cystitis in adult females caused by Escherichia coli or Staphylococcus saprophyticus . Because of the risk of adverse effects and that for some patients acute uncomplicated cystitis is self-limiting, reserve ciprofloxacin for treatment of acute uncomplicated cystitis in patients who have no alternative treatment options. Complicated Urinary Tract Infection and Pyelonephritis in Pediatric Patients: treatment of complicated urinary tract infections (cUTI) and pyelonephritis in pediatric patients aged one to 17 years of age due to Escherichia coli . Although, effective ciprofloxacin should not be the drug of choice due to risk of adverse effects.; Acute Sinusitis: treatment of acute sinusitis in adults caused by Haemophilus influenzae, Streptococcus pneumoniae, or Moraxella catarrhalis. Because of the risk of adverse effects and that for some patients acute sinusitis is self-limiting, reserve ciprofloxacin for treatment of acute uncomplicated cystitis in patients who have no alternative treatment options.","Concomitant administration with tizanidine; Hypersensitivity to ciprofloxacin, other quinolone antibacterials, or any formulation ingredients",rx; Prescription only,,,"Tablet, extended release tablet, suspension; Fluoroquinolone Antibiotic",3,
pyrls,639e391cfcae6920598b5372,Dicyclomine,Bentyl,Anticholinergic Agent; Antispasmodic,Other,oral,oral,,,,,,,,,,,"Relieves smooth muscle spasms in the gastrointestinal tract by blocking acetylcholine receptors (M1, M2 receptors) and directly acting on smooth muscle.",,Treatment of functional bowel/ irritable bowel syndrome,Infants <6 months of age; Nursing mothers; Those with any of the following conditions: unstable cardiovascular status in acute hemorrhage myasthenia gravis glaucoma obstructive uropathy obstructive disease of the gastrointestinal tract severe ulcerative colitis reflux esophagitis; Hypersensitivity to dicyclomine or any formulation ingredients,rx; Prescription only,,,"Capsule, tablet, solution, syrup; Anticholinergic Agent; Antispasmodic",4,
pyrls,639e391cfcae6920598b5373,Citalopram,Celexa,SSRI; Antidepressant,Antidepressant,oral,oral,,,,,,,,,,,Inhibits serotonin reuptake at the presynaptic neurons leading to higher concentrations of serotonin in the neuronal synapse.,,Treatment of depression,"Use of monoamine oxidase inhibitors (MAOIs) intended to treat psychiatric disorders, concurrently or within 14 days of discontinuing either citalopram or the MAOI; Those being treated with linezolid or intravenous methylene blue; Concomitant use with pimozide; Hypersensitivity to citalopram or any formulation ingredients",rx; Prescription only,,,"Tablet, solution; SSRI; Antidepressant",4,
pyrls,639e391cfcae6920598b5374,Escitalopram,Lexapro,SSRI; Antidepressant,Antidepressant,oral,oral,,,,,,,,,,,Inhibits serotonin reuptake at the presynaptic neurons leading to higher concentrations of serotonin in the neuronal synapse.,,Treatment of major depressive disorder in adults and in adolescents 12+ years of age; Acute treatment of generalized anxiety disorder (GAD) in adults,"Use of monoamine oxidase inhibitors (MAOIs) intended to treat psychiatric disorders, concurrently or within 14 days of discontinuing either escitalopram or the MAOI; Those being treated with linezolid or intravenous methylene blue; Concomitant use with pimozide; Hypersensitivity to escitalopram, citalopram, or any formulation ingredients",rx; Prescription only,,,"Tablet, solution; SSRI; Antidepressant",4,
pyrls,639e391cfcae6920598b5375,Fluoxetine,Prozac; Sarafem,SSRI; Antidepressant,Antidepressant,oral,oral,,,,,,,,,,,Inhibits serotonin reuptake at the presynaptic neurons leading to higher concentrations of serotonin in the neuronal synapse.,,"Fluoxetine (except Sarafem) is indicated for the treatment of: Acute and maintenance treatment of Major Depressive Disorder Acute and maintenance treatment of obsessions and compulsions in patients with Obsessive Compulsive Disorder (OCD) Acute and maintenance treatment of binge-eating and vomiting behaviors in patients with moderate to severe Bulimia Nervosa Acute treatment of Panic Disorder , with or without agoraphobia; Fluoxetine (except Sarafem) and Olanzapine in combination is indicated for treatment of: Acute treatment of depressive episodes associated with Bipolar I Disorder . Treatment resistant depression (Major Depressive Disorder in patients, who do not respond to 2 separate trials of different antidepressants of adequate dose and duration in the current episode).; Fluoxetine tablets (Sarafem) is indicated for the treatment of premenstrual dysphoric disorder (PMDD)","Use of monoamine oxidase inhibitors (MAOIs) intended to treat psychiatric disorders, concurrently, within 5 weeks of discontinuing fluoxetine, or within 2 weeks of discontinuing the MAOI; Those being treated with linezolid or intravenous methylene blue; Concomitant use with pimozide or thioridazine; Do not initiate thioridazine until 5 weeks after the discontinuation of fluoxetine; Hypersensitivity to fluoxetine, or any formulation ingredients",rx; Prescription only,,,"Capsule, extended release capsule, solution, tablet; SSRI; Antidepressant",6,
pyrls,639e391cfcae6920598b5376,Paroxetine,Paxil,SSRI; Antidepressant,Antidepressant,oral,oral,,,,,,,,,,,Inhibits serotonin reuptake at the presynaptic neurons leading to higher concentrations of serotonin in the neuronal synapse.,,"Treatment of major depressive disorder; Treatment of obsessions and compulsions in patients with obsessive compulsive disorder (OCD); Treatment of panic disorder , with or without agoraphobia; Treatment of social anxiety disorder; Treatment of generalized anxiety disorder (GAD); Treatment of postraumatic stress disorder (PTSD)","Use of monoamine oxidase inhibitors (MAOIs) intended to treat psychiatric disorders, concurrently or within 14 days of discontinuing either paroxetine or the MAOI; Those being treated with linezolid or intravenous methylene blue; Concomitant use with pimozide or thioridazine; Hypersensitivity to paroxetine or any formulation ingredients",rx; Prescription only,,,"Tablet, extended release tablet, capsule, suspension; SSRI; Antidepressant",4,
pyrls,639e391cfcae6920598b5377,Sertraline,Zoloft,SSRI; Antidepressant,Antidepressant,oral,oral,,,,,,,,,,,Inhibits serotonin reuptake at the presynaptic neurons leading to higher concentrations of serotonin in the neuronal synapse.,,Treatment of major depressive disorder; Treatment of obsessive compulsive disorder (OCD); Treatment of panic disorder; Treatment of social anxiety disorder; Treatment of postraumatic stress disorder (PTSD); Treatment of premenstrual dysphoric disorder (PMDD),"Use of monoamine oxidase inhibitors (MAOIs) intended to treat psychiatric disorders, concurrently or within 14 days of discontinuing either sertraline or the MAOI; Those being treated with linezolid or intravenous methylene blue; Concomitant use with disulfiram (oral solution only); Hypersensitivity to sertraline or any formulation ingredients",rx; Prescription only,,,"Tablet, oral concentrate; SSRI; Antidepressant",3,
pyrls,639e391cfcae6920598b5378,Venlafaxine,Effexor XR,SNRI; Antidepressant,Antidepressant,oral,oral,,,,,,,,,,,Inhibits serotonin and norepinephrine reuptake in the presynaptic neurons leading to higher concentrations of serotonin and norepinephrine in the neuronal synapse.,,Treatment of major depressive disorder; Treatment of panic disorder ( extended-release capsules only ); Treatment of generalized anxiety disorder ( extended-release capsules only ); Treatment of social anxiety disorder ( extended-release capsules only ),"Use of monoamine oxidase inhibitors (MAOIs) intended to treat psychiatric disorders, concurrently or within 14 days of discontinuing the MAOI; initiation of MAOI intended to treat psychiatric disorders within 7 days of discontinuing venlafaxine; Those being treated with linezolid or intravenous methylene blue; Hypersensitivity to venlafaxine or any formulation ingredients",rx; Prescription only,,,"Tablet, extended release capsule, extended release tablet; SNRI; Antidepressant",4,
pyrls,639e391cfcae6920598b5379,Desvenlafaxine,Pristiq,SNRI; Antidepressant,Antidepressant,oral,oral,,,,,,,,,,,Inhibits serotonin and norepinephrine reuptake in the presynaptic neurons leading to higher concentrations of serotonin and norepinephrine in the neuronal synapse.,,Treatment of major depressive disorder,"Use of monoamine oxidase inhibitors (MAOIs) intended to treat psychiatric disorders, concurrently or within 14 days of discontinuing the MAOI; initiation of MAOI intended to treat psychiatric disorders within 7 days of discontinuing desvenlafaxine; Those being treated with linezolid or intravenous methylene blue; Hypersensitivity to desvenlafaxine, venlafaxine, or any formulation ingredients",rx; Prescription only,,,Extended release tablet; SNRI; Antidepressant,3,
pyrls,639e391cfcae6920598b537a,Levomilnacipran,Fetzima,SNRI; Antidepressant,Antidepressant,oral,oral,,,,,,,,,,,Inhibits serotonin and norepinephrine reuptake in the presynaptic neurons leading to higher concentrations of serotonin and norepinephrine in the neuronal synapse.,,Treatment of major depressive disorder,"Use of monoamine oxidase inhibitors (MAOIs) intended to treat psychiatric disorders, concurrently or within 14 days of discontinuing the MAOI; initiation of MAOI intended to treat psychiatric disorders within 7 days of discontinuing levomilnacipran; Those being treated with linezolid or intravenous methylene blue; Hypersensitivity to levomilnacipran, milnacipran, or any formulation ingredients",rx; Prescription only,,,Extended release capsule; SNRI; Antidepressant,3,
pyrls,639e391cfcae6920598b537b,Duloxetine,Cymbalta; Drizalma,SNRI; Antidepressant,Antidepressant,oral,oral,,,,,,,,,,,Inhibits serotonin and norepinephrine reuptake in the presynaptic neurons leading to higher concentrations of serotonin and norepinephrine in the neuronal synapse.,,Treatment of major depressive disorder; Treatment of generalized anxiety disorder; Management of chronic musculoskeletal pain; Management of pain associated with diabetic peripheral neuropathy; Management of fibromyalgia (delayed-release particles capsule only [Cymbalta]),"Use of monoamine oxidase inhibitors (MAOIs) intended to treat psychiatric disorders, concurrently or within 14 days of discontinuing the MAOI; initiation of MAOI intended to treat psychiatric disorders within 5 days of discontinuing duloxetine; Those being treated with linezolid or intravenous methylene blue; Hypersensitivity to duloxetine or any formulation ingredients",rx; Prescription only,,,"Delayed release capsule (particle), delayed release capsule (sprinkle); SNRI; Antidepressant",4,
pyrls,639e391cfcae6920598b537c,Mirtazapine,Remeron,Centrally-Acting Alpha-2 Antagonist; Antidepressant,Antidepressant,oral,oral,,,,,,,,,,,"The mechanism of action of mirtazapine is not fully understood, though several properties may explain its effects. Mirtazapine antagonizes alpha-2 receptors resulting in release of serotonin and norepinephrine in the synaptic cleft. Mirtazapine is also a potent antagonist of 5-HT2 and 5-HT3 serotonin receptors and H1 histamine receptors, and a moderate antagonist of peripheral alpha1-adrenergic and muscarinic receptors.",,Treatment of major depressive disorder,"Use of monoamine oxidase inhibitors (MAOIs) intended to treat psychiatric disorders, concurrently or within 14 days of discontinuing the MAOI; initiation of MAOI intended to treat psychiatric disorders within 14 days of discontinuing mirtazapine; Those being treated with linezolid or intravenous methylene blue; Hypersensitivity to mirtazapine or any formulation ingredients",rx; Prescription only,,,"Tablet, orally disintegrating tablet; Centrally-Acting Alpha-2 Antagonist; Antidepressant",4,
pyrls,639e391cfcae6920598b537d,Trazodone,Desyrel,SSRI and 5HT2 Receptor Antagonist; Antidepressant,Antidepressant,oral,oral,,,,,,,,,,,Inhibits serotonin reuptake at the presynaptic neurons and antagonizes 5-HT2 receptors enhancing serotonergic activity in the CNS.,,Treatment of major depressive disorder,"Use of monoamine oxidase inhibitors (MAOIs) intended to treat psychiatric disorders, concurrently or within 14 days of discontinuing the MAOI; initiation of MAOI intended to treat psychiatric disorders within 14 days of discontinuing trazodone; Those being treated with linezolid or intravenous methylene blue; Hypersensitivity to trazodone or any formulation ingredients",rx; Prescription only,,,Tablet; SSRI and 5HT2 Receptor Antagonist; Antidepressant,3,
pyrls,639e391cfcae6920598b537e,Vilazodone,Viibryd,SSRI & 5-HT1A Partial Agonist; Antidepressant,Antidepressant,oral,oral,,,,,,,,,,,Inhibits serotonin reuptake at the presynaptic neurons and agonizes 5-HT1A receptors affecting serotonergic activity in the CNS.,,Treatment of major depressive disorder,"Use of monoamine oxidase inhibitors (MAOIs) intended to treat psychiatric disorders, concurrently or within 14 days of discontinuing the MAOI; initiation of MAOI intended to treat psychiatric disorders within 14 days of discontinuing vilazodone; Those being treated with linezolid or intravenous methylene blue; Hypersensitivity to vilazodone or any formulation ingredients",rx; Prescription only,,,Tablet; SSRI & 5-HT1A Partial Agonist; Antidepressant,3,
pyrls,639e391cfcae6920598b537f,Vortioxetine,Trintellix,"SSRI, 5-HT RA, 5-HT1A Agonist; Antidepressant",Antidepressant,oral,oral,,,,,,,,,,,"Inhibits serotonin reuptake at the presynaptic neurons, antagonizes 5-HT3 receptors , and agonizes 5-HT1A receptors affecting serotonergic activity in the CNS.",,Treatment of major depressive disorder,"Use of monoamine oxidase inhibitors (MAOIs) intended to treat psychiatric disorders, concurrently or within 14 days of discontinuing the MAOI; initiation of MAOI intended to treat psychiatric disorders within 21 days of discontinuing vortioxetine; Those being treated with linezolid or intravenous methylene blue; Hypersensitivity to vortioxetine or any formulation ingredients",rx; Prescription only,,,"Tablet; SSRI, 5-HT RA, 5-HT1A Agonist; Antidepressant",3,
pyrls,639e391cfcae6920598b5380,Amitriptyline,Elavil,Tricyclic Antidepressant; Tertiary Amine,Antidepressant,oral,oral,,,,,,,,,,,"Primarily inhibits norepinephrine and serotonin reuptake at the presynaptic neurons leading to higher concentrations of these neurotransmitters in the neuronal synapse. As a tertiary amine (TCAs are either tertiary or secondary amines), this drug displays more selectivity towards serotonin reuptake inhibition. Additionally, blocks histamine-H1, alpha-1 adrenergic, and muscarinic receptors accounting for sedative, hypotensive and anticholinergic effects, respectively.",,Treatment of depression,Use of monoamine oxidase inhibitors (MAOIs) concurrently or within 14 days of discontinuing the MAOI; Concomitant use of cisapride; Contraindicated during the acute recovery period after myocardial infarction; Hypersensitivity to amitriptyline or any formulation ingredients,rx; Prescription only,,,Tablet; Tricyclic Antidepressant; Tertiary Amine,4,
pyrls,639e391cfcae6920598b5381,Doxepin,Silenor,Tricyclic Antidepressant; Tertiary Amine,Antidepressant,oral,oral,,,,,,,,,,,"Primarily inhibits norepinephrine and serotonin reuptake at the presynaptic neurons leading to higher concentrations of these neurotransmitters in the neuronal synapse. As a tertiary amine (TCAs are either tertiary or secondary amines), this drug displays more selectivity towards serotonin reuptake inhibition. Additionally, blocks histamine-H1, alpha-1 adrenergic, and muscarinic receptors accounting for sedative, hypotensive and anticholinergic effects, respectively.",,"Treatment of depression (capsule and solution only); Treatment of anxiety (capsule and solution only); Treatment of depression/anxiety associated with alcoholism (capsule and solution only); Treatment of insomnia characterized by difficulty with sleep maintenance (Silnor, tablet only)",Use of monoamine oxidase inhibitors (MAOIs) concurrently or within 14 days of discontinuing the MAOI; Patients with glaucoma; Patients with urinary retention; Hypersensitivity to doxepin or any formulation ingredients,rx; Prescription only,,,"Capsule, tablet, solution; Tricyclic Antidepressant; Tertiary Amine",9,
pyrls,639e391cfcae6920598b5382,Clomipramine,Anafranil,Tricyclic Antidepressant; Tertiary Amine,Antidepressant,oral,oral,,,,,,,,,,,"Primarily inhibits norepinephrine and serotonin reuptake at the presynaptic neurons leading to higher concentrations of these neurotransmitters in the neuronal synapse. As a tertiary amine (TCAs are either tertiary or secondary amines), this drug displays more selectivity towards serotonin reuptake inhibition. Additionally, blocks histamine-H1, alpha-1 adrenergic, and muscarinic receptors accounting for sedative, hypotensive and anticholinergic effects, respectively.",,Treatment of obsessive-compulsive disorder (OCD),"Use of monoamine oxidase inhibitors (MAOIs) concurrently or within 14 days of discontinuing the MAOI; Initiation of clomipramine in those currently being treated with linezolid or intravenous methylene blue; Contraindicated during the acute recovery period after a myocardial infarction; Hypersensitivity to clomipramine, other tricyclic antidepressants, or any formulation ingredients",rx; Prescription only,,,Capsule; Tricyclic Antidepressant; Tertiary Amine,4,
pyrls,639e391cfcae6920598b5383,Imipramine,Tofranil,Tricyclic Antidepressant; Tertiary Amine,Antidepressant,oral,oral,,,,,,,,,,,"Primarily inhibits norepinephrine and serotonin reuptake at the presynaptic neurons leading to higher concentrations of these neurotransmitters in the neuronal synapse. As a tertiary amine (TCAs are either tertiary or secondary amines), this drug displays more selectivity towards serotonin reuptake inhibition. Additionally, blocks histamine-H1, alpha-1 adrenergic, and muscarinic receptors accounting for sedative, hypotensive and anticholinergic effects, respectively.",,Treatment of depression; Temporary adjunctive therapy in reducing enuresis in children aged 6+ years (imipramine HCl tablet only),"Use of monoamine oxidase inhibitors (MAOIs) concurrently or within 14 days of discontinuing the MAOI; Contraindicated during the acute recovery period after a myocardial infarction; Hypersensitivity to imipramine, other tricyclic antidepressants, or any formulation ingredients; possible cross-sensitivity to other dibenzazepine compounds",rx; Prescription only,,,"Capsule, tablet; Tricyclic Antidepressant; Tertiary Amine",5,
pyrls,639e391cfcae6920598b5384,Trimipramine,Surmontil,Tricyclic Antidepressant; Tertiary Amine,Antidepressant,oral,oral,,,,,,,,,,,"Primarily inhibits norepinephrine and serotonin reuptake at the presynaptic neurons leading to higher concentrations of these neurotransmitters in the neuronal synapse. As a tertiary amine (TCAs are either tertiary or secondary amines), this drug displays more selectivity towards serotonin reuptake inhibition. Additionally, blocks histamine-H1, alpha-1 adrenergic, and muscarinic receptors accounting for sedative, hypotensive and anticholinergic effects, respectively.",,Treatment of depression,Use of monoamine oxidase inhibitors (MAOIs) concurrently or within 14 days of discontinuing the MAOI; Do not initiate trimipramine in a patient who is being treated with MAOIs such as linezolid or intravenous methylene blue; Contraindicated during the acute recovery period after a myocardial infarction; Hypersensitivity to trimipramine or any formulation ingredients; cross-sensitivity between trimipramine and other dibenzazepines is a possibility,rx; Prescription only,,,Capsule; Tricyclic Antidepressant; Tertiary Amine,4,
pyrls,639e391cfcae6920598b5385,Nortriptyline,Pamelor,Tricyclic Antidepressant; Secondary Amine,Antidepressant,oral,oral,,,,,,,,,,,"Primarily inhibits norepinephrine and serotonin reuptake at the presynaptic neurons leading to higher concentrations of these neurotransmitters in the neuronal synapse. As a secondary amine (TCAs are either tertiary or secondary amines), this drug displays more selectivity towards norepinephrine reuptake inhibition. Additionally, blocks histamine-H1, alpha-1 adrenergic, and muscarinic receptors accounting for sedative, hypotensive and anticholinergic effects, respectively.",,Treatment of depression,Use of monoamine oxidase inhibitors (MAOIs) intended to treat psychiatric disorders concurrently or within 14 days of discontinuing the MAOI; use of MAOIs intended to treat psychiatric disorders should also not be used within 14 days of stopping nortriptyline; Contraindicated during the acute recovery period after myocardial infarction; Hypersensitivity to nortriptyline or any formulation ingredients; cross-sensitivity with other dibenzazepines is a possibility,rx; Prescription only,,,"Capsule, solution; Tricyclic Antidepressant; Secondary Amine",5,
pyrls,639e391cfcae6920598b5386,Amoxapine,Asendin,Tricyclic Antidepressant; Secondary Amine,Antidepressant,oral,oral,,,,,,,,,,,"Primarily inhibits norepinephrine and serotonin reuptake at the presynaptic neurons leading to higher concentrations of these neurotransmitters in the neuronal synapse. As a secondary amine (TCAs are either tertiary or secondary amines), this drug displays more selectivity towards norepinephrine reuptake inhibition. Additionally, blocks histamine-H1, alpha-1 adrenergic, and muscarinic receptors accounting for sedative, hypotensive and anticholinergic effects, respectively.",,Treatment of depression; Treatment of depression accompanied by anxiety or agitation,"Use of monoamine oxidase inhibitors (MAOIs) intended to treat psychiatric disorders concurrently or within 14 days of discontinuing the MAOI; use of MAOIs intended to treat psychiatric disorders should also not be used within 14 days of stopping amoxapine; Contraindicated during the acute recovery period after myocardial infarction; Hypersensitivity to amoxapine, dibenzoxazepine compounds, or any formulation ingredients",rx; Prescription only,,,Tablet; Tricyclic Antidepressant; Secondary Amine,4,
pyrls,639e391cfcae6920598b5387,Desipramine,Norpramin,Tricyclic Antidepressant; Secondary Amine,Antidepressant,oral,oral,,,,,,,,,,,"Primarily inhibits norepinephrine and serotonin reuptake at the presynaptic neurons leading to higher concentrations of these neurotransmitters in the neuronal synapse. As a secondary amine (TCAs are either tertiary or secondary amines), this drug displays more selectivity towards norepinephrine reuptake inhibition. Additionally, blocks histamine-H1, alpha-1 adrenergic, and muscarinic receptors accounting for sedative, hypotensive and anticholinergic effects, respectively.",,Treatment of depression,Use of monoamine oxidase inhibitors (MAOIs) intended to treat psychiatric disorders concurrently or within 14 days of discontinuing the MAOI; use of MAOIs intended to treat psychiatric disorders should also not be used within 14 days of stopping desipramine; Starting desipramine in a patient who is being treated with MAOIs such as linezolid or intravenous methylene blue is contraindicated; Contraindicated during the acute recovery period after myocardial infarction; Hypersensitivity to desipramine or any formulation ingredients; cross-sensitivity between this and other dibenzazepines is a possibility,rx; Prescription only,,,Tablet; Tricyclic Antidepressant; Secondary Amine,4,
pyrls,639e391cfcae6920598b5388,Maprotiline,Ludiomil,Tricyclic Antidepressant; Secondary Amine,Antidepressant,oral,oral,,,,,,,,,,,"Primarily inhibits norepinephrine and serotonin reuptake at the presynaptic neurons leading to higher concentrations of these neurotransmitters in the neuronal synapse. As a secondary amine (TCAs are either tertiary or secondary amines), this drug displays more selectivity towards norepinephrine reuptake inhibition. Additionally, blocks histamine-H1, alpha-1 adrenergic, and muscarinic receptors accounting for sedative, hypotensive and anticholinergic effects, respectively.",,Treatment of major depressive disorder and anxiety associated with depression,Use of monoamine oxidase inhibitors (MAOIs) intended to treat psychiatric disorders concurrently or within 14 days of discontinuing the MAOI; use of MAOIs intended to treat psychiatric disorders should also not be used within 14 days of stopping maprotiline; Contraindicated during the acute recovery period after myocardial infarction; Hypersensitivity to maprotiline or any formulation ingredients,rx; Prescription only,,,Tablet; Tricyclic Antidepressant; Secondary Amine,4,
pyrls,639e391cfcae6920598b5389,Protriptyline,Vivactil,Tricyclic Antidepressant; Secondary Amine,Antidepressant,oral,oral,,,,,,,,,,,"Primarily inhibits norepinephrine and serotonin reuptake at the presynaptic neurons leading to higher concentrations of these neurotransmitters in the neuronal synapse. As a secondary amine (TCAs are either tertiary or secondary amines), this drug displays more selectivity towards norepinephrine reuptake inhibition. Additionally, blocks histamine-H1, alpha-1 adrenergic, and muscarinic receptors accounting for sedative, hypotensive and anticholinergic effects, respectively.",,Treatment of depression,Use of monoamine oxidase inhibitors (MAOIs) intended to treat psychiatric disorders concurrently or within 14 days of discontinuing the MAOI; use of MAOIs intended to treat psychiatric disorders should also not be used within 14 days of stopping Protriptyline; Concomitant use of cisapride; Contraindicated during the acute recovery period after myocardial infarction; Hypersensitivity to protriptyline or any formulation ingredients,rx; Prescription only,,,Tablet; Tricyclic Antidepressant; Secondary Amine,4,
pyrls,639e391cfcae6920598b538a,Liraglutide,Victoza; Saxenda,GLP-1 Agonist; Antidiabetic,Other,subcutaneous,subcutaneous,,,,,,,,,,,"Glucagon-like peptide 1 (GLP-1) agonists are analogs of GLP-1 , an incretin hormone, that improve glycemic control by increasing glucose-dependent insulin secretion, decrease glucagon secretion, slow gastric emptying and increase satiety.",,"Diabetes mellitus, type 2 (Victoza): As an adjunct to diet and exercise to improve glycemic control in patients 10+ years old with type 2 diabetes mellitus To reduce the risk of major adverse cardiovascular events (cardiovascular death, non-fatal myocardial infarction, or non-fatal stroke) in adults with type 2 diabetes mellitus and established cardiovascular disease; Chronic weight management (Saxenda): as an adjunct to a reduced-calorie diet and increased physical activity for chronic weight management in adult patients with an initial body mass index (BMI) of: 30 kg/m2 or greater (obesity) 27 kg/m2 or greater (overweight) in the presence of at least one weight-related comorbid condition (e.g., hypertension, type 2 diabetes mellitus, or dyslipidemia)",Personal or family history of medullary thyroid carcinoma (MTC); Multiple Endocrine Neoplasia syndrome type 2 (MEN 2); Hypersensitivity to liraglutide or any formulation ingredients,rx; Prescription only,,,Injection pen; GLP-1 Agonist; Antidiabetic,7,
pyrls,639e391cfcae6920598b538b,Semaglutide,Ozempic; Rybelsus; Wegovy,GLP-1 Agonist; Antidiabetic,Other,subcutaneous,subcutaneous,,,,,,,,,,,"Glucagon-like peptide 1 (GLP-1) agonists are analogs of GLP-1 , an incretin hormone, that improve glycemic control by increasing glucose-dependent insulin secretion, decrease glucagon secretion, slow gastric emptying and increase satiety.",,"Diabetes mellitus, type 2 (Ozempic, Rybelsus) : As an adjunct to diet and exercise to improve glycemic control in adults with type 2 diabetes mellitus Injection only (Ozempic) : To reduce the risk of major adverse cardiovascular events (cardiovascular death, non-fatal myocardial infarction, or non-fatal stroke) in adults with type 2 diabetes mellitus and established cardiovascular disease; Weight management (Wegovy) : adjunct to a reduced calorie diet and increased physical activity for chronic weight management in adults with an initial body mass index (BMI) of: 30 kg/m2 or greater (obesity) 27 kg/m2 or greater (overweight) in the presence of at least one weight-related comorbid condition (e.g., hypertension, type 2 diabetes mellitus, or dyslipidemia)",Personal or family history of medullary thyroid carcinoma (MTC); Multiple Endocrine Neoplasia syndrome type 2 (MEN 2); Hypersensitivity to semaglutide or any formulation ingredients,rx; Prescription only,,,"Injection pen, oral tablet; GLP-1 Agonist; Antidiabetic",8,
pyrls,639e391cfcae6920598b538c,Dulaglutide,Trulicity,GLP-1 Agonist; Antidiabetic,Other,subcutaneous,subcutaneous,,,,,,,,,,,"Glucagon-like peptide 1 (GLP-1) agonists are analogs of GLP-1 , an incretin hormone, that improve glycemic control by increasing glucose-dependent insulin secretion, decrease glucagon secretion, slow gastric emptying and increase satiety.",,"Diabetes mellitus, type 2 : As an adjunct to diet and exercise to improve glycemic control in adults with type 2 diabetes mellitus To reduce the risk of major adverse cardiovascular events (cardiovascular death, non-fatal myocardial infarction, or non-fatal stroke) in adults with type 2 diabetes mellitus and established cardiovascular disease",Personal or family history of medullary thyroid carcinoma (MTC); Multiple Endocrine Neoplasia syndrome type 2 (MEN 2); Hypersensitivity to dulaglutide or any formulation ingredients,rx; Prescription only,,,Injection pen; GLP-1 Agonist; Antidiabetic,6,
pyrls,639e391cfcae6920598b538d,Lixisenatide,Adlyxin,GLP-1 Agonist; Antidiabetic,Other,subcutaneous,subcutaneous,,,,,,,,,,,"Glucagon-like peptide 1 (GLP-1) agonists are analogs of GLP-1 , an incretin hormone, that improve glycemic control by increasing glucose-dependent insulin secretion, decrease glucagon secretion, slow gastric emptying and increase satiety.",,Adjunct to diet and exercise to improve glycemic control in adults with type 2 diabetes mellitus,Hypersensitivity to lixisenatide or any formulation ingredients,rx; Prescription only,,,Injection pen; GLP-1 Agonist; Antidiabetic,6,
pyrls,639e391cfcae6920598b538e,Exenatide,Byetta; Bydureon,GLP-1 Agonist; Antidiabetic,Other,subcutaneous,subcutaneous,,,,,,,,,,,"Glucagon-like peptide 1 (GLP-1) agonists are analogs of GLP-1 , an incretin hormone, that improve glycemic control by increasing glucose-dependent insulin secretion, decrease glucagon secretion, slow gastric emptying and increase satiety.",,Adjunct to diet and exercise to improve glycemic control in adults with type 2 diabetes mellitus,Exenatide Extended Release: Personal or family history of medullary thyroid carcinoma (MTC); Exenatide Extended Release: Multiple Endocrine Neoplasia syndrome type 2 (MEN 2); History of drug-induced immune-mediated thrombocytopenia from exenatide products; Hypersensitivity to exenatide or any formulation ingredients,rx; Prescription only,,,Injection pen; GLP-1 Agonist; Antidiabetic,8,
pyrls,639e391cfcae6920598b538f,Canagliflozin,Invokana,SGLT-2 Inhibitor; Antidiabetic,Other,oral,oral,,,,,,,,,,,"Inhibits sodium-glucose co-transporter 2 (SGLT2) in the proximal renal tubules, reducing reabsorption of filtered glucose and thus increasing urinary glucose excretion .",,"Diabetes mellitus, type 2 As an adjunct to diet and exercise to improve glycemic control in adults with type 2 diabetes mellitus. To reduce the risk of major adverse cardiovascular events (cardiovascular death, nonfatal myocardial infarction and nonfatal stroke) in adults with type 2 diabetes mellitus and established cardiovascular disease (CVD). To reduce the risk of end-stage kidney disease (ESKD), doubling of serum creatinine, cardiovascular (CV) death, and hospitalization for heart failure in adults with type 2 diabetes mellitus and diabetic nephropathy with albuminuria > 300 mg/day.",On dialysis; Hypersensitivity to canagliflozin or any formulation ingredients,rx; Prescription only,,,Tablet; SGLT-2 Inhibitor; Antidiabetic,6,
pyrls,639e391cfcae6920598b5390,Dapagliflozin,Farxiga,SGLT-2 Inhibitor; Antidiabetic,Other,oral,oral,,,,,,,,,,,"Inhibits sodium-glucose co-transporter 2 (SGLT2) in the proximal renal tubules, reducing reabsorption of filtered glucose and thus increasing urinary glucose excretion .",,"Diabetes mellitus, type 2 As an adjunct to diet and exercise to improve glycemic control in adults with type 2 diabetes mellitus. To reduce the risk of hospitalization for heart failure in adults with type 2 diabetes mellitus and established cardiovascular disease (CVD) or multiple cardiovascular (CV) risk factors.; Heart Failure To reduce the risk of cardiovascular death and hospitalization for heart failure in adults with heart failure (NYHA class II-IV) with reduced ejection fraction.; Chronic Kidney Disease To reduce the risk of sustained eGFR decline, end-stage kidney disease, cardiovascular death, and hospitalization for heart failure in adults with chronic kidney disease at risk of progression. Limitations of use: Not recommended for CKD in patients with polycystic kidney disease or patients requiring or with a recent history of immunosuppressive therapy for kidney disease. Not expected to be effective in these populations.",Patients on dialysis; Hypersensitivity to dapagliflozin or any formulation ingredients,rx; Prescription only,,,Tablet; SGLT-2 Inhibitor; Antidiabetic,6,
pyrls,639e391cfcae6920598b5391,Empagliflozin,Jardiance,SGLT-2 Inhibitor; Antidiabetic,Other,oral,oral,,,,,,,,,,,"Inhibits sodium-glucose co-transporter 2 (SGLT2) in the proximal renal tubules, reducing reabsorption of filtered glucose and thus increasing urinary glucose excretion .",,"Diabetes mellitus, type 2 As an adjunct to diet and exercise to improve glycemic control in adults with type 2 diabetes mellitus. To reduce the risk of cardiovascular death in adult patients with type 2 diabetes mellitus and established cardiovascular disease.; Heart failure, reduced ejection fraction To reduce the risk of cardiovascular death plus hospitalization for heart failure in adults with heart failure and reduced ejection fraction","Severe renal impairment, end-stage renal disease, or dialysis; Hypersensitivity to empagliflozin or any formulation ingredients",rx; Prescription only,,,Tablet; SGLT-2 Inhibitor; Antidiabetic,6,
pyrls,639e391cfcae6920598b5392,Ertugliflozin,Steglatro,SGLT-2 Inhibitor; Antidiabetic,Other,oral,oral,,,,,,,,,,,"Inhibits sodium-glucose co-transporter 2 (SGLT2) in the proximal renal tubules, reducing reabsorption of filtered glucose and thus increasing urinary glucose excretion .",,Adjunct to diet and exercise to improve glycemic control in adults with type 2 diabetes mellitus,"Severe renal impairment (eGFR <30 mL/minute/1.73 m2), end-stage renal disease (ESRD), or dialysis; Hypersensitivity to ertugliflozin or any formulation ingredients",rx; Prescription only,,,Tablet; SGLT-2 Inhibitor; Antidiabetic,6,
pyrls,639e391cfcae6920598b5393,Sitagliptin,Januvia,DPP-4 Inhibitor; Antidiabetic,Other,oral,oral,,,,,,,,,,,"Inhibits dipeptidyl peptidase 4 (DPP-4) enzymes from inactivating incretin hormones, including glucagon-like peptide-1 (GLP-1) and glucose-dependent insulinotropic polypeptide (GIP). Incretin hormones help regulate blood glucose levels by increasing insulin synthesis and release , and lowering glucagon secretion , which reduces hepatic glucose production .",,Adjunct to diet and exercise to improve glycemic control in adults with type 2 diabetes mellitus,Hypersensitivity to sitagliptin or any formulation ingredients,rx; Prescription only,,,Tablet; DPP-4 Inhibitor; Antidiabetic,6,
pyrls,639e391cfcae6920598b5394,Saxagliptin,Onglyza,DPP-4 Inhibitor; Antidiabetic,Other,oral,oral,,,,,,,,,,,"Inhibits dipeptidyl peptidase 4 (DPP-4) enzymes from inactivating incretin hormones, including glucagon-like peptide-1 (GLP-1) and glucose-dependent insulinotropic polypeptide (GIP). Incretin hormones help regulate blood glucose levels by increasing insulin synthesis and release , and lowering glucagon secretion , which reduces hepatic glucose production .",,Adjunct to diet and exercise to improve glycemic control in adults with type 2 diabetes mellitus,Hypersensitivity to saxagliptin or any formulation ingredients,rx; Prescription only,,,Tablet; DPP-4 Inhibitor; Antidiabetic,6,
pyrls,639e391cfcae6920598b5395,Linagliptin,Tradjenta,DPP-4 Inhibitor; Antidiabetic,Other,oral,oral,,,,,,,,,,,"Inhibits dipeptidyl peptidase 4 (DPP-4) enzymes from inactivating incretin hormones, including glucagon-like peptide-1 (GLP-1) and glucose-dependent insulinotropic polypeptide (GIP). Incretin hormones help regulate blood glucose levels by increasing insulin synthesis and release , and lowering glucagon secretion , which reduces hepatic glucose production .",,Adjunct to diet and exercise to improve glycemic control in adults with type 2 diabetes mellitus,Hypersensitivity to linagliptin or any formulation ingredients,rx; Prescription only,,,Tablet; DPP-4 Inhibitor; Antidiabetic,6,
pyrls,639e391cfcae6920598b5396,Alogliptin,Nesina,DPP-4 Inhibitor; Antidiabetic,Other,oral,oral,,,,,,,,,,,"Inhibits dipeptidyl peptidase 4 (DPP-4) enzymes from inactivating incretin hormones, including glucagon-like peptide-1 (GLP-1) and glucose-dependent insulinotropic polypeptide (GIP). Incretin hormones help regulate blood glucose levels by increasing insulin synthesis and release , and lowering glucagon secretion , which reduces hepatic glucose production .",,Adjunct to diet and exercise to improve glycemic control in adults with type 2 diabetes mellitus,Hypersensitivity to alogliptin or any formulation ingredients,rx; Prescription only,,,Tablet; DPP-4 Inhibitor; Antidiabetic,6,
pyrls,639e391cfcae6920598b5397,Glipizide,Glucotrol; Glucotrol XL,Sulfonylurea; Antidiabetic,Other,oral,oral,,,,,,,,,,,"Stimulates insulin secretion from pancreatic beta cells, decreasing postprandial blood glucose .",,Adjunct to diet and exercise to improve glycemic control in adults with type 2 diabetes mellitus,"Hypersensitivity to glipizide, sulfonamide derivatives, or any formulation ingredients; Type 1 diabetes mellitus; Diabetic ketoacidosis, with or without coma",rx; Prescription only,,,"Tablet, extended release tablet; Sulfonylurea; Antidiabetic",9,
pyrls,639e391cfcae6920598b5398,Glimepiride,Amaryl,Sulfonylurea; Antidiabetic,Other,oral,oral,,,,,,,,,,,"Stimulates insulin secretion from pancreatic beta cells, decreasing postprandial blood glucose .",,Adjunct to diet and exercise to improve glycemic control in adults with type 2 diabetes mellitus,"Hypersensitivity to glimepiride, sulfonamide derivatives, or any formulation ingredients",rx; Prescription only,,,Tablet; Sulfonylurea; Antidiabetic,8,
pyrls,639e391cfcae6920598b5399,Glyburide,Diabeta; Glynase (micronized),Sulfonylurea; Antidiabetic,Other,oral,oral,,,,,,,,,,,"Stimulates insulin secretion from pancreatic beta cells, decreasing postprandial blood glucose .",,Adjunct to diet and exercise to improve glycemic control in adults with type 2 diabetes mellitus,"Hypersensitivity to glyburide, or any formulation ingredients; Type 1 diabetes mellitus; Diabetic ketoacidosis, with or without coma; Concomitant use with bosentan",rx; Prescription only,,,"Tablet, micronized tablet; Sulfonylurea; Antidiabetic",9,
pyrls,639e391cfcae6920598b539a,Repaglinide,Prandin,Meglitinide; Antidiabetic,Other,oral,oral,,,,,,,,,,,"Stimulates insulin secretion from pancreatic beta cells, decreasing postprandial blood glucose .",,Adjunct to diet and exercise to improve glycemic control in adults with type 2 diabetes mellitus,"Hypersensitivity to repaglinide, or any formulation ingredients; Concomitant use of gemfibrozil",rx; Prescription only,,,Tablet; Meglitinide; Antidiabetic,6,
pyrls,639e391cfcae6920598b539b,Nateglinide,Starlix,Meglitinide; Antidiabetic,Other,oral,oral,,,,,,,,,,,"Stimulates insulin secretion from pancreatic beta cells, decreasing postprandial blood glucose .",,Adjunct to diet and exercise to improve glycemic control in adults with type 2 diabetes mellitus,"Hypersensitivity to nateglinide, or any formulation ingredients",rx; Prescription only,,,Tablet; Meglitinide; Antidiabetic,6,
pyrls,639e391cfcae6920598b539c,Pioglitazone,Actos,Thiazolidinedione; Antidiabetic,Other,oral,oral,,,,,,,,,,,"Agonizes peroxisome proliferator-activated receptor-gamma ( PPAR receptors ) causing increased peripheral insulin sensitivity . PPAR receptors are found in tissues important for insulin action such as adipose tissue, skeletal muscle, and the liver.",,Adjunct to diet and exercise to improve glycemic control in adults with type 2 diabetes mellitus,Patients with established NYHA Class III or IV heart failure; Hypersensitivity to pioglitazone or any formulation ingredients,rx; Prescription only,,,Tablet; Thiazolidinedione; Antidiabetic,7,
pyrls,639e391cfcae6920598b539d,Rosiglitazone,Avandia,Thiazolidinedione; Antidiabetic,Other,oral,oral,,,,,,,,,,,"Agonizes peroxisome proliferator-activated receptor-gamma ( PPAR receptors ) causing increased peripheral insulin sensitivity . PPAR receptors are found in tissues important for insulin action such as adipose tissue, skeletal muscle, and the liver.",,Adjunct to diet and exercise to improve glycemic control in adults with type 2 diabetes mellitus,Patients with established NYHA Class III or IV heart failure; Hypersensitivity to rosiglitazone or any formulation ingredients,rx; Prescription only,,,Tablet; Thiazolidinedione; Antidiabetic,7,
pyrls,639e391cfcae6920598b539e,Metformin,Glucophage; Glumetza Fortamet; Riomet,Biguanide,Other,oral,oral,,,,,,,,,,,"Decreases hepatic glucose production and intestinal glucose absorption, and increases insulin sensitivity.",,"Adjunct to diet and exercise to improve glycemic control in type 2 diabetes mellitus Note : Metformin immediate release tablet is indicated in those age 10+ years old , metformin extended release is approved in adults.","Severe renal impairment (eGFR below 30 mL/min/1.73 m2); Acute or chronic metabolic acidosis, including diabetic ketoacidosis, with or without coma; Hypersensitivity to metformin or any formulation ingredients",rx; Prescription only,,,"Tablet, extended release tablet, solution, extended release suspension; Biguanide",9,
pyrls,639e391cfcae6920598b539f,Atorvastatin,Lipitor,Statin; Antihyperlipidemic,Other,oral,oral,,,,,,,,,,,"Inhibits HMG-CoA reductase , the rate-limiting enzyme that converts 3-hydroxy-3-methylglutaryl-coenzyme A to mevalonate, a precursor of sterols, including cholesterol.",,"Prevention of cardiovascular disease Primary prevention : To reduce the risk of myocardial infarction (MI), stroke, revascularization procedures, and angina in adults without a history of coronary heart disease (CHD) who have multiple CHD risk factors such as: age, smoking, hypertension, low HDL-C, or a family history of early CHD; or those with type 2 diabetes and multiple CHD risk factors such as: retinopathy, albuminuria, smoking, or hypertension. Secondary prevention : To reduce the risk of MI, stroke, revascularization procedures, hospitalization for congestive heart failure, and angina in those with a history of CHD .; Hyperlipidemia Primary hypercholesterolemia (heterozygous familial and nonfamilial), mixed lipidemia : As an adjunct to diet to reduce elevated total-C, LDL-C, apo B, and TG levels and to increase HDL-C in adults with primary hypercholesterolemia (heterozygous familial and nonfamilial) and mixed dyslipidemia (Fredrickson Types IIa and IIb). Hypertriglyceridemia : As an adjunct to diet for the treatment of adults with elevated serum TG levels (Fredrickson Type IV). Homozygous familial hypercholesterolemia (adjunct): To reduce total-C and LDL-C in adults as an adjunct to other lipid-lowering treatments (e.g., LDL apheresis) or if such treatments are unavailable. Pediatric heterozygous familial hypercholesterolemia : As an adjunct to diet to reduce total-C, LDL-C, and apo B levels in those 10+ years of age if an adequate trial of diet therapy results in LDL-C still ≥ 190 mg/dL or LDL-C still ≥ 160 mg/dL when there is family history of premature cardiovascular disease or 2+ other CVD risk factors. Primary dysbetalipoproteinemia : For the treatment of adults with primary dysbetalipoproteinemia (Fredrickson Type III) who do not respond adequately to diet.","Active liver disease, which may include unexplained persistent elevations in hepatic transaminase levels; Women who are pregnant or may become pregnant; Nursing mothers; Hypersensitivity to atorvastatin or any formulation ingredients",rx; Prescription only,,,Tablet; Statin; Antihyperlipidemic,10,
pyrls,639e391cfcae6920598b53a0,Fluvastatin,Lescol; Lescol XL,Statin; Antihyperlipidemic,Other,oral,oral,,,,,,,,,,,"Inhibits HMG-CoA reductase , the rate-limiting enzyme that converts 3-hydroxy-3-methylglutaryl-coenzyme A to mevalonate, a precursor of sterols, including cholesterol.",,"Hypercholesterolemia (Heterozygous Familial and Nonfamilial) and Mixed Dyslipidemia : As an adjunct to diet to reduce elevated total cholesterol (Total-C), low-density lipoprotein cholesterol (LDL-C), triglyceride (TG) and apolipoprotein B (Apo B) levels, and to increase high-density lipoprotein cholesterol (HDL-C) in patients with primary hypercholesterolemia and mixed dyslipidemia (Fredrickson Type IIa and IIb). As an adjunct to diet to reduce Total-C, LDL-C, and Apo B levels in adolescent boys and adolescent girls who are at least one year post-menarche, 10-16 years of age, with heterozygous familial hypercholesterolemia and either LDL-C still ≥ 190 mg/dL, or LDL-C still ≥ 160 mg/dL when there is family history of premature cardiovascular disease or 2+ other CVD risk factors.; Secondary Prevention of Cardiovascular Disease : To reduce the risk of undergoing coronary revascularization procedures and slow the progression of coronary atherosclerosis in those with clinically evident coronary heart disease.","Active liver disease, which may include unexplained persistent elevations in hepatic transaminase levels; Pregnancy or planning to become pregnant; Nursing mothers; Hypersensitivity to fluvastatin or any formulation ingredients",rx; Prescription only,,,"Capsule, extended release tablet; Statin; Antihyperlipidemic",11,
pyrls,639e391cfcae6920598b53a1,Lovastatin,Altoprev; Mevacor,Statin; Antihyperlipidemic,Other,oral,oral,,,,,,,,,,,"Inhibits HMG-CoA reductase , the rate-limiting enzyme that converts 3-hydroxy-3-methylglutaryl-coenzyme A to mevalonate, a precursor of sterols, including cholesterol.",,"Primary hypercholesterolemia (Heterozygous Familial and Nonfamilial) and Mixed Dyslipidemia : as an adjunct to diet for the reduction of elevated Total-C, LDL-C, Apo B, and TG, and to increase HDL-C in patients with primary hypercholesterolemia (heterozygous familial and non-familial) and mixed dyslipidemia (Fredrickson types IIa and IIb).; Pediatric Heterozygous Familial Hypercholesterolemia : As an adjunct to diet to reduce total-C, LDL-C, and apo B levels in adolescent boys and girls who are at least one year post-menarche 10+ years of age if an adequate trial of diet therapy results in LDL-C still > 189 mg/dL or LDL-C still > 160 mg/dL when there is family history of premature cardiovascular disease or 2+ other CVD risk factors.; Prevention of Coronary Heart Disease : To reduce the risk of myocardial infarction, unstable angina, coronary revascularization procedures in patients without symptomatic coronary heart disease (CHD), but at high risk. to slow the progression of coronary atherosclerosis in patients with coronary heart disease as part of a treatment strategy to lower Total-C and LDL-C to target levels.","Active liver disease, which may include unexplained persistent elevations in hepatic transaminase levels; Women who are pregnant or may become pregnant; Nursing mothers; Concomitant use of erythromycin; Concomitant use of strong CYP3A4 inhibitors (e.g., itraconazole, ketoconazole, posaconazole, voriconazole, HIV protease inhibitors, boceprevir, telaprevir, erythromycin, clarithromycin, telithromycin, nefazodone, and cobicistat-containing products); Hypersensitivity to lovastatin or any formulation ingredients",rx; Prescription only,,,"Tablet, extended release tablet; Statin; Antihyperlipidemic",11,
pyrls,639e391cfcae6920598b53a2,Pitavastatin,Livalo; Zypitamag,Statin; Antihyperlipidemic,Other,oral,oral,,,,,,,,,,,"Inhibits HMG-CoA reductase , the rate-limiting enzyme that converts 3-hydroxy-3-methylglutaryl-coenzyme A to mevalonate, a precursor of sterols, including cholesterol.",,"Primary hyperlipidemia and mixed dyslipidemia: As an adjunctive therapy to diet to reduce elevated total cholesterol, low-density lipoprotein cholesterol (LDL-C), apolipoprotein B (apo B), and triglycerides (TG), and to increase high-density lipoprotein cholesterol (HDL-C) in adults with primary hyperlipidemia or mixed dyslipidemia.; Heterozygous familial hypercholesterolemia: As an adjunctive therapy to diet to reduce elevated total cholesterol, LDL-C, and apo B in pediatric patients 8+ years of age .","Active liver disease, which may include unexplained persistent elevations in hepatic transaminase levels; Women who are pregnant or may become pregnant; Nursing mothers; Concomitant use of cyclosporine; Hypersensitivity to pitavastatin or any formulation ingredients",rx; Prescription only,,,"Tablet, -calcium (Livalo), tablet, -magnesium (Zypitamag); Statin; Antihyperlipidemic",11,
pyrls,639e391cfcae6920598b53a3,Pravastatin,Pravachol,Statin; Antihyperlipidemic,Other,oral,oral,,,,,,,,,,,"Inhibits HMG-CoA reductase , the rate-limiting enzyme that converts 3-hydroxy-3-methylglutaryl-coenzyme A to mevalonate, a precursor of sterols, including cholesterol.",,"Prevention of cardiovascular disease Primary prevention : To reduce the risk of myocardial infarction (MI), stroke, revascularization procedures, and cardiovascular mortality with no increase in death from non-cardiovascular causes in those without a history of coronary heart disease (CHD). Secondary prevention : To reduce the risk of total mortality by reducing coronary death, MI, stroke, revascularization procedures, and slow the progression of coronary atherosclerosis in those with a history of CHD .; Hyperlipidemia Primary hypercholesterolemia (heterozygous familial and nonfamilial), mixed lipidemia : As an adjunct to diet to reduce elevated total-C, LDL-C, apo B, and TG levels and to increase HDL-C in adults with primary hypercholesterolemia (heterozygous familial and nonfamilial) and mixed dyslipidemia (Fredrickson Types IIa and IIb). Hypertriglyceridemia : As an adjunct to diet for the treatment of adults with elevated serum TG levels (Fredrickson Type IV). Pediatric heterozygous familial hypercholesterolemia : As an adjunct to diet to reduce total-C, LDL-C, and apo B levels in those 8+ years of age if an adequate trial of diet therapy results in LDL-C still ≥ 190 mg/dL or LDL-C still ≥ 160 mg/dL when there is family history of premature cardiovascular disease or 2+ other CVD risk factors. Primary dysbetalipoproteinemia : For the treatment of adults with primary dysbetalipoproteinemia (Fredrickson Type III) who do not respond adequately to diet.","Active liver disease, which may include unexplained persistent elevations in hepatic transaminase levels; Women who are pregnant or may become pregnant; Nursing mothers; Hypersensitivity to pravastatin or any formulation ingredients",rx; Prescription only,,,Tablet; Statin; Antihyperlipidemic,10,
pyrls,639e391cfcae6920598b53a4,Rosuvastatin,Crestor; Ezallor,Statin; Antihyperlipidemic,Other,oral,oral,,,,,,,,,,,"Inhibits HMG-CoA reductase , the rate-limiting enzyme that converts 3-hydroxy-3-methylglutaryl-coenzyme A to mevalonate, a precursor of sterols, including cholesterol.",,"Primary Prevention of Cardiovascular Disease : reduce the risk of stroke, myocardial infarction, and arterial revascularization procedures in individuals without clinically evident coronary heart disease but with an increased risk of cardiovascular disease based on age ≥50 years old in men and ≥60 years old in women, hsCRP ≥2 mg/L, and the presence of at least one additional cardiovascular disease risk factor such as hypertension, low HDL‑C, smoking, or a family history of premature coronary heart disease; Hyperlipidemia and Mixed Dyslipidemia : As adjunctive therapy to diet to reduce elevated Total-C, LDL-C, ApoB, nonHDL‑C, and triglycerides and to increase HDL‑C in adult patients with primary hyperlipidemia or mixed dyslipidemia.; Slowing of the Progression of Atherosclerosis : As adjunctive therapy to diet to slow the progression of atherosclerosis in adult patients as part of a treatment strategy to lower Total‑C and LDL‑C to target levels.; Adult Patients with Homozygous Familial Hypercholesterolemia : As adjunctive therapy to other lipid-lowering treatments (e.g., LDL apheresis) or alone if such treatments are unavailable to reduce LDL‑C, Total‑C, and ApoB in adult patients with homozygous familial hypercholesterolemia.; Pediatric Patients with Familial Hypercholesterolemia , As an adjunct to diet to: To reduce Total-C, LDL-C and ApoB levels in children 8+ years of age with heterozygous familial hypercholesterolemia if after an adequate trial of diet therapy the following findings are present: LDL-C >190 mg/dL, or >160 mg/dL along with a positive family history of premature cardiovascular disease (CVD) or two or more other CVD risk factors. To reduce LDL-C, Total-C, nonHDL-C and ApoB in children 7+ years of age with homozygous familial hypercholesterolemia, either alone or with other lipid-lowering treatments (e.g., LDL apheresis).; Hypertriglyceridemia : As adjunctive therapy to diet for the treatment of adult patients with hypertriglyceridemia.; Primary Dysbetalipoproteinemia (Type III Hyperlipoproteinemia) : As an adjunct to diet for the treatment of adult patients with primary dysbetalipoproteinemia (Type III Hyperlipoproteinemia).","Active liver disease, which may include unexplained persistent elevations in hepatic transaminase levels; Women who are pregnant or may become pregnant; Nursing mothers; Hypersensitivity to rosuvastatin or any formulation ingredients",rx; Prescription only,,,"Tablet, capsule; Statin; Antihyperlipidemic",11,
pyrls,639e391cfcae6920598b53a5,Simvastatin,Zocor; FloLipid,Statin; Antihyperlipidemic,Other,oral,oral,,,,,,,,,,,"Inhibits HMG-CoA reductase , the rate-limiting enzyme that converts 3-hydroxy-3-methylglutaryl-coenzyme A to mevalonate, a precursor of sterols, including cholesterol.",,"Reductions in risk of coronary heart disease (CHD) mortality and cardiovascular events : As an adjunct to diet to reduce the risk of total mortality by reducing CHD deaths, non-fatal myocardial infarction and stroke, and the need for coronary and non-coronary revascularization procedures in patients at high risk of coronary events because of existing coronary heart disease, diabetes, peripheral vessel disease, history of stroke or other cerebrovascular disease.; Hyperlipidemia Primary hypercholesterolemia (heterozygous familial and nonfamilial), mixed lipidemia : as an adjunct to die to reduce elevated total-C, LDL-C, apo B, and TG levels and to increase HDL-C in adults with primary hypercholesterolemia (heterozygous familial and nonfamilial) and mixed dyslipidemia (Fredrickson Types IIa and IIb). Hypertriglyceridemia : As an adjunct to diet to reduce elevated TG in patients with hypertriglyceridemia (Fredrickson type lV hyperlipidemia). Homozygous familial hypercholesterolemia (adjunct): As an adjunct to diet to reduce total-C and LDL-C in patients as an adjunct to other lipid-lowering treatments (e.g., LDL apheresis) or if such treatments are unavailable. Pediatric heterozygous familial hypercholesterolemia : As an adjunct to diet to reduce total-C, LDL-C, and apo B levels in adolescent boys and girls who are at least one year post-menarche 10+ years of age if an adequate trial of diet therapy results in LDL-C still ≥ 190 mg/dL or LDL-C still ≥ 160 mg/dL when there is family history of premature cardiovascular disease or 2+ other CVD risk factors. Primary dysbetalipoproteinemia : As an adjunct to diet to reduce elevated TG and VLDL-C in patients with primary dysbetalipoproteinemia (Fredrickson type lll hyperlipidemia).","Active liver disease, which may include unexplained persistent elevations in hepatic transaminase levels; Concomitant use of strong CYP3A4 inhibitors (e.g., itraconazole, ketoconazole, posaconazole, voriconazole, HIV protease inhibitors, boceprevir, telaprevir, erythromycin, clarithromycin, telithromycin, nefazodone, and cobicistat-containing products); Concomitant use of gemfibrozil, cyclosporine, or danazol; Women who are pregnant or may become pregnant; Nursing mothers; Hypersensitivity to simvastatin or any formulation ingredients",rx; Prescription only,,,"Tablet, suspension; Statin; Antihyperlipidemic",11,
pyrls,639e391cfcae6920598b53a6,Famotidine,Pepcid,Histamine-2 Receptor Antagonist; Antacid Agent,Other,oral,oral,,,,,,,,,,,Reversibly inhibits histamine-2 receptors (H2 receptors) on gastric parietal cells resulting in decreased gastric acid secretion .,,"Relieves or prevents heartburn associated with acid indigestion and sour stomach (OTC).; Treatment of the following in adults and children >88 lbs (40kg): active duodenal ulcer (DU) active gastric ulcer (GU) symptomatic non-erosive gastroesophageal reflux disease (GERD) erosive esophagitis due to GERD, diagnosed by biopsy; Treatment in adults of pathological hypersecretory conditions (e.g. Zollinger-Ellison syndrome, multiple endocrine neoplasias) to reduce the risk of duodenal ulcer recurrence.","Hypersensitivity to famotidine, other histamine-2 (H2) receptor antagonists, or any formulation ingredients",rx; otc; Rx/OTC depending on formulation/strength,,,"Tablet, suspension; Histamine-2 Receptor Antagonist; Antacid Agent",6,
pyrls,639e391cfcae6920598b53a7,Ranitidine,Zantac,Histamine-2 Receptor Antagonist; Antacid Agent,Other,oral,oral,,,,,,,,,,,Reversibly inhibits histamine-2 receptors (H2 receptors) on gastric parietal cells resulting in decreased gastric acid secretion .,,"Relieves or prevents heartburn associated with acid indigestion and sour stomach (OTC).; Treatment of active duodenal or gastric ulcers .; Treatment of gastroesophageal reflux disease (GERD).; Treatment of endoscopically diagnosed erosive esophagitis .; Treatment of pathological hypersecretory conditions (e.g., Zollinger-Ellison syndrome and systemic mastocytosis).; Maintenance of healing of erosive esophagitis .","Hypersensitivity to ranitidine, or any formulation ingredients","rx; otc; Rx/OTC depending on formulation/strength, discontinued in the U.S.",,,"Tablet, capsule, syrup; Histamine-2 Receptor Antagonist; Antacid Agent",8,
pyrls,639e391cfcae6920598b53a8,Cimetidine,Tagamet,Histamine-2 Receptor Antagonist; Antacid Agent,Other,oral,oral,,,,,,,,,,,Reversibly inhibits histamine-2 receptors (H2 receptors) on gastric parietal cells resulting in decreased gastric acid secretion .,,"Relieves or prevents heartburn associated with acid indigestion and sour stomach (OTC).; Treatment of active duodenal or gastric ulcers .; Treatment of gastroesophageal reflux disease (GERD).; Treatment of endoscopically diagnosed erosive esophagitis .; Treatment of pathological hypersecretory conditions (e.g., Zollinger-Ellison syndrome and systemic mastocytosis).; Maintenance of healing of erosive esophagitis .","Hypersensitivity to cimetidine, or any formulation ingredients; When used over-the-counter for self-medication, do not use if trouble or pain when swallowing food, vomiting with blood, or bloody or black stools, allergic to cimetidine or other acid reducers. Do not use with other acid reducers.",rx; Prescription only,,,"Tablet, solution; Histamine-2 Receptor Antagonist; Antacid Agent",7,
pyrls,639e391cfcae6920598b53a9,Omeprazole,Prilosec,Proton Pump Inhibitor,Other,oral,oral,,,,,,,,,,,Binds to and irreversibly inhibits H+/K+ ATPase pumps (proton pumps) on gastric parietal cells resulting in decreased gastric acid secretion .,,"Short-term treatment of gastroesophageal reflux disease (GERD) for up to 4 weeks in those 2+ years of age .; Treatment of frequent, uncomplicated heartburn (occurring 2+ days per week) in adults (OTC).; Short-term treatment of active duodenal and gastric ulcers in adults.; Treatment and maintenance of erosive esophagitis due to acid-mediated GERD that has been diagnosed by endoscopy in those 2+ years of age .; Treatment of pathological hypersecretory conditions (e.g. Zollinger-Ellison syndrome and systemic mastocytosis).; Helicobacter pylori eradication to reduce the risk of duodenal ulcer recurrence: Triple Therapy: in combination with clarithromycin and amoxicillin in adults. Dual Therapy: in combination with clarithromycin adults.","Concomitant use with products containing rilpivirine; Hypersensitivity to omeprazole, other substituted benzimidazole proton pump inhibitors, or any formulation ingredients; When used over-the-counter for self-medication, do not use if you have: trouble or pain swallowing food, vomiting with blood, or bloody or black stools, heartburn with lightheadedness, sweating or dizziness, chest pain or shoulder pain with shortness of breath; sweating; pain spreading to arms, neck or shoulders; lightheadedness, or frequent chest pain",rx; otc; Rx/OTC depending on formulation/strength,,,"Delayed release capsule, delayed release tablet, packet; Proton Pump Inhibitor",6,
pyrls,639e391cfcae6920598b53aa,Esomeprazole,Nexium,Proton Pump Inhibitor,Other,oral,oral,,,,,,,,,,,Binds to and irreversibly inhibits H+/K+ ATPase pumps (proton pumps) on gastric parietal cells resulting in decreased gastric acid secretion .,,"Short-term treatment of gastroesophageal reflux disease (GERD) for 4-8 weeks in adults and children 1+ years of age .; Treatment of frequent, uncomplicated heartburn (occurring 2+ days per week) in adults (OTC).; Short-term treatment of active duodenal and gastric ulcers in adults.; Treatment and maintenance of erosive esophagitis due to acid-mediated GERD that has been diagnosed by endoscopy; Short-term treatment (up to 6 weeks) of erosive esophagitis due to acid-mediated GERD in infants 1 month to less than 1 year; Reduction in the occurrence of gastric ulcers associated with continuous NSAID therapy in patients at risk for developing gastric ulcers. Patients are considered to be at risk due to their age (≥ 60) and/or documented history of gastric ulcers.; Treatment of pathological hypersecretory conditions (e.g. Zollinger-Ellison syndrome and systemic mastocytosis).; Helicobacter pylori eradication to reduce the risk of duodenal ulcer recurrence: Triple Therapy: in combination with clarithromycin and amoxicillin.","Concomitant use with products containing rilpivirine; Hypersensitivity to esomeprazole, other substituted benzimidazole proton pump inhibitors, or any formulation ingredients; When used over-the-counter for self-medication, do not use if you have: trouble or pain swallowing food, vomiting with blood, or bloody or black stools, heartburn with lightheadedness, sweating or dizziness, chest pain or shoulder pain with shortness of breath; sweating; pain spreading to arms, neck or shoulders; lightheadedness, or frequent chest pain",rx; otc; Rx/OTC depending on formulation/strength,,,"Delayed release capsule, delayed release tablet, packet; Proton Pump Inhibitor",6,
pyrls,639e391cfcae6920598b53ab,Lansoprazole,Prevacid,Proton Pump Inhibitor,Other,oral,oral,,,,,,,,,,,Binds to and irreversibly inhibits H+/K+ ATPase pumps (proton pumps) on gastric parietal cells resulting in decreased gastric acid secretion .,,"Short-term treatment of gastroesophageal reflux disease (GERD) for up to 4 weeks in patients 11+ years of age .; Treatment of frequent, uncomplicated heartburn (occurring 2+ days per week) in adults (OTC).; Short-term treatment of active duodenal and gastric ulcers , and maintenance management of healed duodenal ulcers in adults.; Reducing the risk of NSAID-associated gastric ulcers in adults with a history of a documented gastric ulcer who require the use of an NSAID.; Short-term treatment of erosive esophagitis in patients 11+ years of age .; Maintenance of erosive esophagitis in adults.; Treatment of pathological hypersecretory conditions (e.g., Zollinger-Ellison syndrome and systemic mastocytosis) in adults.; Helicobacter pylori eradication to reduce the risk of duodenal ulcer recurrence: Triple Therapy: in combination with clarithromycin and amoxicillin in adults. Dual Therapy: in combination with amoxicillin adults.","Concomitant use with products containing rilpivirine; Hypersensitivity to lansoprazole, or any formulation ingredients; When used over-the-counter for self-medication, do not use if you have: trouble or pain swallowing food, vomiting with blood, or bloody or black stools, heartburn with lightheadedness, sweating or dizziness, chest pain or shoulder pain with shortness of breath; sweating; pain spreading to arms, neck or shoulders; lightheadedness, or frequent chest pain",rx; otc; Rx/OTC depending on formulation/strength,,,"Delayed release capsule, delayed release tablet; Proton Pump Inhibitor",6,
pyrls,639e391cfcae6920598b53ac,Pantoprazole,Protonix,Proton Pump Inhibitor,Other,oral,oral,,,,,,,,,,,Binds to and irreversibly inhibits H+/K+ ATPase pumps (proton pumps) on gastric parietal cells resulting in decreased gastric acid secretion .,,"Short-term treatment of erosive esophagitis associated with gastroesophageal reflux disease (GERD) in patients 5+ years of age.; Maintenance healing of erosive esophagitis in adults.; Treatment of pathological hypersecretory conditions (e.g., Zollinger-Ellison syndrome and systemic mastocytosis).","Concomitant use with products containing rilpivirine; Hypersensitivity to pantoprazole, other substituted benzimidazole proton pump inhibitors, or any formulation ingredients",rx; Prescription only,,,"Delayed release tablet, packet; Proton Pump Inhibitor",7,
pyrls,639e391cfcae6920598b53ad,Dexlansoprazole,Dexilant,Proton Pump Inhibitor,Other,oral,oral,,,,,,,,,,,Binds to and irreversibly inhibits H+/K+ ATPase pumps (proton pumps) on gastric parietal cells resulting in decreased gastric acid secretion .,,Treatment of erosive esophagitis in those 12+ years of age .; Maintenance healing of erosive esophagitis and relief of associated heartburn in those 12+ years of age .; Treatment of gastroesophageal reflux disease (GERD) in those 12+ years of age .,Concomitant use with products containing rilpivirine; Hypersensitivity to dexlansoprazole or any formulation ingredients,rx; Prescription only,,,Delayed release capsule; Proton Pump Inhibitor,7,
pyrls,639e391cfcae6920598b53ae,Pseudoephedrine,Sudafed,Alpha/Beta-Adrenergic Agonist; Decongestant,Other,oral,oral,,,,,,,,,,,"Agonizes alpha-adrenergic receptors in the respiratory mucosa causing vasoconstriction which reduces sinus and nasal congestion. Agonizes beta-adrenergic receptors in the lungs and heart causing bronchial relaxation , and increased heart rate and contractility.",,"Temporary relief of nasal congestion due to the common cold, hay fever or other upper respiratory allergies; Temporary relief of sinus congestion and pressure",Concurrent use with or within 14 days of discontinuing an MAO inhibitor; Hypersensitivity pseudoephedrine or any formulation ingredients,"rx; otc; c; Rx/OTC depending on product, OTC only available behind the counter",,,"Tablet, extended release tablet, syrup, liquid; Alpha/Beta-Adrenergic Agonist; Decongestant",5,
pyrls,639e391cfcae6920598b53af,Cetirizine,Zyrtec,"Antihistamine, 2nd Generation",Antihistamine,oral,oral,,,,,,,,,,,Blocks histamine at peripheral histamine-1 receptors (H1 receptors).,,Relief of symptoms associated with perennial allergic rhinitis; Treatment of the uncomplicated skin manifestations of chronic idiopathic urticaria,"Hypersensitivity cetirizine, hydroxyzine, or any formulation ingredients",rx; otc; Rx/OTC depending on formulation,,,"Tablet, chewable tablet, orally disintegrating, capsule, solution; Antihistamine, 2nd Generation",6,
pyrls,639e391cfcae6920598b53b0,Levocetirizine,Xyzal,"Antihistamine, 3rd Generation",Antihistamine,oral,oral,,,,,,,,,,,Blocks histamine at peripheral histamine-1 receptors (H1 receptors).,,Relief of symptoms associated with perennial allergic rhinitis; Treatment of the uncomplicated skin manifestations of chronic idiopathic urticaria,"Those with end-stage renal disease (CrCl < 10 mL/min) or undergoing hemodialysis; Children 6 months to 11 years of age with impaired renal function.; Hypersensitivity levocetirizine, cetirizine, or any formulation ingredients",rx; otc; Rx/OTC depending on product,,,"Tablet, solution; Antihistamine, 3rd Generation",5,
pyrls,639e391cfcae6920598b53b1,Fexofenadine,Allegra,"Antihistamine, 3rd Generation",Antihistamine,oral,oral,,,,,,,,,,,Blocks histamine at peripheral histamine-1 receptors (H1 receptors).,,Relief of symptoms associated with seasonal allergic rhinitis; Treatment of the uncomplicated skin manifestations of chronic idiopathic urticaria,Hypersensitivity fexofenadine or any formulation ingredients,rx; otc; Rx/OTC depending on product,,,"Tablet, orally disintegrating tablet, suspension; Antihistamine, 3rd Generation",4,
pyrls,639e391cfcae6920598b53b2,Loratadine,Claritin; Alavert,"Antihistamine, 2nd Generation",Antihistamine,oral,oral,,,,,,,,,,,Blocks histamine at peripheral histamine-1 receptors (H1 receptors).,,Relief of symptoms associated with seasonal allergic rhinitis; Treatment of urticaria (itching) due to hives,Hypersensitivity loratadine or any formulation ingredients,rx; otc; Rx/OTC depending on product,,,"Tablet, chewable tablet, orally disintegrating tablet, capsule, solution, syrup; Antihistamine, 2nd Generation",5,
pyrls,639e391cfcae6920598b53b3,Desloratadine,Clarinex,"Antihistamine, 3rd Generation",Antihistamine,oral,oral,,,,,,,,,,,Blocks histamine at peripheral histamine-1 receptors (H1 receptors).,,"Relief of symptoms associated with seasonal or perennial allergic rhinitis; Relief of pruritus, reduction in the number and size of hives from chronic idiopathic urticaria","Hypersensitivity desloratadine, loratadine, or any formulation ingredients",rx; Prescription only,,,"Tablet, orally disintegrating tablet, syrup; Antihistamine, 3rd Generation",4,
pyrls,639e391cfcae6920598b53b4,Azelastine,Astelin; Astepro,"Antihistamine, 2nd Generation",Antihistamine,insufflation,insufflation,,,,,,,,,,,Blocks histamine at peripheral histamine-1 receptors (H1 receptors).,,Relief of symptoms associated with seasonal or perennial allergic rhinitis,"Hypersensitivity azelastine, or any formulation ingredients",rx; otc; Rx/OTC depending on product,,,"Nasal spray; Antihistamine, 2nd Generation",5,
pyrls,639e391cfcae6920598b53b5,Erenumab,Aimovig,CGRP Antagonist,Other,subcutaneous,subcutaneous,,,,,,,,,,,"Binds to the calcitonin gene-related peptide (CGRP) receptor , thus blocking the CGRP ligand . When the CGRP ligand binds to its receptor, it activates a cascade of events associated with migraine pain.",,Prevention of migraine in adults,Hypersensitivity to erenumab or any formulation ingredients,rx; Prescription only,,,"Injection pen, pre-filled syringe; CGRP Antagonist",2,
pyrls,639e391cfcae6920598b53b6,Fremanezumab,Ajovy,CGRP Antagonist,Other,subcutaneous,subcutaneous,,,,,,,,,,,"Binds to the calcitonin gene-related peptide (CGRP) ligand , thus preventing binding to the CGRP receptor . When the CGRP ligand binds to its receptor, it activates a cascade of events associated with migraine pain.",,Prevention of migraine in adults,Hypersensitivity to fremanezumab or any formulation ingredients,rx; Prescription only,,,"Injection pen, pre-filled syringe; CGRP Antagonist",2,
pyrls,639e391cfcae6920598b53b7,Galcanezumab,Emgality,CGRP Antagonist,Other,subcutaneous,subcutaneous,,,,,,,,,,,"Binds to the calcitonin gene-related peptide (CGRP) ligand , thus preventing binding to the CGRP receptor . When the CGRP ligand binds to its receptor, it activates a cascade of events associated with migraine pain.",,Prevention of migraine in adults; Treatment of episodic cluster headache in adults,Hypersensitivity to galcanezumab or any formulation ingredients,rx; Prescription only,,,"Injection pen, pre-filled syringe; CGRP Antagonist",2,
pyrls,639e391cfcae6920598b53b8,Rimegepant,Nurtec ODT,CGRP Antagonist,Other,oral,oral,,,,,,,,,,,"Binds to the calcitonin gene-related peptide (CGRP) receptor , thus blocking the CGRP ligand . When the CGRP ligand binds to its receptor, it activates a cascade of events associated with migraine pain.",,Acute treatment of migraine with or without aura in adults; Preventive treatment of episodic migraine in adults,Hypersensitivity to rimegepant or any formulation ingredients,rx; Prescription only,,,Orally disintegrating tablet; CGRP Antagonist,2,
pyrls,639e391cfcae6920598b53b9,Ubrogepant,Ubrelvy,CGRP Antagonist,Other,oral,oral,,,,,,,,,,,"Binds to the calcitonin gene-related peptide (CGRP) receptor , thus blocking the CGRP ligand . When the CGRP ligand binds to its receptor, it activates a cascade of events associated with migraine pain.",,Acute treatment of migraine with or without aura in adults,Concomitant use of strong CYP3A4 inhibitors; Hypersensitivity to ubrogepant or any formulation ingredients,rx; Prescription only,,,Tablet; CGRP Antagonist,2,
pyrls,639e391cfcae6920598b53ba,Hydrochlorothiazide,Microzide,Antihypertensive; Thiazide Diuretic,Other,oral,oral,,,,,,,,,,,"Inhibits sodium reabsorption by inhibiting the sodium-chloride cotransporters in the distal convoluted tubule of nephrons, causing increased excretion of sodium, chloride, potassium, magnesium, and water. Thiazide diuretics cause retention of calcium, bicarbonate, and uric acid.",,"Management of hypertension either as monotherapy, or in combination with other antihypertensives; Adjunctive treatment of edema associated with congestive heart failure, hepatic cirrhosis, corticosteroid therapy, estrogen therapy, various forms of renal dysfunction such as nephrotic syndrome, acute glomerulonephritis, and chronic renal failure.","Anuria (non passage of urine); Hypersensitivity to hydrochlorothiazide, other sulfonamide-derived drugs, or any formulation ingredients",rx; Prescription only,,,"Capsule, tablet; Antihypertensive; Thiazide Diuretic",6,
pyrls,639e391cfcae6920598b53bb,Chlorothiazide,Diuril,Antihypertensive; Thiazide Diuretic,Other,oral,oral,,,,,,,,,,,"Inhibits sodium reabsorption by inhibiting the sodium-chloride cotransporters in the distal convoluted tubule of nephrons, causing increased excretion of sodium, chloride, potassium, magnesium, and water. Thiazide diuretics cause retention of calcium, bicarbonate, and uric acid.",,"Management of hypertension either as monotherapy, or in combination with other antihypertensives; Adjunctive treatment of edema associated with congestive heart failure, hepatic cirrhosis, corticosteroid therapy, estrogen therapy, various forms of renal dysfunction such as nephrotic syndrome, acute glomerulonephritis, and chronic renal failure.","Anuria (non passage of urine); Hypersensitivity to chlorothiazide, other sulfonamide-derived drugs, or any formulation ingredients",rx; Prescription only,,,"Tablet, suspension; Antihypertensive; Thiazide Diuretic",4,
pyrls,639e391cfcae6920598b53bc,Chlorthalidone,Thalitone,Antihypertensive; Thiazide Diuretic,Other,oral,oral,,,,,,,,,,,"Inhibits sodium reabsorption by inhibiting the sodium-chloride cotransporters in the distal convoluted tubule of nephrons, causing increased excretion of sodium, chloride, potassium, magnesium, and water. Thiazide diuretics cause retention of calcium, bicarbonate, and uric acid.",,"Management of hypertension either as monotherapy, or in combination with other antihypertensives; Adjunctive treatment of edema associated with congestive heart failure, hepatic cirrhosis, corticosteroid therapy, estrogen therapy, various forms of renal dysfunction such as nephrotic syndrome, acute glomerulonephritis, and chronic renal failure.","Anuria (non passage of urine); Hypersensitivity to chlorthalidone, other sulfonamide-derived drugs, or any formulation ingredients",rx; Prescription only,,,Tablet; Antihypertensive; Thiazide Diuretic,5,
pyrls,639e391cfcae6920598b53bd,Indapamide,Lozol,Antihypertensive; Thiazide Diuretic,Other,oral,oral,,,,,,,,,,,"Inhibits sodium reabsorption by inhibiting the sodium-chloride cotransporters in the distal convoluted tubule of nephrons, causing increased excretion of sodium, chloride, potassium, magnesium, and water. Thiazide diuretics cause retention of calcium, bicarbonate, and uric acid.",,"Management of hypertension either as monotherapy, or in combination with other antihypertensives; Adjunctive treatment of edema associated with congestive heart failure","Anuria (non passage of urine); Hypersensitivity to indapamide, other sulfonamide-derived drugs, or any formulation ingredients",rx; Prescription only,,,Tablet; Antihypertensive; Thiazide Diuretic,3,
pyrls,639e391cfcae6920598b53be,Metolazone,Zaroxolyn,Antihypertensive; Thiazide Diuretic,Other,oral,oral,,,,,,,,,,,"Inhibits sodium reabsorption by inhibiting the sodium-chloride cotransporters in the distal convoluted tubule of nephrons, causing increased excretion of sodium, chloride, potassium, magnesium, and water. Thiazide diuretics cause retention of calcium, bicarbonate, and uric acid.",,"Management of hypertension either as monotherapy, or in combination with other antihypertensives; Adjunctive treatment of edema associated with congestive heart failure or renal diseases, including the nephrotic syndrome and states of diminished renal function",Anuria (non passage of urine); Hepatic coma or precoma; Hypersensitivity to metolazone or any formulation ingredients,rx; Prescription only,,,Tablet; Antihypertensive; Thiazide Diuretic,3,
pyrls,639e391cfcae6920598b53bf,Lisinopril,Prinivil; Zestril,Antihypertensive; ACE Inhibitor,Other,oral,oral,,,,,,,,,,,"Competitively inhibits the angiotensin-converting enzyme (ACE), which prevents both the conversion of angiotensin I to angiotensin II (vasoconstrictor), and the breakdown of bradykinin (vasodilator). Lower levels of angiotensin II also reduces aldosterone secretion, decreasing sodium and water reabsorption.",,"Treatment of hypertension as monotherapy, or in combination with other antihypertensives, in adults and pediatric patients 6+ years of age .; Reduce signs and symptoms of systolic heart failure .; Reduce mortality of acute myocardial infarction in hemodynamically stable patients within 24 hours, as part of standard of care treatment.","Hereditary or idiopathic angioedema; Concomitant use with aliskiren in patients with diabetes mellitus; Concomitant use with or within 36 hours of switching to or from a neprilysin inhibitor (e.g. sacubitril); Hypersensitivity or history of angioedema to lisinopril, any other angiotensin converting enzyme inhibitor, or any formulation ingredients",rx; Prescription only,,,"Tablet, solution; Antihypertensive; ACE Inhibitor",5,
pyrls,639e391cfcae6920598b53c0,Benazepril,Lotensin,Antihypertensive; ACE Inhibitor,Other,oral,oral,,,,,,,,,,,"Competitively inhibits the angiotensin-converting enzyme (ACE), which prevents both the conversion of angiotensin I to angiotensin II (vasoconstrictor), and the breakdown of bradykinin (vasodilator). Lower levels of angiotensin II also reduces aldosterone secretion, decreasing sodium and water reabsorption.",,"Treatment of hypertension as monotherapy or in combination with other antihypertensive agents, especially thiazide-type diuretics.","Concomitant use with aliskiren in patients with diabetes mellitus; Concomitant use with or within 36 hours of switching to or from a neprilysin inhibitor (e.g. sacubitril); Hypersensitivity or history of angioedema to benazepril, any other angiotensin converting enzyme inhibitor, or any formulation ingredients",rx; Prescription only,,,Tablet; Antihypertensive; ACE Inhibitor,5,
pyrls,639e391cfcae6920598b53c1,Enalapril,Vasotec,Antihypertensive; ACE Inhibitor,Other,oral,oral,,,,,,,,,,,"Competitively inhibits the angiotensin-converting enzyme (ACE), which prevents both the conversion of angiotensin I to angiotensin II (vasoconstrictor), and the breakdown of bradykinin (vasodilator). Lower levels of angiotensin II also reduces aldosterone secretion, decreasing sodium and water reabsorption.",,"Treatment of hypertension as monotherapy or in combination with other antihypertensive agents, especially thiazide-type diuretics.; Treatment of symptomatic congestive heart failure","Hereditary or idiopathic angioedema; Concomitant use with aliskiren in patients with diabetes mellitus; Concomitant use with or within 36 hours of switching to or from a neprilysin inhibitor (e.g. sacubitril); Hypersensitivity or history of angioedema to enalapril, any other angiotensin converting enzyme inhibitor, or any formulation ingredients",rx; Prescription only,,,"Tablet, solution; Antihypertensive; ACE Inhibitor",5,
pyrls,639e391cfcae6920598b53c2,Quinapril,Accupril,Antihypertensive; ACE Inhibitor,Other,oral,oral,,,,,,,,,,,"Competitively inhibits the angiotensin-converting enzyme (ACE), which prevents both the conversion of angiotensin I to angiotensin II (vasoconstrictor), and the breakdown of bradykinin (vasodilator). Lower levels of angiotensin II also reduces aldosterone secretion, decreasing sodium and water reabsorption.",,"Treatment of hypertension as monotherapy or in combination with other antihypertensive agents, especially thiazide-type diuretics.; Management of heart failure as adjunctive therapy when added to conventional therapy including diuretics and/or digitalis","Concomitant use with aliskiren in patients with diabetes mellitus; Concomitant use with or within 36 hours of switching to or from a neprilysin inhibitor (e.g. sacubitril); Hypersensitivity or history of angioedema to quinapril, any other angiotensin converting enzyme inhibitor, or any formulation ingredients",rx; Prescription only,,,Tablet; Antihypertensive; ACE Inhibitor,6,
pyrls,639e391cfcae6920598b53c3,Ramipril,Altace,Antihypertensive; ACE Inhibitor,Other,oral,oral,,,,,,,,,,,"Competitively inhibits the angiotensin-converting enzyme (ACE), which prevents both the conversion of angiotensin I to angiotensin II (vasoconstrictor), and the breakdown of bradykinin (vasodilator). Lower levels of angiotensin II also reduces aldosterone secretion, decreasing sodium and water reabsorption.",,"Treatment of hypertension as monotherapy or in combination with other antihypertensive agents, especially thiazide-type diuretics.; To reduce the risk of a major cardiovascular event such as myocardial infarction, stroke, or death from cardiovascular causes in those 55+ years of age at high risk.; Management of congestive heart failure post-myocardial infarction in stable patients who have demonstrated clinical signs of congestive heart failure within the first few days after sustaining acute myocardial infarction.","Concomitant use with aliskiren in patients with diabetes mellitus; Concomitant use with or within 36 hours of switching to or from a neprilysin inhibitor (e.g. sacubitril); Hypersensitivity or history of angioedema to ramipril, any other angiotensin converting enzyme inhibitor, or any formulation ingredients",rx; Prescription only,,,Capsule; Antihypertensive; ACE Inhibitor,5,
pyrls,639e391cfcae6920598b53c4,Losartan,Cozaar,Antihypertensive; Angiotensin-II Receptor Blocker,Other,oral,oral,,,,,,,,,,,"Blocks angiotensin II from binding to the angiotensin II receptor , which prevents subsequent vasoconstriction.",,"Treatment of hypertension as monotherapy, or in combination with other antihypertensives, in adults and pediatric patients 6+ years of age .; Treatment of diabetic nephropathy in those with an elevated serum creatinine and proteinuria (urinary albumin to creatinine ratio ≥300 mg/g) with type 2 diabetes and a history of hypertension.",Concomitant use with aliskiren in patients with diabetes mellitus; Hypersensitivity to losartan or any formulation ingredients,rx; Prescription only,,,Tablet; Antihypertensive; Angiotensin-II Receptor Blocker,4,
pyrls,639e391cfcae6920598b53c5,Valsartan,Diovan,Antihypertensive; Angiotensin-II Receptor Blocker,Other,oral,oral,,,,,,,,,,,"Blocks angiotensin II from binding to the angiotensin II receptor , which prevents subsequent vasoconstriction.",,"Treatment of hypertension as monotherapy, or in combination with other antihypertensives, in adults and pediatric patients 6+ years of age .; Reduce the risk of hospitalization for those with heart failure with reduced ejection fraction (NYHA class II-IV).; Reduce the risk of cardiovascular mortality post-myocardial infarction in clinically stable patients with left ventricular failure or left ventricular dysfunction",Concomitant use with aliskiren in patients with diabetes mellitus; Hypersensitivity to valsartan or any formulation ingredients,rx; Prescription only,,,Tablet; Antihypertensive; Angiotensin-II Receptor Blocker,4,
pyrls,639e391cfcae6920598b53c6,Olmesartan,Benicar,Antihypertensive; Angiotensin-II Receptor Blocker,Other,oral,oral,,,,,,,,,,,"Blocks angiotensin II from binding to the angiotensin II receptor , which prevents subsequent vasoconstriction.",,"Treatment of hypertension as monotherapy, or in combination with other antihypertensives, in adults and pediatric patients 6+ years of age .",Concomitant use with aliskiren in patients with diabetes mellitus; Hypersensitivity to olmesartan or any formulation ingredients,rx; Prescription only,,,Tablet; Antihypertensive; Angiotensin-II Receptor Blocker,4,
pyrls,639e391cfcae6920598b53c7,Irbesartan,Avapro,Antihypertensive; Angiotensin-II Receptor Blocker,Other,oral,oral,,,,,,,,,,,"Blocks angiotensin II from binding to the angiotensin II receptor , which prevents subsequent vasoconstriction.",,"Treatment of hypertension as monotherapy, or in combination with other antihypertensives.; Treatment of diabetic nephropathy in patients with type 2 diabetes and hypertension, an elevated serum creatinine, and proteinuria (>300 mg/day).",Concomitant use with aliskiren in patients with diabetes mellitus; Hypersensitivity to irbesartan or any formulation ingredients,rx; Prescription only,,,Tablet; Antihypertensive; Angiotensin-II Receptor Blocker,4,
pyrls,639e391cfcae6920598b53c8,Amlodipine,Norvasc,"Antihypertensive; Calcium Channel Blocker, Dihydropyridine",Other,oral,oral,,,,,,,,,,,Inhibits calcium ion influx into vascular smooth muscle and cardiac muscle causing peripheral vasodilation and coronary artery vasodilation .,,"Treatment of hypertension as monotherapy, or in combination with other antihypertensives.; Treatment of chronic stable angina; Treatment of confirmed or suspected vasospastic angina (Prinzmetal's or Variant Angina)",Hypersensitivity to amlodipine or any formulation ingredients,rx; Prescription only,,,"Tablet, suspension; Antihypertensive; Calcium Channel Blocker, Dihydropyridine",6,
pyrls,639e391cfcae6920598b53c9,Nifedipine,Adalat CC; Procardia; Procardia XL,"Antihypertensive; Calcium Channel Blocker, Dihydropyridine",Other,oral,oral,,,,,,,,,,,Inhibits calcium ion influx into vascular smooth muscle and cardiac muscle causing peripheral vasodilation and coronary artery vasodilation .,,"Treatment of hypertension as monotherapy, or in combination with other antihypertensives. Both extended release formulations only; immediate release is not indicated for hypertension.; Treatment of chronic stable angina ; Extended release tablet, osmotic-pump formulation (Procardia XL), and immediate release only; Treatment of confirmed or suspected vasospastic angina (Prinzmetal's or Variant Angina); Extended release tablet, osmotic-pump formulation (Procardia XL), and immediate release only","Hypersensitivity to nifedipine or any formulation ingredients; Concomitant administration with strong P450 inducers, such as rifampin (Adalat CC [extended release tablet (coat-core)])",rx; Prescription only,,,"Capsule, extended release tablet (coat-core), extended release tablet (osmotic-pump); Antihypertensive; Calcium Channel Blocker, Dihydropyridine",10,
pyrls,639e391cfcae6920598b53ca,Felodipine,Plendil,"Antihypertensive; Calcium Channel Blocker, Dihydropyridine",Other,oral,oral,,,,,,,,,,,Inhibits calcium ion influx into vascular smooth muscle and cardiac muscle causing peripheral vasodilation and coronary artery vasodilation .,,"Treatment of hypertension as monotherapy, or in combination with other antihypertensives.",Hypersensitivity to felodipine or any formulation ingredients,rx; Prescription only,,,"Extended release tablet; Antihypertensive; Calcium Channel Blocker, Dihydropyridine",5,
pyrls,639e391cfcae6920598b53cb,Alirocumab,Praluent,PCSK9 Inhibitor; Antihyperlipidemic,Other,subcutaneous,subcutaneous,,,,,,,,,,,Binds to proprotein convertase subtilisin kexin type 9 (PCSK9) preventing it from breaking down low-density lipoprotein receptors (LDLRs) that reside on the surface of hepatocytes and remove LDL-C from circulation. This results in more LDLRs being available to clear LDL-C and thus lower LDL-C levels.,,"Prevention of Cardiovascular Events : to reduce the risk of myocardial infarction, stroke, and unstable angina requiring hospitalization in adults with cardiovascular disease.; Primary Hyperlipidemia (including heterozygous familial hypercholesterolemia) : as an adjunct to diet, alone or in combination with other lipid-lowering therapies (e.g., statins, ezetimibe), for the treatment of adults with primary hyperlipidemia to reduce low-density lipoprotein cholesterol (LDL-C).; Homozygous Familial Hypercholesterolemia : as an adjunct to other LDL-C-lowering therapies in adult patients with homozygous familial hypercholesterolemia (HoFH) to reduce LDL-C.",Hypersensitivity to alirocumab or any formulation ingredients,rx; Prescription only,,,"Injection pen, pre-filled syringe; PCSK9 Inhibitor; Antihyperlipidemic",7,
pyrls,639e391cfcae6920598b53cc,Evolocumab,Repatha,PCSK9 Inhibitor; Antihyperlipidemic,Other,subcutaneous,subcutaneous,,,,,,,,,,,Binds to proprotein convertase subtilisin kexin type 9 (PCSK9) preventing it from breaking down low-density lipoprotein receptors (LDLRs) that reside on the surface of hepatocytes and remove LDL-C from circulation. This results in more LDLRs being available to clear LDL-C and thus lower LDL-C levels.,,"Prevention of Cardiovascular Events : to reduce the risk of myocardial infarction, stroke, and coronary revascularization in adults with cardiovascular disease.; Primary Hyperlipidemia (Including Heterozygous Familial Hypercholesterolemia) : as an adjunct to diet, alone or in combination with other lipid-lowering therapies (e.g., statins, ezetimibe), for the treatment of adults with primary hyperlipidemia to reduce low-density lipoprotein cholesterol (LDL-C); Homozygous Familial Hypercholesterolemia : as an adjunct to diet and other LDL-lowering therapies (e.g., statins, ezetimibe, LDL apheresis) for the treatment of patients with homozygous familial hypercholesterolemia (HoFH) who require additional lowering of LDL-C.",Hypersensitivity to evolocumab or any formulation ingredients,rx; Prescription only,,,"Injection pen, pre-filled syringe, cartridge for infusor; PCSK9 Inhibitor; Antihyperlipidemic",7,
pyrls,639e391cfcae6920598b53cd,Ezetimibe,Zetia,Antihyperlipidemic,Other,oral,oral,,,,,,,,,,,"Inhibits cholesterol absorption in the small intestine, thus reducing blood cholesterol levels.",,"Primary Hyperlipidemia (heterozygous familial and non-familial) : indicated alone or in combination with statins as adjunctive therapy to diet for the reduction of elevated total cholesterol (total-C), low-density lipoprotein cholesterol (LDL-C), apolipoprotein B (Apo B), and non-high-density lipoprotein cholesterol (non-HDL-C) in patients with primary (heterozygous familial and non-familial) hyperlipidemia. indicated in combination with fenofibrate as adjunctive therapy to diet for the reduction of elevated total-C, LDL-C, Apo B, and non-HDL-C in adult patients with mixed hyperlipidemia.; Homozygous Familial Hypercholesterolemia (HoFH) : indicated in combination with atorvastatin or simvastatin for the reduction of elevated total-C and LDL-C levels in patients with HoFH, as an adjunct to other lipid-lowering treatments (e.g., LDL apheresis) or if such treatments are unavailable.; Homozygous Sitosterolemia : indicated as adjunctive therapy to diet for the reduction of elevated sitosterol and campesterol levels in patients with homozygous familial sitosterolemia.","Concomitant use with a statin in those with active liver disease, unexplained persistent elevations in hepatic transaminase levels, or in women who are pregnant or may become pregnant; Hypersensitivity to ezetimibe or any formulation ingredients",rx; Prescription only,,,Tablet; Antihyperlipidemic,6,
pyrls,639e391cfcae6920598b53ce,Carbidopa-Levodopa,Sinemet; Sinemet CR,Dopamine Precursor,Other,oral,oral,,,,,,,,,,,Levodopa : is a metabolic precursor of dopamine. Once crossing the blood brain barrier it is converted into dopamine. Symptoms of Parkinson's disease are thought to be related to a lack of dopamine in the corpus striatum. Carbidopa : inhibits decarboxylation of peripheral levodopa keeping more levodopa available for transport to the brain.,,"Treatment of Parkinson's disease , post-encephalitic parkinsonism, and symptomatic parkinsonism that may follow carbon monoxide intoxication or manganese intoxication.","Concurrent use with nonselective monoamine oxidase inhibitors or use within the last 14 days; Tablets: those with narrow-angle glaucoma; Hypersensitivity to levodopa, carbidopa, or any formulation ingredients",rx; Prescription only,,,"Tablet, orally disintegrating tablet, extended release tablet, extended release capsule; Dopamine Precursor",6,
pyrls,639e391cfcae6920598b53cf,Pramipexole,Mirapex; Mirapex ER,Dopamine Agonist,Other,oral,oral,,,,,,,,,,,Non-ergot dopamine agonist with high selectivity for D2 receptors. Also has affinity for D3 receptors and mild affinity for D2 and D4 receptors. Stimulation of dopamine receptors in the striatum is thought to be responsible for treatment effects in Parkinson's disease and Restless Legs Syndrome.,,Treatment of Parkinson's disease; Treatment of moderate-to-severe primary restless legs syndrome (RLS),Hypersensitivity to pramipexole or any formulation ingredients,rx; Prescription only,,,"Tablet, extended release tablet; Dopamine Agonist",7,
pyrls,639e391cfcae6920598b53d0,Ropinirole,Requip; Requip XL,Dopamine Agonist,Other,oral,oral,,,,,,,,,,,Non-ergot dopamine agonist with high selectivity for D2 receptors. Stimulation of dopamine receptors in the striatum is thought to be responsible for treatment effects in Parkinson's disease and Restless Legs Syndrome.,,Treatment of Parkinson's disease; Treatment of moderate-to-severe primary restless legs syndrome (RLS),Hypersensitivity to ropinirole or any formulation ingredients,rx; Prescription only,,,"Tablet, extended release tablet; Dopamine Agonist",8,
pyrls,639e391cfcae6920598b53d1,Baloxavir,Xofluza,Endonuclease Inhibitor; Antiviral,Antimicrobial,oral,oral,,,,,,,,,,,"Inhibits the endonuclease activity of the polymerase acidic (PA) protein , an influenza virus-specific enzyme in the viral RNA polymerase complex required for viral gene transcription, resulting in inhibition of influenza virus replication .",,"Treatment of acute uncomplicated influenza in patients 12+ years of age who have been symptomatic for no more than 48 hours and who are otherwise healthy, or at high risk of developing influenza-related complications.; Post-exposure prophylaxis of influenza in persons 12+ years of age following contact with an individual who has influenza",Hypersensitivity to baloxavir marboxil or any formulation ingredients,rx; Prescription only,,,Tablet; Endonuclease Inhibitor; Antiviral,3,
pyrls,639e391cfcae6920598b53d2,Zanamivir,Relenza,Neuraminidase Inhibitor; Antiviral,Antimicrobial,inhalation,inhalation,,,,,,,,,,,"Inhibits influenza virus neuraminidase , an enzyme that releases viral particles from the plasma membrane of infected cells and promotes virus spread in the respiratory tract.",,Treatment of uncomplicated acute illness due to influenza A and B virus in adults and pediatric patients aged 7+ years who have been symptomatic for no more than 2 days.; Prophylaxis of influenza in adults and pediatric patients aged 5+ years .,Hypersensitivity to zanamivir or any formulation ingredients; Hypersensitivity to milk proteins,rx; Prescription only,,,Dry powder inhaler (Diskhaler); Neuraminidase Inhibitor; Antiviral,2,
pyrls,639e391cfcae6920598b53d3,Oseltamivir,Tamiflu,Neuraminidase Inhibitor; Antiviral,Antimicrobial,oral,oral,,,,,,,,,,,"Inhibits influenza virus neuraminidase , an enzyme that releases viral particles from the plasma membrane of infected cells and promotes virus spread in the respiratory tract.",,"Treatment of acute, uncomplicated illness due to influenza A and B infection in patients 2 weeks of age and older who have been symptomatic for no more than 48 hours.; Prophylaxis of influenza A and B in patients 1 year and older .",Hypersensitivity to oseltamivir or any formulation ingredients,rx; Prescription only,,,"Capsule, suspension; Neuraminidase Inhibitor; Antiviral",2,
pyrls,639e391cfcae6920598b53d4,Phenazopyridine,Pyridium; AZO Urinary Pain Relief,Urinary Tract Analgesic,Analgesic,oral,oral,,,,,,,,,,,"Phenazopyridine is excreted in the urine where it exerts a topical analgesic effect on the mucosa of the urinary tract . This action helps to relieve pain, burning, urgency and frequency.",,"Symptomatic relief of pain, burning, urgency, frequency, and other discomforts arising from irritation of the lower urinary tract mucosa caused by infection, trauma, surgery, endoscopic procedures, or the passage of sounds or catheters.",Patients with renal insufficiency; Hypersensitivity to phenazopyridine or any formulation ingredients,rx; otc; Rx/OTC depending on strength,,,Tablet; Urinary Tract Analgesic,2,
pyrls,639e391cfcae6920598b53d5,Sulfamethoxazole-Trimethoprim,Bactrim,Sulfonamide Antibiotic,Antimicrobial,oral,oral,,,,,,,,,,,"Sulfamethoxazole : inhibits bacterial synthesis of dihydrofolic acid by competing with para aminobenzoic acid (PABA). Trimethoprim : blocks the production of tetrahydrofolic acid from dihydrofolic acid by binding to and reversibly inhibiting the required enzyme, dihydrofolate reductase. These actions result in inhibition of bacterial folic acid synthesis .",,"Urinary Tract Infections : Treatment of urinary tract infections due to susceptible strains of the following organisms: Escherichia coli , Klebsiella species, Enterobacter species, Morganella morganii , Proteus mirabilis and Proteus vulgaris .; Acute Otitis Media : Treatment of acute otitis media in pediatric patients due to susceptible strains of Streptococcus pneumoniae or Haemophilus influenzae if it is determined that sulfamethoxazole and trimethoprim offers some advantage over the use of other antimicrobial agents.; Acute Exacerbations of Chronic Bronchitis in Adults : Treatment of acute exacerbations of chronic bronchitis due to susceptible strains of Streptococcus pneumoniae or Haemophilus influenzae when deemed that sulfamethoxazole and trimethoprim could offer some advantage over the use of a single antimicrobial agent.; Shigellosis : Treatment of enteritis caused by susceptible strains of Shigella flexneri and Shigella sonnei when antibacterial therapy is indicated.; Pneumocystis jiroveci Pneumonia : Treatment of documented Pneumocystis jiroveci pneumonia and for prophylaxis against P. jiroveci pneumonia in individuals who are immunosuppressed and considered to be at an increased risk of developing P. jiroveci pneumonia.; Traveler's Diarrhea in Adults: Treatment of traveler’s diarrhea due to susceptible strains of enterotoxigenic E. coli .","Those with documented megaloblastic anemia due to folate deficiency; Pediatric patients less than 2 months of age; Those with marked hepatic damage or with severe renal insufficiency when renal function status cannot be monitored; Hypersensitivity to any sulfa drug, trimethoprim, or any formulation ingredients; History of drug induced-immune thrombocytopenia with use of sulfonamides or trimethoprim",rx; Prescription only,,,"Tablet, suspension; Sulfonamide Antibiotic",2,
pyrls,639e391cfcae6920598b53d6,Senna,Senokot; Ex-Lax,Stimulant Laxative,Stimulant,oral,oral,,,,,,,,,,,Stimulates constriction and relaxation of smooth muscle in the colon and increases fecal water content to increase motility of feces through the large intestine.,,Relief of occasional constipation,Hypersensitivity to sennosides or any formulation ingredients; Do not use longer than 1 week unless directed by a healthcare provider,rx; otc; Rx/OTC depending on product,,,"Tablet, chewable tablet, liquid, syrup; Stimulant Laxative",6,
pyrls,639e391cfcae6920598b53d7,Senna-Docusate,Senokot-S; Senna Plus,Stimulant Laxative; Stool Softener,Stimulant,oral,oral,,,,,,,,,,,Senna : Stimulates constriction and relaxation of smooth muscle in the colon and increases fecal water content to increase motility of feces through the large intestine. Docusate : Reduces surface tension of the stool resulting in enhanced incorporation of water and fat resulting in softer fecal mass.,,Relief of occasional constipation,"Hypersensitivity to sennosides, docusate, or any formulation ingredients; Do not use longer than 1 week unless directed by a healthcare provider; Concomitant use with mineral oil, unless directed by a healthcare provider",rx; otc; Rx/OTC depending on product,,,Tablet; Stimulant Laxative; Stool Softener,5,
pyrls,639e391cfcae6920598b53d8,Bisacodyl,Dulcolax,Stimulant Laxative,Stimulant,oral,oral,,,,,,,,,,,Stimulates constriction and relaxation of smooth muscle in the colon and increases fecal water content to increase motility of feces through the large intestine.,,Relief of occasional constipation,Hypersensitivity to bisacodyl or any formulation ingredients; Do not use longer than 1 week unless directed by a healthcare provider; Do not use tablet if you cannot swallow without chewing,rx; otc; Rx/OTC depending on product,,,"Oral extended release tablet, rectal suppository; Stimulant Laxative",6,
pyrls,639e391cfcae6920598b53d9,Lactulose,Constulose; Kristalose; Enulose; Generlac,Osmotic Laxative; Ammonium Detoxicant,Other,oral,oral,,,,,,,,,,,"Produces an osmotic effect in the colon that increases stool water content, softens the stool, and promotes peristalsis.",,"Treatment of constipation; Prevention and treatment of portal-systemic encephalopathy , including the stages of hepatic pre-coma and coma.",Hypersensitivity to lactulose or any formulation ingredients; Patients requiring a low galactose diet,rx; Prescription only,,,"Solution, powder for solution; Osmotic Laxative; Ammonium Detoxicant",6,
pyrls,639e391cfcae6920598b53da,Polyethylene glycol,MiraLax,Osmotic Laxative,Other,oral,oral,,,,,,,,,,,"Produces an osmotic effect in the colon that increases stool water content, softens the stool, and promotes peristalsis.",,Treatment of occasional constipation,Known or suspected bowel obstruction and patients known to be allergic to polyethylene glycol; Hypersensitivity to polyethylene glycol or any formulation ingredients,rx; otc; Rx/OTC depending on product,,,Powder for solution; Osmotic Laxative,6,
pyrls,639e391cfcae6920598b53db,Magnesium hydroxide,Milk of Magnesia,Osmotic Laxative; Antacid,Other,oral,oral,,,,,,,,,,,"Produces an osmotic effect in the colon that increases stool water content, softens the stool, and promotes peristalsis.",,"Temporary relief of heartburn , upset stomach, sour stomach, or acid indigestion.; Treatment of occasional constipation",Hypersensitivity to magnesium hydroxide or any formulation ingredients,rx; otc; Rx/OTC depending on strength,,,"Suspension, chewable tablet; Osmotic Laxative; Antacid",6,
pyrls,639e391cfcae6920598b53dc,Magnesium citrate,Citroma,Osmotic Laxative,Other,oral,oral,,,,,,,,,,,"Produces an osmotic effect in the colon that increases stool water content, softens the stool, and promotes peristalsis.",,"Temporary relief of heartburn , upset stomach, sour stomach, or acid indigestion.; Treatment of occasional constipation",Hypersensitivity to magnesium hydroxide or any formulation ingredients,rx; otc; Rx/OTC depending on product,,,Solution; Osmotic Laxative,6,
pyrls,639e391cfcae6920598b53dd,Psyllium,Metamucil,Bulk-Forming Laxative,Other,oral,oral,,,,,,,,,,,Psyllium is a soluble fiber that absorbs water into the intestine to soften the stool and increase bulk to promote peristalsis.,,Treatment of occasional constipation to restore and maintain regularity,Should not be used in those with a known or suspected bowel obstruction; Hypersensitivity to psyllium or any formulation ingredients,rx; otc; Rx/OTC depending on product,,,"Powder for solution, capsule; Bulk-Forming Laxative",6,
pyrls,639e391cfcae6920598b53de,Polycarbophil,FiberCon,Bulk-Forming Laxative,Other,oral,oral,,,,,,,,,,,Polycarbophil is an insoluble fiber that absorbs water into the intestine to soften the stool and increase bulk to promote peristalsis.,,Treatment of occasional constipation to restore and maintain regularity,Should not be used in those with a known or suspected bowel obstruction; Hypersensitivity to polycarbophil or any formulation ingredients,rx; otc; Rx/OTC depending on product,,,Tablet; Bulk-Forming Laxative,5,
pyrls,639e391cfcae6920598b53df,Methylcellulose,Citrucel,Bulk-Forming Laxative,Other,oral,oral,,,,,,,,,,,Methylcellulose is a fiber that absorbs water into the intestine to soften the stool and increase bulk to promote peristalsis.,,Treatment of occasional constipation,Should not be used in those with a known or suspected bowel obstruction; Hypersensitivity to methylcellulose or any formulation ingredients,rx; otc; Rx/OTC depending on product,,,"Powder for solution, tablet; Bulk-Forming Laxative",6,
pyrls,639e391cfcae6920598b53e0,Atenolol,Tenormin,Beta-Blocker; Beta-1 Selective,Other,oral,oral,,,,,,,,,,,Blocks beta-1 adrenergic receptors (cardioselective) causing decreased heart rate and myocardial contractility.,,Treatment of hypertension; Long-term management of patients with angina pectoris; Management of hemodynamically stable patients with definite or suspected acute myocardial infarction to reduce cardiovascular mortality,"Sinus bradycardia, heart block greater than first degree, cardiogenic shock, or overt cardiac failure; Hypersensitivity to atenolol or any formulation ingredients",rx; Prescription only,,,Tablet; Beta-Blocker; Beta-1 Selective,8,
pyrls,639e391cfcae6920598b53e1,Bisoprolol,Zebeta,Beta-Blocker; Beta-1 Selective,Other,oral,oral,,,,,,,,,,,Blocks beta-1 adrenergic receptors (cardioselective) causing decreased heart rate and myocardial contractility.,,Treatment of hypertension,"Sinus bradycardia, heart block greater than first degree, cardiogenic shock, or overt cardiac failure; Hypersensitivity to bisoprolol or any formulation ingredients",rx; Prescription only,,,Tablet; Beta-Blocker; Beta-1 Selective,7,
pyrls,639e391cfcae6920598b53e2,Metoprolol,Lopressor (tartrate); Toprol XL (succinate); Kapspargo (succinate),Beta-Blocker; Beta-1 Selective,Other,oral,oral,,,,,,,,,,,Blocks beta-1 adrenergic receptors (cardioselective) causing decreased heart rate and myocardial contractility.,,"Treatment of hypertension; Long-term management of patients with angina pectoris , to reduce angina attacks and to improve exercise tolerance; Metoprolol succinate only : the treatment of stable, symptomatic (NYHA Class II or III) heart failure of ischemic, hypertensive, or cardiomyopathic origin to reduce mortality and hospitalization in patients already receiving angiotensin-converting enzyme inhibitors, diuretics, and/or digoxin.; Treatment of hemodynamically stable patients with definite or suspected acute myocardial infarction to reduce cardiovascular mortality when used alone or in conjunction with intravenous metoprolol","Hypersensitivity to metoprolol, other beta-blockers, or any formulation ingredients; Metoprolol tartrate: When used for hypertension and/or angina: Sinus bradycardia, heart block greater than first degree, cardiogenic shock, and overt cardiac failure, sick-sinus syndrome, severe peripheral arterial circulatory disorders When used for myocardial infarction: Heart rate < 45 beats/min; second- and third-degree heart block; significant first-degree heart block (P-R interval ≥ 0.24 sec); systolic blood pressure < 100 mmHg; or moderate to severe cardiac failure; Metoprolol succinate: Severe bradycardia, second or third degree heart block, cardiogenic shock, decompensated cardiac failure, sick sinus syndrome (unless a permanent pacemaker is in place)",rx; Prescription only,,,"Tablet (tartrate), extended release tablet (succinate), extended release capsule (succinate); Beta-Blocker; Beta-1 Selective",10,
pyrls,639e391cfcae6920598b53e3,Nebivolol,Bystolic,Beta-Blocker; Beta-1 Selective; Nitric Oxide-Dependent Vasodilator,Other,oral,oral,,,,,,,,,,,"Blocks beta-1 adrenergic receptors (cardioselective) causing decreased heart rate and myocardial contractility. Unlike other beta-blockers, nebivolol also produces a nitric oxide-dependent vasodilatory effect that reduces vascular resistance systemically.",,Treatment of hypertension,Severe bradycardia; heart block greater than first-degree; cardiogenic shock; decompensated heart failure; sick sinus syndrome (unless a permanent pacemaker is in place); severe hepatic impairment (Child-Pugh C); Hypersensitivity to nebivolol or any formulation ingredients,rx; Prescription only,,,Tablet; Beta-Blocker; Beta-1 Selective; Nitric Oxide-Dependent Vasodilator,7,
pyrls,639e391cfcae6920598b53e4,Nadolol,Corgard,Beta-Blocker; Beta-1 & Beta-2 Non-Selective,Other,oral,oral,,,,,,,,,,,Blocks beta-1 and beta-2 adrenergic receptors (non-selective) causing decreased heart rate and myocardial contractility.,,Treatment of hypertension; Long-term management of patients with angina pectoris,"Those with bronchial asthma, sinus bradycardia and greater than first degree conduction block, cardiogenic shock, or overt cardiac failure; Hypersensitivity to nadolol or any formulation ingredients",rx; Prescription only,,,Tablet; Beta-Blocker; Beta-1 & Beta-2 Non-Selective,7,
pyrls,639e391cfcae6920598b53e5,Pindolol,Visken,Beta-Blocker; Beta-1 & Beta-2 Non-Selective,Other,oral,oral,,,,,,,,,,,Blocks beta-1 and beta-2 adrenergic receptors (non-selective) causing decreased heart rate and myocardial contractility.,,Treatment of hypertension,"Those with bronchial asthma, severe bradycardia, second and third degree heart block, cardiogenic shock, or overt cardiac failure; Hypersensitivity to pindolol or any formulation ingredients",rx; Prescription only,,,Tablet; Beta-Blocker; Beta-1 & Beta-2 Non-Selective,7,
pyrls,639e391cfcae6920598b53e6,Propranolol,Inderal IR; LA & XR; InnoPran XL,Beta-Blocker; Beta-1 & Beta-2 Non-Selective,Other,oral,oral,,,,,,,,,,,Blocks beta-1 and beta-2 adrenergic receptors (non-selective) causing decreased heart rate and myocardial contractility.,,"Propranolol tablet Hypertension : management of hypertension. Angina Pectoris Due to Coronary Atherosclerosis : decrease angina frequency and increase exercise tolerance in patients with angina pectoris. Atrial Fibrillation : control ventricular rate in patients with atrial fibrillation and a rapid ventricular response. Myocardial Infarction : reduce cardiovascular mortality in patients who have survived the acute phase of myocardial infarction and are clinically stable. Migraine : prophylaxis of common migraine headache. Essential Tremor : management of familial or hereditary essential tremor. Hypertrophic Subaortic Stenosis : to improve NYHA functional class in symptomatic patients with hypertrophic subaortic stenosis. Pheochromocytoma : as an adjunct to alpha-adrenergic blockade to control blood pressure and reduce symptoms of catecholamine-secreting tumors.; Propranolol extended release capsule (Inderal LA) Hypertension : management of hypertension. Angina Pectoris Due to Coronary Atherosclerosis : decrease angina frequency and increase exercise tolerance in patients with angina pectoris. Migraine : prophylaxis of common migraine headache. Hypertrophic Subaortic Stenosis : to improve NYHA functional class in symptomatic patients with hypertrophic subaortic stenosis.; Propranolol extended release capsule (Inderal XL, InnoPran XL) Hypertension : management of hypertension.","Those with bronchial asthma, cardiogenic shock or decompensated heart failure, sinus bradycardia, sick sinus syndrome, and greater than first-degree block unless a permanent pacemaker is in place; Hypersensitivity to propranolol, beta-blockers, or any formulation ingredients",rx; Prescription only,,,"Tablet, extended release capsule, solution; Beta-Blocker; Beta-1 & Beta-2 Non-Selective",12,
pyrls,639e391cfcae6920598b53e7,Carvedilol,Coreg; Coreg CR,Beta-Blocker; Alpha-1 Blocker; Beta-1 & Beta-2 Non-Selective,Other,oral,oral,,,,,,,,,,,Blocks beta-1 and beta-2 adrenergic receptors (non-selective) causing decreased heart rate and myocardial contractility. Also blocks alpha-1 adrenergic receptors causing vasodilation and reducing peripheral vascular resistance.,,"To reduce cardiovascular mortality in clinically stable patients who have survived the acute phase of a myocardial infarction and have a left ventricular dysfunction : ejection fraction of less than or equal to 40% (with or without symptomatic heart failure); Treatment of mild-to-severe chronic heart failure of ischemic or cardiomyopathic origin, usually in addition to diuretics, ACE inhibitors, and digitalis, to increase survival and, also, to reduce the risk of hospitalization; Treatment of hypertension","Those with bronchial asthma or related bronchospastic conditions, second- or third-degree AV block, sick sinus syndrome, severe bradycardia (unless a permanent pacemaker is in place), patients with cardiogenic shock or who have decompensated heart failure requiring the use of intravenous inotropic therapy, patients with severe hepatic impairment; Hypersensitivity to carvedilol or any formulation ingredients",rx; Prescription only,,,"Tablet, extended release capsule; Beta-Blocker; Alpha-1 Blocker; Beta-1 & Beta-2 Non-Selective",8,
pyrls,639e391cfcae6920598b53e8,Labetalol,Normodyne; Trandate,Beta-Blocker; Alpha-1 Blocker; Beta-1 & Beta-2 Non-Selective,Other,oral,oral,,,,,,,,,,,Blocks beta-1 and beta-2 adrenergic receptors (non-selective) causing decreased heart rate and myocardial contractility. Also blocks alpha-1 adrenergic receptors causing vasodilation and reducing peripheral vascular resistance.,,Management of hypertension,"Those with bronchial asthma, overt cardiac failure, greater-than-first-degree heart block, cardiogenic shock, severe bradycardia, other conditions associated with severe and prolonged hypotension; Hypersensitivity to labetalol or any formulation ingredients",rx; Prescription only,,,Tablet; Beta-Blocker; Alpha-1 Blocker; Beta-1 & Beta-2 Non-Selective,9,
pyrls,639e391cfcae6920598b53e9,Levothyroxine,Synthroid; Levoxyl; Tirosint; Unithroid,Synthetic T4 Thyroid Hormone,Other,oral,oral,,,,,,,,,,,"Levothyroxine is a synthetic form of L-thyroxine (T4) , an endogenous hormone secreted by the thyroid gland. T4 is converted to its active metabolite, T3 (L-triiodothyronine). Thyroid hormones bind to thyroid hormone receptors on DNA, activating gene transcription and protein synthesis necessary in metabolic processes.",,"Replacement therapy in hypothyroidism : primary (thyroidal), secondary (pituitary), and tertiary (hypothalamic) congenital or acquired.; Use in pituitary thyrotropin (thyroid-stimulating hormone, TSH) suppression as an adjunct to surgery and radioiodine therapy in the management of thyrotropin-dependent well-differentiated thyroid cancer.",Patients with uncorrected adrenal insufficiency; Hypersensitivity to levothyroxine or any formulation ingredients,rx; Prescription only,,,"Capsule, tablet, solution; Synthetic T4 Thyroid Hormone",5,
pyrls,639e391cfcae6920598b53ea,Liothyronine,Cytomel; Triostat,Synthetic T3 Thyroid Hormone,Other,oral,oral,,,,,,,,,,,"Liothyronine is a synthetic form of T3 (L-triiodothyronine) , a thyroid hormone that is the active metabolite of T4 (L-thyroxine) which is secreted by the thyroid gland. Thyroid hormones bind to thyroid hormone receptors on DNA, activating gene transcription and protein synthesis necessary in metabolic processes.",,"Replacement therapy in hypothyroidism : primary (thyroidal), secondary (pituitary), and tertiary (hypothalamic) congenital or acquired.; Use in pituitary thyrotropin (thyroid-stimulating hormone, TSH) suppression as an adjunct to surgery and radioiodine therapy in the management of thyrotropin-dependent well-differentiated thyroid cancer.; Use for thyroid suppression testing as a diagnostic agent in suppression tests to differentiate suspected mild hyperthyroidism or thyroid gland autonomy.",Patients with uncorrected adrenal insufficiency; Hypersensitivity to liothyronine or any formulation ingredients,rx; Prescription only,,,Tablet; Synthetic T3 Thyroid Hormone,3,
pyrls,639e391cfcae6920598b53eb,Apixaban,Eliquis,Anticoagulant; Direct Factor Xa Inhibitor,Other,oral,oral,,,,,,,,,,,"Directly inhibits coagulation factor Xa , disrupting platelet activation and fibrin clot formation.",,"Treatment of deep vein thrombosis (DVT); Treatment of pulmonary embolism (PE); Reduce the risk of stroke and systemic embolism in patients with nonvalvular atrial fibrillation; Reduce the risk of recurrent DVT and PE following initial therapy; Prophylaxis of DVT , which may lead to PE , in patients who have undergone hip or knee replacement surgery",Active pathological bleeding; Hypersensitivity to apixaban or any formulation ingredients,rx; Prescription only,,,Tablet; Anticoagulant; Direct Factor Xa Inhibitor,5,
pyrls,639e391cfcae6920598b53ec,Edoxaban,Savaysa,Anticoagulant; Direct Factor Xa Inhibitor,Other,oral,oral,,,,,,,,,,,"Directly inhibits coagulation factor Xa , disrupting platelet activation and fibrin clot formation.",,Treatment of deep vein thrombosis (DVT); Treatment of pulmonary embolism (PE); Reduce the risk of stroke and systemic embolism in patients with nonvalvular atrial fibrillation,Active pathological bleeding; Hypersensitivity to edoxaban or any formulation ingredients,rx; Prescription only,,,Tablet; Anticoagulant; Direct Factor Xa Inhibitor,5,
pyrls,639e391cfcae6920598b53ed,Rivaroxaban,Xarelto,Anticoagulant; Direct Factor Xa Inhibitor,Other,oral,oral,,,,,,,,,,,"Directly inhibits coagulation factor Xa , disrupting platelet activation and fibrin clot formation.",,"Treatment of deep vein thrombosis (DVT); Treatment of pulmonary embolism (PE); Reduce the risk of stroke and systemic embolism in patients with nonvalvular atrial fibrillation; Reduce the risk of recurrent DVT and PE following initial therapy; Prophylaxis of DVT , which may lead to PE , in patients who have undergone hip or knee replacement surgery; Prophylaxis of venous thromboembolism (VTE) and VTE related death during hospitalization and post hospital discharge in adult patients admitted for an acute medical illness who are at risk for thromboembolic complications due to moderate or severe restricted mobility and other risk factors for VTE and not at high risk of bleeding; To, in combination with aspirin , reduce the risk of major cardiovascular events (cardiovascular (CV) death, myocardial infarction (MI) and stroke) in patients with chronic coronary artery disease (CAD) or peripheral artery disease (PAD); To, in combination with aspirin , reduce the risk of major thrombotic vascular events (myocardial infarction, ischemic stroke, acute limb ischemia, and major amputation of a vascular etiology) in patients with PAD, including patients who have recently undergone a lower extremity revascularization procedure due to symptomatic PAD",Active pathological bleeding; Hypersensitivity to rivaroxaban or any formulation ingredients,rx; Prescription only,,,Tablet; Anticoagulant; Direct Factor Xa Inhibitor,5,
pyrls,639e391cfcae6920598b53ee,Betrixaban,Bevyxxa,Anticoagulant; Direct Factor Xa Inhibitor,Other,oral,oral,,,,,,,,,,,"Directly inhibits coagulation factor Xa , disrupting platelet activation and fibrin clot formation.",,Prophylaxis of venous thromboembolism (VTE) and VTE related death during hospitalization and post hospital discharge in adult patients admitted for an acute medical illness who are at risk for thromboembolic complications due to moderate or severe restricted mobility and other risk factors for VTE and not at high risk of bleeding,Active pathological bleeding; Hypersensitivity to betrixaban or any formulation ingredients,rx; Prescription only,,,Capsule; Anticoagulant; Direct Factor Xa Inhibitor,5,
pyrls,639e391cfcae6920598b53ef,Dabigatran,Pradaxa,Anticoagulant; Direct Thrombin Inhibitor,Other,oral,oral,,,,,,,,,,,"Directly inhibits thrombin (coagulation factor IIa), disrupting platelet activation and fibrin clot formation.",,"Treatment of deep vein thrombosis (DVT) in those who have been treated with a parenteral anticoagulant for 5-10 days; Treatment of pulmonary embolism (PE) in those who have been treated with a parenteral anticoagulant for 5-10 days; Reduce the risk of stroke and systemic embolism in patients with nonvalvular atrial fibrillation; Reduce the risk of recurrent DVT and PE in those who have been previously treated; Prophylaxis of DVT , which may lead to PE , in patients who have undergone hip replacement surgery",Active pathological bleeding; Mechanical prosthetic heart valve; Hypersensitivity to dabigatran or any formulation ingredients,rx; Prescription only,,,Capsule; Anticoagulant; Direct Thrombin Inhibitor,5,
pyrls,639e391cfcae6920598b53f0,Warfarin,Coumadin; Jantoven,Anticoagulant; Vitamin K Antagonist,Supplement,oral,oral,,,,,,,,,,,"Inhibits the C1 subunit of the vitamin K epoxide reductase (VKORC1) enzyme complex, which is required for the activation of coagulation factors II, VII, IX, and X as well as proteins C and S. This results in disruption of platelet activation and fibrin clot formation.",,"Prophylaxis and treatment of venous thrombosis and its extension, pulmonary embolism (PE); Prophylaxis and treatment of thromboembolic complications associated with atrial fibrillation (AF) and/or cardiac valve replacement; Reduce the risk of death, recurrent myocardial infarction (MI), and thromboembolic events such as stroke or systemic embolization after myocardial infarction","Women who are pregnant except in pregnant women with mechanical heart valves, who are at high risk of thromboembolism; Hemorrhagic tendencies or blood dyscrasias; Recent or contemplated surgery of the central nervous system or eye, or traumatic surgery resulting in large open surfaces; Bleeding tendencies associated with: active ulceration or overt bleeding of the gastrointestinal, genitourinary, or respiratory tract, central nervous system hemorrhage, cerebral aneurysms, dissecting aorta, pericarditis and pericardial effusions, or bacterial endocarditis; Threatened abortion, eclampsia, and preeclampsia; Unsupervised patients with conditions associated with potential high level of non-compliance; Spinal puncture and other diagnostic or therapeutic procedures with potential for uncontrollable bleeding; Major regional or lumbar block anesthesia; Malignant hypertension; Hypersensitivity to warfarin or any formulation ingredients",rx; Prescription only,,,Tablet; Anticoagulant; Vitamin K Antagonist,7,
pyrls,639e391cfcae6920598b53f1,Sumatriptan,Imitrex,Triptan; 5-HT1B/1D Agonist,Other,oral,oral,,,,,,,,,,,"Selectively agonizes 5-HT1B/1D receptors causing vasoconstriction of cranial blood vessels, inhibition of pro-inflammatory neuropeptide release, and decreased pain transmission.",,Acute treatment of migraine with or without aura in adults .,"Ischemic coronary artery disease (CAD) (angina pectoris, history of myocardial infarction, or documented silent ischemia) or coronary artery vasospasm, including Prinzmetal’s angina; Wolff-Parkinson-White syndrome or arrhythmias associated with other cardiac accessory conduction pathway disorders; History of stroke or transient ischemic attack (TIA) or history of hemiplegic or basilar migraine because these patients are at a higher risk of stroke; Peripheral vascular disease; Ischemic bowel disease; Uncontrolled hypertension; Recent use (i.e., within 24 hours) of ergotamine-containing medication, ergot-type medication (such as dihydroergotamine or methysergide), or another 5-hydroxytryptamine1 (5-HT1) agonist; Concurrent administration of a monoamine oxidase (MAO)-A inhibitor or recent (within 2 weeks) use of an MAO-A inhibitor; Severe hepatic impairment; Hypersensitivity to sumatriptan or any formulation ingredients",rx; Prescription only,,,Tablet; Triptan; 5-HT1B/1D Agonist,3,
pyrls,639e391cfcae6920598b53f2,Rizatriptan,Maxalt,Triptan; 5-HT1B/1D Agonist,Other,oral,oral,,,,,,,,,,,"Selectively agonizes 5-HT1B/1D receptors causing vasoconstriction of cranial blood vessels, inhibition of pro-inflammatory neuropeptide release, and decreased pain transmission.",,Acute treatment of migraine with or without aura in adults and in pediatric patients 6 to 17 years old .,"Ischemic coronary artery disease (angina pectoris, history of myocardial infarction, or documented silent ischemia), or other significant underlying cardiovascular disease; Coronary artery vasospasm including Prinzmetal's angina; History of stroke or transient ischemic attack (TIA); Peripheral vascular disease (PVD); Ischemic bowel disease; Uncontrolled hypertension; Recent use (i.e., within 24 hours) of another 5-HT1 agonist, ergotamine-containing medication, or ergot-type medication (such as dihydroergotamine or methysergide); Hemiplegic or basilar migraine; Concurrent administration or recent discontinuation (i.e., within 2 weeks) of a MAO-A inhibitor; Hypersensitivity to rizatriptan or any formulation ingredients",rx; Prescription only,,,"Tablet, orally disintegrating tablet; Triptan; 5-HT1B/1D Agonist",3,
pyrls,639e391cfcae6920598b53f3,Zolmitriptan,Zomig,Triptan; 5-HT1B/1D Agonist,Other,oral,oral,,,,,,,,,,,"Selectively agonizes 5-HT1B/1D receptors causing vasoconstriction of cranial blood vessels, inhibition of pro-inflammatory neuropeptide release, and decreased pain transmission.",,Acute treatment of migraine with or without aura in adults .,"Ischemic coronary artery disease (CAD) (angina pectoris, history of myocardial infarction, or documented silent ischemia) or coronary artery vasospasm, including Prinzmetal’s angina; Wolff-Parkinson-White syndrome or arrhythmias associated with other cardiac accessory conduction pathway disorders; History of stroke, transient ischemic attack (TIA), or history of hemiplegic or basilar migraine because these patients are at a higher risk of stroke; Peripheral vascular disease (PVD); Ischemic bowel disease; Uncontrolled hypertension; Recent use (i.e., within 24 hours) of another 5-HT1 agonist, ergotamine-containing medication, or ergot-type medication (such as dihydroergotamine or methysergide); Concurrent administration of a monoamine oxidase (MAO)-A inhibitor or recent (within 2 weeks) use of an MAO-A inhibitor; Hypersensitivity to zolmitriptan or any formulation ingredients",rx; Prescription only,,,"Tablet, orally disintegrating tablet; Triptan; 5-HT1B/1D Agonist",3,
pyrls,639e391cfcae6920598b53f4,Almotriptan,Axert,Triptan; 5-HT1B/1D Agonist,Other,oral,oral,,,,,,,,,,,"Selectively agonizes 5-HT1B/1D receptors causing vasoconstriction of cranial blood vessels, inhibition of pro-inflammatory neuropeptide release, and decreased pain transmission.",,Acute treatment of migraine attacks in adults with a history of migraine with or without aura.; Acute treatment of migraine headache pain in adolescents age 12-17 years old with a history of migraine attacks with or without aura usually lasting 4 hours or more (when untreated).,"Ischemic heart disease (angina pectoris, history of myocardial infarction, or documented silent ischemia), or in patients who have symptoms or findings consistent with ischemic heart disease, coronary artery vasospasm, including Prinzmetal's variant angina, or other significant underlying cardiovascular disease; Cerebrovascular syndromes including (but not limited to) stroke of any type as well as transient ischemic attacks; Peripheral vascular disease including (but not limited to) ischemic bowel disease; Uncontrolled hypertension; Do not use almotriptan and ergotamine-containing or ergot-derived medications like dihydroergotamine, ergotamine tartrate, or methysergide within 24 hours of each other; Do not use almotriptan and other 5-HT1 agonists (e.g., triptans) within 24 hours of each other; Hemiplegic or basilar migraine; Hypersensitivity to almotriptan or any formulation ingredients",rx; Prescription only,,,Tablet; Triptan; 5-HT1B/1D Agonist,3,
pyrls,639e391cfcae6920598b53f5,Eletriptan,Relpax,Triptan; 5-HT1B/1D Agonist,Other,oral,oral,,,,,,,,,,,"Selectively agonizes 5-HT1B/1D receptors causing vasoconstriction of cranial blood vessels, inhibition of pro-inflammatory neuropeptide release, and decreased pain transmission.",,Acute treatment of migraine with or without aura in adults .,"Ischemic coronary artery disease (CAD) (angina pectoris, history of myocardial infarction, or documented silent ischemia) or coronary artery vasospasm, including Prinzmetal's angina; Wolff-Parkinson-White syndrome or arrhythmias associated with other cardiac accessory conduction pathway disorders; History of stroke, transient ischemic attack (TIA), or history or current evidence of hemiplegic or basilar migraine because these patients are at a higher risk of stroke; Peripheral vascular disease; Ischemic bowel disease; Uncontrolled hypertension; Recent use (i.e., within 24 hours) of another 5-hydroxytryptamine 1 (5-HT1) agonist (e.g. triptan), ergotamine-containing medication, or ergot-type medication such as dihydroergotamine (DHE) or methysergide; Recent use (i.e., within at least 72 hours) of the following potent CYP3A4 inhibitors: ketoconazole, itraconazole, nefazodone, troleandomycin, clarithromycin, ritonavir, or nelfinavir; Hypersensitivity to eletriptan or any formulation ingredients",rx; Prescription only,,,Tablet; Triptan; 5-HT1B/1D Agonist,3,
pyrls,639e391cfcae6920598b53f6,Frovatriptan,Frova,Triptan; 5-HT1B/1D Agonist,Other,oral,oral,,,,,,,,,,,"Selectively agonizes 5-HT1B/1D receptors causing vasoconstriction of cranial blood vessels, inhibition of pro-inflammatory neuropeptide release, and decreased pain transmission.",,Acute treatment of migraine with or without aura in adults .,"Ischemic coronary artery disease (CAD) (e.g., angina pectoris, history of myocardial infarction, or documented silent ischemia), or coronary artery vasospasm, including Prinzmetal’s angina; Wolff-Parkinson-White Syndrome or arrhythmias associated with other cardiac accessory conduction pathway disorders; History of stroke, transient ischemic attack (TIA), or history of hemiplegic or basilar migraine because these patients are at a higher risk of stroke; Peripheral vascular disease; Ischemic bowel disease; Uncontrolled hypertension; Recent use (i.e., within 24 hours) of another 5-HT1 agonist (e.g. triptans), an ergotamine containing or ergot-type medication such as dihydroergotamine (DHE) or methysergide; Hypersensitivity to frovatriptan or any formulation ingredients",rx; Prescription only,,,Tablet; Triptan; 5-HT1B/1D Agonist,3,
pyrls,639e391cfcae6920598b53f7,Naratriptan,Amerge,Triptan; 5-HT1B/1D Agonist,Other,oral,oral,,,,,,,,,,,"Selectively agonizes 5-HT1B/1D receptors causing vasoconstriction of cranial blood vessels, inhibition of pro-inflammatory neuropeptide release, and decreased pain transmission.",,Acute treatment of migraine with or without aura in adults .,"Ischemic coronary artery disease (CAD) (angina pectoris, history of myocardial infarction, or documented silent ischemia) or coronary artery vasospasm, including Prinzmetal’s angina; Wolff-Parkinson-White syndrome or arrhythmias associated with other cardiac accessory conduction pathway disorders; History of stroke or transient ischemic attack (TIA) or history of hemiplegic or basilar migraine because such patients are at a higher risk of stroke; Peripheral vascular disease; Ischemic bowel disease; Uncontrolled hypertension; Recent use (i.e., within 24 hours) of another 5-HT1 agonist (e.g. triptans), ergotamine-containing medication, ergot-type medication (such as dihydroergotamine or methysergide); Severe renal or hepatic impairment; Hypersensitivity to naratriptan or any formulation ingredients",rx; Prescription only,,,Tablet; Triptan; 5-HT1B/1D Agonist,3,
pyrls,639e391cfcae6920598b53f8,Haloperidol,Haldol,1st Generation Antipsychotic,Antipsychotic,oral,oral,,,,,,,,,,,"Competitively blocks postsynaptic dopamine receptors (notably D2) in the brain. Increased dopamine activity in the brain is thought to be associated with the ""positive"" symptoms of schizophrenia/psychosis such as hallucinations, hearing voices, aggression/hostility, disorganized speech, and psychomotor agitation. Also blocks, to varying degrees, several other subtypes of dopamine receptors (D1, D3, D4, D5), serotonin (5HT-2A and 5HT-7) receptors, and alpha-1 adrenergic receptors.",,"Management of manifestations of psychotic disorders such as schizophrenia; Control of tics and vocal utterances of Tourette’s Disorder in children and adults; Treatment of severe behavior problems in children of combative, explosive hyperexcitability (which cannot be accounted for by immediate provocation); reverse use for only after failure to respond to psychotherapy or medications other than antipsychotics; Short-term treatment of hyperactivity in children who show excessive motor activity with accompanying conduct disorders consisting of some or all of the following symptoms: impulsivity, difficulty sustaining attention, aggressivity, mood lability, and poor frustration tolerance; reverse use for only after failure to respond to psychotherapy or medications other than antipsychotics",Those with Parkinson’s disease; Severe toxic central nervous system depression or comatose states from any cause; Hypersensitivity to haloperidol or any formulation ingredients,rx; Prescription only,,,"Tablet, solution; 1st Generation Antipsychotic",7,
pyrls,639e391cfcae6920598b53f9,Chlorpromazine,Thorazine; Largactil,1st Generation Antipsychotic,Antipsychotic,oral,oral,,,,,,,,,,,"Competitively blocks postsynaptic dopamine receptors (notably D2) in the brain. Increased dopamine activity in the brain is thought to be associated with the ""positive"" symptoms of schizophrenia/psychosis such as hallucinations, hearing voices, aggression/hostility, disorganized speech, and psychomotor agitation. Also blocks, to varying degrees, several other subtypes of dopamine receptors (D1, D3, D4, D5), serotonin (5HT-2A, 5HT-2C, and 5HT-7) receptors, histamine-1 receptors, muscarinic (M1) receptors, and alpha-1 and alpha-2 (slightly) adrenergic receptors.",,"Management of manifestations of psychotic disorders; Treatment of schizophrenia; To control nausea and vomiting; Relief of restlessness and apprehension before surgery; Acute intermittent porphyria; As an adjunct in the treatment of tetanus; To control the manifestations of the manic type of manic-depressive illness; For relief of intractable hiccups; Treatment of severe behavioral problems in children (1 to 12 years of age) marked by combativeness and/or explosive hyperexcitable behavior (out of proportion to immediate provocations); Short-term treatment of hyperactive children who show excessive motor activity with accompanying conduct disorders consisting of some or all of the following symptoms: impulsivity, difficulty sustaining attention, aggressivity, mood lability and poor frustration tolerance","Do not use in comatose states; Do not use in the presence of large amounts of central nervous system depressants (alcohol, barbiturates, narcotics, etc.); Hypersensitivity to chlorpromazine, other phenothiazines, or any formulation ingredients",rx; Prescription only,,,Tablet; 1st Generation Antipsychotic,6,
pyrls,639e391cfcae6920598b53fa,Thioridazine,Mellaril,1st Generation Antipsychotic,Antipsychotic,oral,oral,,,,,,,,,,,"Competitively blocks postsynaptic dopamine receptors (notably D2) in the brain. Increased dopamine activity in the brain is thought to be associated with the ""positive"" symptoms of schizophrenia/psychosis such as hallucinations, hearing voices, aggression/hostility, disorganized speech, and psychomotor agitation. Also blocks, to varying degrees, several other subtypes of dopamine receptors (D1, D3, D4, D5), serotonin (5HT-1A, 5HT-2A, 5HT-2C, and 5HT-7) receptors, histamine-1 receptors, muscarinic (M1) receptors, and alpha-1 and alpha-2 (slightly) adrenergic receptors.",,"Management of schizophrenic patients who fail to respond adequately to treatment with other antipsychotic drugs due to the risk of significant, potentially life threatening, proarrhythmic effects with thioridazine treatment. Thioridazine should be used only in patients who have failed to respond adequately to trials of at least two different antipsychotic drugs with appropriate courses, either because of insufficient effectiveness or the inability to achieve an effective dose due to intolerable adverse effects from those drugs.","Patients with congenital long QT syndrome or a history of cardiac arrhythmias; Patients who are known CYP2D6 poor metabolizers; Concomitant use with other drugs known to prolong the QTc interval; Concomitant use with CYP2D6 inhibitors; Comcomitant use with fluvoxamine, propranolol, and pindolol; Hypertensive or hypotensive heart disease of extreme degree; Severe central nervous system depression or comatose states from any cause including drug induced central nervous system depression; Hypersensitivity to thioridazine, other phenothiazines, or any formulation ingredients",rx; Prescription only,,,Tablet; 1st Generation Antipsychotic,6,
pyrls,639e391cfcae6920598b53fb,Loxapine,Loxitane,1st Generation Antipsychotic,Antipsychotic,oral,oral,,,,,,,,,,,"Competitively blocks postsynaptic dopamine receptors (notably D2) in the brain. Increased dopamine activity in the brain is thought to be associated with the ""positive"" symptoms of schizophrenia/psychosis such as hallucinations, hearing voices, aggression/hostility, disorganized speech, and psychomotor agitation. Also blocks, to varying degrees, several other subtypes of dopamine receptors (D1, D3, D4, D5), serotonin (5HT-2A, 5HT-2C, and 5HT-7) receptors, histamine-1 receptors, muscarinic (M1) receptors, and alpha-1 adrenergic receptors.",,Treatment of schizophrenia,"Comatose or severe drug-induced depressed states (alcohol, barbiturates, narcotics, etc.); Hypersensitivity to loxapine, dibenzoxazepines, or any formulation ingredients",rx; Prescription only,,,Capsule; 1st Generation Antipsychotic,6,
pyrls,639e391cfcae6920598b53fc,Perphenazine,Trilafon,1st Generation Antipsychotic,Antipsychotic,oral,oral,,,,,,,,,,,"Competitively blocks postsynaptic dopamine receptors (notably D2) in the brain. Increased dopamine activity in the brain is thought to be associated with the ""positive"" symptoms of schizophrenia/psychosis such as hallucinations, hearing voices, aggression/hostility, disorganized speech, and psychomotor agitation. Also blocks, to varying degrees, several other subtypes of dopamine receptors (D1, D3, D4), serotonin (5HT-2A, 5HT-2C, and 5HT-7) receptors, histamine-1 receptors, and alpha-1 and alpha-2 (slightly) adrenergic receptors.",,Treatment of schizophrenia; Control of severe nausea and vomiting in adults,"Comatose or greatly obtunded patients and in patients receiving large doses of central nervous system depressants (barbiturates, alcohol, narcotics, analgesics, or antihistamines); In the presence of liver damage; In the presence of existing blood dyscrasias, or bone marrow depression; Patients with suspected or established subcortical brain damage, with or without hypothalamic damage; Hypersensitivity to perphenazine, other phenothiazines, or any formulation ingredients",rx; Prescription only,,,Tablet; 1st Generation Antipsychotic,6,
pyrls,639e391cfcae6920598b53fd,Fluphenazine,Prolixin,1st Generation Antipsychotic,Antipsychotic,oral,oral,,,,,,,,,,,"Competitively blocks postsynaptic dopamine receptors (notably D2) in the brain. Increased dopamine activity in the brain is thought to be associated with the ""positive"" symptoms of schizophrenia/psychosis such as hallucinations, hearing voices, aggression/hostility, disorganized speech, and psychomotor agitation. Also blocks, to varying degrees, several other subtypes of dopamine receptors (D1, D3, D4, D5), serotonin (5HT-2A, 5HT-2C, and 5HT-7) receptors, histamine-1 receptors, and alpha-1 adrenergic receptors.",,"Management of manifestations of psychotic disorders , such as schizophrenia","Suspected or established subcortical brain damage; Patients receiving large doses of hypnotics; Comatose or severely depressed states; The presence of liver damage; The presence of blood dyscrasia; Hypersensitivity to fluphenazine, other phenothiazines, or any formulation ingredients",rx; Prescription only,,,"Tablet, solution, elixir; 1st Generation Antipsychotic",6,
pyrls,639e391cfcae6920598b53fe,Thiothixene,Navane,1st Generation Antipsychotic,Antipsychotic,oral,oral,,,,,,,,,,,"Competitively blocks postsynaptic dopamine receptors (notably D2) in the brain. Increased dopamine activity in the brain is thought to be associated with the ""positive"" symptoms of schizophrenia/psychosis such as hallucinations, hearing voices, aggression/hostility, disorganized speech, and psychomotor agitation. Also blocks, to varying degrees, several other subtypes of dopamine receptors (D1, D3, D4, D5), serotonin (5HT-1A, 5HT-2A, and 5HT-7) receptors, histamine-1 receptors, and alpha-1 adrenergic receptors.",,Management of schizophrenia,Circulatory collapse; Comatose states; Central nervous system depression due to any cause; Blood dyscrasias; Hypersensitivity to thiothixene or any formulation ingredients,rx; Prescription only,,,Capsule; 1st Generation Antipsychotic,6,
pyrls,639e391cfcae6920598b53ff,Trifluoperazine,Stelazine,1st Generation Antipsychotic,Antipsychotic,oral,oral,,,,,,,,,,,"Competitively blocks postsynaptic dopamine receptors (notably D2) in the brain. Increased dopamine activity in the brain is thought to be associated with the ""positive"" symptoms of schizophrenia/psychosis such as hallucinations, hearing voices, aggression/hostility, disorganized speech, and psychomotor agitation. Also blocks, to varying degrees, several other subtypes of dopamine receptors (D1, D3, D4), serotonin (5HT-1A, 5HT-2A, 5HT-2C, and 5HT-7) receptors, histamine-1 receptors, muscarinic (M1) receptors, and alpha-1 adrenergic receptors.",,Management of schizophrenia; Short-term treatment of generalized non-psychotic anxiety,"Comatose or greatly depressed states due to central nervous system depressants; Blood dyscrasias; Bone marrow depression; Pre-existing liver damage; Hypersensitivity to trifluoperazine, phenothiazines, or any formulation ingredients",rx; Prescription only,,,Tablet; 1st Generation Antipsychotic,6,
pyrls,639e391cfcae6920598b5400,Aripiprazole,Abilify,2nd Generation Antipsychotic,Antipsychotic,oral,oral,,,,,,,,,,,"Partial agonist of D2 dopamine and 5HT-1A serotonin receptors, while blocking 5HT-2A serotonin receptors. These mechanisms are notably thought to be related to its efficacy for indicated conditions. Also blocks, to varying degrees, several other subtypes of dopamine receptors (D1, D3, D4), serotonin (5HT-2A, 5HT-2C and 5HT-7) receptors, histamine-1 receptors, and alpha-1 and alpha-2 (mildly) adrenergic receptors.",,Management of schizophrenia; Acute treatment of manic and mixed episodes associated with bipolar I disorder; Adjunctive treatment of major depressive disorder; Irritability associated with autistic disorder; Treatment of Tourette's disorder,Hypersensitivity to aripiprazole or any formulation ingredients,rx; Prescription only,,,"Tablet, orally disintegrating tablet, solution; 2nd Generation Antipsychotic",8,
pyrls,639e391cfcae6920598b5401,Brexpiprazole,Rexulti,2nd Generation Antipsychotic,Antipsychotic,oral,oral,,,,,,,,,,,"Partial agonist of D2 dopamine and 5HT-1A serotonin receptors, while blocking 5HT-2A serotonin receptors. These mechanisms are notably thought to be related to its efficacy for indicated conditions. Also blocks, to varying degrees, several other subtypes of dopamine receptors (D1, D3, D4), serotonin (5HT-2A, 5HT-2C and 5HT-7) receptors, histamine-1 receptors, and alpha-1 and alpha-2 adrenergic receptors.",,Management of schizophrenia; Adjunctive treatment of major depressive disorder,Hypersensitivity to brexpiprazole or any formulation ingredients,rx; Prescription only,,,Tablet; 2nd Generation Antipsychotic,7,
pyrls,639e391cfcae6920598b5402,Cariprazine,Vraylar,2nd Generation Antipsychotic,Antipsychotic,oral,oral,,,,,,,,,,,"Partial agonist of D2 dopamine and 5HT-1A serotonin receptors, while blocking 5HT-2A serotonin receptors. These mechanisms are notably thought to be related to its efficacy for indicated conditions. Also blocks, to varying degrees, D3 dopamine receptors, serotonin (5HT-2A, 5HT-2C and 5HT-7) receptors, histamine-1 receptors, and alpha-1 adrenergic receptors.",,Treatment of schizophrenia in adults; Acute treatment of manic and mixed episodes associated with bipolar I disorder; Treatment of depressive episodes associated with bipolar I disorder (bipolar depression) in adults,Hypersensitivity to cariprazine or any formulation ingredients,rx; Prescription only,,,Capsule; 2nd Generation Antipsychotic,7,
pyrls,639e391cfcae6920598b5403,Quetiapine,Seroquel; Seroquel XR,2nd Generation Antipsychotic,Antipsychotic,oral,oral,,,,,,,,,,,"Competitively blocks of D2 dopamine and 5HT-2A serotonin receptors. These mechanisms are notably thought to be related to its efficacy for indicated conditions. Also blocks, to varying degrees, D3 dopamine receptors, serotonin (5HT-2C and 5HT-7) receptors, muscarinic (M1) receptors, histamine-1 receptors, and alpha-1 adrenergic receptors. Partial agonist of 5HT-1A.",,"Treatment of schizophrenia; Adjunctive therapy to antidepressants for treatment of major depressive disorder (ER tablets only); Bipolar disorder: Acute treatment of manic episode or mixed episodes (ER tablets only) associated with bipolar I disorder both as monotherapy and as an adjunct to antimanic therapy (e.g. lithium, divalproex) Maintenance treatment of bipolar I disorder as an adjunct to antimanic therapy (e.g. lithium, divalproex) Acute treatment of depressive episodes associated with bipolar disorder",Hypersensitivity to quetiapine or any formulation ingredients,rx; Prescription only,,,"Tablet, extended release tablet; 2nd Generation Antipsychotic",8,
pyrls,639e391cfcae6920598b5404,Lurasidone,Latuda,2nd Generation Antipsychotic,Antipsychotic,oral,oral,,,,,,,,,,,"Competitively blocks of D2 dopamine and 5HT-2A serotonin receptors. These mechanisms are notably thought to be related to its efficacy for indicated conditions. Also blocks, to varying degrees, several subtypes of dopamine receptors (D1, D3, D4), serotonin (5HT-2C and 5HT-7) receptors, and alpha-1 and alpha-2 adrenergic receptors. Partial agonist of 5HT-1A.",,"Treatment of schizophrenia in adult and adolescent patients age 13+ years old; Monotherapy treatment of major depressive episode associated with bipolar I disorder (bipolar depression) in adult and pediatric patients age 10+ years old; Treatment as an adjunct to antimanic therapy (e.g. lithium, divalproex) for major depressive episode associated with bipolar I disorder (bipolar depression) in adults",Concomitant use with a strong CYP3A4 inhibitor; Concomitant use with a strong CYP3A4 inducer; Hypersensitivity to lurasidone or any formulation ingredients,rx; Prescription only,,,Tablet; 2nd Generation Antipsychotic,7,
pyrls,639e391cfcae6920598b5405,Asenapine,Saphris,2nd Generation Antipsychotic,Antipsychotic,oral,oral,,,,,,,,,,,"Competitively blocks of D2 dopamine and 5HT-2A serotonin receptors. These mechanisms are notably thought to be related to its efficacy for indicated conditions. Also blocks, to varying degrees, other subtypes of dopamine receptors (D1, D3, D4), serotonin (5HT-1A, 5HT-2C and 5HT-7) receptors, histamine-1 receptors, and alpha-1 and alpha-2 adrenergic receptors.",,"Treatment of schizophrenia in adults; Bipolar I disorder: Acute monotherapy of manic or mixed episodes, in adults and pediatric patients 10+ years of age Adjunctive treatment to antimanics (e.g. lithium, valproate) in adults Maintenance monotherapy treatment in adults",Severe hepatic impairment; Hypersensitivity to asenapine or any formulation ingredients,rx; Prescription only,,,Sublingual tablet; 2nd Generation Antipsychotic,7,
pyrls,639e391cfcae6920598b5406,Iloperidone,Fanapt,2nd Generation Antipsychotic,Antipsychotic,oral,oral,,,,,,,,,,,"Competitively blocks of D2 dopamine and 5HT-2A serotonin receptors. These mechanisms are notably thought to be related to its efficacy for indicated conditions. Also blocks, to varying degrees, other subtypes of dopamine receptors (D1, D3, D4, D5), serotonin (5HT-2C and 5HT-7) receptors, histamine-1 receptors, and alpha-1 and alpha-2 adrenergic receptors. Partial agonist of 5HT-1A.",,Treatment of schizophrenia in adults,Hypersensitivity to iloperidone or any formulation ingredients,rx; Prescription only,,,Tablet; 2nd Generation Antipsychotic,7,
pyrls,639e391cfcae6920598b5407,Ziprasidone,Geodon,2nd Generation Antipsychotic,Antipsychotic,oral,oral,,,,,,,,,,,"Competitively blocks of D2 dopamine and 5HT-2A serotonin receptors. These mechanisms are notably thought to be related to its efficacy for indicated conditions. Also blocks, to varying degrees, other subtypes of dopamine receptors (D1, D3, D4, D5), serotonin (5HT-2C and 5HT-7) receptors, histamine-1 receptors, and alpha-1 and alpha-2 adrenergic receptors. Partial agonist of 5HT-1A.",,"Treatment of schizophrenia in adults; As monotherapy for the acute treatment of manic or mixed episodes associated with bipolar I disorder in adults; Maintenance treatment of bipolar I disorder as an adjunct to antimanic therapy (e.g. lithium, divalproex) in adults","Patients with a known history of QT prolongation; Drugs that have demonstrated QT prolongation as one of their pharmacodynamic effects and have this effect described in the full prescribing information as a contraindication or a boxed or bolded warning including, but not limited to: dofetilide, sotalol, quinidine, other Class Ia and III anti-arrhythmics, mesoridazine, thioridazine, chlorpromazine, droperidol, pimozide, sparfloxacin, gatifloxacin, moxifloxacin, halofantrine, mefloquine, pentamidine, arsenic trioxide, levomethadyl acetate, dolasetron mesylate, probucol or tacrolimus; Recent acute myocardial infarction; Uncompensated heart failure; Hypersensitivity to ziprasidone or any formulation ingredients",rx; Prescription only,,,Capsule; 2nd Generation Antipsychotic,7,
pyrls,639e391cfcae6920598b5408,Paliperidone,Invega,2nd Generation Antipsychotic,Antipsychotic,oral,oral,,,,,,,,,,,"Competitively blocks of D2 dopamine and 5HT-2A serotonin receptors. These mechanisms are notably thought to be related to its efficacy for indicated conditions. Also blocks, to varying degrees, other subtypes of dopamine receptors (D1, D3, D4, D5), serotonin (5HT-1A, 5HT-2C and 5HT-7) receptors, histamine-1 receptors, and alpha-1 and alpha-2 adrenergic receptors. .",,Treatment of schizophrenia; Treatment of schizoaffective disorder as monotherapy and an adjunct to mood stabilizers and/or antidepressant therapy,"Hypersensitivity to paliperidone, risperidone, or any formulation ingredients",rx; Prescription only,,,Extended-release tablet; 2nd Generation Antipsychotic,7,
pyrls,639e391cfcae6920598b5409,Risperidone,Risperdal,2nd Generation Antipsychotic,Antipsychotic,oral,oral,,,,,,,,,,,"Competitively blocks of D2 dopamine and 5HT-2A serotonin receptors. These mechanisms are notably thought to be related to its efficacy for indicated conditions. Also blocks, to varying degrees, other subtypes of dopamine receptors (D1, D3, D4, D5), serotonin (5HT-1A, 5HT-2C and 5HT-7) receptors, histamine-1 receptors, and alpha-1 and alpha-2 adrenergic receptors.",,"Treatment of schizophrenia; As monotherapy for the acute treatment of manic or mixed episodes associated with bipolar I disorder; Maintenance treatment of bipolar I disorder as an adjunct to antimanic therapy (e.g. lithium, valproate); Treatment of irritability associated with autistic disorder , including symptoms of aggression towards others, deliberate self-injuriousness, temper tantrums, and quickly changing moods","Hypersensitivity to risperidone, paliperidone, or any formulation ingredients",rx; Prescription only,,,"Tablet, orally disintegrating tablet, solution; 2nd Generation Antipsychotic",7,
pyrls,639e391cfcae6920598b540a,Clozapine,Clozaril; FazaClo; Versacloz,2nd Generation Antipsychotic,Antipsychotic,oral,oral,,,,,,,,,,,"Competitively blocks of D2 dopamine and 5HT-2A serotonin receptors. These mechanisms are notably thought to be related to its efficacy for indicated conditions. Also blocks, to varying degrees, other subtypes of dopamine receptors (D1, D3, D4, D5), serotonin (5HT-2C and 5HT-7) receptors, histamine-1 receptors, and alpha-1 and alpha-2 adrenergic receptors. Partial agonist of M1 muscarinic receptors and 5HT-1A.",,"Treatment-Resistant Schizophrenia : treatment of severely ill patients with schizophrenia who fail to respond adequately to standard antipsychotic treatment; Reduction in the Risk of Recurrent Suicidal Behavior in Schizophrenia or Schizoaffective Disorder : reducing the risk of recurrent suicidal behavior in patients with schizophrenia or schizoaffective disorder who are judged to be at chronic risk for re-experiencing suicidal behavior, based on history and recent clinical state",Hypersensitivity to clozapine or any formulation ingredients,rx; Prescription only,,,"Tablet, orally disintegrating tablet, suspension; 2nd Generation Antipsychotic",10,
pyrls,639e391cfcae6920598b540b,Olanzapine,Zyprexa,2nd Generation Antipsychotic,Antipsychotic,oral,oral,,,,,,,,,,,"Competitively blocks of D2 dopamine and 5HT-2A serotonin receptors. These mechanisms are notably thought to be related to its efficacy for indicated conditions. Also blocks, to varying degrees, various dopamine receptors (D1, D3, D4, D5), serotonin (5HT-2C and 5HT-7) receptors, muscarinic (M1) receptors, histamine-1 receptors, M1 muscarinic receptors, and alpha-1 and alpha-2 adrenergic receptors.",,"Treatment of schizophrenia; Bipolar I disorder : Monotherapy : acute treatment of manic or mixed episodes associated with bipolar I disorder and maintenance treatment of bipolar I disorder Adjunctive Therapy to Antimanics (e.g. lithium, valproate) : treatment of manic or mixed episodes associated with bipolar I disorder",Hypersensitivity to olanzapine or any formulation ingredients,rx; Prescription only,,,"Tablet, orally disintegrating tablet; 2nd Generation Antipsychotic",8,
pyrls,639e391cfcae6920598b540c,Ibuprofen,Advil; Motrin; Caldolor,NSAID; Analgesic; COX-1/COX-2 Non-Selective,Analgesic,oral,oral,,,,,,,,,,,"Reversibly inhibits cyclooxygenase-1 and 2 (COX-1 and 2) enzymes causing decreased prostaglandin precursor formation. This results in anti-inflammatory, analgesic, and antipyretic effects.",,Mild to moderate pain; Signs and symptoms of rheumatoid arthritis and osteoarthritis; Primary dysmenorrhea,"Known hypersensitivity to ibuprofen or any formulation ingredients; Those who have experienced asthma, urticaria, or allergic reactions after takings NSAIDs; In the setting of coronary artery bypass graft (CABG) surgery",rx; otc; Rx/OTC depending on formulation/strength,,,"Tablet, chewable tablet, capsule, suspension; NSAID; Analgesic; COX-1/COX-2 Non-Selective",8,
pyrls,639e391cfcae6920598b540d,Naproxen,Aleve; Naprosyn; Naprelan,NSAID; Analgesic; COX-1/COX-2 Non-Selective,Analgesic,oral,oral,,,,,,,,,,,"Reversibly inhibits cyclooxygenase-1 and 2 (COX-1 and 2) enzymes causing decreased prostaglandin precursor formation. This results in anti-inflammatory, analgesic, and antipyretic effects.",,"Rx/OTC: relief of mild to moderate pain , and primary dysmenorrhea; Rx only: relief of the signs and symptoms of rheumatoid arthritis osteoarthritis ankylosing spondylitis Polyarticular Juvenile Idiopathic Arthritis tendonitis bursitis acute gout flares","Known hypersensitivity to naproxen or any formulation ingredients; Those who have experienced asthma, urticaria, or allergic reactions after takings NSAIDs; In the setting of coronary artery bypass graft (CABG) surgery",rx; otc; Rx/OTC depending on formulation/strength,,,"Tablet, extended release tablet, capsule, suspension; NSAID; Analgesic; COX-1/COX-2 Non-Selective",9,
pyrls,639e391cfcae6920598b540e,Indomethacin,Indocin; Tivorbex,NSAID; Analgesic; COX-1/COX-2 Non-Selective,Analgesic,oral,oral,,,,,,,,,,,"Reversibly inhibits cyclooxygenase-1 and 2 (COX-1 and 2) enzymes causing decreased prostaglandin precursor formation. This results in anti-inflammatory, analgesic, and antipyretic effects.",,Immediate release capsule: Moderate to severe rheumatoid arthritis including acute flares of chronic disease Moderate to severe ankylosing spondylitis Moderate to severe osteoarthritis Acute painful shoulder (bursitis and/or tendinitis) Acute gouty arthritis; Extended release capsule: Moderate to severe rheumatoid arthritis including acute flares of chronic disease Moderate to severe ankylosing spondylitis Moderate to severe osteoarthritis Acute painful shoulder (bursitis and/or tendinitis) Not recommended for the treatment of acute gouty arthritis; Tivorbex (micronized capsule): treatment of mild to moderate acute pain in adults,"Known hypersensitivity to indomethacin or any formulation ingredients; Those who have experienced asthma, urticaria, or allergic reactions after takings NSAIDs; In the setting of coronary artery bypass graft (CABG) surgery",rx; Prescription only,,,"capsule, extended release capsule, suspension; NSAID; Analgesic; COX-1/COX-2 Non-Selective",10,
pyrls,639e391cfcae6920598b540f,Piroxicam,Feldene,NSAID; Analgesic; COX-1/COX-2 Non-Selective,Analgesic,oral,oral,,,,,,,,,,,"Reversibly inhibits cyclooxygenase-1 and 2 (COX-1 and 2) enzymes causing decreased prostaglandin precursor formation. This results in anti-inflammatory, analgesic, and antipyretic effects.",,Relief of signs and symptoms of osteoarthritis and rheumatoid arthritis,"Known hypersensitivity to piroxicam or any formulation ingredients; Those who have experienced asthma, urticaria, or allergic reactions after takings NSAIDs; In the setting of coronary artery bypass graft (CABG) surgery",rx; Prescription only,,,Capsule; NSAID; Analgesic; COX-1/COX-2 Non-Selective,6,
pyrls,639e391cfcae6920598b5410,Fenoprofen,Nalfon; Fenortho,NSAID; Analgesic; COX-1/COX-2 Non-Selective,Analgesic,oral,oral,,,,,,,,,,,"Reversibly inhibits cyclooxygenase-1 and 2 (COX-1 and 2) enzymes causing decreased prostaglandin precursor formation. This results in anti-inflammatory, analgesic, and antipyretic effects.",,Relief of signs and symptoms of osteoarthritis and rheumatoid arthritis; Relief of signs and symptoms of mild to moderate pain in adults,"Known hypersensitivity to fenoprofen or any formulation ingredients; Those who have experienced asthma, urticaria, or allergic reactions after takings NSAIDs; In the setting of coronary artery bypass graft (CABG) surgery",rx; Prescription only,,,"Tablet, capsule; NSAID; Analgesic; COX-1/COX-2 Non-Selective",7,
pyrls,639e391cfcae6920598b5411,Sulindac,Clinoril,NSAID; Analgesic; COX-1/COX-2 Non-Selective,Analgesic,oral,oral,,,,,,,,,,,"Reversibly inhibits cyclooxygenase-1 and 2 (COX-1 and 2) enzymes causing decreased prostaglandin precursor formation. This results in anti-inflammatory, analgesic, and antipyretic effects.",,"Acute or long-term use in the relief of signs and symptoms of the following: Osteoarthritis Rheumatoid arthritis* Ankylosing spondylitis Acute painful shoulder (Acute subacromial bursitis/supraspinatus tendinitis) Acute gouty arthritis *The safety and effectiveness of sulindac has not been established in rheumatoid arthritis patients who are designated in the American Rheumatism Association classification as Functional Class IV (incapacitated, largely or wholly bedridden, or confined to wheelchair, little or no self-care).","Known hypersensitivity to sulindac or any formulation ingredients; Those who have experienced asthma, urticaria, or allergic reactions after takings NSAIDs; In the setting of coronary artery bypass graft (CABG) surgery",rx; Prescription only,,,Tablet; NSAID; Analgesic; COX-1/COX-2 Non-Selective,6,
pyrls,639e391cfcae6920598b5412,Ketorolac,Toradol,NSAID; Analgesic; COX-1/COX-2 Non-Selective,Analgesic,oral,oral,,,,,,,,,,,"Reversibly inhibits cyclooxygenase-1 and 2 (COX-1 and 2) enzymes causing decreased prostaglandin precursor formation. This results in anti-inflammatory, analgesic, and antipyretic effects.",,"Short-term ( ≤ 5 days ) management of moderately severe acute pain that requires analgesia at the opioid level, usually in a postoperative setting. Therapy should always be initiated with ketorolac-IV or IM and ketorolac tablets are to be used only as continuation treatment, if necessary.","Known hypersensitivity to ketorolac or any formulation ingredients; Active peptic ulcer disease, recent gastrointestinal bleeding or perforation, or a history of peptic ulcer disease or gastrointestinal bleeding; Those who have experienced asthma, urticaria, or allergic reactions after takings NSAIDs; Contraindicated as prophylactic analgesic before any major surgery; In the setting of coronary artery bypass graft (CABG) surgery; Advanced renal impairment or those at risk for renal failure due to volume depletion; In labor and delivery because, through its prostaglandin synthesis inhibitory effect, it may adversely affect fetal circulation and inhibit uterine contractions, thus increasing the risk of uterine hemorrhage; Suspected or confirmed cerebrovascular bleeding, hemorrhagic diathesis, incomplete hemostasis and those at high risk of bleeding; Concurrent use with aspirin or NSAIDs because of the cumulative risks of inducing serious NSAID-related adverse events; Concomitant use with probenecid; Concomitant use with pentoxifylline",rx; Prescription only,,,Tablet; NSAID; Analgesic; COX-1/COX-2 Non-Selective,7,
pyrls,639e391cfcae6920598b5413,Celecoxib,Celebrex; Elyxyb,NSAID; Analgesic; COX-2 Selective,Analgesic,oral,oral,,,,,,,,,,,"Reversibly inhibits primarily cyclooxygenase-2 (COX-2) enzymes (with some limited inhibition of cyclooxygenase-1 enzymes) causing decreased prostaglandin precursor formation. This results in anti-inflammatory, analgesic, and antipyretic effects.",,Capsule: management of the signs and symptoms of: Osteoarthritis Rheumatoid Arthritis Juvenile Rheumatoid Arthritis Ankylosing Spondylitis Acute Pain Primary Dysmenorrhea; Oral solution: acute treatment of migraine with or without aura in adults,"Known hypersensitivity to celecoxib or any formulation ingredients; Demonstrated allergic-type reactions to sulfonamides; Those who have experienced asthma, urticaria, or allergic reactions after takings NSAIDs; In the setting of coronary artery bypass graft (CABG) surgery",rx; Prescription only,,,"Capsule, oral solution; NSAID; Analgesic; COX-2 Selective",7,
pyrls,639e391cfcae6920598b5414,Diclofenac,Voltaren; Zorvolex; Zipsor; Cambia,NSAID; Analgesic; Moderate COX-2 Selectivity,Analgesic,oral,oral,,,,,,,,,,,"Reversibly inhibits cyclooxygenase-1 and 2 (COX-1 and 2) enzymes (with increased COX-2 selectivity compared to non-selective NSAIDs) causing decreased prostaglandin precursor formation. This results in anti-inflammatory, analgesic, and antipyretic effects.",,Immediate-release tablet: Treatment of primary dysmenorrhea Relief of signs and symptoms of osteoarthritis Relief of mild to moderate acute pain Relief of signs and symptoms of rheumatoid arthritis; Delayed-release tablet: Relief of signs and symptoms of osteoarthritis Relief of signs and symptoms of rheumatoid arthritis Acute or long-term use in the relief of signs and symptoms of ankylosing spondylitis; Extended-release tablet: Relief of signs and symptoms of osteoarthritis Relief of signs and symptoms of rheumatoid arthritis; Capsule: Relief of mild to moderate acute pain in adults; Powder for solution: Acute treatment of migraine attacks with or without aura in adults,"Known hypersensitivity to diclofenac or any formulation ingredients; Known hypersensitivity to bovine protein (Zipsor capsules only); Those who have experienced asthma, urticaria, or allergic reactions after takings NSAIDs; In the setting of coronary artery bypass graft (CABG) surgery","rx; otc; All formulations are prescription only, except the topical gel which is available both Rx and OTC",,,"Tablet, delayed release tablet, extended release tablet, capsule, powder for solution; NSAID; Analgesic; Moderate COX-2 Selectivity",12,
pyrls,639e391cfcae6920598b5415,Meloxicam,Mobic; Vivlodex; Qmiiz,NSAID; Analgesic; Moderate COX-2 Selectivity,Analgesic,oral,oral,,,,,,,,,,,"Reversibly inhibits cyclooxygenase-1 and 2 (COX-1 and 2) enzymes (with increased COX-2 selectivity compared to non-selective NSAIDs) causing decreased prostaglandin precursor formation. This results in anti-inflammatory, analgesic, and antipyretic effects.",,Relief of the signs and symptoms of osteoarthritis; Relief of the signs and symptoms of rheumatoid arthritis and of of pauciarticular or polyarticular course Juvenile Rheumatoid Arthritis in those who weigh ≥60 kg ( tablet and ODT tablet only ),"Known hypersensitivity to meloxicam or any formulation ingredients; Those who have experienced asthma, urticaria, or allergic reactions after takings NSAIDs; In the setting of coronary artery bypass graft (CABG) surgery",rx; Prescription only,,,"Capsule, tablet, orally disintegrating tablet; NSAID; Analgesic; Moderate COX-2 Selectivity",8,
pyrls,639e391cfcae6920598b5416,Etodolac,Lodine,NSAID; Analgesic; Moderate COX-2 Selectivity,Analgesic,oral,oral,,,,,,,,,,,"Reversibly inhibits cyclooxygenase-1 and 2 (COX-1 and 2) enzymes (with increased COX-2 selectivity compared to non-selective NSAIDs) causing decreased prostaglandin precursor formation. This results in anti-inflammatory, analgesic, and antipyretic effects.",,"Immediate-release capsule, tablet: Relief of mild to moderate acute pain Relief of signs and symptoms of osteoarthritis Relief of signs and symptoms of rheumatoid arthritis; Extended-release tablet: Relief of signs and symptoms of juvenile arthritis Relief of signs and symptoms of osteoarthritis Relief of signs and symptoms of rheumatoid arthritis","Known hypersensitivity to etodolac or any formulation ingredients; Those who have experienced asthma, urticaria, or allergic reactions after takings NSAIDs; In the setting of coronary artery bypass graft (CABG) surgery",rx; Prescription only,,,"Capsule, tablet, extended release tablet; NSAID; Analgesic; Moderate COX-2 Selectivity",7,
pyrls,639e391cfcae6920598b5417,Nabumetone,Relafen DS,NSAID; Analgesic; Moderate COX-2 Selectivity,Analgesic,oral,oral,,,,,,,,,,,"Reversibly inhibits cyclooxygenase-1 and 2 (COX-1 and 2) enzymes (with increased COX-2 selectivity compared to non-selective NSAIDs) causing decreased prostaglandin precursor formation. This results in anti-inflammatory, analgesic, and antipyretic effects.",,Relief of the signs and symptoms of rheumatoid arthritis; Relief of the signs and symptoms of osteoarthritis,"Known hypersensitivity to nabumetone or any formulation ingredients; Those who have experienced asthma, urticaria, or allergic reactions after takings NSAIDs; In the setting of coronary artery bypass graft (CABG) surgery",rx; Prescription only,,,Tablet; NSAID; Analgesic; Moderate COX-2 Selectivity,6,
pyrls,639e391cfcae6920598b5418,Salsalate,Disalcid,NSAID; Analgesic; Salicylate,Analgesic,oral,oral,,,,,,,,,,,"Irreversibly inhibits cyclooxygenase-1 and 2 (COX-1 and 2) enzymes causing decreased prostaglandin precursor formation. This results in anti-inflammatory, analgesic, and antipyretic effects. Salsalate also appears to inhibit nuclear factor-kappa B (NF-kB), preventing activation of the NF-kB-mediated pathway and the expression of genes involved in inflammation.",,"Relief of the signs and symptoms of rheumatoid arthritis, osteoarthritis and related rheumatic disorder","Known hypersensitivity to salsalate or any formulation ingredients; Those who have experienced asthma, urticaria, or allergic reactions after takings NSAIDs; In the setting of coronary artery bypass graft (CABG) surgery",rx; Prescription only,,,Tablet; NSAID; Analgesic; Salicylate,7,
pyrls,639e391cfcae6920598b5419,Aspirin,Bayer; Ecotrin; Durlaza,NSAID; Analgesic; Salicylate,Analgesic,oral,oral,,,,,,,,,,,"Inhibits cyclooxygenase-1 and 2 (COX-1 and 2) enzymes causing decreased prostaglandin precursor formation. This results in anti-inflammatory, analgesic, and antipyretic effects. Via its COX enzyme inhibition, aspirin also blocks the synthesis of thromboxane A2 which interferes with platelet aggregation .",,"Immediate release: Temporary relief of minor aches and pains due to: headache, colds, muscle pain, menstrual pain, toothache, minor pain of arthritis Reducing the combined risk of death and nonfatal stroke in patients who have had ischemic stroke or transient ischemia of the brain due to fibrin platelet emboli Reducing the combined risk of death and nonfatal MI in patients with a previous MI or unstable angina pectoris Reducing the combined risk of MI and sudden death in patients with chronic stable angina pectoris Use in patients who have undergone revascularization procedures (Coronary Artery Bypass Graft [CABG] or Percutaneous Transluminal Coronary Angioplasty [PTCA]) when there is a pre-existing condition for which aspirin is already indicated; Extended release capsule: Reduce the risk of death and myocardial infarction (MI) in patients with chronic coronary artery disease, such as patients with a history of MI or unstable angina pectoris or with chronic stable angina Reduce the risk of death and recurrent stroke in patients who have had an ischemic stroke or transient ischemic attack NOT FOR USE where a rapid onset of action is required (such as acute treatment of myocardial infarction or before percutaneous coronary intervention)","Known hypersensitivity to aspirin or any formulation ingredients; Those who have experienced a hypersensitivity reaction, asthma, urticaria, or allergic reactions after taking NSAIDs or salicylates; Use in children or teenagers for viral infections, with or without fever.",rx; otc; Rx/OTC depending on formulation/strength,,,"Tablet, delayed release tablet, chewable tablet, extended release capsule; NSAID; Analgesic; Salicylate",19,
pyrls,639e391cfcae6920598b541a,Acetaminophen,Tylenol,Analgesic; Antipyretic,Analgesic,oral,oral,,,,,,,,,,,"The mechanism of action of acetaminophen is not well-defined. Its antipyretic and analgesic activity are thought to result from inhibition of prostaglandin synthesis and release in the central nervous system. Inhibition of the nitric oxide (NO) pathway via action on neurotransmitter receptors, such as N-methyl-D-aspartate (NMDA) and substance P, also may result in elevation of the pain threshold.",,Temporarily reduces fever; Temporarily relieves minor aches and pains due to: muscular aches backache minor pain of arthritis toothache premenstrual and menstrual cramps headache the common cold,Known hypersensitivity to acetaminophen or any formulation ingredients; Severe hepatic impairment or active liver disease; OTC labeling: use with other products containing acetaminophen,rx; otc; Rx/OTC depending on formulation,,,"Tablet, chewable tablet, dispersible tablet, extended release tablet, capsule, solution, suspension, syrup; Analgesic; Antipyretic",12,
pyrls,639e391cfcae6920598b541b,Bismuth subsalicylate,Pepto Bismol,Antidiarrheal; Salicylate,Other,oral,oral,,,,,,,,,,,"Bismuth subsalicylate is a bismuth salt of salicylic acid. It displays antacid, anti-inflammatory, and mild local antimicrobial properties. By coating the gastric mucosa, bismuth subsalicylate protects it from the corrosive effects of acid and pepsin.",,"Relief of diarrhea; Relief of Travelers' diarrhea; Relief of upset stomach due to overindulgence in food and drink, including: heartburn indigestion nausea gas belching fullness","Known hypersensitivity to salicylates or any formulation ingredients; Concomitant use with other salicylates; Have an ulcer, bleeding problem or bloody/black stool",rx; otc; Rx/OTC depending on product,,,"Suspension, tablet, chewable tablet; Antidiarrheal; Salicylate",8,
pyrls,639e391cfcae6920598b541c,Alprazolam,Xanax,Benzodiazepine; Anxiolytic,Benzodiazepine,oral,oral,,,,,,,,,,,"Potentiates the inhibitory effects of the neurotransmitter, GABA , by binding to GABA-A receptors at stereospecific benzodiazepine (BZD) sites. This action makes neurons less excitable and results in sedative, anti-anxiety, anticonvulsive, and other inhibitory effects.",,"IR tablet, ODT, oral solution: Treatment of generalized anxiety disorder, short-term anxiety, and anxiety associated with depression; IR tablet, ER tablet, ODT, oral solution: Treatment of panic disorder with or without agoraphobia","Concomitant use with ketoconazole and itraconazole, since these medications significantly impair the oxidative metabolism mediated by cytochrome P450 3A (CYP3A); Patients with acute narrow-angle glaucoma; Hypersensitivity to alprazolam, other benzodiazepines, or any formulation ingredients","c4; rx; Controlled schedule 4, prescription only",,,"Tablet, orally disintegrating tablet, solution; Benzodiazepine; Anxiolytic",13,
pyrls,639e391cfcae6920598b541d,Chlordiazepoxide,Librium,Benzodiazepine; Anxiolytic,Benzodiazepine,oral,oral,,,,,,,,,,,"Potentiates the inhibitory effects of the neurotransmitter, GABA , by binding to GABA-A receptors at stereospecific benzodiazepine (BZD) sites. This action makes neurons less excitable and results in sedative, anti-anxiety, anticonvulsive, and other inhibitory effects.",,Management of anxiety disorders or for the short term relief of symptoms of anxiety; Withdrawal symptoms of acute alcoholism; Preoperative apprehension and anxiety,Hypersensitivity to chlordiazepoxide or any formulation ingredients; Note: allergic cross-reactivity with other benzodiazepines cannot be ruled out,"c4; rx; Controlled schedule 4, prescription only",,,Capsule; Benzodiazepine; Anxiolytic,10,
pyrls,639e391cfcae6920598b541e,Clonazepam,Klonopin,Benzodiazepine; Anxiolytic; Anticonvulsant,Benzodiazepine,oral,oral,,,,,,,,,,,"Potentiates the inhibitory effects of the neurotransmitter, GABA , by binding to GABA-A receptors at stereospecific benzodiazepine (BZD) sites. This action makes neurons less excitable and results in sedative, anti-anxiety, anticonvulsive, and other inhibitory effects.",,"Treatment of panic disorder , with or without agoraphobia; Monotherapy or adjunctive therapy in the treatment of the Lennox-Gastaut syndrome (petit mal variant), akinetic, myoclonic seizures; and in absence seizures (petit mal) who have failed to respond to succinimides","Significant liver disease; Acute narrow-angle glaucoma; Hypersensitivity to clonazepam, other benzodiazepines, or any formulation ingredients","c4; rx; Controlled schedule 4, prescription only",,,"Tablet, orally disintegrating tablet; Benzodiazepine; Anxiolytic; Anticonvulsant",11,
pyrls,639e391cfcae6920598b541f,Clorazepate,Tranxene-T,Benzodiazepine; Anxiolytic; Anticonvulsant,Benzodiazepine,oral,oral,,,,,,,,,,,"Potentiates the inhibitory effects of the neurotransmitter, GABA , by binding to GABA-A receptors at stereospecific benzodiazepine (BZD) sites. This action makes neurons less excitable and results in sedative, anti-anxiety, anticonvulsive, and other inhibitory effects.",,Management of anxiety disorders or for the short term relief of symptoms of anxiety; Adjunctive therapy in the management of partial seizures; Symptomatic relief of acute alcohol withdrawal,Acute narrow-angle glaucoma; Hypersensitivity to clorazepate or any formulation ingredients,"c4; rx; Controlled schedule 4, prescription only",,,"Tablet, orally disintegrating tablet; Benzodiazepine; Anxiolytic; Anticonvulsant",10,
pyrls,639e391cfcae6920598b5420,Diazepam,Valium; Diastat; AcuDial,Benzodiazepine; Anxiolytic; Anticonvulsant,Benzodiazepine,oral,oral,,,,,,,,,,,"Potentiates the inhibitory effects of the neurotransmitter, GABA , by binding to GABA-A receptors at stereospecific benzodiazepine (BZD) sites. This action makes neurons less excitable and results in sedative, anti-anxiety, anticonvulsive, and other inhibitory effects.",,"Management of anxiety disorders or for the short term relief of symptoms of anxiety; In acute alcohol withdrawal , symptomatic relief of acute agitation, tremor, impending or acute delirium tremens and hallucinosis; Adjunctive therapy for the relief of skeletal muscle spasm due to reflex spasm to local pathology (such as inflammation of the muscles or joints, or secondary to trauma), spasticity caused by upper motor neuron disorders (such as cerebral palsy and paraplegia), athetosis, and stiff-man syndrome; Adjunctive therapy in convulsive disorders",Severe hepatic insufficiency; Acute narrow-angle glaucoma; Severe respiratory insufficiency; Myasthenia gravis; Sleep apnea syndrome; Pediatric patients under 6 months of age (orally); Hypersensitivity to diazepam or any formulation ingredients; Note: allergic cross-reactivity with other benzodiazepines cannot be ruled out,"c4; rx; Controlled schedule 4, prescription only",,,"Tablet, solution; Benzodiazepine; Anxiolytic; Anticonvulsant",12,
pyrls,639e391cfcae6920598b5421,Lorazepam,Ativan,Benzodiazepine; Anxiolytic; Anticonvulsant,Benzodiazepine,oral,oral,,,,,,,,,,,"Potentiates the inhibitory effects of the neurotransmitter, GABA , by binding to GABA-A receptors at stereospecific benzodiazepine (BZD) sites. This action makes neurons less excitable and results in sedative, anti-anxiety, anticonvulsive, and other inhibitory effects.",,Management of anxiety disorders or for the short-term (≤4 months) relief of symptoms of anxiety or anxiety associated with depressive symptoms,"Acute narrow-angle glaucoma; Hypersensitivity to lorazepam, other benzodiazepines, or any formulation ingredients; Hypersensitivity to polyethylene glycol, propylene glycol, or benzyl alcohol (parenteral); Sleep apnea (parenteral); Intra-arterial injection (parenteral); Use in premature infants (parenteral)","c4; rx; Controlled schedule 4, prescription only",,,"Tablet, solution; Benzodiazepine; Anxiolytic; Anticonvulsant",12,
pyrls,639e391cfcae6920598b5422,Oxazepam,Serax; Zaxopam,Benzodiazepine; Anxiolytic,Benzodiazepine,oral,oral,,,,,,,,,,,"Potentiates the inhibitory effects of the neurotransmitter, GABA , by binding to GABA-A receptors at stereospecific benzodiazepine (BZD) sites. This action makes neurons less excitable and results in sedative, anti-anxiety, anticonvulsive, and other inhibitory effects.",,"Management of anxiety disorders or for the short term relief of symptoms of anxiety, including anxiety associated with depression and anxiety, tension, agitation, and irritability in older patients; Withdrawal symptoms of acute alcoholism , including acute tremor or anxiety",Hypersensitivity to oxazepam or any formulation ingredients; Note: allergic cross-reactivity with other benzodiazepines cannot be ruled out,"c4; rx; Controlled schedule 4, prescription only",,,Capsule; Benzodiazepine; Anxiolytic,10,
pyrls,639e391cfcae6920598b5423,Temazepam,Restoril,Benzodiazepine,Benzodiazepine,oral,oral,,,,,,,,,,,"Potentiates the inhibitory effects of the neurotransmitter, GABA , by binding to GABA-A receptors at stereospecific benzodiazepine (BZD) sites. This action makes neurons less excitable and results in sedative, anti-anxiety, anticonvulsive, and other inhibitory effects.",,Short-term treatment of insomnia (generally 7 to 10 days),Women who are pregnant or may become pregnant; Hypersensitivity to temazepam or any formulation ingredients,"c4; rx; Controlled schedule 4, prescription only",,,Capsule; Benzodiazepine,13,
pyrls,639e391cfcae6920598b5424,Triazolam,Halcion,Benzodiazepine,Benzodiazepine,oral,oral,,,,,,,,,,,"Potentiates the inhibitory effects of the neurotransmitter, GABA , by binding to GABA-A receptors at stereospecific benzodiazepine (BZD) sites. This action makes neurons less excitable and results in sedative, anti-anxiety, anticonvulsive, and other inhibitory effects.",,Short-term treatment of insomnia (generally 7 to 10 days) in adults,"Concomitant administration of strong cytochrome P450 (CYP 3A) enzyme inhibitors (e.g., ketoconazole, itraconazole, nefazodone, lopinavir, ritonavir); Hypersensitivity to triazolam, other benzodiazepines, or any formulation ingredients","c4; rx; Controlled schedule 4, prescription only",,,Tablet; Benzodiazepine,14,
pyrls,639e391cfcae6920598b5425,Zolpidem,Ambien; Edluar; Intermezzo; Zolpimist,Hypnotic; Benzodiazepine Receptor Agonist,Benzodiazepine,oral,oral,,,,,,,,,,,Selectively binds to the benzodiazepine site of α1 subunits of GABA-A receptors that contain them. This increases the frequency of chloride channel opening and results in the inhibition of neuronal excitation. This action causes sedative and other inhibitory effects.,,"IR tablet, sublingual tablet (5 mg, 10 mg [Edluar]): Short-term treatment of insomnia characterized by difficulties with sleep initiation; ER tablet: Treatment of insomnia characterized by difficulties with sleep onset and/or sleep maintenance; Sublingual tablet (1.75 mg, 3.5 mg [Intermezzo]): For as needed use for the treatment of insomnia when a middle-of-the-night awakening is followed by difficulty returning to sleep ; patient must have ≥4 hours of planned sleeping time remaining",Patients who have experienced complex sleep behaviors after taking zolpidem; Hypersensitivity to zolpidem or any formulation ingredients,"c4; rx; Controlled schedule 4, prescription only",,,"Tablet, extended release tablet, sublingual tablet, spray; Hypnotic; Benzodiazepine Receptor Agonist",11,
pyrls,639e391cfcae6920598b5426,Eszopiclone,Lunesta,Hypnotic; Benzodiazepine Receptor Agonist,Benzodiazepine,oral,oral,,,,,,,,,,,Selectively binds to the benzodiazepine site of α1 subunits of GABA-A receptors that contain them. This increases the frequency of chloride channel opening and results in the inhibition of neuronal excitation. This action causes sedative and other inhibitory effects.,,Treatment of insomnia,Patients who have experienced complex sleep behaviors after taking eszopiclone; Hypersensitivity to eszopiclone or any formulation ingredients,"c4; rx; Controlled schedule 4, prescription only",,,Tablet; Hypnotic; Benzodiazepine Receptor Agonist,8,
pyrls,639e391cfcae6920598b5427,Zaleplon,Sonata,Hypnotic; Benzodiazepine Receptor Agonist,Benzodiazepine,oral,oral,,,,,,,,,,,Selectively binds to the benzodiazepine site of α1 subunits of GABA-A receptors that contain them. This increases the frequency of chloride channel opening and results in the inhibition of neuronal excitation. This action causes sedative and other inhibitory effects.,,Short-term treatment of insomnia,Patients who have experienced complex sleep behaviors after taking zaleplon; Hypersensitivity to zaleplon or any formulation ingredients,"c4; rx; Controlled schedule 4, prescription only",,,Capsule; Hypnotic; Benzodiazepine Receptor Agonist,7,
pyrls,639e391cfcae6920598b5428,Ramelteon,Rozerem,Hypnotic; Melatonin Receptor Agonist,Depressant,oral,oral,,,,,,,,,,,"Agnonizes melatonin receptors with high affinity for melatonin MT-1 and MT-2 receptors and low affinity for MT-3 receptors. Activity at the MT-1 and MT-2 receptors is believed to contribute to its sleep-promoting properties, as endogenous melatonin acting on them is thought to be involved in the maintenance of the circadian rhythm underlying the normal sleep-wake cycle.",,Treatment of insomnia characterized by difficulty with sleep onset,Concurrent use with fluvoxamine; Patients who develop angioedema after treatment with ramelteon should not be rechallenged; Hypersensitivity to ramelteon or any formulation ingredients,rx; Prescription only,,,Tablet; Hypnotic; Melatonin Receptor Agonist,6,
pyrls,639e391cfcae6920598b5429,Buspirone,Buspar,Anxiolytic; Azapirone,Depressant,oral,oral,,,,,,,,,,,"Buspirone has an unknown mechanism of action, however, it has high affinity for serotonin 5-HT-1A and 5-HT-2 receptors in addition to moderate affinity for dopamine D2 receptors . It does not have affinity for benzodiazepine receptors and does not affect GABA binding.",,Management of anxiety disorders or the short-term relief of the symptoms of anxiety,"Use of monoamine oxidase inhibitors (MAOIs) intended to treat psychiatric disorders, concurrently or within 14 days of discontinuing either buspirone or the MAOI; Those being treated with linezolid or intravenous methylene blue; Hypersensitivity to buspirone or any formulation ingredients",rx; Prescription only,,,Tablet; Anxiolytic; Azapirone,5,
pyrls,639e391cfcae6920598b542a,Hydroxyzine,Vistaril; Atarax,"Antihistamine, 1st Generation",Antihistamine,oral,oral,,,,,,,,,,,"An active metabolite of hydroxyzine is the antihistamine, cetirizine, which blocks histamine at peripheral histamine-1 receptors (H1 receptors). The sedative properties of hydroxyzine occur as a result of suppression of activity at certain subcortical regions of the brain.",,"Symptomatic relief of anxiety and tension associated with psychoneurosis and as an adjunct in organic disease states in which anxiety is manifested; Management of pruritus due to allergic conditions such as chronic urticaria and atopic and contact dermatoses, and in histamine-mediated pruritus; As a sedative when used as premedication and following general anesthesia","Patients with a prolonged QT interval; Early pregnancy; Hypersensitivity hydroxyzine, cetirizine, levocetirizine or any formulation ingredients",rx; Prescription only,,,"Tablet, capsule, syrup; Antihistamine, 1st Generation",9,
pyrls,639e391cfcae6920598b542b,Insulin glargine,Basaglar; Lantus; Semglee; Toujeo,Long-Acting Insulin; Antidiabetic,Other,subcutaneous,subcutaneous,,,,,,,,,,,"The primary activity of insulin is regulation of glucose metabolism. Insulin and its analogs lower blood glucose by stimulating peripheral glucose uptake, especially by skeletal muscle and fat, and by inhibiting hepatic glucose production. Insulin inhibits lipolysis and proteolysis, and enhances protein synthesis.",,"Diabetes mellitus, type 1 : to improve glycemic control in adults and pediatric patients age 6+ years old; Diabetes mellitus, type 2 : to improve glycemic control in adults (all products) and pediatric patients age 6+ years old (Toujeo® only)",Use during episodes of hypoglycemia; Hypersensitivity to insulin glargine or any formulation ingredients,rx; Prescription only,,,"Injection pen, vial, cartridge; Long-Acting Insulin; Antidiabetic",10,
pyrls,639e391cfcae6920598b542c,Insulin degludec,Tresiba,Long-Acting Insulin; Antidiabetic,Other,subcutaneous,subcutaneous,,,,,,,,,,,"The primary activity of insulin is regulation of glucose metabolism. Insulin and its analogs lower blood glucose by stimulating peripheral glucose uptake, especially by skeletal muscle and fat, and by inhibiting hepatic glucose production. Insulin inhibits lipolysis and proteolysis, and enhances protein synthesis.",,"Diabetes mellitus, types 1 and 2 : to improve glycemic control in patients age 1+ years old",Use during episodes of hypoglycemia; Hypersensitivity to insulin degludec or any formulation ingredients,rx; Prescription only,,,"Injection pen, vial; Long-Acting Insulin; Antidiabetic",7,
pyrls,639e391cfcae6920598b542d,Insulin detemir,Levemir,Long-Acting Insulin; Antidiabetic,Other,subcutaneous,subcutaneous,,,,,,,,,,,"The primary activity of insulin is regulation of glucose metabolism. Insulin and its analogs lower blood glucose by stimulating peripheral glucose uptake, especially by skeletal muscle and fat, and by inhibiting hepatic glucose production. Insulin inhibits lipolysis and proteolysis, and enhances protein synthesis.",,"Diabetes mellitus, types 1 and 2 : to improve glycemic control in patients age 1+ years old",Use during episodes of hypoglycemia; Hypersensitivity to insulin detemir or any formulation ingredients,rx; Prescription only,,,"Injection pen, vial; Long-Acting Insulin; Antidiabetic",7,
pyrls,639e391cfcae6920598b542e,Insulin aspart,Fiasp; NovoLog,Rapid-Acting Insulin; Antidiabetic,Other,subcutaneous,subcutaneous,,,,,,,,,,,"The primary activity of insulin is regulation of glucose metabolism. Insulin and its analogs lower blood glucose by stimulating peripheral glucose uptake, especially by skeletal muscle and fat, and by inhibiting hepatic glucose production. Insulin inhibits lipolysis and proteolysis, and enhances protein synthesis.",,"Diabetes mellitus, types 1 and 2 : to improve glycemic control in adult and pediatric patients",Use during episodes of hypoglycemia; Hypersensitivity to insulin aspart or any formulation ingredients,rx; Prescription only,,,"Injection pen, vial, cartridge; Rapid-Acting Insulin; Antidiabetic",9,
pyrls,639e391cfcae6920598b542f,Insulin lispro,Admelog; HumaLog; Lyumjev,Rapid-Acting Insulin; Antidiabetic,Other,subcutaneous,subcutaneous,,,,,,,,,,,"The primary activity of insulin is regulation of glucose metabolism. Insulin and its analogs lower blood glucose by stimulating peripheral glucose uptake, especially by skeletal muscle and fat, and by inhibiting hepatic glucose production. Insulin inhibits lipolysis and proteolysis, and enhances protein synthesis.",,"Diabetes mellitus, types 1 and 2 : to improve glycemic control in adult and pediatric patients age 3+ years old (Lyumjev® is only approved in adults)",Use during episodes of hypoglycemia; Hypersensitivity to insulin lispro or any formulation ingredients,rx; Prescription only,,,"Injection pen, vial, cartridge; Rapid-Acting Insulin; Antidiabetic",11,
pyrls,639e391cfcae6920598b5430,Insulin glulisine,Apidra,Rapid-Acting Insulin; Antidiabetic,Other,subcutaneous,subcutaneous,,,,,,,,,,,"The primary activity of insulin is regulation of glucose metabolism. Insulin and its analogs lower blood glucose by stimulating peripheral glucose uptake, especially by skeletal muscle and fat, and by inhibiting hepatic glucose production. Insulin inhibits lipolysis and proteolysis, and enhances protein synthesis.",,"Diabetes mellitus, types 1 and 2 : to improve glycemic control in adult and pediatric patients",Use during episodes of hypoglycemia; Hypersensitivity to insulin glulisine or any formulation ingredients,rx; Prescription only,,,"Injection pen, vial; Rapid-Acting Insulin; Antidiabetic",7,
pyrls,639e391cfcae6920598b5431,Morphine,Kadian; MS Contin; Morphabond; Roxanol,Opioid; Analgesic,Opioid,oral,oral,,,,,,,,,,,"Morphine is a natural full opioid agonist that binds to opioid receptors (primarily mu-opioid receptors) blocking transmission of nociceptive signals and inhibiting other pain pathways. The primary therapeutic action is analgesia, however, this agent also exhibits dose-related degrees of anxiolysis, euphoria, sedation, respiratory depression, and gastrointestinal system smooth muscle contraction.",,"Immediate release: Management of acute and chronic pain severe enough to require an opioid analgesic and for which alternative treatments are inadequate; The 100 mg/5 mL (20 mg/mL) oral solution is indicated for the relief of acute and chronic pain in opioid-tolerant patients; Extended release: Management of pain severe enough to require daily, around-the-clock, long-term opioid treatment and for which alternative treatment options are inadequate","Significant respiratory depression; Acute or severe bronchial asthma in an unmonitored setting or in the absence of resuscitative equipment; Concurrent use of monoamine oxidase inhibitors (MAOIs) or use of MAOIs within the last 14 days; Known or suspected gastrointestinal obstruction, including paralytic ileus; Hypersensitivity to morphine or any formulation ingredients","c2; rx; Controlled schedule 2, prescription only",,,"Tablet, extended release tablet, extended release capsule, solution; Opioid; Analgesic",18,
pyrls,639e391cfcae6920598b5432,Codeine,,Opioid; Analgesic,Opioid,oral,oral,,,,,,,,,,,"Codeine is a natural opioid agonist with preferential selectivity for mu-opioid receptors . Codeine has relatively weak analgesic activity; however, its active metabolites morphine (5-15%, via CYP2D6 metabolism ) and codeine-6-glucuronide (50-70% via UGT2B7 metabolism ) have notable analgesic properties ( especially morphine , a potent opioid agonist). The therapeutic effects of codeine include analgesic, antidiarrheal and antitussive actions.",,"Management of mild to moderate pain, where treatment with an opioid is appropriate and for which alternative treatments are inadequate.","All children younger than 12 years of age; Post-operative management in children younger than 18 years of age following tonsillectomy and/or adenoidectomy; Significant respiratory depression; Acute or severe bronchial asthma in an unmonitored setting or in the absence of resuscitative equipment; Concurrent use of monoamine oxidase inhibitors (MAOIs) or use of MAOIs within the last 14 days; Known or suspected gastrointestinal obstruction, including paralytic ileus; Hypersensitivity to codeine or any formulation ingredients","c2; rx; Controlled schedule 2, prescription only",,,Tablet; Opioid; Analgesic,22,
pyrls,639e391cfcae6920598b5433,Acetaminophen-Codeine,Tylenol #3; Tylenol #4,Opioid; Analgesic; Antipyretic,Opioid,oral,oral,,,,,,,,,,,"Codeine: is an opioid agonist with preferential selectivity for mu-opioid receptors . Codeine has relatively weak analgesic activity; however, its active metabolites morphine (5-15%, via CYP2D6 metabolism ) and codeine-6-glucuronide (50-70% via UGT2B7 metabolism ) have notable analgesic properties ( especially morphine , a potent opioid agonist). The therapeutic effects of codeine include analgesic, antidiarrheal and antitussive actions. Acetaminophen: The mechanism of action of acetaminophen is not well-defined. Its antipyretic and analgesic activity are thought to result from inhibition of prostaglandin synthesis and release in the central nervous system. Inhibition of the nitric oxide (NO) pathway via action on neurotransmitter receptors, such as N-methyl-D-aspartate (NMDA) and substance P, also may result in elevation of the pain threshold.",,"Management of mild to moderate pain, where treatment with an opioid is appropriate and for which alternative treatments are inadequate.","All children younger than 12 years of age; Post-operative management in children younger than 18 years of age following tonsillectomy and/or adenoidectomy; Significant respiratory depression; Acute or severe bronchial asthma in an unmonitored setting or in the absence of resuscitative equipment; Concurrent use of monoamine oxidase inhibitors (MAOIs) or use of MAOIs within the last 14 days; Known or suspected gastrointestinal obstruction, including paralytic ileus; Hypersensitivity to acetaminophen, codeine or any formulation ingredients","c3; c5; rx; C3 for tablet formulatons, C5 for liquid formulations",,,"Tablet, solution, suspension; Opioid; Analgesic; Antipyretic",25,
pyrls,639e391cfcae6920598b5434,Codeine-Guaifenesin,Virtussin AC; Cheratussin AC; Robafen AC,Opioid; Antitussive; Expectorant,Opioid,oral,oral,,,,,,,,,,,"Codeine: is an opioid agonist with preferential selectivity for mu-opioid receptors . Codeine has relatively weak analgesic activity; however, its active metabolites morphine (5-15%, via CYP2D6 metabolism ) and codeine-6-glucuronide (50-70% via UGT2B7 metabolism ) have notable analgesic properties ( especially morphine , a potent opioid agonist). The therapeutic effects of codeine include analgesic, antidiarrheal and antitussive actions. Guaifenesin: is an expectorant that acts by enhancing the output of phlegm (sputum) and bronchial secretions via decreasing the adhesiveness and surface tension of such material.",,Temporary relief of: cough due to minor throat and bronchial irritation as may occur with a cold or inhaled irritants cough to help sleep helps loosen phlegm (mucus) and thin bronchial secretions to rid the bronchial passageways of bothersome mucus to make coughs more productive,"Those with chronic pulmonary disease or shortness of breath; Concurrent use of monoamine oxidase inhibitors (MAOIs) or use of MAOIs within the last 14 days; Hypersensitivity to codeine, guaifenesin, or any formulation ingredients; Additional contraindications for single-agent codeine include: All children younger than 12 years of age Post-operative management in children younger than 18 years of age following tonsillectomy and/or adenoidectomy Significant respiratory depression Acute or severe bronchial asthma in an unmonitored setting or in the absence of resuscitative equipment Known or suspected gastrointestinal obstruction, including paralytic ileus","c5; rx; Controlled schedule 5, prescription only",,,"Solution, syrup; Opioid; Antitussive; Expectorant",24,
pyrls,639e391cfcae6920598b5435,Promethazine-Codeine,Phenergan w/ Codeine,"Opioid; Antitussive; Antihistamine, 1st Generation",Opioid,oral,oral,,,,,,,,,,,"Codeine: is an opioid agonist with preferential selectivity for mu-opioid receptors . Codeine has relatively weak analgesic activity; however, its active metabolites morphine (5-15%, via CYP2D6 metabolism ) and codeine-6-glucuronide (50-70% via UGT2B7 metabolism ) have notable analgesic properties ( especially morphine , a potent opioid agonist). The therapeutic effects of codeine include analgesic, antidiarrheal and antitussive actions. Promethazine: is a phenothiazine derivative, which differs structurally from the antipsychotic phenothiazines by the presence of a branched side chain and no ring substitution. Promethazine possesses antihistamine (H1 receptor antagonist), antiemetic, sedative, and anticholinergic effects. It prevents released histamine from dilating capillaries and causing edema of the respiratory mucosa.",,Temporary relief of coughs and upper respiratory symptoms associated with allergy or the common cold in patients 18 years of age and older .,"All children younger than 12 years of age; Post-operative management in children younger than 18 years of age following tonsillectomy and/or adenoidectomy; Significant respiratory depression; Acute or severe bronchial asthma in an unmonitored setting or in the absence of resuscitative equipment; Known or suspected gastrointestinal obstruction, including paralytic ileus; A history of an idiosyncratic reaction to promethazine or to other phenothiazines; Hypersensitivity to codeine, promethazine, or any formulation ingredients","c5; rx; Controlled schedule 5, prescription only",,,"Solution, syrup; Opioid; Antitussive; Antihistamine, 1st Generation",25,
pyrls,639e391cfcae6920598b5436,Hydrocodone,Hysingla ER; Zohydro ER,Opioid; Analgesic,Opioid,oral,oral,,,,,,,,,,,"Hydrocodone is a semisynthetic full opioid agonist that binds to opioid receptors (primarily mu-opioid receptors) blocking transmission of nociceptive signals and inhibiting other pain pathways. The primary therapeutic action is analgesia, however, this agent also exhibits dose-related degrees of anxiolysis, euphoria, sedation, respiratory depression, and gastrointestinal system smooth muscle contraction.",,"Extended release: Management of pain severe enough to require daily, around-the-clock, long-term opioid treatment and for which alternative treatment options are inadequate.; Note: ER tablet (Hysingla ER) is a 24-hour release, abuse-deterrent formulation; ER capsule (Zohydro ER) is a 12-hour release formulation","Significant respiratory depression; Acute or severe bronchial asthma in an unmonitored setting or in the absence of resuscitative equipment; Known or suspected gastrointestinal obstruction, including paralytic ileus; Hypersensitivity to hydrocodone or any formulation ingredients","c2; rx; Controlled schedule 2, prescription only",,,"Extended release tablet, extended release capsule; Opioid; Analgesic",17,
pyrls,639e391cfcae6920598b5437,Hydromorphone,Dilaudid; Exalgo,Opioid; Analgesic,Opioid,oral,oral,,,,,,,,,,,"Hydromorphone is a semisynthetic full opioid agonist that binds to opioid receptors (primarily mu-opioid receptors) blocking transmission of nociceptive signals and inhibiting other pain pathways. The primary therapeutic action is analgesia, however, this agent also exhibits dose-related degrees of anxiolysis, euphoria, sedation, respiratory depression, and gastrointestinal system smooth muscle contraction.",,"Immediate release: Management of acute and chronic pain severe enough to require an opioid analgesic and for which alternative treatments are inadequate; Extended release: Management in opioid-tolerant patients* of pain severe enough to require daily, around-the-clock, long-term opioid treatment and for which alternative treatment options are inadequate *Patients considered opioid tolerant are those who are receiving, for one week or longer, at least 60 mg oral morphine per day, 25 mcg transdermal fentanyl per hour, 30 mg oral oxycodone per day, 8 mg oral hydromorphone per day, 25 mg oral oxymorphone per day, 60 mg oral hydrocodone per day, or an equianalgesic dose of another opioid.","Significant respiratory depression; Acute or severe bronchial asthma in an unmonitored setting or in the absence of resuscitative equipment; Known or suspected gastrointestinal obstruction, including paralytic ileus; Opioid non-tolerant patients (ER tablet); Patients who have had surgical procedures and/or underlying disease resulting in narrowing of the gastrointestinal tract, or have “blind loops” of the gastrointestinal tract or gastrointestinal obstruction (ER tablet); Hypersensitivity to hydromorphone, hydromorphone salts, sulfite-containing medications, or any formulation ingredients","c2; rx; Controlled schedule 2, prescription only",,,"Tablet, extended release tablet, solution; Opioid; Analgesic",16,
pyrls,639e391cfcae6920598b5438,Oxycodone,Roxicodone; OxyContin; Xtampza ER; Oxaydo,Opioid; Analgesic,Opioid,oral,oral,,,,,,,,,,,"Oxycodone is a semisynthetic full opioid agonist that binds to opioid receptors (primarily mu-opioid receptors) blocking transmission of nociceptive signals and inhibiting other pain pathways. The primary therapeutic action is analgesia, however, this agent also exhibits dose-related degrees of anxiolysis, euphoria, sedation, respiratory depression, and gastrointestinal system smooth muscle contraction.",,"Immediate release : Management of acute and chronic pain severe enough to require an opioid analgesic and for which alternative treatments are inadequate; The 100 mg/5 mL (20 mg/mL) oral solution is indicated for the relief of acute and chronic pain in opioid-tolerant patients; Extended release tablet (OxyContin): Management of pain severe enough to require daily, around-the-clock, long-term opioid treatment and for which alternative treatment options are inadequate in: adults and opioid-tolerant pediatric patients 11+ years of age who are already receiving and tolerate a minimum daily opioid dose of at least 20 mg oxycodone orally or its equivalent; Extended release capsule (Xtampza): Management of pain severe enough to require daily, around-the-clock, long-term opioid treatment and for which alternative treatment options are inadequate","Significant respiratory depression; Acute or severe bronchial asthma in an unmonitored setting or in the absence of resuscitative equipment; Hypercarbia (high blood CO2 levels); Known or suspected gastrointestinal obstruction, including paralytic ileus; Hypersensitivity to oxycodone or any formulation ingredients","c2; rx; Controlled schedule 2, prescription only",,,"Tablet, capsule, extended release tablet, extended release capsule, solution, concentrate; Opioid; Analgesic",19,
pyrls,639e391cfcae6920598b5439,Oxymorphone,Opana,Opioid; Analgesic,Opioid,oral,oral,,,,,,,,,,,"Oxymorphone is a semisynthetic full opioid agonist that binds to opioid receptors (primarily mu-opioid receptors) blocking transmission of nociceptive signals and inhibiting other pain pathways. The primary therapeutic action is analgesia, however, this agent also exhibits dose-related degrees of anxiolysis, euphoria, sedation, respiratory depression, and gastrointestinal system smooth muscle contraction.",,"Immediate release: Management of acute and chronic pain severe enough to require an opioid analgesic and for which alternative treatments are inadequate; Extended release: Management of pain severe enough to require daily, around-the-clock, long-term opioid treatment and for which alternative treatment options are inadequate","Moderate and severe hepatic impairment; Significant respiratory depression; Acute or severe bronchial asthma in an unmonitored setting or in the absence of resuscitative equipment; Known or suspected gastrointestinal obstruction, including paralytic ileus; Hypersensitivity to oxymorphone or any formulation ingredients","c2; rx; Controlled schedule 2, prescription only",,,"Tablet, extended release tablet; Opioid; Analgesic",16,
pyrls,639e391cfcae6920598b543a,Fentanyl,Duragesic,Opioid; Analgesic,Opioid,transdermal,transdermal,,,,,,,,,,,"Fentanyl is a synthetic full opioid agonist that binds to opioid receptors (primarily mu-opioid receptors) blocking transmission of nociceptive signals and inhibiting other pain pathways. The primary therapeutic action is analgesia, however, this agent also exhibits dose-related degrees of anxiolysis, euphoria, sedation, respiratory depression, and gastrointestinal system smooth muscle contraction.",,"Transdermal patch: Management of pain in opioid-tolerant patients *, severe enough to require daily, around-the-clock, long-term opioid treatment and for which alternative treatment options are inadequate. *Patients considered opioid-tolerant are those who are taking, for one week or longer, at least 60 mg morphine per day, 25 mcg transdermal fentanyl per hour, 30 mg oral oxycodone per day, 8 mg oral hydromorphone per day, 25 mg oral oxymorphone per day, 60 mg oral hydrocodone per day, or an equianalgesic dose of another opioid.","Patients who are not opioid-tolerant; Management of acute or intermittent pain, or in patients who require opioid analgesia for a short period of time; Management of post-operative pain, including use after out-patient or day surgeries, (e.g., tonsillectomies); Management of mild pain; Significant respiratory depression; Acute or severe bronchial asthma in an unmonitored setting or in the absence of resuscitative equipment; Known or suspected gastrointestinal obstruction, including paralytic ileus; Hypersensitivity to fentanyl or any formulation ingredients","c2; rx; Controlled schedule 2, prescription only",,,Patch; Opioid; Analgesic,15,
pyrls,639e391cfcae6920598b543b,Tramadol,Ultram; ConZip; Qdolo,Opioid; Analgesic,Opioid,oral,oral,,,,,,,,,,,"Tramadol is a synthetic mu-opioid agonist and a weak inhibitor of norepinephrine and serotonin re-uptake . Tramadol is metabolized via CYP2D6 to the active metabolite, M1 , which is up to 6 times more potent than tramadol in producing analgesia and 200 times more potent in mu-opioid binding. It works for analgesia by blocking transmission of nociceptive signals and inhibiting other pain pathways. The primary therapeutic action is analgesia, however, this agent also exhibits dose-related degrees of anxiolysis, euphoria, sedation, respiratory depression, and gastrointestinal system smooth muscle contraction.",,"Immediate release: Management of acute and chronic pain severe enough to require an opioid analgesic and for which alternative treatments are inadequate; Extended release: Management of pain severe enough to require daily, around-the-clock, long-term opioid treatment and for which alternative treatment options are inadequate","All children younger than 12 years of age; Post-operative management in children younger than 18 years of age following tonsillectomy and/or adenoidectomy; Concurrent use of monoamine oxidase inhibitors (MAOIs) or use of MAOIs within the last 14 days; Significant respiratory depression; Acute or severe bronchial asthma in an unmonitored setting or in the absence of resuscitative equipment; Known or suspected gastrointestinal obstruction, including paralytic ileus; Hypersensitivity to tramadol or any formulation ingredients","c4; rx; Controlled schedule 4, prescription only",,,"Tablet, extended release tablet, extended release capsule, solution; Opioid; Analgesic",18,
pyrls,639e391cfcae6920598b543c,Naloxone,Narcan; Evzio; Kloxxado,Opioid Antagonist; Antidote,Opioid,insufflation,insufflation,,,,,,,,,,,"Naloxone is an opioid antagonist that binds with high affinity to opioid receptors, however, does not cause activation of the receptor-mediated response. In the presence of opioid agonists, naloxone rapidly reverses their effects and may precipitate opioid withdrawal in an opioid dependent individual. In opioid naive individuals, opioid antagonists produce little/no effect.",,"Narcan®/Evzio®/Kloxxado® : For the emergency treatment of known or suspected opioid overdose as manifested by respiratory and/or CNS depression. Intended for immediate administration as emergency therapy in settings where opioids may be present. Not a substitute for emergency medical care.; Injection: For the complete or partial reversal of opioid depression (including respiratory depression) induced by natural and synthetic opioids (eg, propoxyphene, methadone, nalbuphine, butorphanol, pentazocine). Naloxone is also indicated for the diagnosis of suspected or known acute opioid overdosage.",Hypersensitivity to naloxone or any formulation ingredients,rx; Prescription only,,,"Nasal spray, auto-injector, injection; Opioid Antagonist; Antidote",19,
pyrls,639e391cfcae6920598b543d,Oxycodone-Acetaminophen,Percocet; Endocet; Primlev,Opioid; Analgesic; Antipyretic,Opioid,oral,oral,,,,,,,,,,,"Oxycodone: is a semisynthetic full opioid agonist that binds to opioid receptors (primarily mu-opioid receptors) blocking transmission of nociceptive signals and inhibiting other pain pathways. The primary therapeutic action is analgesia, however, this agent also exhibits dose-related degrees of anxiolysis, euphoria, sedation, respiratory depression, and gastrointestinal system smooth muscle contraction. Acetaminophen: The mechanism of action of acetaminophen is not well-defined. Its antipyretic and analgesic activity are thought to result from inhibition of prostaglandin synthesis and release in the central nervous system. Inhibition of the nitric oxide (NO) pathway via action on neurotransmitter receptors, such as N-methyl-D-aspartate (NMDA) and substance P, also may result in elevation of the pain threshold.",,Management of acute and chronic pain severe enough to require an opioid analgesic and for which alternative treatments are inadequate,"Significant respiratory depression; Acute or severe bronchial asthma in an unmonitored setting or in the absence of resuscitative equipment; Known or suspected gastrointestinal obstruction, including paralytic ileus; Hypersensitivity to oxycodone, acetaminophen, or any formulation ingredients","c2; rx; Controlled schedule 2, prescription only",,,"Tablet, solution; Opioid; Analgesic; Antipyretic",17,
pyrls,639e391cfcae6920598b543e,Hydrocodone-Acetaminophen,Norco; Vicodin; Lortab; Lorcet,Opioid; Analgesic; Antipyretic,Opioid,oral,oral,,,,,,,,,,,"Hydrocodone: is a semisynthetic full opioid agonist that binds to opioid receptors (primarily mu-opioid receptors) blocking transmission of nociceptive signals and inhibiting other pain pathways. The primary therapeutic action is analgesia, however, this agent also exhibits dose-related degrees of anxiolysis, euphoria, sedation, respiratory depression, and gastrointestinal system smooth muscle contraction. Acetaminophen: The mechanism of action of acetaminophen is not well-defined. Its antipyretic and analgesic activity are thought to result from inhibition of prostaglandin synthesis and release in the central nervous system. Inhibition of the nitric oxide (NO) pathway via action on neurotransmitter receptors, such as N-methyl-D-aspartate (NMDA) and substance P, also may result in elevation of the pain threshold.",,"Management of mild to moderate pain, where treatment with an opioid is appropriate and for which alternative treatments are inadequate.","Significant respiratory depression; Acute or severe bronchial asthma in an unmonitored setting or in the absence of resuscitative equipment; Known or suspected gastrointestinal obstruction, including paralytic ileus; Hypersensitivity to hydrocodone or any formulation ingredients","c2; rx; Controlled schedule 2, prescription only",,,"Tablet, solution, syrup; Opioid; Analgesic; Antipyretic",18,
pyrls,639e391cfcae6920598b543f,Furosemide,Lasix,Loop Diuretic; Antihypertensive,Other,oral,oral,,,,,,,,,,,"Inhibits sodium-potassium-chloride cotransporters at the ascending Loop of Henle of nephrons, producing a potent diuretic effect that causes increased excretion of sodium, chloride, potassium, magnesium, calcium, and water. Loop diuretics cause retention of bicarbonate and uric acid.",,"Treatment of edema associated with congestive heart failure, cirrhosis of the liver and renal disease, including the nephrotic syndrome in adults and pediatric patients. Furosemide is particularly useful when an agent with greater diuretic potential is desired.; Oral furosemide may be used in adults for the treatment of hypertension alone or in combination with other antihypertensive agents. Hypertensive patients who cannot be adequately controlled with thiazides will probably also not be adequately controlled with furosemide alone.",Anuria (non passage of urine); Hypersensitivity to furosemide or any formulation ingredients,rx; Prescription only,,,"Tablet, solution; Loop Diuretic; Antihypertensive",13,
pyrls,639e391cfcae6920598b5440,Bumetanide,Bumex,Loop Diuretic; Antihypertensive,Other,oral,oral,,,,,,,,,,,"Inhibits sodium-potassium-chloride cotransporters at the ascending Loop of Henle of nephrons, producing a potent diuretic effect that causes increased excretion of sodium, chloride, potassium, magnesium, calcium, and water. Loop diuretics cause retention of bicarbonate and uric acid.",,"Treatment of edema associated with congestive heart failure, hepatic and renal disease, including the nephrotic syndrome.","Anuria (non passage of urine); Patients in hepatic coma; Severe electrolyte depletion until the condition is improved or corrected; Discontinue in patients with progressive renal disease who experience any marked increase in blood urea nitrogen or creatinine, or the development of oliguria during therapy; Hypersensitivity to bumetanide or any formulation ingredients",rx; Prescription only,,,Tablet; Loop Diuretic; Antihypertensive,12,
pyrls,639e391cfcae6920598b5441,Torsemide,Demadex,Loop Diuretic; Antihypertensive,Other,oral,oral,,,,,,,,,,,"Inhibits sodium-potassium-chloride cotransporters at the ascending Loop of Henle of nephrons, producing a potent diuretic effect that causes increased excretion of sodium, chloride, potassium, magnesium, calcium, and water. Loop diuretics cause retention of bicarbonate and uric acid.",,"Treatment of edema associated with heart failure, renal disease, or hepatic disease.; Management of hypertension",Anuria (non passage of urine); Patients in hepatic coma; Hypersensitivity to torsemide or any formulation ingredients,rx; Prescription only,,,Tablet; Loop Diuretic; Antihypertensive,11,
pyrls,639e391cfcae6920598b5442,Ethacrynic acid,Edecrin,Loop Diuretic; Antihypertensive,Other,oral,oral,,,,,,,,,,,"Inhibits sodium-potassium-chloride cotransporters at the ascending Loop of Henle of nephrons, producing a potent diuretic effect that causes increased excretion of sodium, chloride, potassium, magnesium, calcium, and water. Loop diuretics cause retention of bicarbonate and uric acid.",,"Oral ethacrynic acid: treatment of edema when an agent with greater diuretic potential than those commonly employed is required. Treatment of the edema associated with congestive heart failure, cirrhosis of the liver, and renal disease, including the nephrotic syndrome. Short-term management of ascites due to malignancy, idiopathic edema, and lymphedema. Short-term management of hospitalized pediatric patients, other than infants, with congenital heart disease or the nephrotic syndrome.","Anuria (non passage of urine); Infants; Discontinue in patients with progressive renal disease who experience increasing electrolyte imbalance, azotemia, and/or oliguria during therapy; Discontinue if severe, watery diarrhea occurs; Hypersensitivity to ethacrynic acid or any formulation ingredients",rx; Prescription only,,,Tablet; Loop Diuretic; Antihypertensive,10,
pyrls,639e391cfcae6920598b5443,Amiloride,Midamor,Potassium-Sparing Diuretic; Epithelial Sodium Channel Blocker,Other,oral,oral,,,,,,,,,,,"Inhibits potassium excretion and sodium resorption by blocking epithelial cell sodium channels in the collecting duct of nephrons. The primary action of epithelial sodium channel blockers is potassium retention . They have weak diuretic and antihypertensive properties, and alone have minimal effect on the excretion and retention of other electrolytes.",,Adjunctive treatment with thiazide or loop diuretics in the management of congestive heart failure or hypertension in order to counteract potassium loss (i.e. hypokalemia) caused by these agents,"Elevated serum potassium levels (greater than 5.5 mEq per liter); Patients receiving other potassium-conserving agents, such as spironolactone or triamterene. Potassium supplementation in the form of medication, potassium-containing salt substitutes or a potassium-rich diet should not be used with amiloride HCl except in severe and/or refractory cases of hypokalemia; Severe renal impairment: Anuria, acute or chronic renal insufficiency, and evidence of diabetic nephropathy are contraindications to the use of amiloride. Patients with evidence of renal functional impairment (blood urea nitrogen [BUN] levels over 30 mg per 100 mL or serum creatinine levels over 1.5 mg per 100 mL) or diabetes mellitus should not receive the drug without careful, frequent and continuing monitoring of serum electrolytes, creatinine, and BUN levels. Potassium retention associated with the use of an antikaliuretic agent is accentuated in the presence of renal impairment and may result in the rapid development of hyperkalemia.; Hypersensitivity to amiloride or any formulation ingredients",rx; Prescription only,,,Tablet; Potassium-Sparing Diuretic; Epithelial Sodium Channel Blocker,9,
pyrls,639e391cfcae6920598b5444,Triamterene,Dyrenium,Potassium-Sparing Diuretic; Epithelial Sodium Channel Blocker,Other,oral,oral,,,,,,,,,,,"Inhibits potassium excretion and sodium resorption by blocking epithelial cell sodium channels in the collecting duct of nephrons. The primary action of epithelial sodium channel blockers is potassium retention . They have weak diuretic and antihypertensive properties, and alone have minimal effect on the excretion and retention of other electrolytes.",,"Treatment of edema associated with congestive heart failure, cirrhosis of the liver and the nephrotic syndrome; steroid-induced edema, idiopathic edema and edema due to secondary hyperaldosteronism, alone or with other diuretics .","Elevated serum potassium levels (greater than 5.5 mEq per liter); Severe hepatic disease; Anuria; Severe or progressive kidney disease or dysfunction, with the possible exception of nephrosis; Patients should not be placed on dietary potassium supplements, potassium salts or potassium-containing salt substitutes in conjunction with triamterene; Patients should not be given to patients receiving other potassium-sparing agents, such as spironolactone, amiloride, or other formulations containing triamterene; Hypersensitivity to triamterene or any formulation ingredients",rx; Prescription only,,,Capsule; Potassium-Sparing Diuretic; Epithelial Sodium Channel Blocker,9,
pyrls,639e391cfcae6920598b5445,Triamterene-Hydrochlorothiazide,Dyazide; Maxzide,Potassium-Sparing Diuretic; Epithelial Sodium Channel Blocker; Thiazide Diuretic,Other,oral,oral,,,,,,,,,,,"Triamterene: Inhibits potassium excretion and sodium resorption by blocking epithelial cell sodium channels in the collecting duct of nephrons. The primary action of epithelial sodium channel blockers is potassium retention . They have weak diuretic and antihypertensive properties, and alone have minimal effect on the excretion and retention of other electrolytes. Hydrochlorothiazide: Inhibits sodium reabsorption by inhibiting the sodium-chloride cotransporters in the distal convoluted tubule of nephrons, causing increased excretion of sodium, chloride, potassium, magnesium, and water. Thiazide diuretics cause retention of calcium, bicarbonate, and uric acid.",,"Treatment of hypertension or edema in patients who develop hypokalemia on hydrochlorothiazide alone; Those who require a thiazide diuretic and in whom the development of hypokalemia cannot be risked (e.g, patients on concomitant digitalis preparations, or with a history of cardiac arrhythmias, etc.)","Elevated serum potassium levels (greater than 5.5 mEq per liter); Anuria, acute and chronic renal insufficiency or significant renal impairment; Patients should not be placed on dietary potassium supplements, potassium salts or potassium-containing salt substitutes in conjunction with this drug; Patients should not be given to patients receiving other potassium-sparing agents, such as spironolactone, amiloride, or other formulations containing triamterene; Hypersensitivity to triamterene, hydrochlorothiazide, other sulfonamide-derived drugs or any formulation ingredients",rx; Prescription only,,,"Tablet, capsule; Potassium-Sparing Diuretic; Epithelial Sodium Channel Blocker; Thiazide Diuretic",11,
pyrls,639e391cfcae6920598b5446,Amiloride-Hydrochlorothiazide,Hydro-Ride; Modiuretic,Potassium-Sparing Diuretic; Epithelial Sodium Channel Blocker; Thiazide Diuretic,Other,oral,oral,,,,,,,,,,,"Amiloride: Inhibits potassium excretion and sodium resorption by blocking epithelial cell sodium channels in the collecting duct of nephrons. The primary action of epithelial sodium channel blockers is potassium retention . They have weak diuretic and antihypertensive properties, and alone have minimal effect on the excretion and retention of other electrolytes. Hydrochlorothiazide: Inhibits sodium reabsorption by inhibiting the sodium-chloride cotransporters in the distal convoluted tubule of nephrons, causing increased excretion of sodium, chloride, potassium, magnesium, and water. Thiazide diuretics cause retention of calcium, bicarbonate, and uric acid.",,"Those with hypertension or congestive heart failure who develop hypokalemia from thiazides or other kaliuretic diuretics alone , or in whom maintenance of normal serum potassium levels is considered to be clinically important (e.g, digitalized patients, or patients with significant cardiac arrhythmias)","Elevated serum potassium levels (greater than 5.5 mEq per liter); Anuria, acute or chronic renal insufficiency, and evidence of diabetic nephropathy; Patients should not be placed on dietary potassium supplements, potassium salts or potassium-containing salt substitutes in conjunction with this drug; Patients should not be given to patients receiving other potassium-sparing agents, such as spironolactone, triamterene, or other formulations containing amiloride; Hypersensitivity to amiloride, hydrochlorothiazide, other sulfonamide-derived drugs or any formulation ingredients",rx; Prescription only,,,Tablet; Potassium-Sparing Diuretic; Epithelial Sodium Channel Blocker; Thiazide Diuretic,9,
pyrls,639e391cfcae6920598b5447,Spironolactone,Aldactone; CaroSpir,Aldosterone Antagonist; Potassium-Sparing Diuretic,Other,oral,oral,,,,,,,,,,,"Spironolactone is a synthetic steroid that, along with its active metabolites, antagonizes aldosterone receptors . Its diuretic/antihypertensive action is caused by competitive binding of receptors at the aldosterone-dependent sodium-potassium exchange site in the distal convoluted renal tubule, which results in increased sodium and water excretion and potassium retention . It also prevents androgen-mediated cardiac remodeling , which is useful in certain heart failure patients. Additionally, spironolactone antagonizes androgen receptors and has mild affinity for progesterone receptors , which results in endocrine side effects.",,"Treatment of NYHA Class III-IV heart failure and reduced ejection fraction to increase survival, manage edema, and reduce the need for hospitalization for heart failure; usually administered in conjunction with other heart failure therapies; Add-on therapy for the treatment of hypertension , to lower blood pressure in patients who are not adequately controlled on other agents; Management of edema in the following settings: Cirrhosis of the liver when edema is not responsive to fluid and sodium restriction. Nephrotic syndrome when treatment of the underlying disease, restriction of fluid and sodium intake, and the use of other diuretics produce an inadequate response. Because it increases serum potassium, spironolactone may be useful for treating edema when administration of other diuretics has caused hypokalemia.; Spironolactone tablets are indicated for primary hyperaldosteronism in the following settings: Short-term preoperative treatment of patients with primary hyperaldosteronism. Long-term maintenance therapy for patients with discrete aldosterone-producing adrenal adenomas who are not candidates for surgery. Long-term maintenance therapy for patients with bilateral micro or macronodular adrenal hyperplasia (idiopathic hyperaldosteronism).",Hyperkalemia; Addison's Disease; Concomitant use of eplerenone; Hypersensitivity to spironolactone or any formulation ingredients,rx; Prescription only,,,"Tablet, suspension; Aldosterone Antagonist; Potassium-Sparing Diuretic",10,
pyrls,639e391cfcae6920598b5448,Eplerenone,Inspra,Aldosterone Antagonist; Potassium-Sparing Diuretic,Other,oral,oral,,,,,,,,,,,"Eplerenone is a synthetic steroid that, along with its active metabolites, antagonizes aldosterone receptors . Its diuretic/antihypertensive action is caused by competitive binding of receptors at the aldosterone-dependent sodium-potassium exchange site in the distal convoluted renal tubule, which results in increased sodium and water excretion and potassium retention . It also prevents androgen-mediated cardiac remodeling , which is useful in certain heart failure patients.",,To improve survival of stable patients with symptomatic heart failure with reduced ejection fraction (≤40%) (HFrEF) after an acute myocardial infarction (MI); Treatment of hypertension,"For all patients: Serum potassium >5.5 mEq/L at initiation Creatinine clearance ≤30 mL/min Concomitant use with strong CYP3A inhibitors Hypersensitivity to eplerenone or any formulation ingredients; For the treatment of hypertension: Type 2 diabetes with microalbuminuria Serum creatinine >2.0 mg/dL in males, >1.8 mg/dL in females Creatinine clearance <50 mL/min Concomitant use of potassium supplements or potassium-sparing diuretics",rx; Prescription only,,,Tablet; Aldosterone Antagonist; Potassium-Sparing Diuretic,9,
pyrls,639e391cfcae6920598b5449,Combined Oral Contraceptive,Various product names,Estrogen/Progestin Combination; Contraceptive,Other,oral,oral,,,,,,,,,,,"Combined oral contraceptives (COCs) prevent pregnancy by inhibiting ovulation , interfering with sperm travel through the cervix, and disrupting implantation of fertilized eggs in the uterus. The progestin component prevents the pre-ovulation surge of luteinizing hormone (LH), which decreases the likelihood that ovulation will occur. The progestin also thickens cervical mucus, inhibiting the ability of sperm to travel into the uterus, and thins the endometrium (lining of the uterus), making implantation of a fertilized egg more difficult. Estrogen additionally prevents ovulation by inhibiting LH further and inhibiting the release of follicle-stimulating hormone (FSH), which disrupts the maturation of ovarian follicles that release eggs.",,"Prevention of pregnancy; Combined oral contraceptives (COCs) are used for a variety of noncontraceptive uses. These uses vary by product and are often off-label ; refer to clinical guidelines and manufacturer labeling for product specific uses. Examples of noncontraceptive uses for COCs include: Acne (moderate to severe) Bone health Dysmenorrhea (menstrual cramps) Endometriosis (painful, excess uterine tissue growth) Endometrial cancer risk reduction in those with increased risk Hirsutism (excess, male-pattern hair growth) Hormone replacement in women with primary hypogonadism or premature ovarian insufficiency Menorrhagia (heavy menstrual bleeding) and associated anemia Perimenopausal symptoms (hot flashes, night sweats) Polycystic Ovary Syndrome (PCOS), regulating menses and other symptoms Premenstrual dysphoric disorder (PMDD) Ovarian cyst prevention (does not treat existing cysts)","Contraindications may vary by product/formulation. View the manufacturer labeling of individual agents for product specific information.; Women over age 35 who smoke; History of deep-vein thrombophlebitis or thromboembolic disorders; Cerebrovascular or coronary artery disease (current or past history); Valvular heart disease with thrombogenic complications; Thrombogenic rhythm disorders; Hereditary or acquired thrombophilias; Major surgery with prolonged immobilization; Diabetes with vascular involvement; Headaches with focal neurological symptoms; Uncontrolled hypertension; Known or suspected carcinoma of the breast or personal history of breast cancer; Carcinoma of the endometrium or other known or suspected estrogen-dependent neoplasia; Undiagnosed abnormal genital bleeding; Cholestatic jaundice of pregnancy or jaundice with prior pill use; Hepatic adenomas or carcinomas, or active liver disease; Known or suspected pregnancy; Concomitant use with Hepatitis C drug combinations containing ombitasvir/paritaprevir/ritonavir, with or without dasabuvir, due to the potential for ALT elevations; Hypersensitivity to any formulation ingredients",rx; Prescription only,,,"Tablet, chewable tablet, capsule; Estrogen/Progestin Combination; Contraceptive",24,
pyrls,639e391cfcae6920598b544a,Combined Patch Contraceptive,Xulane; Twirla,Estrogen/Progestin Combination; Contraceptive,Other,transdermal,transdermal,,,,,,,,,,,"Combined patch contraceptives (CPCs) prevent pregnancy by inhibiting ovulation , interfering with sperm travel through the cervix, and disrupting implantation of fertilized eggs in the uterus. The progestin component prevents the pre-ovulation surge of luteinizing hormone (LH), which decreases the likelihood that ovulation will occur. The progestin also thickens cervical mucus, inhibiting the ability of sperm to travel into the uterus, and thins the endometrium (lining of the uterus), making implantation of a fertilized egg more difficult. Estrogen additionally prevents ovulation by inhibiting LH further and inhibiting the release of follicle-stimulating hormone (FSH), which disrupts the maturation of ovarian follicles that release eggs.",,"Prevention of pregnancy in women with a body mass index (BMI) < 30 kg/m2 for whom a transdermal delivery system is an appropriate method of contraception; There are few trials on noncontraceptive uses for combined patch contraceptives (CPCs); however, CPCs should be expected to produce similar effects as combined oral contraceptives (COCs). These noncontraceptive uses vary by product and are often off-label ; refer to clinical guidelines and manufacturer labeling for product specific uses. Examples of noncontraceptive uses for COCs include: Acne (moderate to severe) Bone health Dysmenorrhea (menstrual cramps) Endometriosis (painful, excess uterine tissue growth) Endometrial cancer risk reduction in those with increased risk Hirsutism (excess, male-pattern hair growth) Hormone replacement in women with primary hypogonadism or premature ovarian insufficiency Menorrhagia (heavy menstrual bleeding) and associated anemia Perimenopausal symptoms (hot flashes, night sweats) Polycystic Ovary Syndrome (PCOS), regulating menses and other symptoms Premenstrual dysphoric disorder (PMDD) Ovarian cyst prevention (does not treat existing cysts)","A high risk of arterial or venous thrombotic diseases. Examples include women who: Smoke, if over age 35 Have current or history of deep vein thrombosis or pulmonary embolism Have cerebrovascular disease Have coronary artery disease Have thrombogenic valvular or thrombogenic rhythm diseases of the heart (for example, subacute bacterial endocarditis with valvular disease, or atrial fibrillation) Have inherited or acquired hypercoagulopathies Have uncontrolled hypertension or hypertension with vascular disease Have diabetes mellitus and are over age 35, diabetes mellitus with hypertension or vascular disease or other end-organ damage, or diabetes mellitus of > 20 years duration; Have headaches with focal neurological symptoms, migraine headaches with aura; Women over age 35 with any migraine headaches; BMI ≥ 30 kg/m2. Compared to women with a lower BMI, women with a BMI ≥ 30 kg/m2 had reduced effectiveness (Twirla) and may have a higher risk for VTEs.; Liver tumors (benign or malignant), acute viral hepatitis, or severe (decompensated) cirrhosis, or liver disease; Undiagnosed abnormal uterine bleeding; Known or suspected pregnancy; Breast cancer or other estrogen- or progestin-sensitive cancer, now or in the past; Use of Hepatitis C drug combinations containing ombitasvir/paritaprevir/ritonavir, with or without dasabuvir, due to the potential for alanine aminotransferase (ALT) elevations; Hypersensitivity to any product components",rx; Prescription only,,,Patch; Estrogen/Progestin Combination; Contraceptive,19,
pyrls,639e391cfcae6920598b544b,Combined Ring Contraceptive,Annovera; NuvaRing; EluRyng,Estrogen/Progestin Combination; Contraceptive,Other,other,other,,,,,,,,,,,"Combined ring contraceptives (CRCs) prevent pregnancy by inhibiting ovulation , interfering with sperm travel through the cervix, and disrupting implantation of fertilized eggs in the uterus. The progestin component prevents the pre-ovulation surge of luteinizing hormone (LH), which decreases the likelihood that ovulation will occur. The progestin also thickens cervical mucus, inhibiting the ability of sperm to travel into the uterus, and thins the endometrium (lining of the uterus), making implantation of a fertilized egg more difficult. Estrogen additionally prevents ovulation by inhibiting LH further and inhibiting the release of follicle-stimulating hormone (FSH), which disrupts the maturation of ovarian follicles that release eggs.",,"Prevention of pregnancy in women of reproductive age; There are few trials on noncontraceptive uses for combined ring contraceptives (CRCs); however, CRCs should be expected to produce similar effects as combined oral contraceptives (COCs). These noncontraceptive uses vary by product and are often off-label ; refer to clinical guidelines and manufacturer labeling for product specific uses. Examples of noncontraceptive uses for COCs include: Acne (moderate to severe) Bone health Dysmenorrhea (menstrual cramps) Endometriosis (painful, excess uterine tissue growth) Endometrial cancer risk reduction in those with increased risk Hirsutism (excess, male-pattern hair growth) Hormone replacement in women with primary hypogonadism or premature ovarian insufficiency Menorrhagia (heavy menstrual bleeding) and associated anemia Perimenopausal symptoms (hot flashes, night sweats) Polycystic Ovary Syndrome (PCOS), regulating menses and other symptoms Premenstrual dysphoric disorder (PMDD) Ovarian cyst prevention (does not treat existing cysts)","A high risk of arterial or venous thrombotic diseases. Examples include women who: Smoke, if over age 35 Have current or history of deep vein thrombosis or pulmonary embolism Have cerebrovascular disease Have coronary artery disease Have thrombogenic valvular or thrombogenic rhythm diseases of the heart (for example, subacute bacterial endocarditis with valvular disease, or atrial fibrillation) Have inherited or acquired hypercoagulopathies Have uncontrolled hypertension or hypertension with vascular disease Have diabetes mellitus and are over age 35 (Annovera), diabetes mellitus with hypertension or vascular disease or other end-organ damage (both Annovera and NuvaRing/EluRyng), or diabetes mellitus of > 20 years duration (Annovera); Have headaches with focal neurological symptoms, migraine headaches with aura; Women over age 35 with any migraine headaches; Liver tumors (benign or malignant), acute viral hepatitis, or severe (decompensated) cirrhosis, or liver disease; Undiagnosed abnormal uterine bleeding; Known or suspected pregnancy; Breast cancer or other estrogen- or progestin-sensitive cancer, now or in the past; Use of Hepatitis C drug combinations containing ombitasvir/paritaprevir/ritonavir, with or without dasabuvir, due to the potential for alanine aminotransferase (ALT) elevations; Hypersensitivity to any product components",rx; Prescription only,,,Ring; Estrogen/Progestin Combination; Contraceptive,17,
pyrls,639e391cfcae6920598b544c,Progesterone Oral Contraceptive - Norethindrone,Various product names,Progestin; Contraceptive,Other,oral,oral,,,,,,,,,,,"Norethindrone, a progestin, prevents the pre-ovulation surge of luteinizing hormone (LH), which decreases the likelihood that ovulation will occur. Progestins also thicken cervical mucus , inhibiting the ability of sperm to travel into the uterus, and thin the endometrium (lining of the uterus), making implantation of a fertilized egg more difficult.",,Prevention of pregnancy,Known or suspected pregnancy; Known or suspected carcinoma of the breast; Undiagnosed abnormal genital bleeding; Benign or malignant liver tumors; Acute liver disease; Hypersensitivity to any formulation ingredients,rx; Prescription only,,,Tablet; Progestin; Contraceptive,21,
pyrls,639e391cfcae6920598b544d,Progesterone Oral Contraceptive - Drospirenone,Slynd,Progestin; Contraceptive,Other,oral,oral,,,,,,,,,,,"Drospirenone, a progestin, prevents the pre-ovulation surge of luteinizing hormone (LH), which decreases the likelihood that ovulation will occur. Progestins also thicken cervical mucus , inhibiting the ability of sperm to travel into the uterus, and thin the endometrium (lining of the uterus), making implantation of a fertilized egg more difficult.",,Prevention of pregnancy,"Renal impairment; Adrenal insufficiency; Liver tumors, benign or malignant, or hepatic impairment; Presence or history of cervical cancer or progestin sensitive cancers; Undiagnosed abnormal genital bleeding; Hypersensitivity to any formulation ingredients",rx; Prescription only,,,Tablet; Progestin; Contraceptive,21,
pyrls,639e391cfcae6920598b544e,Emergency Contraceptive - Levonorgestrel,Plan B; My Way; Next Choice; Take Action,Progestin; Contraceptive,Other,oral,oral,,,,,,,,,,,"Levonorgestrel, a progestin, prevents the pre-ovulation surge of luteinizing hormone (LH), which decreases the likelihood that ovulation will occur. Progestins also thicken cervical mucus , inhibiting the ability of sperm to travel into the uterus, and thin the endometrium (lining of the uterus), making implantation of a fertilized egg more difficult. If implantation has already occurred, levonorgestrel will have no effect on stopping pregnancy.",,Emergency contraceptive: to reduce chance of pregnancy after unprotected sex,Do not use if you are already pregnant; Do not use as a regular method of birth control; Hypersensitivity to any formulation ingredients,rx; otc; Rx/OTC depending on product,,,Tablet; Progestin; Contraceptive,16,
pyrls,639e391cfcae6920598b544f,Emergency Contraceptive - Ulipristal,Ella,Progestin Receptor Modulator; Contraceptive,Other,oral,oral,,,,,,,,,,,"Ulipristal is a selective progesterone receptor modulator that has antagonist and partial agonist effects at the progesterone receptor. It prevents progesterone from occupying progesterone receptors by binding to the receptors. As a result, ulipristal delays ovulation and possibly the ability of the endometrium (lining of the uterus) to prepare for implantation by preventing the role of progesterone in mediating these effects. If implantation has already occurred, ulipristal will have no effect on stopping pregnancy.",,Emergency contraceptive: prevention of pregnancy following unprotected intercourse or a known or suspected contraceptive failure. Not intended for routine use as a contraceptive.,Known or suspected pregnancy; Hypersensitivity to any formulation ingredients,rx; Prescription only,,,Tablet; Progestin Receptor Modulator; Contraceptive,13,
pyrls,639e391cfcae6920598b5450,Cyclobenzaprine,Flexeril; Amrix; Fexmid,Skeletal Muscle Relaxant,Other,oral,oral,,,,,,,,,,,"Cyclobenzaprine is a centrally acting skeletal muscle relaxant with serotonergic and anticholinergic activity. It appears to act primarily at the brain stem to reduce tonic somatic motor activity by influencing both gamma and alpha motor neurons leading to a reduction in muscle spasms, though the mechanism of action is not fully understood. Structurally, cyclobenzaprine is similar to tricyclic antidepressants and also produces anticholinergic effects.",,"As an adjunct to rest and physical therapy for relief of muscle spasm associated with acute, painful musculoskeletal conditions; Note: should be used only for short periods (up to two or three weeks) because adequate evidence of effectiveness for more prolonged use is not available","Concomitant use of monoamine oxidase (MAO) inhibitors or within 14 days after their discontinuation; Use during the acute recovery phase of myocardial infarction, and in patients with arrhythmias, heart block or conduction disturbances, or congestive heart failure; Hyperthyroidism; Hypersensitivity to cyclobenzaprine or any formulation ingredients",rx; Prescription only,,,"Tablet, extended release capsule; Skeletal Muscle Relaxant",11,
pyrls,639e391cfcae6920598b5451,Methocarbamol,Robaxin,Skeletal Muscle Relaxant,Other,oral,oral,,,,,,,,,,,"The muscle relaxant mechanism of methocarbamol is not well understood but is thought to be related to its sedative effects caused by general central CNS depression. Its effects are possibly mediated through inhibition of acetylcholinesterase. It does not directly act on muscle, motor end plates or nerve fibers.",,"As an adjunct to rest, physical therapy, and other measures for the relief of discomfort associated with acute, painful musculoskeletal conditions",Hypersensitivity to methocarbamol or any formulation ingredients,rx; Prescription only,,,Tablet; Skeletal Muscle Relaxant,13,
pyrls,639e391cfcae6920598b5452,Carisoprodol,Soma; Vanadom,Skeletal Muscle Relaxant,Other,oral,oral,,,,,,,,,,,"Carisoprodol is a centrally acting skeletal muscle relaxant whose mechanism of action is not well understood, but is thought to exert its effect through sedative and analgesic effects. Carisoprodol is metabolized by CYP2C19 to meprobamate, which is barbiturate-like, has anxiolytic and sedative properties, and is known to exert action on GABA-A receptors.",,"Relief of discomfort associated with acute, painful musculoskeletal conditions in adults; Note: should be used only for short periods (up to two or three weeks) because adequate evidence of effectiveness for more prolonged use has not been established and because acute, painful musculoskeletal conditions are generally of short duration","History of acute intermittent porphyria; Hypersensitivity to carisoprodol, carbamate such as meprobamate, or any formulation ingredients","c4; rx; Controlled schedule 4, prescription only",,,Tablet; Skeletal Muscle Relaxant,11,
pyrls,639e391cfcae6920598b5453,Chlorzoxazone,Lorzone; Parafon Forte,Skeletal Muscle Relaxant,Other,oral,oral,,,,,,,,,,,The muscle relaxant mechanism of chlorzoxazone has not been clearly defined but is thought to be related to its sedative effects caused by general central CNS depression. It acts primarily at the level of the spinal cord and subcortical areas of the brain where it inhibits multisynaptic reflex arcs involved in producing and maintaining skeletal muscle spasms of varied etiology.,,"As an adjunct to rest, physical therapy, and other measures for the relief of discomfort associated with acute, painful musculoskeletal conditions",Hypersensitivity to chlorzoxazone or any formulation ingredients,rx; Prescription only,,,Tablet; Skeletal Muscle Relaxant,12,
pyrls,639e391cfcae6920598b5454,Metaxalone,Metaxall; Skelaxin,Skeletal Muscle Relaxant,Other,oral,oral,,,,,,,,,,,"The muscle relaxant mechanism of metaxalone has not been clearly defined but is thought to be related to its sedative effects caused by general central CNS depression. Metaxalone has no direct effect on the contractile mechanisms of striated muscle, the motor end plate, or the nerve fiber. At high concentrations, metaxalone may produce monoamine oxidase A inhibition, which accounts for its risks when used in combination with serotonergic agents.",,"As an adjunct to rest, physical therapy, and other measures for the relief of discomfort associated with acute, painful musculoskeletal conditions","Known tendency to drug induced, hemolytic, or other anemias; Significantly impaired renal or hepatic function; Hypersensitivity to metaxalone or any formulation ingredients",rx; Prescription only,,,Tablet; Skeletal Muscle Relaxant,13,
pyrls,639e391cfcae6920598b5455,Orphenadrine,Norflex,Skeletal Muscle Relaxant; Antihistamine,Antihistamine,oral,oral,,,,,,,,,,,Orphenadrine is a centrally acting skeletal muscle relaxant with anticholinergic activity. It is derived from diphenhydramine. Orphenadrine appears to act primarily for muscle relaxation by blocking muscarinic acetylcholine receptors as well as N-methyl-D-aspartate (NMDA) receptors in the central nervous system. This may interfere with the transmission of nerve impulses from the spinal cord to the muscles and may help relax muscles. It exerts antagonistic effects on histamine H1 receptors.,,"As an adjunct to rest and physical therapy for relief of muscle spasm associated with acute, painful musculoskeletal conditions",Glaucoma; Pyloric or duodenal obstruction; Stenosing peptic ulcers; Prostatic hypertrophy or obstruction of the bladder neck; Cardiospasm (megaesophagus); Myasthenia gravis; Hypersensitivity to orphenadrine or any formulation ingredients,rx; Prescription only,,,Extended release tablet; Skeletal Muscle Relaxant; Antihistamine,11,
pyrls,639e391cfcae6920598b5456,Tizanidine,Zanaflex,Skeletal Muscle Relaxant; Alpha-2 Agonist,Other,oral,oral,,,,,,,,,,,Tizanidine is a centrally acting alpha-2 adrenergic receptor agonist that reduces spasticity by increasing presynaptic inhibition of motor neurons. Tizanidine may also potentiate the action of glycine (an inhibitory neurotransmitter). It is structurally similar to clonidine.,,"Management of spasticity; Note: due to the short duration of effect, treatment with tizanidine should be reserved for those daily activities and times when relief of spasticity is most important","Concomitant use with strong inhibitors of CYP1A2 (e.g. ciprofloxacin, fluvoxamine); Hypersensitivity to tizanidine or any formulation ingredients",rx; Prescription only,,,"Tablet, capsule; Skeletal Muscle Relaxant; Alpha-2 Agonist",14,
pyrls,639e391cfcae6920598b5457,Baclofen,Lioresal; Gablofen; Ozobax; Fleqsuvy; Lyvispah,Skeletal Muscle Relaxant; GABA Analogue,Other,oral,oral,,,,,,,,,,,Baclofen is a centrally acting muscle relaxant that agonizes GABA-B receptors to reduce spasticity by inhibiting both monosynaptic and polysynaptic reflexes at the spinal level. Baclofen may also produce neuroprotective and anti-inflammatory effects.,,"Management of reversible spasticity resulting from multiple sclerosis, spinal cord injuries and other spinal cord diseases; particularly for the relief of flexor spasms and concomitant pain, clonus, and muscular rigidity",Hypersensitivity to baclofen or any formulation ingredients,rx; Prescription only,,,"Tablet, solution, suspension, granule; Skeletal Muscle Relaxant; GABA Analogue",18,
pyrls,639e391cfcae6920598b5458,Dantrolene,Dantrium; Revonto; Ryanodex,Skeletal Muscle Relaxant,Other,oral,oral,,,,,,,,,,,"Dantrolene acts directly on skeletal muscle causing relaxation of spasticity. It works by blocking ryanodine channels, which inhibits calcium release from the sarcoplasmic reticulum, thus reducing muscle contraction.",,"Management of reversible spasticity resulting from upper motor neuron disorders (e.g., spinal cord injury, stroke, cerebral palsy, or multiple sclerosis); Indicated preoperatively to prevent or attenuate the development of signs of malignant hyperthermia in known, or strongly suspect, malignant hyperthermia susceptible patients who require anesthesia and/or surgery","Active liver disease, such as hepatitis and cirrhosis; Contraindicated when spasticity is utilized to sustain upright posture and balance in locomotion or whenever spasticity is utilized to obtain or maintain increased function; Hypersensitivity to dantrolene or any formulation ingredients",rx; Prescription only,,,Capsule; Skeletal Muscle Relaxant,12,
pyrls,639e391cfcae6920598b5459,Prednisone,Deltasone; Rayos,Corticosteroid; Glucocorticoid,Supplement,oral,oral,,,,,,,,,,,"Prednisone is completely converted to the active metabolite prednisolone, a synthetic glucocorticoid with anti-inflammatory and immunomodulating properties, and minimal mineralocorticoid properties. After cell surface receptor attachment and cell entry, it enters the nucleus where it binds to and activates specific nuclear receptors, resulting in an altered gene expression and inhibition of proinflammatory cytokine production. This agent also decreases the number of circulating lymphocytes, induces cell differentiation, and stimulates apoptosis in sensitive tumor cell populations.",,"Primary or secondary adrenocortical insufficiency (hydrocortisone or cortisone is the first choice: synthetic analogs may be used in conjunction with mineralocorticoids where applicable; in infancy mineralocorticoid supplementation is of particular importance); congenital adrenal hyperplasia; hypercalcemia associated with cancer; nonsuppurative thyroiditis.; As an anti-inflammatory or immunosuppressant agent for the treatment of a wide variety of diseases and conditions, including: Rheumatic Disorders: as adjunctive therapy for short-term administration (to tide the patient over an acute episode or exacerbation) in: psoriatic arthritis, rheumatoid arthritis, including juvenile rheumatoid arthritis (selected cases may require low-dose maintenance therapy), ankylosing spondylitis, acute and subacute bursitis, acute nonspecific tenosynovitis, acute gouty arthritis, post-traumatic osteoarthritis, synovitis of osteoarthritis, epicondylitis Collagen Diseases: during an exacerbation or as maintenance therapy in selected cases of: systemic lupus erythematosus, systemic dermatomyositis (polymyositis), acute rheumatic carditis Dermatologic Diseases: pemphigus; bullous dermatitis herpetiformis; severe erythema multiforme (Stevens-Johnson syndrome); exfoliative dermatitis; mycosis fungoides; severe psoriasis; severe seborrheic dermatitis Allergic States: control of severe or incapacitating allergic conditions intractable to adequate trials of conventional treatment: seasonal or perennial allergic rhinitis; bronchial asthma; contact dermatitis; atopic dermatitis; serum sickness; drug hypersensitivity reactions Ophthalmic Diseases: allergic corneal marginal ulcers, herpes zoster ophthalmicus, anterior segment inflammation, diffuse posterior uveitis and choroiditis, sympathetic ophthalmia, allergic conjunctivitis, keratitis, chorioretinitis, optic neuritis, iritis and iridocyclitis Respiratory Diseases: symptomatic sarcoidosis; Loeffler’s syndrome not manageable by other means; berylliosis; fulminating or disseminated pulmonary tuberculosis when used concurrently with appropriate antituberculous chemotherapy; aspiration pneumonitis Gastrointestinal Diseases: to tide the patient over a critical period of the disease in: ulcerative colitis, regional enteritis Miscellaneous: tuberculous meningitis with subarachnoid block or impending block when used concurrently with appropriate antituberculous chemotherapy; trichinosis with neurologic or myocardial involvement; For its effects on blood, fluid, and lymphatic systems in diseases and conditions, including: Hematologic Disorders: idiopathic thrombocytopenic purpura in adults; secondary thrombocytopenia in adults; acquired (autoimmune) hemolytic anemia; erythroblastopenia (RBC anemia); congenital (erythroid) hypoplastic anemia Neoplastic Diseases: for palliative management of: leukemias and lymphomas in adults, acute leukemia of childhood Edematous States: to induce a diuresis or remission of proteinuria in the nephrotic syndrome, without uremia, of the idiopathic type or that due to lupus erythematosus.","Systemic fungal infections; Concurrent administration of live or live, attenuated vaccines in patients receiving immunosuppressive doses of corticosteroids; Hypersensitivity to prednisone or any formulation ingredients",rx; Prescription only,,,"Tablet, delayed release tablet, solution, concentrate; Corticosteroid; Glucocorticoid",12,
pyrls,639e391cfcae6920598b545a,Methylprednisolone,Medrol,Corticosteroid; Glucocorticoid,Supplement,oral,oral,,,,,,,,,,,"Methylprednisolone is a synthetic glucocorticoid with anti-inflammatory and immunomodulating properties, and minimal mineralocorticoid properties. After cell surface receptor attachment and cell entry, methylprednisolone enters the nucleus where it binds to and activates specific nuclear receptors, resulting in an altered gene expression and inhibition of proinflammatory cytokine production. This agent also decreases the number of circulating lymphocytes, induces cell differentiation, and stimulates apoptosis in sensitive tumor cell populations.",,"Endocrine Disorders: Primary or secondary adrenocortical insufficiency (hydrocortisone or cortisone is the first choice; synthetic analogs may be used in conjunction with mineralocorticoids where applicable; in infancy mineralocorticoid supplementation is of particular importance) Congenital adrenal hyperplasia Nonsuppurative thyroiditis Hypercalcemia associated with cancer Rheumatic Disorders As adjunctive therapy for short-term administration (to tide the patient over an acute episode or exacerbation) in: Rheumatoid arthritis, including juvenile rheumatoid arthritis (selected cases may require low-dose maintenance therapy) Ankylosing spondylitis Acute and subacute bursitis Synovitis of osteoarthritis Acute nonspecific tenosynovitis Post-traumatic osteoarthritis Psoriatic arthritis Epicondylitis Acute gouty arthritis Collagen Diseases: During an exacerbation or as maintenance therapy in selected cases of: Systemic lupus erythematosus Systemic dermatomyositis (polymyositis) Acute rheumatic carditis Dermatologic Diseases: Bullous dermatitis herpetiformis Severe erythema multiforme (Stevens-Johnson syndrome) Severe seborrheic dermatitis Exfoliative dermatitis Mycosis fungoides Pemphigus Severe psoriasis Allergic States Control of severe or incapacitating allergic conditions intractable to adequate trials of conventional treatment: Seasonal or perennial allergic rhinitis Drug hypersensitivity reactions Serum sickness Contact dermatitis Bronchial asthma Atopic dermatitis Ophthalmic Diseases: Severe acute and chronic allergic and inflammatory processes involving the eye and its adnexa such as: Allergic corneal marginal ulcers Herpes zoster ophthalmicus Anterior segment inflammation Diffuse posterior uveitis and choroiditis Sympathetic ophthalmia Keratitis Optic neuritis Allergic conjunctivitis Chorioretinitis Iritis and iridocyclitis Respiratory Diseases: Symptomatic sarcoidosis Berylliosis Loeffler’s syndrome not manageable by other means Fulminating or disseminated pulmonary tuberculosis when used concurrently with appropriate antituberculous chemotherapy Aspiration pneumonitis Hematologic Disorders: Idiopathic thrombocytopenic purpura in adults Secondary thrombocytopenia in adults Acquired (autoimmune) hemolytic anemia Erythroblastopenia (RBC anemia) Congenital (erythroid) hypoplastic anemia Neoplastic Diseases: For palliative management of: Leukemias and lymphomas in adults Acute leukemia of childhood Edematous States: To induce a diuresis or remission of proteinuria in the nephrotic syndrome, without uremia, of the idiopathic type or that due to lupus erythematosus Gastrointestinal Diseases: To tide the patient over a critical period of the disease in: Ulcerative colitis Regional enteritis Nervous System: Acute exacerbations of multiple sclerosis Miscellaneous: Tuberculous meningitis with subarachnoid block or impending block when used concurrently with appropriate antituberculous chemotherapy Trichinosis with neurologic or myocardial involvement","Systemic fungal infections; Concurrent administration of live or live, attenuated vaccines in patients receiving immunosuppressive doses of corticosteroids; Hypersensitivity to methylprednisolone or any formulation ingredients",rx; Prescription only,,,"Tablet, therapy pack of tablets; Corticosteroid; Glucocorticoid",11,
pyrls,639e391cfcae6920598b545b,Prednisolone,Millipred; Pediapred; Orapred ODT,Corticosteroid; Glucocorticoid,Supplement,oral,oral,,,,,,,,,,,"Prednisolone is a synthetic glucocorticoid with anti-inflammatory and immunomodulating properties, and minimal mineralocorticoid properties. After cell surface receptor attachment and cell entry, it enters the nucleus where it binds to and activates specific nuclear receptors, resulting in an altered gene expression and inhibition of proinflammatory cytokine production. This agent also decreases the number of circulating lymphocytes, induces cell differentiation, and stimulates apoptosis in sensitive tumor cell populations.",,"Endocrine Disorders: Primary or secondary adrenocortical insufficiency (hydrocortisone or cortisone is the first choice; synthetic analogs may be used in conjunction with mineralocorticoids where applicable; in infancy mineralocorticoid supplementation is of particular importance) Congenital adrenal hyperplasia Nonsuppurative thyroiditis Hypercalcemia associated with cancer Rheumatic Disorders As adjunctive therapy for short-term administration (to tide the patient over an acute episode or exacerbation) in: Rheumatoid arthritis, including juvenile rheumatoid arthritis (selected cases may require low-dose maintenance therapy) Ankylosing spondylitis Acute and subacute bursitis Synovitis of osteoarthritis Acute nonspecific tenosynovitis Post-traumatic osteoarthritis Psoriatic arthritis Epicondylitis Acute gouty arthritis Collagen Diseases: During an exacerbation or as maintenance therapy in selected cases of: Systemic lupus erythematosus Systemic dermatomyositis (polymyositis) Acute rheumatic carditis Dermatologic Diseases: Bullous dermatitis herpetiformis Severe erythema multiforme (Stevens-Johnson syndrome) Severe seborrheic dermatitis Exfoliative dermatitis Mycosis fungoides Pemphigus Severe psoriasis Allergic States Control of severe or incapacitating allergic conditions intractable to adequate trials of conventional treatment: Seasonal or perennial allergic rhinitis Drug hypersensitivity reactions Serum sickness Contact dermatitis Bronchial asthma Atopic dermatitis Ophthalmic Diseases: Severe acute and chronic allergic and inflammatory processes involving the eye and its adnexa such as: Allergic corneal marginal ulcers Herpes zoster ophthalmicus Anterior segment inflammation Diffuse posterior uveitis and choroiditis Sympathetic ophthalmia Keratitis Optic neuritis Allergic conjunctivitis Chorioretinitis Iritis and iridocyclitis Respiratory Diseases: Symptomatic sarcoidosis Berylliosis Loeffler’s syndrome not manageable by other means Fulminating or disseminated pulmonary tuberculosis when used concurrently with appropriate antituberculous chemotherapy Aspiration pneumonitis Hematologic Disorders: Idiopathic thrombocytopenic purpura in adults Secondary thrombocytopenia in adults Acquired (autoimmune) hemolytic anemia Erythroblastopenia (RBC anemia) Congenital (erythroid) hypoplastic anemia Neoplastic Diseases: For palliative management of: Leukemias and lymphomas in adults Acute leukemia of childhood Edematous States: To induce a diuresis or remission of proteinuria in the nephrotic syndrome, without uremia, of the idiopathic type or that due to lupus erythematosus Gastrointestinal Diseases: To tide the patient over a critical period of the disease in: Ulcerative colitis Regional enteritis Nervous System: Acute exacerbations of multiple sclerosis Miscellaneous: Tuberculous meningitis with subarachnoid block or impending block when used concurrently with appropriate antituberculous chemotherapy Trichinosis with neurologic or myocardial involvement","Systemic fungal infections; Concurrent administration of live or live, attenuated vaccines in patients receiving immunosuppressive doses of corticosteroids; Hypersensitivity to prednisolone or any formulation ingredients",rx; Prescription only,,,"Tablet, orally disintegrating tablet, solution, syrup; Corticosteroid; Glucocorticoid",12,
pyrls,639e391cfcae6920598b545c,Dexamethasone,Decadron; Dexabliss; DexPak,Corticosteroid; Glucocorticoid; Antiemetic,Supplement,oral,oral,,,,,,,,,,,"Dexamethasone is a synthetic glucocorticoid with potent anti-inflammatory and immunomodulating properties. After cell surface receptor attachment and cell entry, it enters the nucleus where it binds to and activates specific nuclear receptors, resulting in an altered gene expression and inhibition of proinflammatory cytokine production. This agent also decreases the number of circulating lymphocytes, induces cell differentiation, and stimulates apoptosis in sensitive tumor cell populations. Dexamethasone has no mineralocorticoid properties.",,"Allergic States Control of severe or incapacitating allergic conditions intractable to adequate trials of conventional treatment in asthma, atopic dermatitis, contact dermatitis, drug hypersensitivity reactions, perennial or seasonal allergic rhinitis, and serum sickness. Dermatologic Diseases Bullous dermatitis herpetiformis, exfoliative erythroderma, mycosis fungoides, pemphigus, and severe erythema multiforme (Stevens-Johnson syndrome). Endocrine Disorders Primary or secondary adrenocortical insufficiency (hydrocortisone or cortisone is the drug of choice; may be used in conjunction with synthetic mineralocorticoid analogs where applicable; in infancy mineralocorticoid supplementation is of particular importance), congenital adrenal hyperplasia, hypercalcemia associated with cancer, and nonsuppurative thyroiditis. Gastrointestinal Diseases To tide the patient over a critical period of the disease in regional enteritis and ulcerative colitis. Hematologic Disorders Acquired (autoimmune) hemolytic anemia, congenital (erythroid) hypoplastic anemia (Diamond-Blackfan anemia), idiopathic thrombocytopenic purpura in adults, pure red cell aplasia, and selected cases of secondary thrombocytopenia. Miscellaneous Diagnostic testing of adrenocortical hyperfunction, trichinosis with neurologic or myocardial involvement, tuberculous meningitis with subarachnoid block or impending block when used with appropriate antituberculous chemotherapy. Neoplastic Diseases For the palliative management of leukemias and lymphomas. Nervous System Acute exacerbations of multiple sclerosis, cerebral edema associated with primary or metastatic brain tumor, craniotomy, or head injury. Ophthalmic Diseases Sympathetic ophthalmia, temporal arteritis, uveitis, and ocular inflammatory conditions unresponsive to topical corticosteroids. Renal Diseases To induce a diuresis or remission of proteinuria in idiopathic nephrotic syndrome or that due to lupus erythematosus. Respiratory Diseases Berylliosis, fulminating or disseminated pulmonary tuberculosis when used concurrently with appropriate antituberculous chemotherapy, idiopathic eosinophilic pneumonias, symptomatic sarcoidosis. Rheumatic Disorders As adjunctive therapy for short-term administration (to tide the patient over an acute episode or exacerbation) in acute gouty arthritis, acute rheumatic carditis, ankylosing spondylitis, psoriatic arthritis, rheumatoid arthritis, including juvenile rheumatoid arthritis (selected cases may require low-dose maintenance therapy). For the treatment of dermatomyositis, polymyositis, and systemic lupus erythematosus.","Systemic fungal infections; Concurrent administration of live or live, attenuated vaccines in patients receiving immunosuppressive doses of corticosteroids; Hypersensitivity to dexamethasone or any formulation ingredients",rx; Prescription only,,,"Tablet, solution, elixir, concentrate; Corticosteroid; Glucocorticoid; Antiemetic",12,
pyrls,639e391cfcae6920598b545d,Cortisone acetate,,Corticosteroid; Glucocorticoid,Supplement,oral,oral,,,,,,,,,,,"Cortisone acetate is the acetate salt form of cortisone, a synthetic or semisynthetic analog of the naturally occurring cortisone hormone produced by the adrenal glands with anti-inflammatory, immunomodulating properties, and some mineralocorticoid properties. After cell surface receptor attachment and cell entry, it enters the nucleus where it binds to and activates specific nuclear receptors, resulting in an altered gene expression and inhibition of proinflammatory cytokine production. This agent also decreases the number of circulating lymphocytes, induces cell differentiation, and stimulates apoptosis in sensitive tumor cell populations.",,"Endocrine Disorders: Primary or secondary adrenocortical insufficiency (hydrocortisone or cortisone is the first choice; synthetic analogs may be used in conjunction with mineralocorticoids where applicable; in infancy mineralocorticoid supplementation is of particular importance) Congenital adrenal hyperplasia Nonsuppurative thyroiditis Hypercalcemia associated with cancer Rheumatic Disorders As adjunctive therapy for short-term administration (to tide the patient over an acute episode or exacerbation) in: Rheumatoid arthritis, including juvenile rheumatoid arthritis (selected cases may require low-dose maintenance therapy) Ankylosing spondylitis Acute and subacute bursitis Synovitis of osteoarthritis Acute nonspecific tenosynovitis Post-traumatic osteoarthritis Psoriatic arthritis Epicondylitis Acute gouty arthritis Collagen Diseases: During an exacerbation or as maintenance therapy in selected cases of: Systemic lupus erythematosus Systemic dermatomyositis (polymyositis) Acute rheumatic carditis Dermatologic Diseases: Bullous dermatitis herpetiformis Severe erythema multiforme (Stevens-Johnson syndrome) Severe seborrheic dermatitis Exfoliative dermatitis Mycosis fungoides Pemphigus Severe psoriasis Allergic States Control of severe or incapacitating allergic conditions intractable to adequate trials of conventional treatment: Seasonal or perennial allergic rhinitis Drug hypersensitivity reactions Serum sickness Contact dermatitis Bronchial asthma Atopic dermatitis Ophthalmic Diseases: Severe acute and chronic allergic and inflammatory processes involving the eye and its adnexa such as: Allergic corneal marginal ulcers Herpes zoster ophthalmicus Anterior segment inflammation Diffuse posterior uveitis and choroiditis Sympathetic ophthalmia Keratitis Optic neuritis Allergic conjunctivitis Chorioretinitis Iritis and iridocyclitis Respiratory Diseases: Symptomatic sarcoidosis Berylliosis Loeffler’s syndrome not manageable by other means Fulminating or disseminated pulmonary tuberculosis when used concurrently with appropriate antituberculous chemotherapy Aspiration pneumonitis Hematologic Disorders: Idiopathic thrombocytopenic purpura in adults Secondary thrombocytopenia in adults Acquired (autoimmune) hemolytic anemia Erythroblastopenia (RBC anemia) Congenital (erythroid) hypoplastic anemia Neoplastic Diseases: For palliative management of: Leukemias and lymphomas in adults Acute leukemia of childhood Edematous States: To induce a diuresis or remission of proteinuria in the nephrotic syndrome, without uremia, of the idiopathic type or that due to lupus erythematosus Gastrointestinal Diseases: To tide the patient over a critical period of the disease in: Ulcerative colitis Regional enteritis Nervous System: Acute exacerbations of multiple sclerosis Miscellaneous: Tuberculous meningitis with subarachnoid block or impending block when used concurrently with appropriate antituberculous chemotherapy Trichinosis with neurologic or myocardial involvement","Systemic fungal infections; Concurrent administration of live or live, attenuated vaccines in patients receiving immunosuppressive doses of corticosteroids; Hypersensitivity to cortisone acetate or any formulation ingredients",rx; Prescription only,,,Tablet; Corticosteroid; Glucocorticoid,10,
pyrls,639e391cfcae6920598b545e,Olopatadine-nasal,Patanase,"Antihistamine, 2nd Generation",Antihistamine,insufflation,insufflation,,,,,,,,,,,Blocks histamine at peripheral histamine-1 receptors (H1 receptors).,,Relief of symptoms associated with seasonal or perennial allergic rhinitis in adults and children 6 years of age and older,"Hypersensitivity olopatadine, or any formulation ingredients",rx; Prescription only,,,"Nasal spray; Antihistamine, 2nd Generation",4,
pyrls,639e391cfcae6920598b545f,Azelastine-Fluticasone,Dymista,"Antihistamine, 2nd Generation; Corticosteroid",Antihistamine,insufflation,insufflation,,,,,,,,,,,"Azelastine: blocks histamine at peripheral histamine-1 receptors (H1 receptors). Fluticasone: reduces inflammation and causes vasoconstriction in the nasal passage. Corticosteroids exert a wide range of actions on several cell types (e.g., mast cells, eosinophils, neutrophils, macrophages, lymphocytes) and mediators (e.g., histamine, eicosanoids, leukotrienes, cytokines) involved in inflammation.",,Relief of symptoms associated with seasonal or perennial allergic rhinitis in adults and children 6 years of age and older who require treatment with both azelastine hydrochloride and fluticasone propionate for symptomatic relief,"Hypersensitivity azelastine, fluticasone, or any formulation ingredients",rx; Prescription only,,,"Nasal spray; Antihistamine, 2nd Generation; Corticosteroid",6,
pyrls,639e391cfcae6920598b5460,Cromolyn-nasal,NasalCrom,Mast Cell Stabilizer,Other,insufflation,insufflation,,,,,,,,,,,"Cromolyn is a synthetic mast cell stabilizer with anti-inflammatory activity. The likely mechanism is interference with the antigen-mediated calcium ion influx into mast cells. This prevents degranulation, resulting in mast cell stabilization and inhibits the release of inflammatory mediators, such as histamine and leukotrienes, which are involved in IgE-mediated allergic reactions. Cromolyn also prevents eosinophils from releasing inflammatory mediators.",,"Prevent and relieve nasal symptoms of hay fever and other nasal allergies : runny/itchy nose, sneezing, allergic stuffy nose",Hypersensitivity cromolyn or any formulation ingredients,rx; otc; Rx/OTC depending on product,,,Nasal spray; Mast Cell Stabilizer,8,
pyrls,639e391cfcae6920598b5461,Fluticasone-nasal,Flonase; Flonase Sensimist; Xhance,Corticosteroid,Supplement,insufflation,insufflation,,,,,,,,,,,"Fluticasone is a synthetic glucocorticoid that reduces inflammation and causes vasoconstriction in the nasal passage. Corticosteroids exert a wide range of actions on several cell types (e.g., mast cells, eosinophils, neutrophils, macrophages, lymphocytes) and mediators (e.g., histamine, eicosanoids, leukotrienes, cytokines) involved in inflammation.",,"Flonase Rx indication (fluticasone propionate): management of the nasal symptoms of perennial nonallergic rhinitis in adults and pediatric patients aged 4+ years; Flonase OTC indication (fluticasone propionate): for those age 4+ years , temporarily relieves these symptoms of hay fever or other upper respiratory allergies : nasal congestion runny nose sneezing itchy nose itchy, watery eyes; Flonase Sensimist, OTC (fluticasone furoate): for those age 2+ years , temporarily relieves these symptoms of hay fever or other upper respiratory allergies : nasal congestion runny nose sneezing itchy nose itchy, watery eyes ( age 12+ for eye symptoms ); Xhance (fluticasone propionate): treatment of nasal polyps in patients 18+ years",Hypersensitivity fluticasone or any formulation ingredients,rx; otc; Rx/OTC depending on product,,,Nasal spray; Corticosteroid,10,
pyrls,639e391cfcae6920598b5462,Budesonide-nasal,Rhinocort,Corticosteroid,Supplement,insufflation,insufflation,,,,,,,,,,,"Budesonide is a synthetic glucocorticoid that reduces inflammation and causes vasoconstriction in the nasal passage. Corticosteroids exert a wide range of actions on several cell types (e.g., mast cells, eosinophils, neutrophils, macrophages, lymphocytes) and mediators (e.g., histamine, eicosanoids, leukotrienes, cytokines) involved in inflammation.",,"Rx indication : treatment of seasonal or perennial allergic rhinitis in adults and pediatric patients aged 6+ years; Rhinocort OTC indication (budesonide): for those age 6+ years , temporarily relieves these symptoms of hay fever or other upper respiratory allergies : nasal congestion runny nose sneezing itchy nose",Hypersensitivity budesonide or any formulation ingredients,rx; otc; Rx/OTC depending on product,,,Nasal spray; Corticosteroid,5,
pyrls,639e391cfcae6920598b5463,Beclomethasone-nasal,Beconase AQ; Qnasl,Corticosteroid,Supplement,insufflation,insufflation,,,,,,,,,,,"Beclomethasone is a synthetic glucocorticoid that reduces inflammation and causes vasoconstriction in the nasal passage. Corticosteroids exert a wide range of actions on several cell types (e.g., mast cells, eosinophils, neutrophils, macrophages, lymphocytes) and mediators (e.g., histamine, eicosanoids, leukotrienes, cytokines) involved in inflammation.",,"Qnasl (beclomethasone nasal spray, aerosol solution): treatment of the nasal symptoms associated with seasonal and perennial allergic rhinitis in patients age 4+ years; Beconase AQ (beclomethasone nasal spray, suspension): relief of the symptoms of seasonal or perennial allergic and nonallergic (vasomotor) rhinitis prevention of recurrence of nasal polyps following surgical removal",Hypersensitivity beclomethasone or any formulation ingredients,rx; Prescription only,,,Nasal spray; Corticosteroid,5,
pyrls,639e391cfcae6920598b5464,Ciclesonide-nasal,Omnaris; Zetonna,Corticosteroid,Supplement,insufflation,insufflation,,,,,,,,,,,"Ciclesonide is a synthetic glucocorticoid that reduces inflammation and causes vasoconstriction in the nasal passage. Corticosteroids exert a wide range of actions on several cell types (e.g., mast cells, eosinophils, neutrophils, macrophages, lymphocytes) and mediators (e.g., histamine, eicosanoids, leukotrienes, cytokines) involved in inflammation.",,"Omnaris (ciclesonide nasal spray, suspension): treatment of nasal symptoms associated with seasonal allergic rhinitis in adults and children age 6+ years , and perennial allergic rhinitis in adults and adolescents age 12+ years; Zetonna (ciclesonide nasal spray, aerosol solution): treatment of the nasal symptoms associated with seasonal and perennial allergic rhinitis in patients age 12+ years",Hypersensitivity ciclesonide or any formulation ingredients,rx; Prescription only,,,Nasal spray; Corticosteroid,5,
pyrls,639e391cfcae6920598b5465,Mometasone-nasal,Nasonex,Corticosteroid,Supplement,insufflation,insufflation,,,,,,,,,,,"Mometasone is a synthetic glucocorticoid that reduces inflammation and causes vasoconstriction in the nasal passage. Corticosteroids exert a wide range of actions on several cell types (e.g., mast cells, eosinophils, neutrophils, macrophages, lymphocytes) and mediators (e.g., histamine, eicosanoids, leukotrienes, cytokines) involved in inflammation.",,"Treatment of the nasal symptoms of seasonal allergic and perennial allergic rhinitis , in adults and pediatric patients 2 years of age and older .; Relief of nasal congestion associated with seasonal allergic rhinitis , in adults and pediatric patients 2 years of age and older .; Prophylaxis of the nasal symptoms of seasonal allergic rhinitis in adult and adolescent patients 12 years of age and older .; Treatment of nasal polyps in patients 18 years of age and older .",Hypersensitivity mometasone or any formulation ingredients,rx; Prescription only,,,Nasal spray; Corticosteroid,4,
pyrls,639e391cfcae6920598b5466,Triamcinolone-nasal,Nasacort,Corticosteroid,Supplement,insufflation,insufflation,,,,,,,,,,,"Triamcinolone is a synthetic glucocorticoid that reduces inflammation and causes vasoconstriction in the nasal passage. Corticosteroids exert a wide range of actions on several cell types (e.g., mast cells, eosinophils, neutrophils, macrophages, lymphocytes) and mediators (e.g., histamine, eicosanoids, leukotrienes, cytokines) involved in inflammation.",,"Rx indication: treatment of nasal symptoms of seasonal and perennial allergic rhinitis in adults and children 2 years of age and older; OTC indication : for those age 2+ years , temporarily relieves these symptoms of hay fever or other upper respiratory allergies : nasal congestion runny nose sneezing itchy nose",Hypersensitivity triamcinolone or any formulation ingredients,rx; otc; Rx/OTC depending on product,,,Nasal spray; Corticosteroid,6,
pyrls,639e391cfcae6920598b5467,Flunisolide-nasal,,Corticosteroid,Supplement,insufflation,insufflation,,,,,,,,,,,"Flunisolide is a synthetic glucocorticoid that reduces inflammation and causes vasoconstriction in the nasal passage. Corticosteroids exert a wide range of actions on several cell types (e.g., mast cells, eosinophils, neutrophils, macrophages, lymphocytes) and mediators (e.g., histamine, eicosanoids, leukotrienes, cytokines) involved in inflammation.",,Treatment of the nasal symptoms of seasonal or perennial rhinitis,Hypersensitivity flunisolide or any formulation ingredients,rx; Prescription only,,,Nasal spray; Corticosteroid,4,
pyrls,639e391cfcae6920598b5468,Oxymetazoline-nasal,Afrin,Alpha Adrenergic Agonist; Decongestant,Other,insufflation,insufflation,,,,,,,,,,,"Oxymetazoline is an alpha adrenergic-agonist, direct acting sympathomimetic agent used nasally as a vasoconstrictor that shrinks swollen nasal membranes to relieve nasal congestion.",,Temporarily relieves nasal congestion in those age 6+ years due to: common cold hay fever upper respiratory allergies; Temporarily relieves sinus congestion and pressure,Should not be used for more than 3 days unless under provider supervision; Hypersensitivity oxymetazoline or any formulation ingredients,rx; otc; Rx/OTC depending on product,,,Nasal spray; Alpha Adrenergic Agonist; Decongestant,9,
pyrls,639e391cfcae6920598b5469,Phenylephrine-nasal,Neo-Synephrine,Alpha Adrenergic Agonist; Decongestant,Other,insufflation,insufflation,,,,,,,,,,,"Phenylephrine is an alpha adrenergic-agonist, direct acting sympathomimetic agent used nasally as a vasoconstrictor that shrinks swollen nasal membranes to relieve nasal congestion.",,Temporarily relieves nasal congestion due to: common cold hay fever upper respiratory allergies,Hypersensitivity phenylephrine or any formulation ingredients,rx; otc; Rx/OTC depending on product,,,"Nasal spray, nasal drops; Alpha Adrenergic Agonist; Decongestant",10,
pyrls,639e391cfcae6920598b546a,Phenylephrine,Sudafed PE; Sudogest PE,Alpha Adrenergic Agonist; Decongestant,Other,oral,oral,,,,,,,,,,,"Phenylephrine is an alpha adrenergic-agonist, direct acting sympathomimetic agent used nasally as a vasoconstrictor that shrinks swollen nasal membranes to relieve nasal congestion.",,Temporarily relieves nasal congestion due to: common cold hay fever upper respiratory allergies; Temporarily relieves sinus congestion and pressure,Hypersensitivity phenylephrine or any formulation ingredients,rx; otc; Rx/OTC depending on formulation,,,"Nasal spray, nasal drops; Alpha Adrenergic Agonist; Decongestant",9,
pyrls,639e391cfcae6920598b546b,Diphenhydramine,Benadryl,"Antihistamine, 1st Generation",Antihistamine,oral,oral,,,,,,,,,,,"Diphenhydramine is a first generation antihistamine and ethanolamine with sedative and anti-allergic properties. Diphenhydramine competitively inhibits the histamine-1 (H1) receptor, thereby alleviating the symptoms caused by endogenous histamine on bronchial, capillary and gastrointestinal smooth muscles. This prevents histamine-induced bronchoconstriction, vasodilation, increased capillary permeability, and GI smooth muscle spasms.",,"Temporarily relieves symptoms due to hay fever or other upper respiratory allergies : runny nose sneezing itchy, watery eyes itching of the nose or throat; Temporarily relieves symptoms due to the common cold : runny nose sneezing; Sleep-aid : for the relief of occasional sleeplessness reduces time to fall asleep if you have difficulty falling asleep; Cough: use as an antitussive; For active and prophylactic treatment of motion sickness; Allergic reaction-related: For allergic conjunctivitis due to foods; mild, uncomplicated allergic skin manifestations of urticaria and angioedema; amelioration of allergic reactions to blood or plasma; dermatographism; as therapy for anaphylactic reactions adjunctive to epinephrine and other standard measures after the acute manifestations have been controlled; For parkinsonism (including drug-induced) in the elderly unable to tolerate more potent agents; mild cases of parkinsonism (including drug-induced) in other age groups; in other cases of parkinsonism (including drug-induced) in combination with centrally acting anticholinergic agents","Hypersensitivity diphenhydramine, other antihistamines of similar chemical structure, or any formulation ingredients",rx; otc; Rx/OTC depending on formulation,,,"Tablet, chewable tablet, orally disintegrating, capsule, solution, elixir; Antihistamine, 1st Generation",16,
pyrls,639e391cfcae6920598b546c,Chlorpheniramine,Aller-Chlor; Chlor-Trimeton,"Antihistamine, 1st Generation",Antihistamine,oral,oral,,,,,,,,,,,"Chlorpheniramine is a first generation antihistamine and synthetic alkylamine derivative that acts as a competitive histamine H1 receptor antagonist, and displays anticholinergic and mild sedative effects.",,"Temporarily relieves symptoms due to hay fever or other upper respiratory allergies : runny nose sneezing itchy, watery eyes itching of the nose or throat",Hypersensitivity chlorpheniramine or any formulation ingredients,rx; otc; Rx/OTC depending on product,,,"Tablet, extended-release tablet, liquid; Antihistamine, 1st Generation",13,
pyrls,639e391cfcae6920598b546d,Doxylamine,Unisom,"Antihistamine, 1st Generation",Antihistamine,oral,oral,,,,,,,,,,,"Doxylamine is a first generation antihistamine and ethanolamine with anti-inflammatory, sedative and antihistamine properties. Doxylamine competitively inhibits the histamine 1 (H1) receptor, thereby preventing the action of endogenous histamine as well as the subsequent release of pro-inflammatory mediators from basophils and mast cells.",,Sleep-aid : helps to reduce difficulty in falling asleep,"OTC labeling: in children under 12 years of age; Hypersensitivity doxylamine, other ethanolamine derivative antihistamines, or any formulation ingredients",rx; otc; Rx/OTC depending on product,,,"Tablet; Antihistamine, 1st Generation",13,
pyrls,639e391cfcae6920598b546e,Triamcinolone-topical,Kenalog; Triderm,Corticosteroid,Supplement,transdermal,transdermal,,,,,,,,,,,"Triamcinolone is a synthetic glucocorticoid with potent anti-inflammatory and immunomodulating properties. After cell entry, it binds to corticosteroid receptors on the nucleus and produces anti-inflammatory, antiproliferative, immunosuppressive, and vasoconstrictive effects that can be beneficial for psoriatic, pruritic, and other corticosteroid responsive dermatoses.",,"Cream, ointment, lotion, spray: relief of the inflammatory and pruritic manifestations of corticosteroid responsive dermatoses; Dental paste: adjunctive treatment and for the temporary relief of symptoms associated with oral inflammatory lesions and ulcerative lesions resulting from trauma","Hypersensitivity to triamcinolone or any formulation ingredients; Dental paste formulation: fungal, viral, or bacterial infections of the mouth or throat",rx; Prescription only,,,"Cream, lotion, ointment, spray, dental paste; Corticosteroid",21,
pyrls,639e391cfcae6920598b546f,Alclometasone-topical,Aclovate,Corticosteroid,Supplement,transdermal,transdermal,,,,,,,,,,,"Alclometasone is a synthetic glucocorticoid with potent anti-inflammatory and immunomodulating properties. After cell entry, it binds to corticosteroid receptors on the nucleus and produces anti-inflammatory, antiproliferative, immunosuppressive, and vasoconstrictive effects that can be beneficial for psoriatic, pruritic, and other corticosteroid responsive dermatoses.",,Relief of the inflammatory and pruritic manifestations of corticosteroid responsive dermatoses in patients aged 1 year and older,Hypersensitivity to alclometasone or any formulation ingredients,rx; Prescription only,,,"Cream, ointment; Corticosteroid",15,
pyrls,639e391cfcae6920598b5470,Prednicarbate-topical,Dermatop,Corticosteroid,Supplement,transdermal,transdermal,,,,,,,,,,,"Prednicarbate is a synthetic glucocorticoid with potent anti-inflammatory and immunomodulating properties. After cell entry, it binds to corticosteroid receptors on the nucleus and produces anti-inflammatory, antiproliferative, immunosuppressive, and vasoconstrictive effects that can be beneficial for psoriatic, pruritic, and other corticosteroid responsive dermatoses.",,Relief of the inflammatory and pruritic manifestations of corticosteroid responsive dermatoses in patients aged 1 year and older,Hypersensitivity to prednicarbate or any formulation ingredients,rx; Prescription only,,,"Cream, ointment; Corticosteroid",16,
pyrls,639e391cfcae6920598b5471,Amcinonide-topical,Cyclocort,Corticosteroid,Supplement,transdermal,transdermal,,,,,,,,,,,"Amcinonide is a synthetic glucocorticoid with potent anti-inflammatory and immunomodulating properties. After cell entry, it binds to corticosteroid receptors on the nucleus and produces anti-inflammatory, antiproliferative, immunosuppressive, and vasoconstrictive effects that can be beneficial for psoriatic, pruritic, and other corticosteroid responsive dermatoses.",,Relief of the inflammatory and pruritic manifestations of corticosteroid responsive dermatoses,Hypersensitivity to amcinonide or any formulation ingredients,rx; Prescription only,,,"Cream, lotion, ointment; Corticosteroid",16,
pyrls,639e391cfcae6920598b5472,Mometasone-topical,Elocon,Corticosteroid,Supplement,transdermal,transdermal,,,,,,,,,,,"Mometasone is a synthetic glucocorticoid with potent anti-inflammatory and immunomodulating properties. After cell entry, it binds to corticosteroid receptors on the nucleus and produces anti-inflammatory, antiproliferative, immunosuppressive, and vasoconstrictive effects that can be beneficial for psoriatic, pruritic, and other corticosteroid responsive dermatoses.",,Relief of the inflammatory and pruritic manifestations of corticosteroid responsive dermatoses ( cream/ointment: age 2+ years; lotion: age 12+ years),Hypersensitivity to mometasone or any formulation ingredients,rx; Prescription only,,,"Cream, ointment, lotion, solution; Corticosteroid",17,
pyrls,639e391cfcae6920598b5473,Fluticasone-topical,Cutivate; Beser,Corticosteroid,Supplement,transdermal,transdermal,,,,,,,,,,,"Fluticasone is a synthetic glucocorticoid with potent anti-inflammatory and immunomodulating properties. After cell entry, it binds to corticosteroid receptors on the nucleus and produces anti-inflammatory, antiproliferative, immunosuppressive, and vasoconstrictive effects that can be beneficial for psoriatic, pruritic, and other corticosteroid responsive dermatoses.",,Relief of the inflammatory and pruritic manifestations of corticosteroid responsive dermatoses ( cream/lotion: : ointment: age 18+ years),Hypersensitivity to fluticasone or any formulation ingredients,rx; Prescription only,,,"Cream, ointment, lotion; Corticosteroid",17,
pyrls,639e391cfcae6920598b5474,Fluocinonide-topical,Vanos; Lidex,Corticosteroid,Supplement,transdermal,transdermal,,,,,,,,,,,"Fluocinonide is a synthetic glucocorticoid with potent anti-inflammatory and immunomodulating properties. After cell entry, it binds to corticosteroid receptors on the nucleus and produces anti-inflammatory, antiproliferative, immunosuppressive, and vasoconstrictive effects that can be beneficial for psoriatic, pruritic, and other corticosteroid responsive dermatoses.",,Relief of the inflammatory and pruritic manifestations of corticosteroid responsive dermatoses,Hypersensitivity to fluocinonide or any formulation ingredients,rx; Prescription only,,,"Cream, ointment, gel, solution; Corticosteroid",17,
pyrls,639e391cfcae6920598b5475,Flurandrenolide-topical,Cordran; Nolix,Corticosteroid,Supplement,transdermal,transdermal,,,,,,,,,,,"Flurandrenolide is a synthetic glucocorticoid with potent anti-inflammatory and immunomodulating properties. After cell entry, it binds to corticosteroid receptors on the nucleus and produces anti-inflammatory, antiproliferative, immunosuppressive, and vasoconstrictive effects that can be beneficial for psoriatic, pruritic, and other corticosteroid responsive dermatoses.",,"Cream, ointment, lotion: relief of the inflammatory and pruritic manifestations of corticosteroid responsive dermatoses; Tape: relief of the inflammatory and pruritic manifestations of corticosteroid-responsive dermatoses, particularly dry, scaling localized lesions",Hypersensitivity to flurandrenolide or any formulation ingredients; Use of flurandrenolide tape is not recommended for lesions exuding serum or in intertriginous areas.,rx; Prescription only,,,"Tape, cream, ointment, lotion; Corticosteroid",17,
pyrls,639e391cfcae6920598b5476,Clobetasol-topical,Clobex; Clodan; Impeklo; Impoyz; Olux; Temovate,Corticosteroid,Supplement,transdermal,transdermal,,,,,,,,,,,"Clobetasol is a synthetic glucocorticoid with potent anti-inflammatory and immunomodulating properties. After cell entry, it binds to corticosteroid receptors on the nucleus and produces anti-inflammatory, antiproliferative, immunosuppressive, and vasoconstrictive effects that can be beneficial for psoriatic, pruritic, and other corticosteroid responsive dermatoses.",,"Cream, ointment, gel: relief of the inflammatory and pruritic manifestations of corticosteroid responsive dermatoses in patients age 12+ years; Foam: treatment of moderate to severe plaque psoriasis of the scalp and mild to moderate plaque psoriasis of non-scalp regions of the body excluding the face and intertriginous areas in patients age 12+ years; Shampoo: treatment of moderate to severe forms of scalp psoriasis in patients age 18+ years for up to 4 weeks; Spray: treatment of moderate to severe plaque psoriasis affecting up to 20% body surface area (BSA) in patients age 18+ years for up to 4 weeks; Solution: short-term topical treatment of inflammatory and pruritic manifestations of moderate to severe corticosteroid-responsive dermatoses of the scalp in patients age 12+ years for up to 2 weeks",Hypersensitivity to clobetasol or any formulation ingredients,rx; Prescription only,,,"Cream, foam, ointment, gel, lotion, solution, spray, shampoo; Corticosteroid",20,
pyrls,639e391cfcae6920598b5477,Betamethasone-topical,Diprolene; Betaderm; Luxiq; Valisone; Sernivo,Corticosteroid,Supplement,transdermal,transdermal,,,,,,,,,,,"Betamethasone is a synthetic glucocorticoid with potent anti-inflammatory and immunomodulating properties. After cell entry, it binds to corticosteroid receptors on the nucleus and produces anti-inflammatory, antiproliferative, immunosuppressive, and vasoconstrictive effects that can be beneficial for psoriatic, pruritic, and other corticosteroid responsive dermatoses.",,"Cream, ointment, gel, lotion: Relief of the inflammatory and pruritic manifestations of corticosteroid responsive dermatoses ( augmented gel: age 12+ years; augmented lotion, augmented cream, augmented ointment: age 13+ years; Foam: relief of the inflammatory and pruritic manifestations of corticosteroid-responsive dermatoses of the scalp; Spray: treatment of mild to moderate plaque psoriasis in patients 18+ years of age",Hypersensitivity to betamethasone or any formulation ingredients,rx; Prescription only,,,"Cream, foam, ointment, gel, lotion, spray; Corticosteroid",22,
pyrls,639e391cfcae6920598b5478,Desonide-topical,Desonate; DesOwen; Tridesilon; Verdeso,Corticosteroid,Supplement,transdermal,transdermal,,,,,,,,,,,"Desonide is a synthetic glucocorticoid with potent anti-inflammatory and immunomodulating properties. After cell entry, it binds to corticosteroid receptors on the nucleus and produces anti-inflammatory, antiproliferative, immunosuppressive, and vasoconstrictive effects that can be beneficial for psoriatic, pruritic, and other corticosteroid responsive dermatoses.",,Relief of the inflammatory and pruritic manifestations of corticosteroid responsive dermatoses ( gel/foam : age 3 months and older),Hypersensitivity to desonide or any formulation ingredients,rx; Prescription only,,,"Cream, ointment, gel, lotion, foam; Corticosteroid",18,
pyrls,639e391cfcae6920598b5479,Fluocinolone-topical,Capex; Derma-Smoothe; Synalar,Corticosteroid,Supplement,transdermal,transdermal,,,,,,,,,,,"Fluocinolone is a synthetic glucocorticoid with potent anti-inflammatory and immunomodulating properties. After cell entry, it binds to corticosteroid receptors on the nucleus and produces anti-inflammatory, antiproliferative, immunosuppressive, and vasoconstrictive effects that can be beneficial for psoriatic, pruritic, and other corticosteroid responsive dermatoses.",,"Cream, ointment, solution: relief of the inflammatory and pruritic manifestations of corticosteroid responsive dermatoses; Shampoo: treatment of seborrheic dermatitis of the scalp; Oil: topical treatment of atopic dermatitis in adult patients , and topical treatment of moderate to severe atopic dermatitis in pediatric patients, 3 months and older for up to 4 weeks; Scalp oil: treatment of psoriasis of the scalp in adult patients",Hypersensitivity to fluocinolone or any formulation ingredients,rx; Prescription only,,,"Cream, ointment, oil, shampoo, solution; Corticosteroid",19,
pyrls,639e391cfcae6920598b547a,Desoximetasone-topical,Topicort,Corticosteroid,Supplement,transdermal,transdermal,,,,,,,,,,,"Desoximetasone is a synthetic glucocorticoid with potent anti-inflammatory and immunomodulating properties. After cell entry, it binds to corticosteroid receptors on the nucleus and produces anti-inflammatory, antiproliferative, immunosuppressive, and vasoconstrictive effects that can be beneficial for psoriatic, pruritic, and other corticosteroid responsive dermatoses.",,"Cream, gel, ointment: relief of the inflammatory and pruritic manifestations of corticosteroid responsive dermatoses; Spray: treatment of plaque psoriasis in patients 18+ years of age",Hypersensitivity to desoximetasone or any formulation ingredients,rx; Prescription only,,,"Cream, ointment, gel, spray; Corticosteroid",17,
pyrls,639e391cfcae6920598b547b,Diflorasone-topical,ApexiCon E; Psorcon,Corticosteroid,Supplement,transdermal,transdermal,,,,,,,,,,,"Diflorasone is a synthetic glucocorticoid with potent anti-inflammatory and immunomodulating properties. After cell entry, it binds to corticosteroid receptors on the nucleus and produces anti-inflammatory, antiproliferative, immunosuppressive, and vasoconstrictive effects that can be beneficial for psoriatic, pruritic, and other corticosteroid responsive dermatoses.",,Relief of the inflammatory and pruritic manifestations of corticosteroid responsive dermatoses,Hypersensitivity to diflorasone or any formulation ingredients,rx; Prescription only,,,"Cream, ointment; Corticosteroid",16,
pyrls,639e391cfcae6920598b547c,Halcinonide-topical,Halog,Corticosteroid,Supplement,transdermal,transdermal,,,,,,,,,,,"Halcinonide is a synthetic glucocorticoid with potent anti-inflammatory and immunomodulating properties. After cell entry, it binds to corticosteroid receptors on the nucleus and produces anti-inflammatory, antiproliferative, immunosuppressive, and vasoconstrictive effects that can be beneficial for psoriatic, pruritic, and other corticosteroid responsive dermatoses.",,Relief of the inflammatory and pruritic manifestations of corticosteroid responsive dermatoses,Hypersensitivity to halcinonide or any formulation ingredients,rx; Prescription only,,,"Cream, ointment, solution; Corticosteroid",17,
pyrls,639e391cfcae6920598b547d,Halobetasol-topical,Ultravate; Lexette; Bryhali,Corticosteroid,Supplement,transdermal,transdermal,,,,,,,,,,,"Halobetasol is a synthetic glucocorticoid with potent anti-inflammatory and immunomodulating properties. After cell entry, it binds to corticosteroid receptors on the nucleus and produces anti-inflammatory, antiproliferative, immunosuppressive, and vasoconstrictive effects that can be beneficial for psoriatic, pruritic, and other corticosteroid responsive dermatoses.",,"Cream, ointment: relief of the inflammatory and pruritic manifestations of corticosteroid responsive dermatoses in patients age 12+ years; Foam, lotion (Bryhali): topical treatment of plaque psoriasis in adults; Lotion (Ultravate): topical treatment of plaque psoriasis in patients age 12+ years",Hypersensitivity to halobetasol or any formulation ingredients,rx; Prescription only,,,"Cream, ointment, lotion, foam; Corticosteroid",19,
pyrls,639e391cfcae6920598b547e,Hydrocortisone-topical,Cortisone; Cortaid; various other brands,Corticosteroid,Supplement,transdermal,transdermal,,,,,,,,,,,"Hydrocortisone is a synthetic glucocorticoid with potent anti-inflammatory and immunomodulating properties. After cell entry, it binds to corticosteroid receptors on the nucleus and produces anti-inflammatory, antiproliferative, immunosuppressive, and vasoconstrictive effects that can be beneficial for psoriatic, pruritic, and other corticosteroid responsive dermatoses.",,"Rx products: relief of the inflammatory and pruritic manifestations of corticosteroids-responsive dermatoses; OTC cream, ointment: uses for the temporary relief of itching associated with minor skin irritations, inflammation, and rashes due to: eczema insect bites poison ivy poison oak poison sumac soaps jewelry detergents cosmetics psoriasis seborrheic dermatitis for external genital, feminine and anal itching other uses of this product should be only under the advice and supervision of a doctor",Hypersensitivity to hydrocortisone or any formulation ingredients,rx; otc; Rx/OTC depending on strength,,,"Cream, ointment, lotion, foam; Corticosteroid",20,
pyrls,639e391cfcae6920598b547f,Clopidogrel,Plavix,Antiplatelet; P2Y12 Inhibitor,Other,oral,oral,,,,,,,,,,,"Clopidogrel irreversibly binds to the P2Y12 receptor on the platelet surface, blocking adenosine diphosphate (ADP) from binding to it. This interferes with platelet adhesion and aggregation by inhibiting both ADP-mediated activation of the glycoprotein complex GPIIb/IIIa and fibrinogen binding to platelets.",,"Acute Coronary Syndrome (ACS) Reduce the rate of myocardial infarction (MI) and stroke in patients with non–ST-segment elevation ACS (unstable angina [UA]/non–ST-elevation myocardial infarction [NSTEMI]), including patients who are to be managed medically and those who are to be managed with coronary revascularization. Clopidogrel should be administered in conjunction with aspirin. Reduce the rate of myocardial infarction and stroke in patients with acute ST-elevation myocardial infarction (STEMI) who are to be managed medically. Clopidogrel should be administered in conjunction with aspirin.; Recent MI, Recent Stroke, or Established Peripheral Arterial Disease Reduce the rate of myocardial infarction (MI) and stroke in patients with established peripheral arterial disease or with a history of recent MI or recent stroke.",Active pathological bleeding such as peptic ulcer or intracranial hemorrhage; Known hypersensitivity to clopidogrel or any formulation ingredients,rx; Prescription only,,,Tablet; Antiplatelet; P2Y12 Inhibitor,14,
pyrls,639e391cfcae6920598b5480,Ticagrelor,Brilinta,Antiplatelet; P2Y12 Inhibitor,Other,oral,oral,,,,,,,,,,,"Ticagrelor reversibly binds to the P2Y12 receptor on the platelet surface, blocking adenosine diphosphate (ADP) from binding to it. This interferes with platelet adhesion and aggregation by inhibiting both ADP-mediated activation of the glycoprotein complex GPIIb/IIIa and fibrinogen binding to platelets.",,"Acute Coronary Syndrome (ACS) or a History of Myocardial Infarction Reduce the risk of cardiovascular (CV) death, myocardial infarction (MI), and stroke in patients with acute coronary syndrome (ACS) or a history of MI. Also reduces the risk of stent thrombosis in patients who have been stented for treatment of ACS.; Coronary Artery Disease but No Prior Stroke or Myocardial Infarction Reduce the risk of a first MI or stroke in patients with coronary artery disease (CAD) at high risk for such events. Note: While use is not limited to this setting, the efficacy was established in a population with type 2 diabetes mellitus (T2DM).; Acute Ischemic Stroke or Transient Ischemic Attack (TIA) Reduce the risk of stroke in patients with acute ischemic stroke (NIH Stroke Scale score ≤5) or high-risk transient ischemic attack (TIA)",History of intracranial hemorrhage (ICH) because of a high risk of recurrent ICH in this population; Active pathological bleeding such as peptic ulcer or intracranial hemorrhage; Known hypersensitivity to ticagrelor or any formulation ingredients,rx; Prescription only,,,Tablet; Antiplatelet; P2Y12 Inhibitor,13,
pyrls,639e391cfcae6920598b5481,Prasugrel,Effient,Antiplatelet; P2Y12 Inhibitor,Other,oral,oral,,,,,,,,,,,"Prasugrel irreversibly binds to the P2Y12 receptor on the platelet surface, blocking adenosine diphosphate (ADP) from binding to it. This interferes with platelet adhesion and aggregation by inhibiting both ADP-mediated activation of the glycoprotein complex GPIIb/IIIa and fibrinogen binding to platelets.",,Acute Coronary Syndrome: reduce the rate of thrombotic cardiovascular (CV) events (including stent thrombosis) in patients with acute coronary syndrome (ACS) who are to be managed with percutaneous coronary intervention (PCI) as follows: Patients with unstable angina (UA) or non-ST-elevation myocardial infarction (NSTEMI). Patients with ST-elevation myocardial infarction (STEMI) when managed with primary or delayed PCI.,History of prior transient ischemic attack (TIA) or stroke; Active pathological bleeding such as peptic ulcer or intracranial hemorrhage; Known hypersensitivity to prasugrel or any formulation ingredients,rx; Prescription only,,,Tablet; Antiplatelet; P2Y12 Inhibitor,13,
pyrls,639e391cfcae6920598b5482,Dexmethylphenidate,Focalin; Focalin XR,Stimulant,Stimulant,oral,oral,,,,,,,,,,,Dexmethylphenidate is the more pharmacologically active d-enantiomer of racemic methylphenidate which is thought to inhibit reuptake of norepinephrine and dopamine into the presynaptic neuron and increase the release of these monoamines into the extraneuronal space.,,Treatment of attention-deficit/hyperactivity disorder (ADHD),"Hypersensitivity to dexmethylphenidate, methylphenidate, or any formulation ingredients; Concomitant treatment with monoamine oxidase inhibitors (MAOIs), or within 14 days following discontinuation of treatment with an MAOI, because of the risk of hypertensive crises","c2; rx; Controlled schedule 2, prescription only",,,"Tablet, extended release capsule; Stimulant",5,
pyrls,639e391cfcae6920598b5483,Methylphenidate-transdermal,Daytrana,Stimulant,Stimulant,transdermal,transdermal,,,,,,,,,,,Methylphenidate is a synthetic central nervous system stimulant that is thought to inhibit reuptake of norepinephrine and dopamine into the presynaptic neuron and increase the release of these monoamines into the extraneuronal space.,,Treatment of attention-deficit/hyperactivity disorder (ADHD),"Hypersensitivity to methylphenidate or any formulation ingredients; Concomitant treatment with monoamine oxidase inhibitors (MAOIs), or within 14 days following discontinuation of treatment with an MAOI, because of the risk of hypertensive crises; Those with marked anxiety, tension, and agitation; Glaucoma; Motor tics or with a family history or diagnosis of Tourette's syndrome","c2; rx; Controlled schedule 2, prescription only",,,Patch; Stimulant,4,
pyrls,639e391cfcae6920598b5484,Methylphenidate,Adhansia XR; Aptensio XR; Concerta; Cotempla XR-ODT; Jornay PM; Metadate CD; Metadate ER; Quillichew ER; Quillivant XR; Relexxii Ritalin; Ritalin LA; Ritalin SR,Stimulant,Stimulant,oral,oral,,,,,,,,,,,Methylphenidate is a synthetic central nervous system stimulant that is thought to inhibit reuptake of norepinephrine and dopamine into the presynaptic neuron and increase the release of these monoamines into the extraneuronal space.,,"Treatment of attention-deficit/hyperactivity disorder (ADHD); Treatment of narcolepsy (Ritalin, Metadate ER, Methylin)","Hypersensitivity to methylphenidate or any formulation ingredients; Concomitant treatment with monoamine oxidase inhibitors (MAOIs), or within 14 days following discontinuation of treatment with an MAOI, because of the risk of hypertensive crises; Those with marked anxiety, tension, and agitation; Glaucoma; Motor tics or with a family history or diagnosis of Tourette's syndrome","c2; rx; Controlled schedule 2, prescription only",,,"Tablet, extended release tablet (osmotic release oral delivery system [OROS]), extended release tablet (various non-OROS), chewable tablet, chewable extended release tablet, orally disintegrating tablet, extended release capsule, solution, extended release suspension; Stimulant",16,
pyrls,639e391cfcae6920598b5485,Lisdexamfetamine,Vyvanse,Stimulant,Stimulant,oral,oral,,,,,,,,,,,"Lisdexamfetamine is a prodrug that is converted to dextroamphetamine through cleavage of a lysine group. Amphetamines both induce the release and inhibit reuptake of catecholamine neurotransmitters including dopamine, norepinephrine, and serotonin . Amphetamines also exhibit weak monoamine oxidase inhibitor properties.",,Treatment of attention-deficit/hyperactivity disorder (ADHD); Treatment of moderate to severe binge eating disorder (BED) in adults,"Hypersensitivity to lisdexamfetamine, amphetamine products, or any formulation ingredients; Concomitant treatment with monoamine oxidase inhibitors (MAOIs), or within 14 days following discontinuation of treatment with an MAOI, because of the risk of hypertensive crises","c2; rx; Controlled schedule 2, prescription only",,,"Capsule, chewable tablet; Stimulant",6,
pyrls,639e391cfcae6920598b5486,Dextroamphetamine-Amphetamine,Adderall; Adderall XR; Mydayis,Stimulant,Stimulant,oral,oral,,,,,,,,,,,"Amphetamines both induce the release and inhibit reuptake of catecholamine neurotransmitters including dopamine , norepinephrine , and serotonin . Amphetamines also exhibit weak monoamine oxidase inhibitor properties.",,Treatment of attention-deficit/hyperactivity disorder (ADHD); Mydayis brand indicated in age 13+ years; Treatment of narcolepsy (IR tablet only),"Hypersensitivity to amphetamine products or any formulation ingredients; Advanced arteriosclerosis, symptomatic cardiovascular disease, or moderate to severe hypertension; Hyperthyroidism; Those with marked anxiety, tension, and agitation; Glaucoma; Concomitant treatment with monoamine oxidase inhibitors (MAOIs), or within 14 days following discontinuation of treatment with an MAOI, because of the risk of hypertensive crises","c2; rx; Controlled schedule 2, prescription only",,,"Tablet, extended release capsule; Stimulant",6,
pyrls,639e391cfcae6920598b5487,Amphetamine,Adzenys ER; Adzenys XR-ODT; Dyanavel XR; Evekeo; Evekeo ODT,Stimulant,Stimulant,oral,oral,,,,,,,,,,,"Amphetamines both induce the release and inhibit reuptake of catecholamine neurotransmitters including dopamine , norepinephrine , and serotonin . Amphetamines also exhibit weak monoamine oxidase inhibitor properties.",,Treatment of attention-deficit/hyperactivity disorder (ADHD); Treatment of narcolepsy (Evekeo tablet); Exogenous obesity as a short term adjunct in a regimen of weight reduction based on caloric restriction for patients refractory to alternative therapy (Evekeo tablet),"Hypersensitivity to amphetamine products or any formulation ingredients; Advanced arteriosclerosis, symptomatic cardiovascular disease, or moderate to severe hypertension; Hyperthyroidism; Those with marked anxiety, tension, and agitation; Glaucoma; Concomitant treatment with monoamine oxidase inhibitors (MAOIs), or within 14 days following discontinuation of treatment with an MAOI, because of the risk of hypertensive crises","c2; rx; Controlled schedule 2, prescription only",,,"Tablet, orally disintegrating tablet, extended release orally disintegrating tablet, extended release suspension; Stimulant",8,
pyrls,639e391cfcae6920598b5488,Dextroamphetamine,Zenzedi; Dexedrine Spansule; ProCentra,Stimulant,Stimulant,oral,oral,,,,,,,,,,,"Amphetamines both induce the release and inhibit reuptake of catecholamine neurotransmitters including dopamine , norepinephrine , and serotonin . Amphetamines also exhibit weak monoamine oxidase inhibitor properties.",,Treatment of attention-deficit/hyperactivity disorder (ADHD); Treatment of narcolepsy,"Hypersensitivity to dextroamphetamine, amphetamine products, or any formulation ingredients; Advanced arteriosclerosis, symptomatic cardiovascular disease, or moderate to severe hypertension; Hyperthyroidism; Those with marked anxiety, tension, and agitation; Glaucoma; Concomitant treatment with monoamine oxidase inhibitors (MAOIs), or within 14 days following discontinuation of treatment with an MAOI, because of the risk of hypertensive crises","c2; rx; Controlled schedule 2, prescription only",,,"Tablet, extended release capsule, solution; Stimulant",6,
pyrls,639e391cfcae6920598b5489,Methamphetamine,Desoxyn,Stimulant,Stimulant,oral,oral,,,,,,,,,,,"Amphetamines both induce the release and inhibit reuptake of catecholamine neurotransmitters including dopamine , norepinephrine , and serotonin . Amphetamines also exhibit weak monoamine oxidase inhibitor properties.",,Treatment of attention-deficit/hyperactivity disorder (ADHD),"Hypersensitivity to methamphetamine, amphetamine products, or any formulation ingredients; Concomitant treatment with monoamine oxidase inhibitors (MAOIs), or within 14 days following discontinuation of treatment with an MAOI, because of the risk of hypertensive crises","c2; rx; Controlled schedule 2, prescription only",,,Tablet; Stimulant,5,
pyrls,639e391cfcae6920598b548a,Atomoxetine,Strattera,SNRI; Non-stimulant,Antidepressant,oral,oral,,,,,,,,,,,Atomoxetine is a selective norepinephrine reuptake inhibitor that has been shown to specifically increase norepinephrine and dopamine within the prefrontal cortex. This is thought to produce its therapeutic effects for improving symptoms of Attention-Deficit/Hyperactivity Disorder (ADHD).,,Treatment of attention-deficit/hyperactivity disorder (ADHD),Use of monoamine oxidase inhibitors (MAOIs) concurrently or within 14 days of discontinuing either atomoxetine or the MAOI; Narrow angle glaucoma; Pheochromocytoma or history of pheochromocytoma; Severe Cardiovascular Disorders; Hypersensitivity to atomoxetine or any formulation ingredients,rx; Prescription only,,,Capsule; SNRI; Non-stimulant,4,
pyrls,639e391cfcae6920598b548b,Clonidine,Catapres; Kapvay,Centrally-Acting Alpha-2 Agonist,Other,oral,oral,,,,,,,,,,,"Clonidine is a central alpha 2A-adrenergic receptor agonist . Stimulation of alpha-adrenoceptors in the brain stem results in reduced sympathetic outflow from the central nervous system and decreases in peripheral resistance, renal vascular resistance, heart rate, and blood pressure. The mechanism of action of clonidine in ADHD is not known.",,"Clonidine IR: Management of hypertension , alone or in combination with other antihypertensive agents; Clonidine ER: Treatment of attention-deficit/hyperactivity disorder (ADHD) as monotherapy and as adjunctive therapy to stimulant medications",Hypersensitivity to clonidine or any formulation ingredients,rx; Prescription only,,,"Tablet, extended release tablet; Centrally-Acting Alpha-2 Agonist",7,
pyrls,639e391cfcae6920598b548c,Guanfacine,Tenex; Intuniv,Centrally-Acting Alpha-2 Agonist,Other,oral,oral,,,,,,,,,,,"Guanfacine is a central alpha 2A-adrenergic receptor agonist . Stimulation of alpha-adrenoceptors in the brain stem results in reduced sympathetic outflow from the central nervous system and decreases in peripheral resistance, renal vascular resistance, heart rate, and blood pressure. The mechanism of action of guanfacine in ADHD is not known.",,"Guanfacine IR: Management of hypertension , alone or in combination with other antihypertensive agents; Guanfacine ER: Treatment of attention-deficit/hyperactivity disorder (ADHD) as monotherapy and as adjunctive therapy to stimulant medications",Hypersensitivity to guanfacine or any formulation ingredients,rx; Prescription only,,,"Tablet, extended release tablet; Centrally-Acting Alpha-2 Agonist",6,
pyrls,639e391cfcae6920598b548d,Lamotrigine,Lamictal; Subvenite,Anticonvulsant; Antimanic,Anticonvulsant,oral,oral,,,,,,,,,,,"Lamotrigine blocks sodium channels and high voltage-gated calcium channels , suppressing release of the excitatory neurotransmitters glutamate and aspartate, and inhibiting serotonin reuptake. Lamotrigine may also enhance the activity of the inhibitory neurotransmitter, gamma-aminobutyric acid (GABA).",,"Immediate-release formulations Epilepsy, adjunctive therapy: for the following seizure types in patients aged 2+ years: Partial-onset (focal) seizures Primary generalized tonic-clonic (PGTC) seizures Generalized seizures of Lennox-Gastaut syndrome Epilepsy, monotherapy: for conversion to monotherapy in adults aged 16+ years with partial-onset (focal) seizures who are receiving treatment with carbamazepine, phenytoin, phenobarbital, primidone, or valproate as the single antiepileptic drug (AED) Bipolar disorder: for the maintenance treatment of bipolar I disorder to delay the time to occurrence of mood episodes (depression, mania, hypomania, mixed episodes) in patients treated for acute mood episodes with standard therapy; Extended-release formulations: Epilepsy, adjunctive therapy: for the following seizure types in patients aged 13+ years: Primary generalized tonic-clonic (PGTC) seizures Partial-onset (focal) seizures with or without secondary generalization Epilepsy, monotherapy: conversion to monotherapy in patients aged 13+ years with partial-onset seizures who are receiving treatment with a single antiepileptic drug (AED)","Hypersensitivity (e.g. rash, angioedema, acute urticaria, extensive pruritus, mucosal ulceration) to lamotrigine or any formulation ingredients",rx; Prescription only,,,"Tablet, orally disintegrating tablet, extended-release tablet, tablet for suspension (chewable); Anticonvulsant; Antimanic",30,
pyrls,639e391cfcae6920598b548e,Levetiracetam,Keppra; Elepsia; Roweepra; Spritam,Anticonvulsant,Anticonvulsant,oral,oral,,,,,,,,,,,"The primary mechanism of action of levetiracetam is thought to be its binding to the synaptic vesicle protein SV2A , causing modulation of neurotransmission in a way that decreases seizure occurrence. Other possible contributing mechanisms include the inhibition of presynaptic calcium channels and indirect enhancement of the inhibitory neurotransmitter, gamma-aminobutyric acid (GABA).",,Immediate-release tablets Partial-Onset Seizures: treatment of partial-onset seizures in patients 1 month of age and older Myoclonic Seizures in Juvenile Myoclonic Epilepsy: as adjunctive therapy for the treatment of myoclonic seizures in patients 12 years of age and older with juvenile myoclonic epilepsy Primary Generalized Tonic-Clonic Seizures: as adjunctive therapy for the treatment of primary generalized tonic-clonic seizures in patients 6 years of age and older with idiopathic generalized epilepsy; Tablets for oral suspension (dissolvable) Partial-Onset Seizures: treatment of partial-onset seizures in patients 4 years of age and older weighing more than 20 kg Myoclonic Seizures in Juvenile Myoclonic Epilepsy: as adjunctive therapy for the treatment of myoclonic seizures in patients 12 years of age and older with juvenile myoclonic epilepsy Primary Generalized Tonic-Clonic Seizures: as adjunctive therapy for the treatment of primary generalized tonic‑clonic seizures in patients 6 years of age and older with idiopathic generalized epilepsy; Extended-release tablets Partial-Onset Seizures: treatment of partial-onset seizures in patients 12 years of age and older,Hypersensitivity (e.g. anaphylaxis and angioedema) to levetiracetam or any formulation ingredients,rx; Prescription only,,,"Tablet, extended-release tablet, tablet for suspension (dissolvable), solution; Anticonvulsant",28,
pyrls,639e391cfcae6920598b548f,Topiramate,Topamax; Trokendi; Qudexy; Eprontia,Anticonvulsant,Anticonvulsant,oral,oral,,,,,,,,,,,"Topiramate has multiple mechanisms of action. It blocks sodium channels, reduces L-type high voltage-gated calcium currents, antagonizes the kainate/AMPA glutamate receptor subtype, and is thought to augment gamma-aminobenzoic acid (GABA) activity. These actions produce a stabilizing effect on hyper-excited neural membranes, decreasing propagation of synaptic impulses, and thereby impeding seizure occurrences. Topiramate is also a carbonic anhydrase inhibitor.",,"Epilepsy, monotherapy Initial monotherapy for the treatment of partial-onset or primary generalized tonic-clonic seizures in patients aged 2+ years (immediate release and Qudexy XR sprinkle capsule) or aged 6+ years (Trokendi XR capsule); Epilepsy, adjunctive therapy Adjunctive therapy for the treatment of partial-onset seizures, primary generalized tonic-clonic seizures, and seizures associated with Lennox-Gastaut Syndrome in patients aged 2+ years (immediate release and Qudexy XR sprinkle capsule) or aged 6+ years (Trokendi XR capsule); Migraine Preventive treatment of migraine in patients aged 12+ years",Extended-release capsule (Trokendi ER): alcohol use within 6 hours prior or 6 ours after use of this medication; Hypersensitivity to topiramate or any formulation ingredients,rx; Prescription only,,,"Tablet, sprinkle capsule, extended-release capsule, extended-release sprinkle capsule, solution; Anticonvulsant",31,
pyrls,639e391cfcae6920598b5490,Valproate,Depakote; Depakene; Depacon,Anticonvulsant; Antimanic,Anticonvulsant,oral,oral,,,,,,,,,,,"Valproate’s broad-spectrum antiepileptic properties appear to act by increasing the concentration of gamma-aminobutyric acid (GABA) in the brain. Proposed mechanisms of action include blocking sodium channels, T-type calcium channels, and the action of GABA transaminase. Valproate's antitumor and antiangiogenesis activities may be related to the inhibition of histone deacetylases and nitric oxide synthase, which results in the inhibition of nitric oxide synthesis.",,"Valproic acid (capsule, solution) Epilepsy, focal and generalized onset seizures: As monotherapy and adjunctive therapy in the treatment of patients with complex partial seizures that occur either in isolation or in association with other types of seizures As monotherapy and adjunctive therapy in the treatment of simple and complex absence seizures, and adjunctively in patients with multiple seizure types which include absence seizures; Divalproex sodium sprinkle capsule Epilepsy, focal and generalized onset seizures: As monotherapy and adjunctive therapy in the treatment of adult patients and pediatric patients down to the age of 10 years with complex partial seizures that occur either in isolation or in association with other types of seizures As monotherapy and adjunctive therapy in the treatment of simple and complex absence seizures, and adjunctively in patients with multiple seizure types which include absence seizures; Divalproex sodium delayed-release tablet Epilepsy, focal and generalized onset seizures: As monotherapy and adjunctive therapy in the treatment of patients with complex partial seizures that occur either in isolation or in association with other types of seizures As monotherapy and adjunctive therapy in the treatment of simple and complex absence seizures, and adjunctively in patients with multiple seizure types that include absence seizures Bipolar disorder: treatment of the manic episodes associated with bipolar disorder Migraine prophylaxis: prophylaxis of migraine headaches ( contraindicated during pregnancy or those with childbearing potential who are not using effective contraception); Divalproex sodium extended-release tablet Epilepsy, focal and generalized onset seizures: As monotherapy and adjunctive therapy in the treatment of adult patients and pediatric patients down to the age of 10 years with complex partial seizures that occur either in isolation or in association with other types of seizures As monotherapy and adjunctive therapy in the treatment of simple and complex absence seizures in adults and children 10 years of age or older, and adjunctively in adults and children 10 years of age or older with multiple seizure types that include absence seizures Bipolar disorder: treatment of acute manic or mixed episodes associated with bipolar disorder, with or without psychotic features Migraine prophylaxis: prophylaxis of migraine headaches (contraindicated during pregnancy or those with childbearing potential who are not using effective contraception)","Hepatic disease or significant hepatic dysfunction; For use as in migraine prophylaxis: contraindicated in women who are pregnant and in women of childbearing potential who are not using effective contraception; Patients with known urea cycle disorders; Patients known to have mitochondrial disorders caused by mutations in mitochondrial DNA polymerase γ (POLG; e.g., Alpers-Huttenlocher Syndrome) and children under two years of age who are suspected of having a POLG-related disorder; Hypersensitivity (e.g. rash, angioedema, acute urticaria, extensive pruritus, mucosal ulceration) to valproate, valproic acid, divalproex, and its derivatives or any formulation ingredients",rx; Prescription only,,,"Capsule, delayed-release sprinkle capsule, delayed-release tablet, extended-release tablet, solution; Anticonvulsant; Antimanic",32,
pyrls,639e391cfcae6920598b5491,Carbamazepine,Tegretol; Equetro; Carbatrol; Epitol,Anticonvulsant; Antimanic,Anticonvulsant,oral,oral,,,,,,,,,,,"Carbamazepine blocks sodium channels , reducing polysynaptic responses and blocking post-tetanic potentiation. Carbamazepine is a tricyclic compound chemically related to tricyclic antidepressants (TCA) with anticonvulsant, antimanic, and analgesic properties.",,"Epilepsy: treatment of partial seizures with complex symptomatology (e.g., psychomotor, temporal lobe), generalized tonic-clonic seizures (grand mal), and mixed seizure patterns, which include the seizure types listed here or other partial or generalized seizures.; Bipolar disorder (Equetro ER capsule): treatment of patients with acute manic or mixed episodes associated with bipolar I disorder; Neuropathic pain: treatment of the pain associated with trigeminal neuralgia. Beneficial results have also been reported in glossopharyngeal neuralgia. This drug is not a simple analgesic and should not be used for the relief of trivial aches or pains.","History of bone marrow depression; Concurrently or within 14 days of MAOI use; Concomitant use with nefazodone; Known sensitivity to any of the tricyclic compounds, such as amitriptyline, desipramine, imipramine, protriptyline, nortriptyline, etc.; Hypersensitivity to carbamazepine or any formulation ingredients",rx; Prescription only,,,"Tablet, extended-release tablet, chewable tablet, extended-release capsule, suspension; Anticonvulsant; Antimanic",30,
pyrls,639e391cfcae6920598b5492,Oxcarbazepine,Trileptal; Oxtellar,Anticonvulsant,Anticonvulsant,oral,oral,,,,,,,,,,,"Oxcarbazepine is a prodrug that is rapidly metabolized to its active metabolite, 10-monohydroxy metabolite (MHD). MHD blocks sodium channels and modulates calcium channels , resulting in stabilization of hyper excited neural membranes, inhibition of repetitive neuronal firing, and diminution of propagation of synaptic impulses.",,"Immediate-release formulations: monotherapy or adjunctive therapy in the treatment of partial-onset seizures in adults and as monotherapy in the treatment of partial-onset seizures in pediatric patients aged 4 years and above, and as adjunctive therapy in pediatric patients aged 2 years and above with partial-onset seizures.; Extended-release tablets: treatment of partial-onset seizures in patients 6 years of age and older.","Hypersensitivity to eslicarbazepine acetate, oxcarbazepine or any formulation ingredients",rx; Prescription only,,,"Tablet, extended-release tablet, suspension; Anticonvulsant",29,
pyrls,639e391cfcae6920598b5493,Lacosamide,Vimpat,Anticonvulsant,Anticonvulsant,oral,oral,,,,,,,,,,,"Lacosamide is a functionalized amino acid compound that selectively enhances slow inactivation of voltage-gated sodium channels without affecting fast inactivation, thereby stabilizing hyperexcitable neuronal membranes. Lacosamide also binds to collapsin response mediator protein 2 (CRMP2). In the nervous system, CRMP2 acts as a mediator of growth cone collapse as well as modifies axon number, length, and neuronal polarity.",,Partial Onset Seizures: treatment of partial-onset seizures in patients aged 4+ years.; Primary Generalized Tonic-Clonic Seizures: adjunctive therapy in the treatment of primary generalized tonic-clonic seizures in patients aged 4+ years.,Hypersensitivity to lacosamide or any formulation ingredients,"c5; rx; Controlled schedule 5, prescription only",,,"Tablet, solution; Anticonvulsant",28,
pyrls,639e391cfcae6920598b5494,Phenobarbital,Luminal,Anticonvulsant; Barbiturate,Anticonvulsant,oral,oral,,,,,,,,,,,"Phenobarbital is a long-acting barbiturate that binds to and activates the gamma-aminobutyric acid (GABA)-A receptor, thereby mimicking and enhancing the inhibitory actions of GABA in the brain.",,Epilepsy: for the treatment of generalized and partial seizures; Indicated for use as a sedative,"A personal or familial history of acute intermittent porphyria; Marked impairment of liver function; Respiratory disease in which dyspnea or obstruction is evident; Persons with known previous addiction to the sedative/hypnotic group; Hypersensitivity to phenobarbital, barbiturates, or any formulation ingredients","c4; rx; Controlled schedule 4, prescription only",,,"Tablet, elixir, solution; Anticonvulsant; Barbiturate",24,
pyrls,639e391cfcae6920598b5495,Primidone,Mysoline,Anticonvulsant; Barbiturate,Anticonvulsant,oral,oral,,,,,,,,,,,"Primidone is an analog of phenobarbital and prodrug of phenobarbital and phenylethylmalonamide (PEMA), both active metabolites. These agents are barbiturates that bind to and activate the gamma-aminobutyric acid (GABA)-A receptor, thereby mimicking and enhancing the inhibitory actions of GABA in the brain.",,"Epilepsy: alone or concomitantly with other anticonvulsants, are indicated in the control of grand mal, psychomotor, and focal epileptic seizures. It may control grand mal seizures refractory to other anticonvulsant therapy.","Patients with porphyria; Hypersensitivity to phenobarbital, primidone, or any formulation ingredients",rx; Prescription only,,,Tablet; Anticonvulsant; Barbiturate,23,
pyrls,639e391cfcae6920598b5496,Phenytoin,Dilantin; Phenytek,Anticonvulsant,Anticonvulsant,oral,oral,,,,,,,,,,,"Phenytoin selectively blocks voltage-gated sodium channels during their recovery phase, promoting sodium efflux from neurons located in the motor cortex reducing post-tetanic potentiation at synapses. This prevents cortical seizure foci from spreading to adjacent areas, thus stabilizing the threshold against hyperexcitability. Additionally, phenytoin appears to reduce sensitivity of muscle spindles to stretch causing muscle relaxation.",,"Epilepsy: treatment of generalized tonic-clonic (grand mal) and complex partial (psychomotor, temporal lobe) seizures and prevention and treatment of seizures occurring during or following neurosurgery.","History of prior acute hepatotoxicity attributable to phenytoin; Coadministration with delavirdine because of the potential for loss of virologic response and possible resistance to delavirdine or to the class of non-nucleoside reverse transcriptase inhibitors.; Hypersensitivity to phenytoin, other hydantoins, or any formulation ingredients",rx; Prescription only,,,"Extended-release capsule, chewable tablet, suspension; Anticonvulsant",32,
pyrls,639e391cfcae6920598b5497,Gabapentin,Neurontin; Gralise; Horizant,Anticonvulsant; Neuropathic Analgesic,Anticonvulsant,oral,oral,,,,,,,,,,,"Gabapentin is a synthetic analogue of the neurotransmitter gamma-aminobutyric acid (GABA), however, has no effect on GABA binding, uptake, or degradation. It binds with high-affinity to the α2δ subunit of voltage-activated calcium channels ; however, the relationship of this binding to the therapeutic effects of gabapentin is unknown. Gabapentin has anticonvulsant and neuropathic analgesic activity.",,"Management of postherpetic neuralgia (PHN) in adults; Epilepsy (immediate-release only): as adjunctive therapy in the treatment of partial onset seizures, with and without secondary generalization, in patients age 3+ years; Gabapentin enacarbil (Horizant) only: treatment of moderate-to-severe primary restless legs syndrome (RLS) in adults",Hypersensitivity to gabapentin or any formulation ingredients,"rx; Prescription only. Gabapentin is not a federally controlled substance; however, some U.S. states have placed restrictions around its use.",,,"Capsule, tablet, extended-release tablet, solution; Anticonvulsant; Neuropathic Analgesic",39,
pyrls,639e391cfcae6920598b5498,Pregabalin,Lyrica,Anticonvulsant; Neuropathic Analgesic,Anticonvulsant,oral,oral,,,,,,,,,,,"Pregabalin is a 3-isobutyl derivative of the neurotransmitter gamma-aminobutyric acid (GABA), however, has no effect on GABA binding, uptake, or degradation. It binds with high-affinity to the α2δ subunit of voltage-activated calcium channels ; however, the relationship of this binding to the therapeutic effects of pregabalin is unknown. Pregabalin has anticonvulsant, anti-epileptic, anxiolytic, and analgesic activity.",,Management of neuropathic pain associated with diabetic peripheral neuropathy; Management of postherpetic neuralgia; Immediate-release only: adjunctive therapy for the treatment of partial-onset seizures in patients age 1 month and older; Immediate-release only: management of fibromyalgia; Immediate-release only: management of neuropathic pain associated with spinal cord injury,Hypersensitivity to pregabalin or any formulation ingredients,"c5; rx; Controlled schedule 5, prescription only",,,"Capsule, extended-release tablet, solution; Anticonvulsant; Neuropathic Analgesic",21,
pyrls,639e391cfcae6920598b5499,Diltiazem,Cardizem; Cartia XT; Dilt-XR; Matzim LA; Taztia XT; Tiadylt ER; Tiazac,"Antihypertensive; Antianginal; Antiarrhythmic, Class IV; Calcium Channel Blocker, Nondihydropyridine",Other,oral,oral,,,,,,,,,,,"Diltiazem blocks L-type voltage-sensitive calcium channels in the blood vessels and myocardium leading to dilatation of the main coronary and systemic arteries and decreasing myocardial contractility, decreased peripheral arterial resistance, improved oxygen delivery to the myocardial tissue, and decreased cardiac output.",,"Treatment of hypertension alone or in combination with other antihypertensive medications; Management of chronic stable angina and variant angina (vasospastic, Prinzmetal's angina)",Sick sinus syndrome except in the presence of a functioning ventricular pacemaker; Second- or third-degree AV block except in the presence of a functioning ventricular pacemaker; Hypotension (less than 90 mmHg systolic); Acute myocardial infarction and pulmonary congestion documented by x-ray on admission; Known hypersensitivity to diltiazem or any formulation ingredients,rx; Prescription only,,,"Tablet, extended-release 24 hour tablet, extended-release 12 hour capsule, extended-release 24 hour capsule; Antihypertensive; Antianginal; Antiarrhythmic, Class IV; Calcium Channel Blocker, Nondihydropyridine",24,
pyrls,639e391cfcae6920598b549a,Verapamil,Calan SR; Verelan; Verelan PM,"Antihypertensive; Antianginal; Antiarrhythmic, Class IV; Calcium Channel Blocker, Nondihydropyridine",Other,oral,oral,,,,,,,,,,,"Verapamil blocks L-type voltage-sensitive calcium channels in the blood vessels and myocardium leading to dilatation of the main coronary and systemic arteries and decreasing myocardial contractility, decreased peripheral arterial resistance, improved oxygen delivery to the myocardial tissue, and decreased cardiac output.",,"Treatment of hypertension; Management of variant angina (vasospastic, Prinzmetal's angina), unstable angina (crescendo, pre-infarction), and chronic stable angina; Immediate-release tablet only: prophylaxis of repetitive paroxysmal supraventricular tachycardia; Immediate-release tablet only: control of ventricular rate at rest and during stress in patients with chronic atrial flutter and/or atrial fibrillation","Severe left ventricular dysfunction; Hypotension (less than 90 mmHg systolic) or cardiogenic shock; Sick sinus syndrome except in the presence of a functioning ventricular pacemaker; Second- or third-degree AV block except in the presence of a functioning ventricular pacemaker; Patients with atrial flutter or atrial fibrillation and an accessory bypass tract (e.g., Wolff-Parkinson-White, Lown-Ganong-Levine syndromes); Known hypersensitivity to verapamil or any formulation ingredients",rx; Prescription only,,,"Tablet, extended-release tablet, extended-release capsule, delayed onset extended-release capsule; Antihypertensive; Antianginal; Antiarrhythmic, Class IV; Calcium Channel Blocker, Nondihydropyridine",21,
pyrls,639e391cfcae6920598b549b,Digoxin,Lanoxin; Digitek; Digox,Antiarrhythmic; Cardiac Glycoside,Other,oral,oral,,,,,,,,,,,"Digoxin inhibits the sodium potassium adenosine triphosphatase (Na/K-ATPase) pump , thereby increasing intracellular calcium and enhancing cardiac contractility. It also acts directly on the atrioventricular node (AV node), suppressing conduction velocity. Likely due to its effects on intracellular calcium concentrations, digoxin induces apoptosis of tumor cells via a pathway involving mitochondrial cytochrome c and caspases 8 and 3.",,Atrial fibrillation or atrial flutter; for rate control: control of ventricular response rate in adult patients with chronic atrial fibrillation; Heart failure with reduced ejection fraction (HFrEF): treatment of mild to moderate (ACCF/AHA stage C) heart failure in adults ; and to increase myocardial contractility in pediatric patients with heart failure,"Ventricular fibrillation; Known hypersensitivity to digoxin, other digitalis preparations, or any formulation ingredients",rx; Prescription only,,,"Tablet, solution; Antiarrhythmic; Cardiac Glycoside",13,
pyrls,639e391cfcae6920598b549c,Amiodarone,Nexterone; Pacerone,"Antiarrhythmic, Class III",Other,oral,oral,,,,,,,,,,,"Amiodarone primarily blocks myocardial potassium channels , in addition to blocking calcium and sodium channels in cardiac tissue, resulting in prolongation of the cardiac action potential and refractory period. Amiodarone also inhibits alpha- and beta-adrenergic receptors, resulting in a reduction in sympathetic stimulation of the heart, a negative chronotropic effect, and a decrease in myocardial oxygen demands. Amiodarone may cause vasodilation by stimulation of the release of nitric oxide and cyclooxygenase-dependent relaxing endothelial factors.",,"Ventricular arrhythmias: treatment of documented, life-threatening recurrent ventricular fibrillation and life-threatening recurrent hemodynamically unstable tachycardia in adults who have not responded to adequate doses of other available antiarrhythmics or when alternative agents cannot be tolerated","Cardiogenic shock; Sick sinus syndrome, second- or third-degree atrioventricular block, bradycardia leading to syncope without a functioning pacemaker; Known hypersensitivity to amiodarone or any formulation ingredients, including iodine",rx; Prescription only,,,"Tablet; Antiarrhythmic, Class III",14,
pyrls,639e391cfcae6920598b549d,Meclizine,Antivert; Bonine; Dramamine Less Drowsy,"Antihistamine, 1st Generation; Antiemetic",Antihistamine,oral,oral,,,,,,,,,,,"Meclizine is a synthetic piperazine with anti-emetic, sedative and histamine-H1 antagonistic properties. Meclizine blocks H1 histamine receptors and prevents the symptoms that are caused by histamine activity on capillaries, bronchial and gastrointestinal smooth muscles, including vasodilation, increased capillary permeability, bronchoconstriction, and spasmodic contraction of gastrointestinal smooth muscles. Meclizine may exert its antiemetic effects by its anticholinergic actions or due to a direct effect on the medullary chemoreceptive trigger zone.",,"Treatment of vertigo associated with diseases affecting the vestibular system in adults; Prevention and treatment of nausea, vomiting, and/or dizziness associated with motion sickness","Hypersensitivity to meclizine, hydroxyzine, or any formulation ingredients",rx; otc; Rx/OTC depending on formulation,,,"Tablet, chewable tablet; Antihistamine, 1st Generation; Antiemetic",13,
pyrls,639e391cfcae6920598b549e,Ondansetron,Zofran; Zuplenz,5-HT3 Receptor Antagonist; Antiemetic,Other,oral,oral,,,,,,,,,,,"Ondansetron is an antiemetic, selective serotonin receptor antagonist that competitively blocks serotonin at 5-HT3 receptors in both the peripheral vagal nerve terminals and central chemoreceptor trigger zone, resulting in suppression of chemotherapy- and radiotherapy-induced nausea and vomiting. It may also have activity against nausea and vomiting of other origins.",,"Prevention of postoperative nausea and/or vomiting; Prevention of nausea and vomiting associated with: Highly emetogenic cancer chemotherapy, including cisplatin greater than or equal to 50 mg/m2 Initial and repeat courses of moderately emetogenic cancer chemotherapy Radiotherapy in patients receiving either total body irradiation, single high-dose fraction to the abdomen, or daily fractions to the abdomen",Concomitant apomorphine due to the risk of profound hypotension and loss of consciousness; Hypersensitivity ondansetron or any formulation ingredients,rx; Prescription only,,,"Tablet, orally disintegrating tablet, solution; 5-HT3 Receptor Antagonist; Antiemetic",13,
pyrls,63ce287497cda7982e55d8f8,Methamphetamine,,,Other,oral,,,,,,,,,,,,,,,,,,,,0,
pyrls,63ce4c8397cda7982e55d8ff,Sodium oxybate,Xyrem; Xywav,Hypnotic; Euphoriant; GABA-B Receptor Agonist,Depressant,oral,oral,,,,,,,,,,,"Selectively binds to the GHB receptor , and the GABA-B recepto (at higher doses).r",,"Sodium salt, oral solution (2.75 g, 3.5 g [Xyrem]): Treatment of narcolepsy–excessive daytime sleepiness (EDS) and cataplexy. characterized by difficulties with wakefulness maintenance.",Patients who have experienced complex sleep behaviors after taking GHB; Hypersensitivity to GHB or any formulation ingredients; Sleep paralysis,"c3; rx; REMS; Controlled schedule 3, prescription only through REMS program",,,Oral solution; Hypnotic; Euphoriant; GABA-B Receptor Agonist,0,
pyrls,63d02e3ffaf2ee4ebe9a20be,Armodafinil,,,Other,oral,,,,,,,,,,,,"The mechanism(s) through which armodafinil promotes wakefulness is unknown . Armodafinil (R-modafinil) has pharmacological properties similar to those of modafinil (a mixture of R- and S-modafinil). In vitro, modafinil binds to the dopamine transporter and inhibits dopamine reuptake . In genetically engineered mice lacking the dopamine transporter, modafinil lacked wake-promoting activity. However, the wake-promoting effects of modafinil were not antagonized by the dopamine receptor antagonist haloperidol in rats.",,indications,,,,,,0,
