name,source_group,has_binding,has_functional,has_biased,has_oligomers,has_downstream,has_neuroimaging,has_pk_routes,has_conc_effect,has_metabolism,has_drug_interactions,has_pgx,has_tolerance,has_off_targets,has_identifiers,confidence
(+)-cathinone,stimulants-cathinones,yes,no,no,no,yes,no,yes,no,yes,no,yes,yes,no,yes,high
(+)-ephedrine,stimulants-amphetamines,no,yes,no,no,yes,no,no,no,no,no,no,no,no,yes,medium
(+)-methcathinone,stimulants-cathinones,yes,no,no,no,yes,no,no,no,no,no,yes,yes,no,no,medium
(+)-oxedrine,stimulants-amphetamines,no,no,no,no,yes,no,no,no,no,no,no,no,no,no,low
(+/-)-halostachine,gaba-depressants-other,no,no,no,no,yes,no,no,no,no,no,yes,yes,no,yes,low
(-)-methcathinone,stimulants-cathinones,yes,no,no,no,yes,no,no,no,no,no,yes,yes,no,no,high
(-)-octopamine,stimulants-amphetamines,no,no,no,no,yes,no,no,no,no,no,no,no,no,no,medium
(-)-oxedrine,stimulants-amphetamines,no,no,no,no,yes,no,no,no,no,no,no,no,no,no,low
(E)-indol-3-ylacetaldoxime,serotonergic-phenethylamine-psychedelics,no,no,no,no,yes,no,no,no,no,no,no,no,no,yes,high
(R)-3-Chloromethcathinone,stimulants-cathinones,no,no,no,no,yes,no,no,no,no,no,yes,yes,no,no,low
(R)-3-MMC,stimulants-cathinones,yes,no,no,no,yes,no,no,no,no,no,yes,yes,no,no,low
(R)-amphetamine,stimulants-amphetamines,no,yes,no,no,yes,no,yes,no,yes,no,no,no,no,yes,high
(RS)-3-methylmethcathinone,stimulants-cathinones,no,no,no,no,yes,no,no,no,no,no,yes,yes,no,yes,high
(RS)-3-methylmethcathinone hydrochloride,stimulants-cathinones,no,no,no,no,yes,no,no,no,no,no,yes,yes,no,yes,high
"(RS)-5-methoxy-3,4-methylenedioxymethamphetamine",mdma-and-entactogens,no,no,no,no,yes,no,no,no,no,no,yes,yes,no,no,low
(RS)-flephedrone hydrochloride,stimulants-cathinones,no,no,no,no,yes,no,no,no,no,no,yes,yes,no,no,high
(S)-3-Chloromethcathinone,stimulants-cathinones,no,no,no,no,yes,no,no,no,no,no,yes,yes,no,no,low
(S)-4-Chloromethcathinone,stimulants-cathinones,no,no,no,no,yes,no,no,no,no,no,yes,yes,no,no,low
(Z)-indol-3-ylacetaldoxime,serotonergic-phenethylamine-psychedelics,no,no,no,no,yes,no,no,no,no,no,no,no,no,no,high
(±)-adrenaline,gaba-depressants-other,no,no,no,no,yes,no,no,no,no,no,yes,yes,no,yes,low
(−)-cathinone,stimulants-cathinones,no,no,no,no,yes,no,no,no,no,no,yes,yes,no,yes,high
(−)-pseudoephedrine,stimulants-amphetamines,no,no,no,no,yes,no,no,no,no,no,no,no,no,yes,low
"1,4-butanediol",gaba-depressants-other,yes,no,no,no,yes,no,yes,no,yes,yes,yes,yes,yes,yes,high
1-methyl-DMT,serotonergic-tryptamines-and-lsd,no,no,no,no,no,no,no,no,no,no,yes,yes,no,no,low
16-Bromo-salvinorin A,dysdelics-and-kor-ligands,yes,yes,yes,no,yes,no,no,no,no,no,yes,yes,no,no,high
1b-lsd,serotonergic-tryptamines-and-lsd,yes,no,no,no,yes,no,no,no,yes,no,yes,yes,no,no,low
1cP-AL-LAD,serotonergic-tryptamines-and-lsd,no,no,no,no,no,no,no,no,no,no,yes,yes,no,no,low
1cp-lsd,serotonergic-tryptamines-and-lsd,yes,yes,no,no,yes,no,no,no,yes,no,yes,yes,no,yes,medium
1cP-MiPLA,serotonergic-tryptamines-and-lsd,no,no,no,no,no,no,no,no,no,no,yes,yes,no,no,low
1p-eth-lad,serotonergic-tryptamines-and-lsd,no,no,no,no,no,no,no,no,no,no,yes,yes,no,no,low
1p-lsd,serotonergic-tryptamines-and-lsd,yes,yes,no,no,yes,no,yes,no,yes,no,yes,yes,no,yes,high
1S-LSD,serotonergic-tryptamines-and-lsd,no,no,no,no,no,no,no,no,no,no,yes,yes,no,no,low
2'-alpha-mannosyl-L-tryptophan,serotonergic-tryptamines-and-lsd,no,no,no,no,no,no,no,no,no,no,yes,yes,no,no,low
"2,3-methylenedioxyamphetamine",mdma-and-entactogens,no,no,no,no,yes,no,no,no,no,no,yes,yes,no,no,low
"2,3-methylenedioxymethamphetamine",mdma-and-entactogens,no,no,no,no,yes,no,no,no,no,no,yes,yes,no,no,low
"2,a-DMT",serotonergic-tryptamines-and-lsd,no,no,no,no,no,no,no,no,no,no,yes,yes,no,no,low
"2,N,N-trimethyltryptamine",serotonergic-tryptamines-and-lsd,no,no,no,no,no,no,no,no,no,no,yes,yes,no,no,low
2-(1H-INDOL-3-YL)ACETAMIDE,serotonergic-tryptamines-and-lsd,no,no,no,no,no,no,no,no,no,no,yes,yes,no,no,low
2-(5-Chloro-1H-indol-3-yl)ethanamine hydrochloride,serotonergic-tryptamines-and-lsd,no,no,no,no,no,no,no,no,no,no,yes,yes,no,no,low
2-(5-methyl-1H-indol-3-yl)ethanamine,serotonergic-tryptamines-and-lsd,no,no,no,no,no,no,no,no,no,no,yes,yes,no,no,low
2-(methylamine)-1-phenyl-1-propanol,stimulants-amphetamines,no,no,no,no,yes,no,no,no,no,no,no,no,no,no,medium
2-(Phenethylamino)ethanol,gaba-depressants-other,no,no,no,no,yes,no,no,no,no,no,yes,yes,no,no,low
2-(Trifluoromethyl)-1H-indole-3-acetonitrile,serotonergic-tryptamines-and-lsd,no,no,no,no,no,no,no,no,no,no,yes,yes,no,no,low
"2-BR-4,5-MDA",mdma-and-entactogens,no,no,no,no,yes,no,no,no,no,no,yes,yes,no,no,low
"2-Bromo-4,5-MDMA",mdma-and-entactogens,no,no,no,no,yes,no,no,no,no,no,yes,yes,no,no,low
2-Bromo-N-methyltryptamine,serotonergic-tryptamines-and-lsd,no,no,no,no,no,no,no,no,no,no,yes,yes,no,no,low
2-Bromodeschloroketamine,arylcyclohexylamines,no,no,no,no,yes,no,no,no,no,no,yes,yes,no,no,low
2-chloro-ephenidine,other-dissociatives,no,no,no,no,no,no,no,no,no,no,yes,yes,no,no,low
2-Chlorodeschloroketamine,arylcyclohexylamines,no,no,no,no,yes,no,no,no,no,no,yes,yes,no,no,low
2-CMC,stimulants-cathinones,yes,no,no,no,yes,no,no,no,no,no,yes,yes,yes,yes,medium
2-fa,stimulants-amphetamines,no,no,no,no,yes,no,no,no,no,no,no,no,no,yes,medium
2-fea,stimulants-amphetamines,no,no,no,no,yes,no,no,no,no,no,no,no,no,no,low
2-Fluoroamphetamine,stimulants-amphetamines,no,yes,no,no,yes,no,no,no,no,no,no,no,no,yes,medium
2-Fluorodeschloroketamine,arylcyclohexylamines,yes,no,no,no,no,no,yes,no,yes,no,yes,yes,no,yes,medium
2-Fluoroethamphetamine,stimulants-amphetamines,no,no,no,no,yes,no,no,no,no,no,no,no,no,no,low
2-fma,stimulants-amphetamines,no,no,no,no,yes,no,no,no,no,no,no,no,no,yes,low
2-FMC,stimulants-cathinones,no,no,no,no,yes,no,no,no,no,no,yes,yes,no,no,low
2-FXE,arylcyclohexylamines,no,no,no,no,yes,no,no,no,no,no,yes,yes,no,no,low
2-hydroxy-L-tryptophan,serotonergic-tryptamines-and-lsd,no,no,no,no,no,no,no,no,no,no,yes,yes,no,no,low
2-hydroxy-N-methyltryptamine,serotonergic-tryptamines-and-lsd,no,no,no,no,no,no,no,no,no,no,yes,yes,no,no,low
2-hydroxytryptophan,serotonergic-tryptamines-and-lsd,no,no,no,no,no,no,no,no,no,no,yes,yes,no,no,low
2-imino-3-(indol-3-yl)propanoate,serotonergic-tryptamines-and-lsd,no,no,no,no,no,no,no,no,no,no,yes,yes,no,no,low
2-ME-DET,serotonergic-tryptamines-and-lsd,no,no,no,no,no,no,no,no,no,no,yes,yes,no,no,low
2-ME-DMT,serotonergic-tryptamines-and-lsd,no,no,no,no,no,no,no,no,no,no,yes,yes,no,no,low
2-MeO-Ketamine,arylcyclohexylamines,no,no,no,no,yes,no,no,no,no,no,yes,yes,no,no,low
2-Methoxymethyl-salvinorin B,dysdelics-and-kor-ligands,yes,yes,no,no,yes,no,no,no,yes,no,yes,yes,no,no,high
2-methyl-2-butanol,gaba-depressants-other,no,no,no,no,yes,no,yes,no,yes,yes,yes,yes,no,yes,medium
2-methyl-5-HT,serotonergic-tryptamines-and-lsd,no,no,no,no,no,no,no,no,no,no,yes,yes,no,no,low
2-methyl-L-tryptophan,serotonergic-tryptamines-and-lsd,no,no,no,no,no,no,no,no,no,no,yes,yes,no,no,low
2-methylalanyl-D-tryptophan,serotonergic-tryptamines-and-lsd,no,no,no,no,no,no,no,no,no,no,yes,yes,no,no,low
2-methylamphetamine,stimulants-amphetamines,no,no,no,no,yes,no,no,no,no,no,no,no,no,no,low
2-Methylethcathinone,stimulants-cathinones,no,no,no,no,yes,no,no,no,no,no,yes,yes,no,no,low
2-methylindole-3-ethylamine,serotonergic-tryptamines-and-lsd,no,no,no,no,no,no,no,no,no,no,yes,yes,no,no,low
2-MMC,stimulants-cathinones,no,no,no,no,yes,no,no,no,no,no,yes,yes,no,yes,low
2-mppp,stimulants-cathinones,no,no,no,no,yes,no,no,no,no,no,yes,yes,no,no,low
2-TFMXP,other-dissociatives,no,no,no,no,no,no,no,no,no,no,yes,yes,no,no,low
22-Thiocyanatosalvinorin A,dysdelics-and-kor-ligands,yes,yes,yes,no,yes,no,no,no,no,no,yes,yes,no,no,high
25b-nboh,serotonergic-phenethylamine-psychedelics,yes,no,no,no,yes,no,no,no,yes,no,yes,yes,no,yes,medium
25b-nbome,serotonergic-phenethylamine-psychedelics,yes,yes,no,no,yes,yes,yes,no,yes,no,yes,yes,yes,yes,high
25C-NB3OMe,serotonergic-phenethylamine-psychedelics,yes,no,no,no,yes,no,no,no,yes,no,yes,yes,no,no,low
25c-nboh,serotonergic-phenethylamine-psychedelics,no,no,no,no,yes,no,no,no,no,no,yes,yes,no,yes,low
25c-nbome,serotonergic-phenethylamine-psychedelics,yes,yes,no,no,yes,no,yes,no,yes,no,yes,yes,yes,yes,high
25CN-NBOH,other-dissociatives,no,no,no,no,no,no,no,no,no,no,yes,yes,no,yes,high
25d-nbome,serotonergic-phenethylamine-psychedelics,yes,yes,no,no,yes,no,no,no,yes,no,yes,yes,no,yes,high
25e-nbome,serotonergic-phenethylamine-psychedelics,yes,yes,no,no,yes,no,no,no,yes,no,yes,yes,no,yes,high
25g-nbome,serotonergic-phenethylamine-psychedelics,yes,no,no,no,yes,no,no,no,no,no,no,no,no,no,medium
25h-nbome,serotonergic-phenethylamine-psychedelics,yes,yes,no,no,yes,no,no,no,no,no,no,yes,no,yes,high
25i-nbf,serotonergic-phenethylamine-psychedelics,yes,no,no,no,yes,no,no,no,no,no,yes,no,no,yes,low
25i-nbmd,serotonergic-phenethylamine-psychedelics,no,no,no,no,yes,no,no,no,no,no,no,no,no,no,low
25i-nboh,serotonergic-phenethylamine-psychedelics,yes,yes,no,no,yes,no,no,no,yes,no,yes,yes,no,yes,high
25i-nbome,serotonergic-phenethylamine-psychedelics,yes,yes,yes,no,yes,yes,yes,yes,yes,yes,yes,yes,yes,yes,high
25ip-nbome,serotonergic-phenethylamine-psychedelics,no,no,no,no,yes,no,no,no,no,no,yes,no,no,no,low
25n-nbome,serotonergic-phenethylamine-psychedelics,yes,yes,no,no,yes,no,no,no,no,no,yes,yes,no,yes,high
25p-nbome,serotonergic-phenethylamine-psychedelics,yes,no,no,no,yes,no,no,no,no,no,yes,yes,no,yes,low
25t-2-nbome,serotonergic-phenethylamine-psychedelics,no,no,no,no,yes,no,no,no,no,no,yes,no,no,no,low
25t-4-nbome,serotonergic-phenethylamine-psychedelics,no,no,no,no,yes,no,no,no,no,no,yes,no,no,no,low
25T-NBOMe,stimulants-amphetamines,yes,no,no,no,yes,no,no,no,yes,no,no,no,yes,no,low
2C-B,stimulants-amphetamines,yes,no,no,no,yes,no,yes,no,no,no,no,no,no,yes,high
2c-b-an,serotonergic-phenethylamine-psychedelics,no,no,no,no,no,no,no,no,no,no,no,no,no,no,low
2c-b-fly,serotonergic-phenethylamine-psychedelics,yes,no,no,no,yes,no,yes,no,no,no,no,yes,yes,yes,medium
2c-b-fly-nbome,mdma-and-entactogens,no,no,no,no,yes,no,no,no,no,no,yes,yes,no,no,medium
2C-BZ,serotonergic-phenethylamine-psychedelics,no,no,no,no,no,no,no,no,no,no,no,no,no,no,low
2C-D,serotonergic-phenethylamine-psychedelics,yes,no,no,no,yes,no,yes,no,yes,yes,no,yes,no,yes,medium
2C-G-N,serotonergic-phenethylamine-psychedelics,no,no,no,no,yes,no,no,no,no,no,no,no,no,no,low
2c-ip,serotonergic-phenethylamine-psychedelics,no,no,no,no,yes,no,no,no,yes,no,no,no,no,no,low
2C-O-4,classical-opioids,no,no,no,no,yes,no,no,no,no,no,yes,yes,no,no,low
2C-P-NBOMe,serotonergic-phenethylamine-psychedelics,no,no,no,no,yes,no,no,no,no,no,no,no,no,yes,low
2C-T-4-NBOMe,stimulants-amphetamines,no,no,no,no,yes,no,no,no,no,no,no,no,no,no,low
2C-T-7-NBOMe,stimulants-amphetamines,no,no,no,no,yes,no,no,no,no,no,no,no,no,no,low
2T-MMDA-3a,mdma-and-entactogens,no,no,no,no,yes,no,no,no,no,no,yes,yes,no,no,low
"3,4-ctmp",stimulants-dat-inhibitors,yes,no,no,no,yes,no,no,no,yes,no,no,no,no,yes,medium
"3,4-Dimethoxy-α-PHP",stimulants-cathinones,no,no,no,no,yes,no,no,no,no,no,yes,yes,no,no,low
"3,4-DMMC",stimulants-cathinones,no,no,no,no,yes,no,no,no,no,no,yes,yes,no,yes,low
"3,4-Methylenedioxy-phencyclidine",arylcyclohexylamines,no,no,no,no,yes,no,no,no,no,no,yes,yes,no,no,low
"3,4-Methylenedioxyamphetamine",mdma-and-entactogens,no,no,no,no,yes,no,no,no,no,no,yes,yes,no,yes,high
"3,4-Methylenedioxyphenmetrazine",stimulants-dat-inhibitors,yes,no,no,no,yes,no,no,no,no,no,no,no,no,no,low
"3,4-Trimethylenepentedrone",stimulants-cathinones,no,no,no,no,yes,no,no,no,no,no,yes,yes,no,no,low
"3-(2-Amino-2,2-dimethylethyl)indole",serotonergic-tryptamines-and-lsd,no,no,no,no,no,no,no,no,no,no,yes,yes,no,no,low
3-(2-Amino-tert-butyl)indole,serotonergic-tryptamines-and-lsd,no,no,no,no,no,no,no,no,no,no,yes,yes,no,no,low
3-CAF,stimulants-amphetamines,no,no,no,no,yes,no,no,no,no,no,no,no,no,no,low
3-CEC,stimulants-cathinones,no,no,no,no,yes,no,no,no,no,no,yes,yes,no,no,low
3-chloromethcathinone,stimulants-cathinones,no,no,no,no,yes,no,no,no,no,no,yes,yes,no,yes,high
3-Chlorophenmetrazine,stimulants-dat-inhibitors,yes,no,no,no,yes,no,no,no,no,no,no,no,no,no,medium
3-CMC,stimulants-cathinones,yes,no,no,no,yes,no,no,no,yes,no,yes,yes,yes,yes,high
3-EtO-PCP,arylcyclohexylamines,no,no,no,no,yes,no,no,no,no,no,yes,yes,no,no,low
3-F-PCP,arylcyclohexylamines,no,no,no,no,yes,no,no,no,no,no,yes,yes,no,no,low
3-fa,stimulants-amphetamines,no,no,no,no,yes,no,no,no,no,no,no,no,no,no,medium
3-Fluoro-PCP,arylcyclohexylamines,no,no,no,no,yes,no,no,no,no,no,yes,yes,no,no,low
3-Fluoroamphetamine,stimulants-amphetamines,no,yes,no,no,yes,no,yes,no,no,no,no,no,no,yes,medium
3-Fluoroethamphetamine,stimulants-amphetamines,no,no,no,no,yes,no,no,no,no,no,no,no,no,no,low
3-Fluoromethcathinone,stimulants-cathinones,no,no,no,no,yes,no,no,no,no,no,yes,yes,no,yes,medium
3-Fluorophenmetrazine,stimulants-dat-inhibitors,yes,no,no,no,yes,no,no,no,no,no,no,no,yes,yes,high
3-fma,stimulants-amphetamines,no,no,no,no,yes,no,no,no,no,no,no,no,no,no,low
3-FMC,stimulants-cathinones,yes,no,no,no,yes,no,no,no,yes,no,yes,yes,yes,yes,medium
3-fpm,stimulants-dat-inhibitors,no,no,no,no,no,no,no,no,no,no,no,no,no,yes,high
3-ho-pce,arylcyclohexylamines,no,no,no,no,yes,no,no,no,no,no,yes,yes,no,no,low
3-HO-PCP,classical-opioids,yes,no,no,no,yes,no,no,no,no,no,yes,yes,yes,yes,medium
3-hydroxy-L-tryptophan,serotonergic-tryptamines-and-lsd,no,no,no,no,no,no,no,no,no,no,yes,yes,no,no,low
3-Hydroxyphenazepam,benzos-and-z-drugs,no,no,no,no,yes,no,no,no,yes,no,no,no,no,yes,medium
3-Hydroxytyramine hydrobromide,stimulants-amphetamines,no,no,no,no,yes,no,no,no,no,no,no,no,no,no,high
3-Me-PCPy,arylcyclohexylamines,no,no,no,no,no,no,no,no,no,no,yes,yes,no,no,low
3-MEC,stimulants-cathinones,no,no,no,no,yes,no,no,no,no,no,yes,yes,no,no,low
3-MeO-PCE,arylcyclohexylamines,yes,no,no,no,yes,no,yes,no,no,no,yes,yes,no,yes,medium
3-MeO-PCMo,arylcyclohexylamines,no,no,no,no,yes,no,no,no,no,no,yes,yes,no,no,low
3-MeO-PCP,arylcyclohexylamines,yes,no,no,no,yes,no,yes,yes,yes,no,yes,yes,yes,yes,high
3-MeO-PCPr,arylcyclohexylamines,no,no,no,no,yes,no,no,no,no,no,yes,yes,no,no,low
3-MeO-PCPy,arylcyclohexylamines,no,no,no,no,yes,no,no,no,no,no,yes,yes,no,no,low
3-meomc,mdma-and-entactogens,no,no,no,no,yes,no,no,no,no,no,yes,yes,no,no,low
3-Methyl-4-fluoro-α-pyrrolidinovalerophenone,stimulants-cathinones,yes,no,no,no,yes,no,no,no,no,no,yes,yes,no,no,medium
3-Methylaminorex,stimulants-amphetamines,no,no,no,no,yes,no,no,no,no,no,no,no,no,no,low
3-MMC,stimulants-cathinones,yes,no,no,no,yes,no,yes,no,yes,no,yes,yes,no,yes,high
3-O-methyldopamine,stimulants-amphetamines,no,no,no,no,yes,no,no,no,no,no,no,no,no,yes,low
3-oh-phenazepam,benzos-and-z-drugs,no,no,no,no,yes,no,no,no,no,no,no,no,no,yes,high
3-pip-OH-BTCP,arylcyclohexylamines,yes,no,no,no,no,no,no,no,no,no,yes,yes,no,no,medium
3F-PiHP,stimulants-cathinones,no,no,no,no,yes,no,no,no,no,no,yes,yes,no,no,low
4'-chlorodiazepam,benzos-and-z-drugs,yes,no,no,no,yes,no,no,no,no,no,no,no,yes,yes,high
4'-Fluoro-4-methylaminorex,stimulants-amphetamines,no,no,no,no,yes,no,no,no,no,no,no,no,no,no,low
"4,4'-Dimethylaminorex",stimulants-amphetamines,yes,yes,no,no,yes,no,no,no,no,no,no,no,no,yes,high
"4,4-dmar",mdma-and-entactogens,yes,no,no,no,yes,no,no,no,no,yes,yes,yes,yes,yes,high
"4,5-Dihydroxytryptamine",serotonergic-tryptamines-and-lsd,no,no,no,no,no,no,no,no,no,no,yes,yes,no,no,low
"4,5-MDO-DIPT",serotonergic-tryptamines-and-lsd,no,no,no,no,no,no,no,no,no,no,yes,yes,no,no,low
"4,5-MDO-DMT",serotonergic-tryptamines-and-lsd,no,no,no,no,no,no,no,no,no,no,yes,yes,no,no,low
"4,7-Dimethyl-5,6-dihydroxytryptamine",serotonergic-tryptamines-and-lsd,no,no,no,no,no,no,no,no,no,no,yes,yes,no,no,low
4-(3-methylbut-2-enyl)-L-tryptophan,serotonergic-tryptamines-and-lsd,no,no,no,no,no,no,no,no,no,no,yes,yes,no,no,low
4-aco-det,serotonergic-tryptamines-and-lsd,no,no,no,no,yes,no,no,no,yes,no,yes,yes,no,no,low
4-aco-dipt,serotonergic-tryptamines-and-lsd,no,no,no,no,yes,no,no,no,yes,no,yes,yes,no,no,low
4-aco-dmt,serotonergic-tryptamines-and-lsd,yes,yes,no,no,yes,no,no,no,yes,no,yes,yes,no,yes,high
4-aco-dpt,serotonergic-tryptamines-and-lsd,no,no,no,no,yes,no,no,no,yes,no,yes,yes,no,no,low
4-aco-met,serotonergic-tryptamines-and-lsd,no,no,no,no,yes,no,no,no,yes,no,yes,yes,no,yes,low
4-aco-mipt,mdma-and-entactogens,no,no,no,no,yes,no,no,no,yes,no,yes,yes,no,no,medium
4-Br-DMT,serotonergic-tryptamines-and-lsd,no,no,no,no,no,no,no,no,no,no,yes,yes,no,no,low
4-Bromoamphetamine,stimulants-amphetamines,no,no,no,no,yes,no,no,no,no,no,no,no,yes,yes,medium
4-cbc,mdma-and-entactogens,no,no,no,no,yes,no,no,no,no,no,yes,yes,no,no,low
4-CEC,stimulants-cathinones,yes,no,no,no,yes,no,no,no,no,no,yes,yes,yes,yes,high
4-Chloroamphetamine,stimulants-amphetamines,no,yes,no,no,yes,no,no,no,yes,no,no,no,yes,yes,high
4-Chlorobuphedrone,stimulants-cathinones,no,no,no,no,yes,no,no,no,no,no,yes,yes,yes,no,low
4-chlorodiazepam,benzos-and-z-drugs,no,no,no,no,yes,no,no,no,no,no,no,no,no,yes,high
4-Chloromethamphetamine,stimulants-amphetamines,no,yes,no,no,yes,no,no,no,no,no,no,no,no,yes,high
4-chloromethcathinone,stimulants-cathinones,no,no,no,no,yes,no,no,no,no,no,yes,yes,no,yes,high
4-Cl-DMT,serotonergic-tryptamines-and-lsd,no,no,no,no,no,no,no,no,no,no,yes,yes,no,no,low
4-CMC,stimulants-cathinones,yes,no,no,no,yes,no,yes,no,yes,no,yes,yes,yes,yes,high
4-EEC,stimulants-cathinones,no,no,no,no,yes,no,no,no,no,no,yes,yes,no,no,low
4-EMC,stimulants-cathinones,no,no,no,no,yes,no,no,no,no,no,yes,yes,no,yes,low
4-epd,stimulants-cathinones,no,no,no,no,yes,no,no,no,no,no,yes,yes,no,no,low
4-fa,stimulants-amphetamines,no,no,no,no,yes,no,no,no,no,no,no,no,no,yes,high
4-fea,stimulants-amphetamines,no,no,no,no,yes,no,no,no,no,no,no,no,no,no,low
4-fluoro-5-methoxy-DMT,serotonergic-tryptamines-and-lsd,no,no,no,no,no,no,no,no,no,no,yes,yes,no,no,low
4-Fluoro-alpha-PHP,stimulants-cathinones,no,no,no,no,yes,no,no,no,no,no,yes,yes,no,no,low
4-fluoro-DMT,serotonergic-tryptamines-and-lsd,no,no,no,no,no,no,no,no,no,no,yes,yes,no,no,low
4-Fluoroamphetamine,stimulants-amphetamines,yes,yes,no,no,yes,no,yes,no,yes,no,no,no,yes,yes,high
4-Fluorodeprenyl,stimulants-amphetamines,no,no,no,no,yes,no,no,no,yes,no,no,no,no,no,low
4-Fluoroethamphetamine,stimulants-amphetamines,no,no,no,no,yes,no,no,no,no,no,no,no,no,no,low
4-fluoroethylphenidate,stimulants-dat-inhibitors,no,no,no,no,yes,no,no,no,no,no,no,no,no,no,low
4-fluoromethylphenidate,stimulants-dat-inhibitors,no,no,no,no,no,no,no,no,no,no,no,no,no,yes,medium
4-fluoropentedrone,stimulants-cathinones,no,no,no,no,yes,no,no,no,no,no,yes,yes,no,no,low
4-Fluorophenibut,gaba-depressants-other,yes,no,no,no,yes,no,yes,no,no,no,yes,yes,no,yes,low
4-fluorotryptamine,serotonergic-tryptamines-and-lsd,no,no,no,no,no,no,no,no,no,no,yes,yes,no,no,low
4-fma,stimulants-amphetamines,no,yes,no,no,yes,no,no,no,no,no,no,no,no,yes,medium
4-fmc,stimulants-cathinones,no,no,no,no,yes,no,no,no,no,no,yes,yes,no,yes,high
4-fpp,mdma-and-entactogens,no,no,no,no,yes,no,no,no,no,no,yes,yes,no,no,low
4-HO-DBT,serotonergic-tryptamines-and-lsd,no,no,no,no,no,no,no,no,no,no,yes,yes,no,no,low
4-HO-DET,serotonergic-tryptamines-and-lsd,yes,no,no,no,yes,no,yes,no,no,no,yes,yes,no,yes,low
4-HO-DIPT,serotonergic-tryptamines-and-lsd,yes,yes,no,no,yes,no,no,no,no,no,yes,yes,no,yes,medium
4-HO-DMT / 4-HO-DMT PHOSPHATE ESTER,serotonergic-tryptamines-and-lsd,yes,yes,yes,no,yes,yes,yes,yes,yes,yes,yes,yes,yes,yes,high
4-HO-DPT,serotonergic-tryptamines-and-lsd,yes,no,no,no,yes,no,no,no,no,no,yes,yes,no,yes,low
4-HO-MALT,serotonergic-tryptamines-and-lsd,no,no,no,no,no,no,no,no,no,no,yes,yes,no,no,low
4-HO-MET,serotonergic-tryptamines-and-lsd,yes,yes,no,no,yes,no,no,no,yes,no,yes,yes,no,yes,medium
4-HO-MIPT,serotonergic-tryptamines-and-lsd,yes,yes,no,no,yes,no,no,no,no,no,yes,yes,no,yes,medium
4-HO-MPT,serotonergic-tryptamines-and-lsd,no,no,no,no,no,no,no,no,no,no,yes,yes,no,no,low
4-HO-NET,serotonergic-tryptamines-and-lsd,no,no,no,no,no,no,no,no,no,no,yes,yes,no,no,low
4-HO-NiPT,serotonergic-tryptamines-and-lsd,no,no,no,no,no,no,no,no,no,no,yes,yes,no,no,low
4-HO-NPT,serotonergic-tryptamines-and-lsd,no,no,no,no,no,no,no,no,no,no,yes,yes,no,no,low
4-HO-PYR-T,serotonergic-tryptamines-and-lsd,no,no,no,no,no,no,no,no,no,no,yes,yes,no,no,low
4-HO-αMT,serotonergic-tryptamines-and-lsd,no,no,no,no,no,no,no,no,no,no,yes,yes,no,no,low
4-hydroxy-indole-3-carbonyl nitrile,serotonergic-tryptamines-and-lsd,no,no,no,no,no,no,no,no,no,no,yes,yes,no,no,low
"4-hydroxy-N,N diethyltryptamine",serotonergic-tryptamines-and-lsd,no,no,no,no,no,no,no,no,no,no,yes,yes,no,no,low
4-hydroxy-N-methyl-N-ethyltryptamine,serotonergic-tryptamines-and-lsd,no,no,no,no,no,no,no,no,no,no,yes,yes,no,no,low
4-hydroxy-N-methyl-N-isopropyltryptamine,serotonergic-tryptamines-and-lsd,no,no,no,no,no,no,no,no,no,no,yes,yes,no,no,low
4-hydroxyglucobrassicin,serotonergic-tryptamines-and-lsd,no,no,no,no,no,no,no,no,no,no,yes,yes,no,no,low
4-hydroxytryptamine,serotonergic-tryptamines-and-lsd,no,no,no,no,no,no,no,no,no,no,yes,yes,no,no,low
4-hydroxytryptophan,serotonergic-tryptamines-and-lsd,no,no,no,no,no,no,no,no,no,no,yes,yes,no,no,low
4-MBC,stimulants-cathinones,no,no,no,no,yes,no,no,no,no,no,yes,yes,no,yes,low
4-Me-NEB,stimulants-cathinones,no,no,no,no,yes,no,no,no,no,no,yes,yes,no,no,low
4-Me-αMT,serotonergic-tryptamines-and-lsd,no,no,no,no,no,no,no,no,no,no,yes,yes,no,no,low
4-MEC,stimulants-cathinones,yes,no,no,no,yes,no,no,no,no,no,yes,yes,no,yes,high
4-meo-butryfentanyl,designer-opioids,no,no,no,no,yes,no,no,no,no,no,yes,yes,no,yes,low
4-MEO-MIPT,serotonergic-tryptamines-and-lsd,no,no,no,no,no,no,no,no,no,no,yes,yes,no,no,low
4-meo-pcp,arylcyclohexylamines,yes,no,no,no,no,no,no,no,no,no,yes,yes,no,yes,medium
4-Methoxybutyrfentanyl,designer-opioids,no,no,no,no,yes,no,no,no,yes,yes,yes,yes,yes,yes,low
4-methoxyglucobrassicin,serotonergic-tryptamines-and-lsd,no,no,no,no,no,no,no,no,no,no,yes,yes,no,no,low
4-methoxytryptamine,serotonergic-tryptamines-and-lsd,no,no,no,no,no,no,no,no,no,no,yes,yes,no,no,low
4-Methyl-α-ethyltryptamine,serotonergic-tryptamines-and-lsd,no,no,no,no,no,no,no,no,no,no,yes,yes,no,no,low
4-methylaminorex,stimulants-amphetamines,no,yes,no,no,yes,no,yes,no,no,no,no,no,yes,yes,high
4-methylmethylphenidate,stimulants-dat-inhibitors,no,no,no,no,no,no,no,no,no,no,no,no,no,no,low
4-Methylphenmetrazine,stimulants-dat-inhibitors,yes,no,no,no,yes,no,no,no,no,no,no,no,no,no,medium
4-Methylthioamphetamine,stimulants-amphetamines,yes,yes,no,no,yes,no,no,no,yes,no,no,no,yes,yes,high
4-methylthiodimethyltryptamine,serotonergic-tryptamines-and-lsd,no,no,no,no,no,no,no,no,no,no,yes,yes,no,no,low
4-mta,stimulants-amphetamines,no,no,no,no,yes,no,no,no,no,no,no,no,no,no,high
4-Nitro-5-methoxytryptamine,serotonergic-tryptamines-and-lsd,no,no,no,no,no,no,no,no,no,no,yes,yes,no,no,low
4-O-methyldopamine,stimulants-amphetamines,no,no,no,no,yes,no,no,no,no,no,no,no,no,no,low
4-PrO-DMT,serotonergic-tryptamines-and-lsd,yes,yes,no,no,yes,no,no,no,yes,no,yes,yes,no,no,medium
4-PrO-MET,serotonergic-tryptamines-and-lsd,no,no,no,no,yes,no,no,no,yes,no,yes,yes,no,no,low
"4-propionoxy-N,N-dimethyltryptamine",serotonergic-tryptamines-and-lsd,no,no,no,no,no,no,no,no,no,no,yes,yes,no,no,low
4B-MAR,stimulants-amphetamines,no,no,no,no,yes,no,no,no,no,no,no,no,no,no,low
4Cl-iBF,designer-opioids,no,no,no,no,yes,no,no,no,yes,yes,yes,yes,yes,no,low
4F-5-MeO-DMT,serotonergic-tryptamines-and-lsd,no,no,no,no,no,no,no,no,no,no,yes,yes,no,no,low
4F-DMT,serotonergic-tryptamines-and-lsd,no,no,no,no,no,no,no,no,no,no,yes,yes,no,no,low
4F-MABP,stimulants-cathinones,no,no,no,no,yes,no,no,no,no,no,yes,yes,no,no,low
4F-MDMB-BINACA,cannabinoids,yes,no,no,no,yes,no,no,no,yes,no,yes,yes,no,yes,high
4F-MDMB-BUTINACA,cannabinoids,no,no,no,no,yes,no,no,no,no,no,yes,yes,no,yes,high
4F-MPH,stimulants-dat-inhibitors,yes,no,no,no,yes,no,no,no,yes,no,no,no,no,yes,medium
4f-neb,cannabinoids,no,no,no,no,no,no,no,no,no,no,yes,yes,no,no,low
4f-php,cannabinoids,no,no,no,no,yes,no,no,no,yes,no,yes,yes,no,yes,high
4f-pvp,stimulants-cathinones,yes,no,no,no,yes,no,no,no,yes,no,yes,yes,no,yes,high
4T-MMDA-2,mdma-and-entactogens,no,no,no,no,yes,no,no,no,no,no,yes,yes,no,no,low
4′-Chloro-4-methylaminorex,stimulants-amphetamines,no,no,no,no,yes,no,no,no,no,no,no,no,no,no,low
"5,6-dibromo-N-methyltryptamine",serotonergic-tryptamines-and-lsd,no,no,no,no,no,no,no,no,no,no,yes,yes,no,no,low
"5,6-dibromodimethyltryptamine",serotonergic-tryptamines-and-lsd,no,no,no,no,no,no,no,no,no,no,yes,yes,no,no,low
"5,6-dibromotryptamine",serotonergic-tryptamines-and-lsd,no,no,no,no,no,no,no,no,no,no,yes,yes,no,no,low
"5,6-dihydroxytryptamine",serotonergic-tryptamines-and-lsd,no,no,no,no,no,no,no,no,no,no,yes,yes,no,no,low
"5,6-MDO-DIPT",serotonergic-tryptamines-and-lsd,no,no,no,no,no,no,no,no,no,no,yes,yes,no,no,low
"5,6-MDO-DMT",serotonergic-tryptamines-and-lsd,no,no,no,no,no,no,no,no,no,no,yes,yes,no,no,low
"5,6-MDO-MIPT",serotonergic-tryptamines-and-lsd,no,no,no,no,no,no,no,no,no,no,yes,yes,no,no,low
"5,6-MEO-MIPT",serotonergic-tryptamines-and-lsd,no,no,no,no,no,no,no,no,no,no,yes,yes,no,no,low
"5,7-Dichlorotryptamine HCl",serotonergic-tryptamines-and-lsd,no,no,no,no,no,no,no,no,no,no,yes,yes,no,no,low
"5,7-dihydroxytryptamine",serotonergic-tryptamines-and-lsd,no,no,no,no,no,no,no,no,no,no,yes,yes,no,no,low
"5-(2-aminoethyl)-2,3-dimethoxyphenol",serotonergic-phenethylamine-psychedelics,no,no,no,no,yes,no,no,no,no,no,no,no,no,no,low
5-(Trifluoromethoxy)-1H-indole-3-ethanamine,serotonergic-tryptamines-and-lsd,no,no,no,no,no,no,no,no,no,no,yes,yes,no,no,low
5-apb,mdma-and-entactogens,yes,no,no,no,yes,no,no,no,no,yes,yes,yes,yes,yes,high
5-apdb,mdma-and-entactogens,yes,no,no,no,yes,no,no,no,no,no,yes,yes,yes,yes,medium
5-apdi,mdma-and-entactogens,no,no,no,no,yes,no,no,no,no,no,yes,yes,no,no,low
5-Br-DMT,serotonergic-tryptamines-and-lsd,no,no,no,no,no,no,no,no,no,no,yes,yes,no,no,low
5-Bromo-DMT,serotonergic-tryptamines-and-lsd,no,no,no,no,no,no,no,no,no,no,yes,yes,no,no,low
5-bromodimethyltryptamine,serotonergic-tryptamines-and-lsd,no,no,no,no,no,no,no,no,no,no,yes,yes,no,no,low
5-bromotryptamine,serotonergic-tryptamines-and-lsd,no,no,no,no,no,no,no,no,no,no,yes,yes,no,no,low
5-Bromotryptophan,serotonergic-tryptamines-and-lsd,no,no,no,no,no,no,no,no,no,no,yes,yes,no,no,low
5-carboxamidotryptamine,serotonergic-tryptamines-and-lsd,no,no,no,no,no,no,no,no,no,no,yes,yes,no,no,low
5-Chloro-1H-indole-3-ethanamine,serotonergic-tryptamines-and-lsd,no,no,no,no,no,no,no,no,no,no,yes,yes,no,no,low
"5-chloro-N,N-dimethyltryptamine",serotonergic-tryptamines-and-lsd,no,no,no,no,no,no,no,no,no,no,yes,yes,no,no,low
5-Chloro-αMT,serotonergic-tryptamines-and-lsd,no,no,no,no,no,no,no,no,no,no,yes,yes,no,no,low
5-Cyanotryptamine,serotonergic-tryptamines-and-lsd,no,no,no,no,no,no,no,no,no,no,yes,yes,no,no,low
5-eapb,mdma-and-entactogens,no,no,no,no,yes,no,no,no,no,no,yes,yes,no,no,low
5-Ethoxy-DMT,serotonergic-tryptamines-and-lsd,no,no,no,no,no,no,no,no,no,no,yes,yes,no,no,low
5-ethoxy-αMT,serotonergic-tryptamines-and-lsd,no,no,no,no,no,no,no,no,no,no,yes,yes,no,no,low
5-ethyl-DMT,serotonergic-tryptamines-and-lsd,no,no,no,no,no,no,no,no,no,no,yes,yes,no,no,low
5-F-DMT,serotonergic-tryptamines-and-lsd,no,no,no,no,no,no,no,no,no,no,yes,yes,no,no,low
5-fluoro-AET,serotonergic-tryptamines-and-lsd,no,no,no,no,no,no,no,no,no,no,yes,yes,no,no,low
5-fluoro-DET,serotonergic-tryptamines-and-lsd,no,no,no,no,no,no,no,no,no,no,yes,yes,no,no,low
5-fluoro-MET,serotonergic-tryptamines-and-lsd,no,no,no,no,no,no,no,no,no,no,yes,yes,no,no,low
"5-fluoro-N,N-dimethyltryptamine",serotonergic-tryptamines-and-lsd,no,no,no,no,no,no,no,no,no,no,yes,yes,no,no,low
5-fluoro-α-methyltryptamine,serotonergic-tryptamines-and-lsd,no,no,no,no,no,no,no,no,no,no,yes,yes,no,no,low
5-fluorotryptamine,serotonergic-tryptamines-and-lsd,no,no,no,no,no,no,no,no,no,no,yes,yes,no,no,low
5-Fluorotryptamine hydrochloride,serotonergic-tryptamines-and-lsd,no,no,no,no,no,no,no,no,no,no,yes,yes,no,no,low
5-fluorotryptophan,serotonergic-tryptamines-and-lsd,no,no,no,no,no,no,no,no,no,no,yes,yes,no,no,low
5-HO-DMT,serotonergic-tryptamines-and-lsd,no,no,no,no,yes,no,no,no,no,no,yes,yes,no,yes,medium
5-HO-MET,serotonergic-tryptamines-and-lsd,no,no,no,no,no,no,no,no,no,no,yes,yes,no,no,low
5-htp,serotonergic-tryptamines-and-lsd,no,no,no,no,yes,no,yes,no,yes,yes,yes,yes,no,yes,high
5-hydroxy-alpha-methyltryptophan,serotonergic-tryptamines-and-lsd,no,no,no,no,no,no,no,no,no,no,yes,yes,no,no,low
5-Hydroxydopamine,stimulants-amphetamines,no,no,no,no,yes,no,no,no,no,no,no,no,no,no,high
"5-hydroxymethyl-N,N-dimethyltryptamine",serotonergic-tryptamines-and-lsd,no,no,no,no,no,no,no,no,no,no,yes,yes,no,no,low
5-Hydroxytryptamine O-sulfate,serotonergic-tryptamines-and-lsd,no,no,no,no,no,no,no,no,no,no,yes,yes,no,no,low
5-iai,mdma-and-entactogens,yes,no,no,no,yes,no,no,no,no,no,yes,yes,no,yes,low
"5-iso-Propyl-N,N-dimethyltryptamine",serotonergic-tryptamines-and-lsd,no,no,no,no,no,no,no,no,no,no,yes,yes,no,no,low
5-it,mdma-and-entactogens,yes,no,no,no,yes,no,no,no,no,yes,yes,yes,yes,yes,high
5-mapb,mdma-and-entactogens,no,no,no,no,yes,no,no,no,yes,no,yes,yes,yes,yes,medium
5-mapdb,mdma-and-entactogens,yes,no,no,no,yes,no,no,no,no,no,yes,yes,no,no,medium
5-MeO-2-TMT,serotonergic-tryptamines-and-lsd,no,no,no,no,no,no,no,no,no,no,yes,yes,no,no,low
5-MEO-AET,serotonergic-tryptamines-and-lsd,no,no,no,no,yes,no,no,no,no,no,yes,yes,no,no,low
5-meo-amt,mdma-and-entactogens,yes,no,no,no,yes,no,no,no,yes,yes,yes,yes,yes,yes,high
5-meo-dalt,serotonergic-tryptamines-and-lsd,yes,no,no,no,yes,no,no,no,no,no,yes,yes,yes,yes,medium
5-MEO-DET,serotonergic-tryptamines-and-lsd,yes,yes,no,no,yes,no,no,no,no,no,yes,yes,no,yes,medium
5-meo-dibf,mdma-and-entactogens,no,no,no,no,yes,no,no,no,no,no,yes,yes,no,no,low
5-MEO-DIPT,serotonergic-tryptamines-and-lsd,yes,no,no,no,yes,no,yes,no,yes,yes,yes,yes,yes,yes,medium
5-MEO-DMT,serotonergic-tryptamines-and-lsd,yes,yes,yes,no,yes,no,yes,no,yes,yes,yes,yes,yes,yes,high
5-meo-dpt,serotonergic-tryptamines-and-lsd,no,no,no,no,no,no,no,no,no,no,yes,yes,no,no,low
5-MEO-MET,serotonergic-tryptamines-and-lsd,yes,no,no,no,yes,no,no,no,no,no,yes,yes,no,no,low
5-MEO-MIPT,serotonergic-tryptamines-and-lsd,yes,no,no,no,yes,no,no,no,no,no,yes,yes,no,yes,medium
5-MeO-NET,serotonergic-tryptamines-and-lsd,no,no,no,no,yes,no,no,no,no,no,yes,yes,no,no,low
5-MEO-NiPT,serotonergic-tryptamines-and-lsd,yes,no,no,no,yes,no,no,no,no,no,yes,yes,no,no,low
5-MEO-NMT,serotonergic-tryptamines-and-lsd,yes,no,no,no,yes,no,no,no,no,no,yes,yes,no,yes,low
5-MEO-PYR-T,serotonergic-tryptamines-and-lsd,yes,no,no,no,yes,no,no,no,no,no,yes,yes,no,no,medium
5-MEO-TMT,serotonergic-tryptamines-and-lsd,no,no,no,no,yes,no,no,no,no,no,yes,yes,no,no,low
5-MES-DMT,serotonergic-tryptamines-and-lsd,no,no,no,no,no,no,no,no,no,no,yes,yes,no,no,low
"5-Methoxy-7,N,N-trimethyltryptamine",serotonergic-tryptamines-and-lsd,no,no,no,no,no,no,no,no,no,no,yes,yes,no,no,low
5-methoxy-N-methyltryptamine,serotonergic-tryptamines-and-lsd,no,no,no,no,no,no,no,no,no,no,yes,yes,no,no,low
5-methoxy-N-methyltryptamine hydrochloride,serotonergic-tryptamines-and-lsd,no,no,no,no,no,no,no,no,no,no,yes,yes,no,no,low
5-Methoxyindole-3-acetonitrile,serotonergic-tryptamines-and-lsd,no,no,no,no,no,no,no,no,no,no,yes,yes,no,no,low
5-methoxytryptamine hydrochloride,serotonergic-tryptamines-and-lsd,no,no,no,no,yes,no,no,no,no,no,yes,yes,no,yes,medium
5-Methyl-1H-indole-2-ethanamine hydrochloride,serotonergic-tryptamines-and-lsd,no,no,no,no,no,no,no,no,no,no,yes,yes,no,no,low
5-methyl-bk-mdea,stimulants-cathinones,no,no,no,no,yes,no,no,no,no,no,yes,yes,no,no,low
5-methyl-D-tryptophan,serotonergic-tryptamines-and-lsd,no,no,no,no,no,no,no,no,no,no,yes,yes,no,no,low
5-methyl-L-tryptophan,serotonergic-tryptamines-and-lsd,no,no,no,no,no,no,no,no,no,no,yes,yes,no,no,low
5-Methyltryptamine hydrochloride,serotonergic-tryptamines-and-lsd,no,no,no,no,no,no,no,no,no,no,yes,yes,no,no,low
"5-nitro-N,N-dimethyltryptamine",serotonergic-tryptamines-and-lsd,no,no,no,no,no,no,no,no,no,no,yes,yes,no,no,low
5-TERT-BUTYLTRYPTAMINE,serotonergic-tryptamines-and-lsd,no,no,no,no,no,no,no,no,no,no,yes,yes,no,no,low
5-TFMO-DMT,serotonergic-tryptamines-and-lsd,no,no,no,no,no,no,no,no,no,no,yes,yes,no,no,low
5f-akb48,cannabinoids,yes,no,no,no,yes,no,no,no,yes,no,yes,yes,no,yes,high
5F-MDMB-PICA,cannabinoids,yes,no,no,no,yes,no,no,no,yes,no,yes,yes,no,yes,high
5f-pb-22,cannabinoids,yes,no,no,no,yes,no,no,no,yes,no,yes,yes,no,yes,high
"6,7-dichloro-L-tryptophan",serotonergic-tryptamines-and-lsd,no,no,no,no,no,no,no,no,no,no,yes,yes,no,no,low
6-(Trifluoromethoxy)-1H-indole-3-ethanamine,serotonergic-tryptamines-and-lsd,no,no,no,no,no,no,no,no,no,no,yes,yes,no,no,low
6-Amino-1H-indole-3-acetonitrile,serotonergic-tryptamines-and-lsd,no,no,no,no,no,no,no,no,no,no,yes,yes,no,no,low
6-apb,mdma-and-entactogens,yes,no,no,no,yes,no,no,no,no,yes,yes,yes,yes,yes,high
6-apdb,mdma-and-entactogens,yes,no,no,no,yes,no,no,no,no,no,yes,yes,yes,yes,medium
6-Bromo-1H-indole-3-ethanamine monohydrochloride,serotonergic-tryptamines-and-lsd,no,no,no,no,no,no,no,no,no,no,yes,yes,no,no,low
6-bromo-2-mercaptomethyltryptamine,serotonergic-tryptamines-and-lsd,no,no,no,no,no,no,no,no,no,no,yes,yes,no,no,low
6-bromo-2-mercaptotryptamine,serotonergic-tryptamines-and-lsd,no,no,no,no,no,no,no,no,no,no,yes,yes,no,no,low
6-Bromo-N-methyltryptamine,serotonergic-tryptamines-and-lsd,no,no,no,no,no,no,no,no,no,no,yes,yes,no,no,low
6-bromo-N-propionyltryptamine,serotonergic-tryptamines-and-lsd,no,no,no,no,no,no,no,no,no,no,yes,yes,no,no,low
6-bromotryptamine,serotonergic-tryptamines-and-lsd,no,no,no,no,no,no,no,no,no,no,yes,yes,no,no,low
6-chloro-L-tryptophan,serotonergic-tryptamines-and-lsd,no,no,no,no,no,no,no,no,no,no,yes,yes,no,no,low
6-eapb,mdma-and-entactogens,no,no,no,no,yes,no,no,no,no,no,yes,yes,no,no,low
6-F-DMT,serotonergic-tryptamines-and-lsd,no,no,no,no,no,no,no,no,no,no,yes,yes,no,no,low
6-fluoro-DET,serotonergic-tryptamines-and-lsd,no,no,no,no,no,no,no,no,no,no,yes,yes,no,no,low
6-fluorotryptamine,serotonergic-tryptamines-and-lsd,no,no,no,no,no,no,no,no,no,no,yes,yes,no,no,low
6-Fluorotryptamine hydrochloride,serotonergic-tryptamines-and-lsd,no,no,no,no,no,no,no,no,no,no,yes,yes,no,no,low
6-Hydroxy-1H-indole-3-acetamide,serotonergic-tryptamines-and-lsd,no,no,no,no,no,no,no,no,no,no,yes,yes,no,no,low
6-hydroxy-N-acetyl-ss-oxotryptamine,serotonergic-tryptamines-and-lsd,no,no,no,no,no,no,no,no,no,no,yes,yes,no,no,low
6-hydroxytryptamine,serotonergic-tryptamines-and-lsd,no,no,no,no,no,no,no,no,no,no,yes,yes,no,no,low
6-mapb,mdma-and-entactogens,no,no,no,no,yes,no,no,no,no,no,yes,yes,yes,no,low
6-mddm,classical-opioids,no,no,no,no,yes,no,no,no,no,no,yes,yes,no,no,low
6-MEO-THH,serotonergic-tryptamines-and-lsd,no,no,no,no,no,no,no,no,no,no,yes,yes,no,no,low
6-methoxytryptamine,serotonergic-tryptamines-and-lsd,no,no,no,no,no,no,no,no,no,no,yes,yes,no,no,low
6-methyltryptamine,serotonergic-tryptamines-and-lsd,no,no,no,no,no,no,no,no,no,no,yes,yes,no,no,low
6-Monoacetylmorphine,classical-opioids,yes,yes,no,no,yes,no,yes,no,yes,no,yes,yes,no,yes,high
7-chloro-AMT,serotonergic-tryptamines-and-lsd,no,no,no,no,no,no,no,no,no,no,yes,yes,no,no,low
7-chloro-L-tryptophan,serotonergic-tryptamines-and-lsd,no,no,no,no,no,no,no,no,no,no,yes,yes,no,no,low
7-chlorotryptamine,serotonergic-tryptamines-and-lsd,no,no,no,no,no,no,no,no,no,no,yes,yes,no,no,low
7-chlorotryptophan,serotonergic-tryptamines-and-lsd,no,no,no,no,no,no,no,no,no,no,yes,yes,no,no,low
7-Cl-DMT,serotonergic-tryptamines-and-lsd,no,no,no,no,no,no,no,no,no,no,yes,yes,no,no,low
7-fluorotryptamine,serotonergic-tryptamines-and-lsd,no,no,no,no,no,no,no,no,no,no,yes,yes,no,no,low
7-hydroxy-DMT,serotonergic-tryptamines-and-lsd,no,no,no,no,no,no,no,no,no,no,yes,yes,no,no,low
7-Hydroxymitragynine,classical-opioids,yes,yes,yes,no,yes,no,yes,no,yes,no,yes,yes,no,yes,high
7-hydroxytryptophan,serotonergic-tryptamines-and-lsd,no,no,no,no,no,no,no,no,no,no,yes,yes,no,no,low
7-methyl-α-ethyltryptamine,serotonergic-tryptamines-and-lsd,no,no,no,no,no,no,no,no,no,no,yes,yes,no,no,low
7-methyltryptamine,serotonergic-tryptamines-and-lsd,no,no,no,no,no,no,no,no,no,no,yes,yes,no,no,low
9-Me-BC,nootropics-other,no,yes,no,no,yes,no,no,no,no,yes,yes,yes,no,yes,low
"a,N,O-TMS",serotonergic-tryptamines-and-lsd,no,no,no,no,no,no,no,no,no,no,yes,yes,no,no,low
"a,N-DMT",serotonergic-tryptamines-and-lsd,no,no,no,no,no,no,no,no,no,no,yes,yes,no,no,low
"a,O-DMS",serotonergic-tryptamines-and-lsd,no,no,no,no,no,no,no,no,no,no,yes,yes,no,no,low
A-443654,serotonergic-tryptamines-and-lsd,no,no,no,no,no,no,no,no,no,no,yes,yes,no,no,low
A-71623,serotonergic-tryptamines-and-lsd,no,no,no,no,no,no,no,no,no,no,yes,yes,no,no,low
a-ET,serotonergic-tryptamines-and-lsd,no,no,no,no,yes,no,yes,no,no,no,yes,yes,yes,yes,low
a-MT,serotonergic-tryptamines-and-lsd,no,no,no,no,yes,no,no,no,no,no,yes,yes,no,no,medium
A-pihp,mdma-and-entactogens,no,no,no,no,yes,no,no,no,no,no,yes,yes,no,no,low
A-pvp,stimulants-cathinones,no,no,no,no,yes,no,no,no,no,no,yes,yes,no,yes,high
Ab-chminaca,cannabinoids,yes,no,no,no,yes,no,no,no,no,no,yes,yes,no,yes,high
AB-FUBINACA,cannabinoids,yes,no,no,no,yes,no,no,no,yes,no,yes,yes,no,yes,high
abrine,serotonergic-tryptamines-and-lsd,no,no,no,no,no,no,no,no,no,no,yes,yes,no,no,low
ABT-126,nootropics-other,no,yes,no,no,yes,no,no,no,no,no,yes,yes,no,no,medium
ABT-418,nootropics-other,no,no,no,no,yes,no,no,no,no,no,yes,yes,no,yes,low
ac-178335,serotonergic-tryptamines-and-lsd,no,no,no,no,no,no,no,no,no,no,yes,yes,no,no,low
Aceburic acid,gaba-depressants-other,no,no,no,no,yes,no,yes,no,yes,no,yes,yes,no,yes,low
Acetorphine,classical-opioids,no,no,no,no,yes,no,no,no,no,no,yes,yes,no,no,low
acetryptine,serotonergic-tryptamines-and-lsd,no,no,no,no,no,no,no,no,no,no,yes,yes,no,no,low
Acetyldihydrocodeine,classical-opioids,no,no,no,no,yes,no,no,no,no,no,yes,yes,no,no,low
Acetylfentanyl,designer-opioids,no,no,no,no,yes,no,no,no,yes,yes,yes,yes,yes,yes,medium
Acryl-fentanyl,designer-opioids,no,no,no,no,yes,no,no,no,no,no,yes,yes,no,yes,medium
Acrylfentanyl,designer-opioids,no,no,no,no,yes,no,no,no,yes,yes,yes,yes,yes,yes,medium
ADB-BUTINACA,cannabinoids,yes,no,no,no,yes,no,no,no,yes,no,yes,yes,no,yes,high
ADB-HEXINACA,cannabinoids,yes,no,no,no,yes,no,no,no,yes,no,yes,yes,no,no,medium
ADB-INACA,cannabinoids,yes,no,no,no,yes,no,no,no,no,no,yes,yes,no,no,low
ADB-PINACA,cannabinoids,yes,no,no,no,yes,no,no,no,yes,no,yes,yes,no,yes,high
ADB-PINACA isomer 2,cannabinoids,no,no,no,no,yes,no,no,no,no,no,yes,yes,no,no,low
ADBICA,cannabinoids,yes,no,no,no,yes,no,no,no,no,no,yes,yes,no,yes,high
Adderall,stimulants-amphetamines,no,no,no,no,yes,no,yes,no,yes,yes,yes,no,no,no,high
Adinazolam,benzos-and-z-drugs,no,no,no,no,yes,no,yes,no,yes,no,no,no,no,yes,high
Adrafinil,stimulants-dat-inhibitors,no,no,no,no,yes,no,yes,no,yes,no,no,no,yes,yes,medium
afamelanotide,serotonergic-tryptamines-and-lsd,no,no,no,no,no,no,no,no,no,no,yes,yes,no,no,low
Afloqualone,gaba-depressants-other,no,no,no,no,yes,no,no,no,no,no,yes,yes,no,yes,low
Agmatine,nootropics-other,yes,no,no,no,yes,no,yes,no,yes,no,yes,yes,no,yes,medium
Ah-7921,designer-opioids,no,yes,no,no,yes,no,no,no,yes,no,yes,yes,no,yes,medium
AHN 1-055,stimulants-dat-inhibitors,yes,no,no,no,yes,no,no,no,no,no,no,no,yes,no,medium
AL-LAD,serotonergic-tryptamines-and-lsd,yes,yes,no,no,yes,no,no,no,no,no,yes,yes,no,yes,medium
Alcohol,gaba-depressants-other,yes,yes,no,no,yes,yes,yes,yes,yes,yes,yes,yes,yes,yes,high
Ald-52,serotonergic-tryptamines-and-lsd,yes,yes,no,no,yes,no,no,no,yes,no,yes,yes,no,yes,medium
Alfentanil,designer-opioids,yes,no,no,no,yes,no,yes,no,yes,yes,yes,yes,no,yes,high
Allobarbital,gaba-depressants-other,no,no,no,no,yes,no,no,no,no,no,yes,yes,no,yes,low
Allylketamine,arylcyclohexylamines,no,no,no,no,yes,no,no,no,no,no,yes,yes,no,no,low
"alpha,alpha-Dimethylindole-3-acetonitrile",serotonergic-tryptamines-and-lsd,no,no,no,no,no,no,no,no,no,no,yes,yes,no,no,low
"alpha,beta-didehydrotryptophan",serotonergic-tryptamines-and-lsd,no,no,no,no,no,no,no,no,no,no,yes,yes,no,no,low
Alpha-GPC,nootropics-other,no,no,no,no,yes,no,yes,no,yes,yes,yes,yes,no,yes,medium
alpha-Methyl-5-hydroxytryptamine maleate,serotonergic-tryptamines-and-lsd,no,no,no,no,no,no,no,no,no,no,yes,yes,no,no,low
alpha-Methyltryptamine,serotonergic-tryptamines-and-lsd,no,yes,no,no,yes,no,yes,no,yes,yes,yes,yes,yes,yes,medium
alpha-methyltryptophan,serotonergic-tryptamines-and-lsd,no,no,no,no,no,no,no,no,no,no,yes,yes,no,no,low
"alpha-N,N-trimethyltryptamine",serotonergic-tryptamines-and-lsd,no,no,no,no,no,no,no,no,no,no,yes,yes,no,no,low
alpha-PHP,stimulants-cathinones,yes,no,no,no,yes,no,no,no,yes,no,yes,yes,yes,yes,high
alpha-PiHP,stimulants-cathinones,yes,no,no,no,yes,no,yes,no,yes,no,yes,yes,no,yes,high
alpha-PVP,stimulants-cathinones,yes,no,no,no,yes,no,yes,no,yes,no,yes,yes,yes,yes,high
alpha-Pyrrolidinohexiophenone,stimulants-cathinones,no,no,no,no,yes,no,no,no,no,no,yes,yes,no,yes,high
Alprazolam,benzos-and-z-drugs,yes,yes,no,no,yes,no,yes,no,yes,yes,yes,yes,no,yes,high
alsactide,serotonergic-tryptamines-and-lsd,no,no,no,no,no,no,no,no,no,no,yes,yes,no,no,low
AM-1248,cannabinoids,yes,no,no,no,yes,no,no,no,no,no,yes,yes,no,yes,medium
AM-2201,cannabinoids,yes,no,no,no,yes,no,no,no,yes,no,yes,yes,no,yes,high
AM-2233,serotonergic-phenethylamine-psychedelics,yes,no,no,no,yes,no,no,no,no,no,no,no,no,yes,high
AM-694,serotonergic-phenethylamine-psychedelics,yes,no,no,no,yes,no,no,no,no,no,no,no,no,yes,high
AMB-CHMICA,cannabinoids,yes,no,no,no,yes,no,no,no,yes,no,yes,yes,no,yes,high
AMB-FUBINACA (AMB) — augmentation plan and justifications BEFORE JSON changes,cannabinoids,yes,no,no,no,yes,no,yes,no,yes,no,yes,yes,no,yes,high
Amfepramone,stimulants-cathinones,yes,no,no,no,yes,no,yes,no,yes,yes,yes,yes,yes,yes,high
Amfonelic acid,stimulants-dat-inhibitors,yes,no,no,no,yes,no,no,no,no,no,no,no,no,yes,medium
Aminorex,stimulants-amphetamines,no,yes,no,no,yes,no,no,no,no,no,no,no,yes,yes,high
Amobarbital,gaba-depressants-other,no,no,no,no,yes,no,yes,no,yes,yes,yes,yes,no,yes,medium
Amphetamine,stimulants-amphetamines,yes,yes,no,no,yes,yes,yes,no,yes,no,yes,no,yes,yes,high
anamorelin,serotonergic-tryptamines-and-lsd,no,no,no,no,no,no,no,no,no,no,yes,yes,no,no,low
Aniracetam,serotonergic-phenethylamine-psychedelics,yes,no,no,no,yes,no,yes,no,yes,no,no,no,no,yes,high
Apomorphine,classical-opioids,yes,no,no,no,yes,no,yes,no,yes,yes,yes,yes,yes,yes,high
app-018,serotonergic-tryptamines-and-lsd,no,no,no,no,no,no,no,no,no,no,yes,yes,no,no,low
Arketamine,arylcyclohexylamines,yes,no,no,no,yes,yes,yes,no,yes,no,yes,yes,no,yes,high
Armodafinil,stimulants-dat-inhibitors,yes,yes,no,no,yes,yes,yes,no,yes,yes,no,no,no,yes,high
arvelexin,serotonergic-tryptamines-and-lsd,no,no,no,no,no,no,no,no,no,no,yes,yes,no,no,low
Ashwagandha,gaba-depressants-other,no,yes,no,no,yes,no,yes,no,no,no,yes,yes,yes,no,medium
Aspirin,serotonergic-tryptamines-and-lsd,no,no,no,no,no,no,no,no,no,no,yes,yes,no,no,low
Atomoxetine,stimulants-dat-inhibitors,yes,no,no,no,yes,no,yes,no,yes,yes,yes,yes,yes,yes,high
Atropine,serotonergic-tryptamines-and-lsd,no,no,no,no,no,no,no,no,no,no,yes,yes,no,no,low
Avizafone,benzos-and-z-drugs,no,no,no,no,yes,no,yes,no,yes,no,no,no,no,yes,medium
avorelin acetate,serotonergic-tryptamines-and-lsd,no,no,no,no,no,no,no,no,no,no,yes,yes,no,no,low
Ayahuasca,mdma-and-entactogens,no,no,no,no,yes,no,no,no,no,no,yes,yes,no,no,high
azagly-nafarelin,serotonergic-tryptamines-and-lsd,no,no,no,no,no,no,no,no,no,no,yes,yes,no,no,low
Baclofen,gaba-depressants-other,yes,yes,no,yes,yes,no,yes,no,yes,yes,yes,yes,no,yes,high
Barbital,gaba-depressants-other,no,no,no,no,yes,no,yes,no,yes,no,yes,yes,no,yes,medium
BC-264,serotonergic-tryptamines-and-lsd,no,no,no,no,no,no,no,no,no,no,yes,yes,no,no,low
Befuraline,prescription-psychiatrics,no,no,no,no,yes,no,no,no,yes,no,yes,yes,no,yes,low
Bentazepam,benzos-and-z-drugs,no,no,no,no,yes,no,no,no,no,no,no,no,no,yes,low
Benzodioxole-fentanyl,designer-opioids,no,no,no,no,yes,no,no,no,yes,no,yes,yes,yes,no,low
Benzphetamine,stimulants-amphetamines,no,no,no,no,yes,no,yes,no,yes,no,no,no,no,yes,medium
beta-hydroxytryptophane,serotonergic-tryptamines-and-lsd,no,no,no,no,no,no,no,no,no,no,yes,yes,no,no,low
Bisfluoromodafinil,stimulants-dat-inhibitors,yes,no,no,no,yes,no,no,no,no,no,no,no,no,yes,medium
Bk-2c-b,serotonergic-phenethylamine-psychedelics,no,no,no,no,yes,no,no,no,no,no,no,no,no,no,low
Bk-2c-i,serotonergic-phenethylamine-psychedelics,no,no,no,no,yes,no,no,no,no,no,no,no,no,no,low
Boc-L-tryptophan N-hydroxysuccinimide ester,serotonergic-tryptamines-and-lsd,no,no,no,no,no,no,no,no,no,no,yes,yes,no,no,low
BOH,mdma-and-entactogens,no,no,no,no,yes,no,no,no,no,no,yes,yes,no,no,low
BPC-157,nootropics-other,no,yes,no,no,yes,no,yes,no,no,no,yes,yes,no,yes,low
Brasofensine,stimulants-dat-inhibitors,yes,no,no,no,yes,no,no,no,no,no,no,no,no,yes,medium
Brephedrone,stimulants-cathinones,yes,no,no,no,yes,no,no,no,no,no,yes,yes,yes,yes,low
Brivaracetam,ampakines-and-racetams,yes,no,no,no,yes,yes,yes,no,yes,yes,yes,yes,yes,yes,high
Bromadol,classical-opioids,yes,no,no,no,yes,no,no,no,no,no,yes,yes,yes,yes,low
Bromantane,nootropics-other,no,yes,no,no,yes,no,yes,no,no,no,yes,yes,yes,yes,medium
Bromazepam,benzos-and-z-drugs,no,no,no,no,yes,no,yes,no,yes,yes,yes,yes,no,yes,high
Bromazolam,benzos-and-z-drugs,no,no,no,no,yes,no,no,no,yes,no,no,no,no,yes,medium
Bromo-dragonfly,serotonergic-phenethylamine-psychedelics,yes,no,no,no,yes,no,yes,no,yes,yes,no,yes,yes,yes,high
Bromoketamine,arylcyclohexylamines,no,no,no,no,yes,no,no,no,no,no,yes,yes,no,no,low
Brorphine,designer-opioids,yes,yes,yes,no,yes,no,no,no,yes,no,yes,yes,no,yes,high
Brotizolam,benzos-and-z-drugs,no,no,no,no,yes,no,yes,no,yes,no,no,no,no,yes,medium
BTCP,arylcyclohexylamines,yes,no,no,no,yes,no,no,no,yes,no,yes,yes,no,yes,high
Bufotenin,serotonergic-tryptamines-and-lsd,yes,yes,no,no,yes,no,yes,no,yes,no,yes,yes,yes,yes,medium
bufotenine,serotonergic-tryptamines-and-lsd,no,no,no,no,yes,no,no,no,no,no,yes,yes,no,yes,medium
bufoviridine,serotonergic-tryptamines-and-lsd,no,no,no,no,no,no,no,no,no,no,yes,yes,no,no,low
Buphedrone,stimulants-cathinones,yes,no,no,no,yes,no,no,no,no,no,yes,yes,no,yes,medium
Buprenorphine,classical-opioids,yes,yes,no,no,yes,yes,yes,yes,yes,yes,yes,yes,yes,yes,high
Bupropion,stimulants-dat-inhibitors,yes,yes,no,no,yes,no,yes,no,yes,yes,yes,yes,yes,yes,high
buserelin,serotonergic-tryptamines-and-lsd,no,no,no,no,no,no,no,no,no,no,yes,yes,no,no,low
Butonitazene,designer-opioids,yes,no,no,no,yes,no,no,no,no,no,yes,yes,no,yes,high
Butorphanol,classical-opioids,yes,no,no,no,yes,no,yes,no,yes,no,yes,yes,yes,yes,medium
Butylcathinone,stimulants-cathinones,no,no,no,no,yes,no,no,no,no,no,yes,yes,no,no,low
Butylone,stimulants-cathinones,yes,no,no,no,yes,no,no,no,no,no,yes,yes,no,yes,high
Butyrfentanyl,designer-opioids,yes,no,no,no,yes,no,no,no,yes,yes,yes,yes,yes,yes,high
C-Glycosyltryptophan,serotonergic-tryptamines-and-lsd,no,no,no,no,no,no,no,no,no,no,yes,yes,no,no,low
C30-nbome,serotonergic-phenethylamine-psychedelics,no,no,no,no,yes,no,no,no,no,no,no,no,no,no,low
Camazepam,serotonergic-phenethylamine-psychedelics,yes,no,no,no,yes,no,yes,no,yes,no,no,yes,no,yes,high
Canket,arylcyclohexylamines,no,no,no,no,yes,no,no,no,no,no,yes,yes,no,no,low
Cannabichromene,cannabinoids,yes,no,no,no,yes,no,no,no,yes,no,yes,yes,yes,yes,medium
Cannabidiolic acid,cannabinoids,yes,no,no,no,yes,no,no,no,yes,no,yes,yes,yes,yes,medium
Cannabigerol,cannabinoids,yes,no,no,no,yes,no,no,no,no,no,yes,yes,no,yes,medium
Cannabis,cannabinoids,yes,yes,no,yes,yes,yes,yes,yes,yes,yes,yes,yes,yes,yes,high
Carfentanil,designer-opioids,yes,yes,yes,no,yes,yes,yes,no,yes,no,yes,yes,yes,yes,high
Carisoprodol,gaba-depressants-other,yes,no,no,no,yes,no,yes,no,yes,yes,yes,yes,no,yes,high
CBDV,cannabinoids,yes,no,no,no,yes,no,yes,no,no,no,yes,yes,no,yes,medium
CBN,cannabinoids,yes,no,no,no,yes,no,yes,no,yes,no,yes,yes,no,yes,medium
CBNA,cannabinoids,no,no,no,no,yes,no,no,no,yes,no,yes,yes,no,yes,low
cbp-501,serotonergic-tryptamines-and-lsd,no,no,no,no,no,no,no,no,no,no,yes,yes,no,no,low
CCK-4,serotonergic-tryptamines-and-lsd,no,no,no,no,no,no,no,no,no,no,yes,yes,no,no,low
CE-123,stimulants-dat-inhibitors,yes,no,no,no,yes,no,no,no,no,no,no,no,no,no,medium
Centrophenoxine,nootropics-other,no,no,no,no,yes,no,yes,no,yes,no,yes,yes,no,yes,low
Cerebrolysin,nootropics-other,no,no,no,no,yes,no,yes,no,no,no,yes,yes,no,yes,medium
ceruletide,serotonergic-tryptamines-and-lsd,no,no,no,no,no,no,no,no,no,no,yes,yes,no,no,low
ceruletide diethylamine,serotonergic-tryptamines-and-lsd,no,no,no,no,no,no,no,no,no,no,yes,yes,no,no,low
cgs-35601,serotonergic-tryptamines-and-lsd,no,no,no,no,no,no,no,no,no,no,yes,yes,no,no,low
Chloral Hydrate,gaba-depressants-other,yes,no,no,no,yes,no,yes,no,yes,yes,yes,yes,yes,yes,high
Chloral-betaine,gaba-depressants-other,no,no,no,no,yes,no,no,no,no,no,yes,yes,no,yes,medium
Chlordiazepoxide,benzos-and-z-drugs,no,no,no,no,yes,no,yes,no,yes,no,yes,yes,no,yes,high
Chloroform,gaba-depressants-other,no,no,no,no,yes,no,yes,no,yes,no,yes,yes,yes,yes,medium
Chlorpheniramine,deliriants-anticholinergics,yes,no,no,no,yes,yes,yes,yes,yes,yes,yes,yes,yes,yes,high
CI-1015,serotonergic-tryptamines-and-lsd,no,no,no,no,no,no,no,no,no,no,yes,yes,no,no,low
cinnamoyl tryptamine,serotonergic-tryptamines-and-lsd,no,no,no,no,no,no,no,no,no,no,yes,yes,no,no,low
Cinolazepam,benzos-and-z-drugs,no,no,no,no,yes,no,yes,no,no,no,no,no,no,yes,low
Citalopram,prescription-psychiatrics,yes,no,no,no,yes,yes,yes,yes,yes,yes,yes,yes,yes,yes,high
Citicoline,nootropics-other,no,no,no,no,yes,no,yes,no,no,no,yes,yes,no,yes,medium
Clobazam,benzos-and-z-drugs,no,no,no,no,yes,no,yes,no,yes,yes,yes,yes,no,yes,high
Clobromazolam,benzos-and-z-drugs,no,no,no,no,yes,no,no,no,yes,no,no,no,no,no,medium
Clomethiazole,gaba-depressants-other,no,no,no,no,yes,no,yes,no,yes,yes,yes,yes,no,yes,medium
Clonazepam,benzos-and-z-drugs,yes,no,no,no,yes,no,yes,no,yes,yes,yes,yes,no,yes,high
Clonazolam,benzos-and-z-drugs,no,no,no,no,yes,no,no,no,yes,no,no,yes,no,yes,medium
Clonidine,gaba-depressants-other,yes,no,no,no,yes,no,yes,no,yes,yes,yes,yes,no,yes,high
Cloniprazepam,benzos-and-z-drugs,no,no,no,no,yes,no,no,no,no,no,no,no,no,no,low
Clonitazene,designer-opioids,yes,no,no,no,yes,no,no,no,no,no,yes,yes,no,yes,high
Clorazepate,benzos-and-z-drugs,no,no,no,no,yes,no,yes,no,yes,yes,yes,no,no,yes,high
Clotiazepam,benzos-and-z-drugs,no,no,no,no,yes,no,yes,no,yes,no,no,no,no,yes,low
Cloxazolam,benzos-and-z-drugs,no,no,no,no,yes,no,no,no,yes,no,no,no,no,yes,low
Cocaine,stimulants-dat-inhibitors,yes,yes,no,no,yes,yes,yes,yes,yes,no,no,no,yes,yes,high
Codeine,classical-opioids,yes,no,no,no,yes,no,yes,no,yes,yes,yes,yes,no,yes,high
Coluracetam,ampakines-and-racetams,no,yes,no,no,yes,no,no,no,no,no,yes,yes,no,yes,low
Crack,stimulants-dat-inhibitors,no,no,no,no,yes,no,yes,no,no,no,no,no,no,yes,high
"CRL-40,941",stimulants-dat-inhibitors,no,no,no,no,yes,no,no,no,no,no,no,no,yes,yes,low
CX-1739,ampakines-and-racetams,no,yes,no,no,yes,no,yes,yes,no,no,yes,yes,no,yes,low
CX-1942,ampakines-and-racetams,no,no,no,no,yes,no,no,no,no,no,yes,yes,no,no,low
CX-516,ampakines-and-racetams,no,yes,no,no,yes,no,yes,no,no,no,yes,yes,yes,yes,medium
CX-546,ampakines-and-racetams,no,yes,no,no,yes,no,no,no,no,no,yes,yes,no,yes,medium
CX-614,ampakines-and-racetams,no,yes,no,no,yes,no,no,no,no,no,yes,yes,yes,yes,high
CX-691,ampakines-and-racetams,no,yes,no,no,yes,yes,yes,yes,no,no,yes,yes,yes,yes,medium
CX-717,ampakines-and-racetams,no,yes,no,no,yes,yes,yes,no,no,no,yes,yes,no,yes,medium
Cyclazodone,stimulants-amphetamines,no,no,no,no,yes,no,no,no,no,no,no,no,no,no,low
Cyclizine,gaba-depressants-other,no,no,no,no,yes,no,yes,no,yes,no,yes,yes,no,yes,medium
Cyclo-methiodrone,mdma-and-entactogens,no,no,no,no,yes,no,no,no,no,no,yes,yes,no,no,low
Cyclobenzaprine,gaba-depressants-other,yes,no,no,no,yes,no,yes,no,yes,yes,yes,yes,yes,yes,medium
Cyclobutylketamine,arylcyclohexylamines,no,no,no,no,yes,no,no,no,no,no,yes,yes,no,no,low
Cyclopentyl-fentanyl,designer-opioids,no,no,no,no,yes,no,no,no,yes,yes,yes,yes,yes,no,low
Cyclopropylketamine,arylcyclohexylamines,no,no,no,no,yes,no,no,no,no,no,yes,yes,no,no,low
Cyputylone,stimulants-cathinones,no,no,no,no,yes,no,no,no,no,no,yes,yes,no,no,low
Cys(IAN)-Gly,serotonergic-tryptamines-and-lsd,no,no,no,no,no,no,no,no,no,no,yes,yes,no,no,low
Cytisine,nootropics-other,yes,no,no,no,yes,no,yes,no,no,no,yes,yes,no,yes,high
D-5-hydroxytryptophan,serotonergic-tryptamines-and-lsd,no,no,no,no,no,no,no,no,no,no,yes,yes,no,no,low
D-methamphetamine,stimulants-amphetamines,no,yes,no,no,yes,no,yes,no,yes,no,no,no,no,yes,high
D-synephrine(1+),stimulants-amphetamines,no,no,no,no,yes,no,no,no,no,no,no,no,no,no,low
D-Tryptophan,serotonergic-tryptamines-and-lsd,no,no,no,no,no,no,no,no,no,no,yes,yes,no,no,low
D-Tryptophan methyl ester hydrochloride,serotonergic-tryptamines-and-lsd,no,no,no,no,no,no,no,no,no,no,yes,yes,no,no,low
D-tryptophanate,serotonergic-tryptamines-and-lsd,no,no,no,no,no,no,no,no,no,no,yes,yes,no,no,low
D-tryptophanium,serotonergic-tryptamines-and-lsd,no,no,no,no,no,no,no,no,no,no,yes,yes,no,no,low
D-Tryptophyl-D-tryptophan,serotonergic-tryptamines-and-lsd,no,no,no,no,no,no,no,no,no,no,yes,yes,no,no,low
dacinostat,serotonergic-tryptamines-and-lsd,no,no,no,no,no,no,no,no,no,no,yes,yes,no,no,low
Dasotraline,stimulants-dat-inhibitors,yes,no,no,no,yes,no,yes,no,no,no,no,no,no,yes,high
Datura,gaba-depressants-other,no,no,no,no,yes,no,no,no,no,no,yes,yes,no,no,high
DBT,serotonergic-tryptamines-and-lsd,no,no,no,no,no,no,no,no,no,no,yes,yes,no,no,low
Dehydronorketamine,arylcyclohexylamines,yes,yes,no,no,no,no,no,no,no,no,yes,yes,no,yes,medium
Delorazepam,benzos-and-z-drugs,no,no,no,no,yes,no,yes,no,yes,no,no,no,no,yes,medium
Demerol,classical-opioids,yes,no,no,no,yes,no,yes,no,yes,yes,yes,yes,yes,yes,high
deoxyepinephrine,stimulants-amphetamines,no,no,no,no,yes,no,no,no,no,no,no,no,no,yes,medium
Deoxymethoxetamine,arylcyclohexylamines,no,no,no,no,yes,no,no,no,no,no,yes,yes,no,yes,low
dermaseptin s3(1-16)-NH2,serotonergic-tryptamines-and-lsd,no,no,no,no,no,no,no,no,no,no,yes,yes,no,no,low
Deschloroetizolam,benzos-and-z-drugs,no,no,no,no,yes,no,no,no,no,no,no,no,no,yes,low
Deschloroketamine,arylcyclohexylamines,yes,yes,no,no,yes,no,yes,no,yes,no,yes,yes,no,yes,high
desglymidodrine,gaba-depressants-other,no,no,no,no,yes,no,no,no,no,no,yes,yes,no,yes,high
Desmethylflunitrazepam,benzos-and-z-drugs,no,no,no,no,yes,no,no,no,yes,no,no,no,no,yes,low
Desomorphine,classical-opioids,yes,no,no,no,yes,no,yes,no,yes,no,yes,yes,yes,yes,medium
DESOXY,stimulants-amphetamines,no,no,no,no,yes,no,no,no,no,no,no,no,no,no,low
Desoxyfructose-5-methoxytryptamine,serotonergic-tryptamines-and-lsd,no,no,no,no,no,no,no,no,no,no,yes,yes,no,no,low
DET,serotonergic-tryptamines-and-lsd,yes,yes,no,no,yes,no,yes,no,yes,no,yes,yes,yes,yes,low
Dexedrine,stimulants-amphetamines,no,no,no,no,yes,no,yes,no,no,no,no,no,no,yes,high
Dextroamphetamine,stimulants-amphetamines,no,yes,no,no,yes,yes,yes,no,yes,yes,yes,no,no,yes,high
Dextromethorphan,other-dissociatives,yes,no,no,no,yes,no,yes,no,yes,yes,yes,yes,yes,yes,high
Dextromethorphan Hydrobromide,other-dissociatives,no,no,no,no,yes,no,yes,no,yes,no,yes,yes,yes,yes,high
Dextropropoxyphene,classical-opioids,yes,no,no,no,yes,no,yes,no,yes,yes,yes,yes,yes,yes,high
Diazepam,benzos-and-z-drugs,yes,no,no,no,yes,yes,yes,no,yes,yes,yes,yes,no,yes,high
Dibutylone,stimulants-cathinones,yes,no,no,no,yes,no,no,no,yes,no,yes,yes,no,yes,medium
Diclazepam,benzos-and-z-drugs,no,no,no,no,yes,no,yes,no,yes,no,no,no,no,yes,high
didemnidine A,serotonergic-tryptamines-and-lsd,no,no,no,no,no,no,no,no,no,no,yes,yes,no,no,low
Didemnidine B,serotonergic-tryptamines-and-lsd,no,no,no,no,no,no,no,no,no,no,yes,yes,no,no,low
Diethyl-ether,gaba-depressants-other,no,no,no,no,yes,no,yes,no,no,no,yes,yes,no,yes,medium
Dihexa,nootropics-other,no,yes,no,no,yes,no,no,no,no,no,yes,yes,yes,yes,low
Dihydrocodeine,classical-opioids,yes,no,no,no,yes,no,yes,no,yes,yes,yes,yes,no,yes,medium
Dimemebfe,mdma-and-entactogens,no,no,no,no,yes,no,no,no,no,no,yes,yes,no,no,low
Dimenhydrinate,gaba-depressants-other,no,no,no,no,yes,no,no,no,no,no,yes,yes,no,yes,high
Dimethylketamine,arylcyclohexylamines,no,no,no,no,yes,no,no,no,no,no,yes,yes,no,no,low
Dimethylone,stimulants-cathinones,yes,no,no,no,yes,no,no,no,no,no,yes,yes,no,yes,low
Dimethylpentylone,stimulants-cathinones,yes,no,no,no,yes,no,no,no,yes,no,yes,yes,no,yes,medium
dimethyltryptamine fumarate,serotonergic-tryptamines-and-lsd,no,no,no,no,yes,no,yes,no,yes,no,yes,yes,no,no,medium
DIMETHYLTRYPTAMINE HYDROCHLORIDE,serotonergic-tryptamines-and-lsd,no,no,no,no,yes,no,no,no,no,no,yes,yes,no,no,medium
dimethyltryptamine methiodide,serotonergic-tryptamines-and-lsd,no,no,no,no,no,no,no,no,no,no,yes,yes,no,no,low
Dimethyltryptamine-N-oxide,serotonergic-tryptamines-and-lsd,no,no,no,no,no,no,no,no,no,no,yes,yes,no,no,low
Dimiracetam,ampakines-and-racetams,no,no,no,no,yes,no,no,no,no,no,yes,yes,no,yes,low
Dipentylone,stimulants-cathinones,no,no,no,no,yes,no,no,no,no,no,yes,yes,no,yes,medium
Diphenhydramine,gaba-depressants-other,yes,no,no,no,yes,no,yes,no,yes,yes,yes,yes,yes,yes,high
Diphenidine,other-dissociatives,yes,yes,no,no,yes,no,no,no,yes,no,yes,yes,yes,yes,medium
Dipipanone,classical-opioids,yes,no,no,no,yes,no,yes,no,yes,no,yes,yes,yes,yes,medium
DIPT,serotonergic-tryptamines-and-lsd,yes,no,no,no,yes,no,no,no,no,no,yes,yes,no,yes,low
Disitertide,serotonergic-tryptamines-and-lsd,no,no,no,no,no,no,no,no,no,no,yes,yes,no,no,low
Divinatorin A,dysdelics-and-kor-ligands,yes,no,no,no,no,no,no,no,no,no,yes,yes,no,no,low
Divinatorin B,dysdelics-and-kor-ligands,yes,no,no,no,no,no,no,no,no,no,yes,yes,no,no,low
Dizocilpine,other-dissociatives,yes,no,no,no,yes,no,yes,no,yes,no,yes,yes,yes,yes,high
DL-5-fluorotryptophan,serotonergic-tryptamines-and-lsd,no,no,no,no,no,no,no,no,no,no,yes,yes,no,no,low
DL-5-hydroxytryptophan,serotonergic-tryptamines-and-lsd,no,no,no,no,no,no,no,no,no,no,yes,yes,no,no,low
DL-6-fluorotryptophan,serotonergic-tryptamines-and-lsd,no,no,no,no,no,no,no,no,no,no,yes,yes,no,no,low
DL-acetyltryptophan,serotonergic-tryptamines-and-lsd,no,no,no,no,no,no,no,no,no,no,yes,yes,no,no,low
DL-methamphetamine,stimulants-amphetamines,no,no,no,no,yes,no,no,no,no,no,no,no,no,yes,high
DL-tryptophan,serotonergic-tryptamines-and-lsd,no,no,no,no,no,no,no,no,no,no,yes,yes,no,no,low
DL-Tryptophan methyl ester hydrochloride,serotonergic-tryptamines-and-lsd,no,no,no,no,no,no,no,no,no,no,yes,yes,no,no,low
DL-tryptophanol,serotonergic-tryptamines-and-lsd,no,no,no,no,no,no,no,no,no,no,yes,yes,no,no,low
Dmaa,stimulants-amphetamines,no,no,no,no,yes,no,yes,no,no,no,no,no,yes,yes,medium
DMAE,gaba-depressants-other,no,no,no,no,yes,no,no,no,no,no,yes,yes,no,yes,low
DMCPA,serotonergic-phenethylamine-psychedelics,no,no,no,no,yes,no,no,no,no,no,no,no,no,no,low
DMHA,stimulants-amphetamines,no,no,no,no,yes,no,no,no,no,no,no,no,yes,yes,low
DMMDA,mdma-and-entactogens,no,no,no,no,yes,no,no,no,no,no,yes,yes,no,no,low
DMMDA-2,mdma-and-entactogens,no,no,no,no,yes,no,no,no,no,no,yes,yes,no,no,low
DMT,serotonergic-tryptamines-and-lsd,yes,yes,yes,no,yes,yes,yes,yes,yes,yes,yes,yes,yes,yes,high
DMXE,arylcyclohexylamines,yes,no,no,no,no,no,no,no,no,no,yes,yes,no,yes,low
DMXM,arylcyclohexylamines,no,no,no,no,no,no,no,no,no,no,yes,yes,no,no,low
DOAM,serotonergic-phenethylamine-psychedelics,no,no,no,no,yes,no,no,no,no,no,no,no,no,no,low
DOB,serotonergic-phenethylamine-psychedelics,yes,yes,no,no,yes,no,yes,no,no,no,no,yes,no,yes,high
DOBU,serotonergic-phenethylamine-psychedelics,no,no,no,no,yes,no,no,no,no,no,no,no,no,no,low
DOC,serotonergic-phenethylamine-psychedelics,yes,no,no,no,yes,no,yes,no,no,no,no,yes,no,yes,high
DOEF,serotonergic-phenethylamine-psychedelics,no,no,no,no,yes,no,no,no,no,no,no,no,no,no,low
DOET,serotonergic-phenethylamine-psychedelics,yes,no,no,no,yes,no,yes,no,yes,no,no,no,no,yes,medium
DOI,serotonergic-phenethylamine-psychedelics,yes,yes,yes,yes,yes,no,no,no,yes,no,no,yes,no,yes,high
Doip,serotonergic-phenethylamine-psychedelics,no,no,no,no,yes,no,no,no,no,no,no,no,no,no,low
DOM,serotonergic-phenethylamine-psychedelics,yes,no,no,no,yes,no,yes,no,yes,no,no,yes,no,yes,high
DON,serotonergic-phenethylamine-psychedelics,no,no,no,no,yes,no,no,no,no,no,no,no,no,no,low
dopamine,stimulants-amphetamines,no,no,no,no,yes,no,yes,no,yes,no,no,no,no,yes,high
DOPR,serotonergic-phenethylamine-psychedelics,no,no,no,no,yes,no,yes,no,no,no,no,no,no,yes,low
Doxylamine,serotonergic-phenethylamine-psychedelics,yes,no,no,no,yes,no,yes,no,yes,no,yes,no,no,yes,high
DPT,serotonergic-tryptamines-and-lsd,yes,no,no,no,yes,no,no,no,no,no,yes,yes,no,yes,low
Dramamine,gaba-depressants-other,no,no,no,no,yes,no,no,no,no,no,yes,yes,no,no,high
DXM Polistirex,other-dissociatives,no,no,no,no,yes,no,yes,no,yes,no,yes,yes,no,yes,medium
Dxme,other-dissociatives,no,no,no,no,no,no,no,no,no,no,yes,yes,no,no,low
Dynorphin A (2-17),serotonergic-tryptamines-and-lsd,no,no,no,no,no,no,no,no,no,no,yes,yes,no,no,low
E; ESCALINE,serotonergic-phenethylamine-psychedelics,no,no,no,no,yes,no,no,no,no,no,no,no,no,yes,low
EDMC,stimulants-cathinones,no,no,no,no,yes,no,no,no,no,no,yes,yes,no,no,low
Eflea,serotonergic-phenethylamine-psychedelics,no,no,no,no,no,no,no,no,no,no,no,no,no,no,low
EIPT,serotonergic-tryptamines-and-lsd,no,no,no,no,yes,no,no,no,no,no,yes,yes,no,no,low
Encenicline,nootropics-other,no,yes,no,no,yes,no,yes,no,no,no,yes,yes,yes,yes,medium
endomorphin-1,serotonergic-phenethylamine-psychedelics,yes,no,no,no,yes,no,no,no,no,no,no,no,no,yes,high
Ephedrine,stimulants-amphetamines,no,yes,no,no,yes,no,yes,no,yes,no,no,no,no,yes,high
Ephenidine,other-dissociatives,yes,yes,no,no,yes,no,no,no,no,no,yes,yes,no,yes,medium
epinephrine,serotonergic-tryptamines-and-lsd,no,no,no,no,no,no,no,no,no,no,yes,yes,no,no,low
Ept,serotonergic-tryptamines-and-lsd,no,no,no,no,no,no,no,no,no,no,yes,yes,no,no,low
Ergotryptamine,serotonergic-tryptamines-and-lsd,no,no,no,no,no,no,no,no,no,no,yes,yes,no,no,low
Escaline,serotonergic-phenethylamine-psychedelics,yes,no,no,no,yes,no,yes,no,yes,yes,no,yes,no,yes,medium
Escitalopram,prescription-psychiatrics,yes,no,no,no,yes,yes,yes,no,yes,yes,yes,yes,yes,yes,high
Esketamine,arylcyclohexylamines,yes,yes,no,no,yes,yes,yes,no,yes,yes,yes,yes,yes,yes,high
Estazolam,benzos-and-z-drugs,no,no,no,no,yes,no,yes,no,yes,no,no,no,no,yes,medium
Eszopiclone,benzos-and-z-drugs,yes,no,no,no,yes,no,yes,no,yes,yes,no,yes,yes,yes,high
Etazene,designer-opioids,yes,no,no,no,yes,no,no,no,no,no,yes,yes,no,yes,high
ETH-LAD,serotonergic-tryptamines-and-lsd,yes,no,no,no,yes,no,no,no,no,no,yes,yes,no,yes,low
Ethaqualone,gaba-depressants-other,no,no,no,no,yes,no,no,no,no,no,yes,yes,no,yes,low
Ethketamine,arylcyclohexylamines,no,yes,no,no,yes,no,no,no,no,no,yes,yes,no,no,medium
Ethyl-pentedrone,stimulants-cathinones,yes,no,no,no,yes,no,yes,no,no,no,yes,yes,no,yes,medium
Ethylcathinone,stimulants-cathinones,yes,no,no,no,yes,no,no,no,yes,no,yes,yes,no,yes,medium
ethylisopropyltryptamine,serotonergic-tryptamines-and-lsd,no,no,no,no,no,no,no,no,no,no,yes,yes,no,no,low
Ethylketamine,arylcyclohexylamines,no,no,no,no,yes,no,no,no,no,no,yes,yes,no,no,medium
Ethylmorphine,classical-opioids,yes,no,no,no,yes,no,yes,no,yes,no,yes,yes,no,yes,low
Ethylone,stimulants-cathinones,yes,no,no,no,yes,no,no,no,yes,no,yes,yes,no,yes,medium
Ethylphenidate,stimulants-dat-inhibitors,yes,no,no,no,yes,no,no,no,yes,no,no,no,no,yes,medium
Eticyclidone,arylcyclohexylamines,no,no,no,no,yes,no,no,no,no,no,yes,yes,no,yes,low
Etiracetam,ampakines-and-racetams,yes,no,no,no,yes,no,no,no,no,no,yes,yes,no,yes,high
Etizolam,benzos-and-z-drugs,yes,yes,no,no,yes,no,yes,no,yes,yes,no,yes,no,yes,high
Etodesnitazene,designer-opioids,yes,no,no,no,yes,no,no,no,no,no,yes,yes,no,yes,high
Etonitazene,designer-opioids,yes,no,no,no,yes,no,no,no,yes,no,yes,yes,no,yes,high
etryptamine,serotonergic-tryptamines-and-lsd,no,no,no,no,yes,no,no,no,no,no,yes,yes,no,yes,low
etryptamine hydrochloride,serotonergic-tryptamines-and-lsd,no,no,no,no,yes,no,no,no,no,no,yes,yes,no,no,low
Eutylone,stimulants-cathinones,yes,no,no,no,yes,no,no,no,no,no,yes,yes,no,yes,high
examorelin,serotonergic-tryptamines-and-lsd,no,no,no,no,no,no,no,no,no,no,yes,yes,no,no,low
EXP-561,prescription-psychiatrics,no,yes,no,no,yes,no,no,no,no,no,yes,yes,no,no,low
F-Phenibut,gaba-depressants-other,no,no,no,no,yes,no,no,no,no,no,yes,yes,no,no,low
Fasoracetam,gaba-depressants-other,no,no,no,no,yes,no,yes,no,no,no,yes,yes,no,yes,low
Fenethylline,stimulants-amphetamines,no,no,no,no,yes,no,yes,no,yes,no,no,no,no,yes,medium
Fenfluramine,stimulants-amphetamines,yes,yes,no,no,yes,no,yes,no,yes,yes,yes,no,yes,yes,high
Fentanyl,designer-opioids,yes,yes,yes,no,yes,yes,yes,yes,yes,yes,yes,yes,yes,yes,high
fertirelin,serotonergic-tryptamines-and-lsd,no,no,no,no,no,no,no,no,no,no,yes,yes,no,no,low
FLEA,serotonergic-phenethylamine-psychedelics,no,no,no,no,yes,no,no,no,no,no,no,no,no,no,low
Flephedrone,stimulants-cathinones,yes,no,no,no,yes,no,no,no,no,no,yes,yes,no,yes,high
Flmodafinil,stimulants-dat-inhibitors,no,no,no,no,no,no,no,no,no,no,no,no,no,yes,medium
Flualprazolam,benzos-and-z-drugs,no,no,no,no,yes,no,yes,no,yes,no,no,yes,no,yes,high
Flubromazepam,benzos-and-z-drugs,no,no,no,no,yes,no,yes,no,yes,no,no,yes,no,yes,high
Flubromazolam,benzos-and-z-drugs,no,no,no,no,yes,no,yes,no,yes,no,no,yes,no,yes,high
Flubrotizolam,gaba-depressants-other,no,no,no,no,yes,no,no,no,no,no,yes,yes,no,no,low
Fluclotizolam,benzos-and-z-drugs,no,no,no,no,yes,no,no,no,no,no,no,no,no,yes,low
Fluetizolam,benzos-and-z-drugs,no,no,no,no,yes,no,no,no,no,no,no,no,no,no,low
Fluminorex,stimulants-amphetamines,no,no,no,no,yes,no,no,no,no,no,no,no,no,no,low
Flunitazene,designer-opioids,yes,no,no,no,yes,no,no,no,no,no,yes,yes,no,no,high
Flunitrazepam,benzos-and-z-drugs,yes,no,no,no,yes,no,yes,no,yes,no,yes,yes,no,yes,high
Flunitrazolam,benzos-and-z-drugs,no,no,no,no,yes,no,no,no,no,no,no,no,no,yes,low
Fluorenol,stimulants-dat-inhibitors,no,no,no,no,no,no,no,no,no,no,no,no,no,yes,low
Fluorexetamine,arylcyclohexylamines,yes,no,no,no,yes,no,no,no,no,no,yes,yes,no,no,low
Fluorolintane,other-dissociatives,yes,no,no,no,yes,no,no,no,no,no,yes,yes,no,no,medium
Fluorophenibut,gaba-depressants-other,no,no,no,no,yes,no,no,no,no,no,yes,yes,no,no,low
Fluoxetine,prescription-psychiatrics,yes,no,no,no,yes,no,yes,no,yes,yes,yes,yes,yes,yes,high
Flurazepam,benzos-and-z-drugs,no,no,no,no,yes,no,yes,no,yes,no,no,yes,no,yes,high
Flutazolam,benzos-and-z-drugs,no,no,no,no,yes,no,no,no,no,no,no,no,no,yes,low
Flutoprazepam,benzos-and-z-drugs,no,no,no,no,yes,no,yes,no,no,no,no,no,no,yes,low
Fluvoxamine,prescription-psychiatrics,yes,no,no,no,yes,no,yes,no,yes,yes,yes,yes,yes,yes,high
Fmoc-D-tryptophan,serotonergic-tryptamines-and-lsd,no,no,no,no,no,no,no,no,no,no,yes,yes,no,no,low
Focalin,stimulants-dat-inhibitors,yes,no,no,no,yes,no,yes,no,yes,no,no,no,no,yes,high
Fosazepam,gaba-depressants-other,no,no,no,no,yes,no,no,no,no,no,yes,yes,no,yes,low
Furanylfentanyl,designer-opioids,yes,no,no,no,yes,no,no,no,yes,yes,yes,yes,yes,yes,high
Gaba,gaba-depressants-other,no,no,no,no,yes,no,yes,no,yes,no,yes,yes,no,yes,high
Gabapentin,gaba-depressants-other,yes,yes,no,no,yes,no,yes,yes,yes,yes,yes,yes,yes,yes,high
Galantamine,nootropics-other,no,yes,no,no,yes,no,yes,no,yes,yes,yes,yes,no,yes,high
gammaGluCys(IAN),serotonergic-tryptamines-and-lsd,no,no,no,no,no,no,no,no,no,no,yes,yes,no,no,low
gammaGluCys(IAN)Glu,serotonergic-tryptamines-and-lsd,no,no,no,no,no,no,no,no,no,no,yes,yes,no,no,low
gastrin-14,serotonergic-tryptamines-and-lsd,no,no,no,no,no,no,no,no,no,no,yes,yes,no,no,low
gastrin-17,serotonergic-tryptamines-and-lsd,no,no,no,no,no,no,no,no,no,no,yes,yes,no,no,low
GBL,gaba-depressants-other,yes,no,no,no,yes,no,yes,no,yes,yes,yes,yes,yes,yes,high
GHB,gaba-depressants-other,yes,yes,no,no,yes,yes,yes,yes,yes,yes,yes,yes,yes,yes,high
GHRP-6,serotonergic-tryptamines-and-lsd,no,no,no,no,no,no,no,no,no,no,yes,yes,no,no,low
Gidazepam,benzos-and-z-drugs,no,no,no,no,yes,no,no,no,yes,no,no,no,no,yes,low
Glaucine,classical-opioids,yes,no,no,no,yes,no,yes,no,no,no,yes,yes,no,yes,medium
glucobrassicin,serotonergic-tryptamines-and-lsd,no,no,no,no,no,no,no,no,no,no,yes,yes,no,no,low
glucobrassicin(1-),serotonergic-tryptamines-and-lsd,no,no,no,no,no,no,no,no,no,no,yes,yes,no,no,low
Glutethimide,gaba-depressants-other,no,no,no,no,yes,no,yes,no,yes,yes,yes,yes,yes,yes,medium
glycyl-L-tryptophan 2-naphthylamide,serotonergic-tryptamines-and-lsd,no,no,no,no,no,no,no,no,no,no,yes,yes,no,no,low
glycyltryptophan,serotonergic-tryptamines-and-lsd,no,no,no,no,no,no,no,no,no,no,yes,yes,no,no,low
GnRH I,serotonergic-tryptamines-and-lsd,no,no,no,no,no,no,no,no,no,no,yes,yes,no,no,low
gonadorelin,serotonergic-tryptamines-and-lsd,no,no,no,no,no,no,no,no,no,no,yes,yes,no,no,low
goserelin acetate,serotonergic-tryptamines-and-lsd,no,no,no,no,no,no,no,no,no,no,yes,yes,no,no,low
GR100679,serotonergic-tryptamines-and-lsd,no,no,no,no,no,no,no,no,no,no,yes,yes,no,no,low
GR94800,serotonergic-tryptamines-and-lsd,no,no,no,no,no,no,no,no,no,no,yes,yes,no,no,low
Growth hormone releasing hexapeptide,serotonergic-tryptamines-and-lsd,no,no,no,no,no,no,no,no,no,no,yes,yes,no,no,low
Halazepam,benzos-and-z-drugs,no,no,no,no,yes,no,no,no,yes,no,no,no,no,yes,medium
Halothane,gaba-depressants-other,no,no,no,no,yes,no,yes,no,yes,no,yes,yes,yes,yes,high
HARMALINE,serotonergic-tryptamines-and-lsd,yes,no,no,no,yes,no,yes,no,yes,yes,yes,yes,no,yes,high
HARMINE,serotonergic-tryptamines-and-lsd,yes,no,no,no,yes,no,yes,no,yes,yes,yes,yes,no,yes,high
Herkinorin,dysdelics-and-kor-ligands,yes,yes,yes,no,yes,no,no,no,yes,no,yes,yes,yes,yes,medium
Heroin,classical-opioids,yes,no,no,no,yes,no,yes,no,yes,no,yes,yes,no,yes,high
Hexedrone,stimulants-cathinones,yes,no,no,no,yes,no,no,no,no,no,yes,yes,no,yes,medium
Hexobarbital,gaba-depressants-other,no,no,no,no,yes,no,yes,no,yes,no,yes,yes,no,yes,medium
histrelin,serotonergic-tryptamines-and-lsd,no,no,no,no,no,no,no,no,no,no,yes,yes,no,no,low
histrelin acetate,serotonergic-tryptamines-and-lsd,no,no,no,no,no,no,no,no,no,no,yes,yes,no,no,low
Homomazindol,stimulants-dat-inhibitors,yes,no,no,no,yes,no,no,no,no,no,no,no,no,no,low
Hordenine,stimulants-amphetamines,no,yes,no,no,yes,no,no,no,yes,no,no,no,no,yes,medium
Hunteriatryptamine,serotonergic-tryptamines-and-lsd,no,no,no,no,no,no,no,no,no,no,yes,yes,no,no,low
Huperzine A,nootropics-other,yes,yes,no,no,yes,no,yes,no,no,yes,yes,yes,yes,yes,high
Hydergine,serotonergic-tryptamines-and-lsd,yes,no,no,no,yes,no,yes,no,yes,yes,yes,yes,yes,yes,medium
Hydrafinil,stimulants-dat-inhibitors,no,no,no,no,yes,no,no,no,no,no,no,no,no,yes,low
Hydrocodone,classical-opioids,yes,no,no,no,yes,no,yes,no,yes,yes,yes,yes,no,yes,high
Hydromorphone,classical-opioids,yes,no,no,no,yes,no,yes,no,yes,yes,yes,yes,no,yes,high
Hydroxetamine,arylcyclohexylamines,no,no,no,no,yes,no,no,no,no,no,yes,yes,no,no,low
Hydroxynorketamine,arylcyclohexylamines,yes,yes,no,no,yes,no,yes,no,yes,no,yes,yes,no,yes,high
Hydroxyzine,gaba-depressants-other,yes,no,no,no,yes,no,yes,no,yes,no,yes,yes,yes,yes,high
hypaphorine,serotonergic-tryptamines-and-lsd,no,no,no,no,no,no,no,no,no,no,yes,yes,no,no,low
Ibogaine,other-dissociatives,yes,no,no,no,yes,no,yes,no,yes,yes,yes,yes,yes,yes,high
Ic-26,classical-opioids,no,no,no,no,yes,no,no,no,no,no,yes,yes,no,no,low
Idebenone,nootropics-other,no,yes,no,no,yes,no,yes,no,yes,no,yes,yes,no,yes,high
IDRA-21,ampakines-and-racetams,no,yes,no,no,yes,yes,no,no,no,no,yes,yes,yes,yes,medium
ilomastat,serotonergic-tryptamines-and-lsd,no,no,no,no,no,no,no,no,no,no,yes,yes,no,no,low
Imuracetam,ampakines-and-racetams,no,no,no,no,yes,no,no,no,no,no,yes,yes,no,yes,low
Indanorex,stimulants-dat-inhibitors,no,no,no,no,yes,no,no,no,no,no,no,no,no,yes,low
Indapyrophenidone,serotonergic-phenethylamine-psychedelics,no,no,no,no,yes,no,no,no,no,no,no,no,no,no,low
Indatraline,stimulants-dat-inhibitors,yes,no,no,no,yes,no,no,no,no,no,no,no,no,yes,medium
indol-3-ylacetaldoxime,serotonergic-phenethylamine-psychedelics,no,no,no,no,yes,no,no,no,no,no,no,no,no,yes,high
Indole-3-acetaldoxime N-oxide,serotonergic-phenethylamine-psychedelics,no,no,no,no,yes,no,no,no,no,no,no,no,no,no,high
indole-3-acetonitrile,serotonergic-tryptamines-and-lsd,no,no,no,no,no,no,no,no,no,no,yes,yes,no,no,low
indolylmethylglucosinolate,serotonergic-tryptamines-and-lsd,no,no,no,no,no,no,no,no,no,no,yes,yes,no,no,low
Indriline,stimulants-dat-inhibitors,no,no,no,no,no,no,no,no,no,no,no,no,no,no,low
IQM-97423,serotonergic-tryptamines-and-lsd,no,no,no,no,no,no,no,no,no,no,yes,yes,no,no,low
IRL 2500,serotonergic-tryptamines-and-lsd,no,no,no,no,no,no,no,no,no,no,yes,yes,no,no,low
IS-159,serotonergic-tryptamines-and-lsd,no,no,no,no,no,no,no,no,no,no,yes,yes,no,no,low
Isobutyrylvalindomycin,serotonergic-phenethylamine-psychedelics,no,no,no,no,yes,no,no,no,no,no,no,no,no,no,medium
Isomethadone,classical-opioids,no,no,no,no,yes,no,no,no,no,no,yes,yes,no,no,low
Isophenmetrazine,stimulants-dat-inhibitors,no,no,no,no,no,no,no,no,no,no,no,no,no,no,low
Isopropylphenidate,stimulants-dat-inhibitors,yes,no,no,no,yes,no,no,no,yes,no,no,no,no,no,medium
Isoproscaline,serotonergic-phenethylamine-psychedelics,no,no,no,no,yes,no,yes,no,no,no,no,no,no,yes,low
Isotonitazene,designer-opioids,yes,no,no,no,yes,no,no,no,yes,no,yes,yes,no,yes,high
Isotonitazepyne,designer-opioids,yes,no,no,no,yes,no,no,no,no,no,yes,yes,no,no,high
isovaleric acid; tryptamine,serotonergic-tryptamines-and-lsd,no,no,no,no,no,no,no,no,no,no,yes,yes,no,no,low
Ispronicline,nootropics-other,no,no,no,no,yes,no,yes,no,no,no,yes,yes,no,yes,medium
J-147,nootropics-other,no,yes,no,no,yes,no,yes,no,no,no,yes,yes,no,yes,low
Jenkem,deliriants-anticholinergics,no,no,no,no,yes,no,no,no,no,no,yes,yes,yes,no,low
JHW-007,stimulants-dat-inhibitors,yes,no,no,no,yes,no,no,no,no,no,no,no,no,yes,medium
JJC8-088,stimulants-dat-inhibitors,yes,no,no,no,yes,no,no,no,no,no,no,no,yes,yes,high
jmv-2810,serotonergic-tryptamines-and-lsd,no,no,no,no,no,no,no,no,no,no,yes,yes,no,no,low
JNJ-7925476,stimulants-dat-inhibitors,yes,no,no,no,yes,no,no,no,no,no,no,no,no,no,medium
JWH-018,cannabinoids,yes,yes,yes,no,yes,no,yes,no,yes,no,yes,yes,yes,yes,high
JWH-073,cannabinoids,yes,no,no,no,yes,no,no,no,yes,no,yes,yes,no,yes,high
JWH-367,mdma-and-entactogens,no,no,no,no,yes,no,no,no,no,no,yes,yes,no,yes,high
Kanna,gaba-depressants-other,yes,no,no,no,yes,no,yes,no,no,yes,yes,yes,no,no,medium
Kava,gaba-depressants-other,no,yes,no,no,yes,no,yes,no,yes,yes,yes,yes,yes,no,medium
Ketamine,arylcyclohexylamines,yes,yes,no,no,yes,yes,yes,yes,yes,yes,yes,yes,yes,yes,high
Ketazolam,benzos-and-z-drugs,no,no,no,no,yes,no,no,no,yes,no,no,no,no,yes,low
Ketobemidone,classical-opioids,yes,no,no,no,yes,no,no,no,yes,no,yes,yes,no,yes,medium
Kratom,classical-opioids,no,no,no,no,yes,no,yes,no,yes,yes,yes,yes,no,no,high
"L-779,976",serotonergic-tryptamines-and-lsd,no,no,no,no,no,no,no,no,no,no,yes,yes,no,no,low
L-acetyltryptophan,serotonergic-tryptamines-and-lsd,no,no,no,no,no,no,no,no,no,no,yes,yes,no,no,low
L-methamphetamine,stimulants-amphetamines,no,yes,no,no,yes,no,yes,no,yes,no,no,no,no,yes,high
L-tryptophan 2-naphthylamide,serotonergic-tryptamines-and-lsd,no,no,no,no,no,no,no,no,no,no,yes,yes,no,no,low
L-tryptophan polyoxin C,serotonergic-tryptamines-and-lsd,no,no,no,no,no,no,no,no,no,no,yes,yes,no,no,low
L-tryptophanamide(1+),serotonergic-tryptamines-and-lsd,no,no,no,no,no,no,no,no,no,no,yes,yes,no,no,low
L-tryptophanate,serotonergic-tryptamines-and-lsd,no,no,no,no,no,no,no,no,no,no,yes,yes,no,no,low
L-tryptophanium,serotonergic-tryptamines-and-lsd,no,no,no,no,no,no,no,no,no,no,yes,yes,no,no,low
L-tryptophanol,serotonergic-tryptamines-and-lsd,no,no,no,no,no,no,no,no,no,no,yes,yes,no,no,low
Lamotrigine,prescription-psychiatrics,yes,no,no,no,yes,no,yes,no,yes,yes,yes,yes,yes,yes,high
lanepitant,serotonergic-tryptamines-and-lsd,no,no,no,no,no,no,no,no,no,no,yes,yes,no,no,low
Lean,classical-opioids,no,no,no,no,yes,no,no,no,no,yes,yes,yes,yes,no,medium
lecirelin,serotonergic-tryptamines-and-lsd,no,no,no,no,no,no,no,no,no,no,yes,yes,no,no,low
lespedamine,serotonergic-tryptamines-and-lsd,no,no,no,no,no,no,no,no,no,no,yes,yes,no,no,low
leuprolide acetate,serotonergic-tryptamines-and-lsd,no,no,no,no,no,no,no,no,no,no,yes,yes,no,no,low
Levetiracetam,ampakines-and-racetams,yes,no,no,no,yes,yes,yes,yes,yes,no,yes,yes,yes,yes,high
Levomethorphan,classical-opioids,yes,no,no,no,yes,no,yes,no,yes,no,yes,yes,no,yes,medium
"LHRH, N-epsilon-azidobenzoyl-lys(6)-",serotonergic-phenethylamine-psychedelics,no,no,no,no,yes,no,no,no,no,no,no,no,no,no,high
Librium,benzos-and-z-drugs,no,no,no,no,yes,no,no,no,no,no,no,no,no,yes,high
Lisdexamfetamine,stimulants-dat-inhibitors,no,no,no,no,yes,no,yes,no,yes,no,no,no,no,yes,high
Lithium orotate,prescription-psychiatrics,yes,no,no,no,yes,yes,yes,yes,yes,yes,yes,yes,yes,yes,medium
Lofentanil,designer-opioids,yes,no,no,no,yes,no,no,no,no,no,yes,yes,yes,yes,medium
LOPHOPHINE,serotonergic-phenethylamine-psychedelics,no,no,no,no,yes,no,yes,no,no,no,no,no,no,yes,low
Loprazolam,benzos-and-z-drugs,no,no,no,no,yes,no,yes,no,no,no,no,no,no,yes,low
Lorazepam,benzos-and-z-drugs,yes,no,no,no,yes,no,yes,no,yes,yes,yes,yes,no,yes,high
Lormetazepam,benzos-and-z-drugs,no,no,no,no,yes,no,yes,no,yes,no,no,no,no,yes,medium
LR-1111,stimulants-dat-inhibitors,yes,no,no,no,yes,no,no,no,no,no,no,no,no,no,medium
LR-5182,stimulants-dat-inhibitors,no,no,no,no,yes,no,no,no,no,no,no,no,no,no,low
Lsa,serotonergic-tryptamines-and-lsd,yes,no,no,no,yes,no,yes,no,no,no,yes,yes,yes,yes,low
LSD-25,serotonergic-tryptamines-and-lsd,yes,yes,yes,yes,yes,yes,yes,yes,yes,yes,yes,yes,yes,yes,high
Lsz,serotonergic-tryptamines-and-lsd,yes,yes,no,no,yes,no,no,no,no,no,yes,yes,no,no,medium
ltx-315,serotonergic-tryptamines-and-lsd,no,no,no,no,no,no,no,no,no,no,yes,yes,no,no,low
LY-404187,ampakines-and-racetams,no,yes,no,no,yes,no,no,no,no,no,yes,yes,yes,yes,medium
LY-451646,ampakines-and-racetams,no,yes,no,no,yes,no,no,no,no,no,yes,yes,no,yes,low
LY-503430,ampakines-and-racetams,no,yes,no,no,yes,no,no,no,no,no,yes,yes,no,yes,low
Lys-MDA,mdma-and-entactogens,no,no,no,no,yes,no,yes,no,yes,no,yes,yes,no,no,high
m-tyramine,stimulants-amphetamines,no,yes,no,no,yes,no,no,no,no,no,no,no,no,yes,medium
macimorelin,serotonergic-tryptamines-and-lsd,no,no,no,no,no,no,no,no,no,no,yes,yes,no,no,low
MADAM-6,cannabinoids,no,no,no,no,yes,no,no,no,no,no,yes,yes,no,yes,high
Marinacarboline D,serotonergic-tryptamines-and-lsd,no,no,no,no,no,no,no,no,no,no,yes,yes,no,no,low
Marinol,gaba-depressants-other,yes,no,no,no,yes,no,yes,no,yes,no,yes,yes,no,yes,high
mastoparan-B,serotonergic-tryptamines-and-lsd,no,no,no,no,no,no,no,no,no,no,yes,yes,no,no,low
mastoparan-V,serotonergic-tryptamines-and-lsd,no,no,no,no,no,no,no,no,no,no,yes,yes,no,no,low
Mazindol,stimulants-dat-inhibitors,yes,no,no,no,yes,no,yes,no,no,no,no,no,no,yes,medium
MBT,serotonergic-tryptamines-and-lsd,no,no,no,no,no,no,no,no,no,no,yes,yes,no,no,low
MD-PHP,mdma-and-entactogens,no,no,no,no,yes,no,no,no,no,no,yes,yes,no,no,medium
MD-PiHP,mdma-and-entactogens,no,no,no,no,yes,no,no,no,no,no,yes,yes,no,no,low
MDA,mdma-and-entactogens,yes,no,no,no,yes,no,yes,no,yes,yes,yes,yes,yes,yes,high
Mdai,mdma-and-entactogens,yes,no,no,no,yes,no,no,no,no,yes,yes,yes,yes,yes,medium
MDAL,mdma-and-entactogens,no,no,no,no,yes,no,no,no,no,no,yes,yes,no,no,low
MDE,mdma-and-entactogens,yes,no,no,no,yes,no,yes,no,yes,yes,yes,yes,no,yes,high
Mdea,mdma-and-entactogens,no,no,no,no,yes,no,no,no,no,no,yes,yes,no,yes,high
MDMA,mdma-and-entactogens,yes,yes,no,no,yes,yes,yes,yes,yes,yes,yes,yes,yes,yes,high
MDMB-4en-PINACA,cannabinoids,yes,no,no,no,yes,no,no,no,yes,no,yes,yes,no,yes,high
MDOH,mdma-and-entactogens,no,no,no,no,yes,no,no,no,yes,no,yes,yes,yes,yes,low
Mdpa,mdma-and-entactogens,no,no,no,no,yes,no,no,no,no,no,yes,yes,no,no,low
MDPBP,stimulants-cathinones,yes,no,no,no,yes,no,no,no,no,no,yes,yes,no,yes,high
MDPPP,stimulants-cathinones,yes,no,no,no,yes,no,no,no,yes,no,yes,yes,no,yes,medium
MDPR,mdma-and-entactogens,no,no,no,no,yes,no,no,no,no,no,yes,yes,no,no,low
Mdpv,stimulants-cathinones,yes,yes,no,no,yes,no,yes,no,yes,yes,yes,yes,yes,yes,high
Mebroqualone,gaba-depressants-other,no,no,no,no,yes,no,no,no,no,no,yes,yes,no,yes,low
Meclonazepam,benzos-and-z-drugs,no,no,no,no,yes,no,no,no,no,no,no,no,no,yes,low
Medazepam,benzos-and-z-drugs,no,no,no,no,yes,no,no,no,yes,no,no,no,no,yes,medium
Medifoxamine,prescription-psychiatrics,no,no,no,no,yes,no,no,no,yes,no,yes,yes,yes,yes,low
Mefloquine,gaba-depressants-other,no,no,no,no,yes,no,yes,no,yes,no,yes,yes,yes,yes,medium
MELATONIN,serotonergic-tryptamines-and-lsd,yes,yes,no,yes,yes,no,yes,no,yes,yes,yes,yes,yes,yes,high
MEM,serotonergic-phenethylamine-psychedelics,no,no,no,no,yes,no,yes,no,no,no,no,no,no,no,low
Memantine,other-dissociatives,yes,no,no,no,yes,no,yes,no,yes,yes,yes,yes,yes,yes,high
MEN 10376,serotonergic-tryptamines-and-lsd,no,no,no,no,no,no,no,no,no,no,yes,yes,no,no,low
Mephedrone,stimulants-cathinones,yes,no,no,no,yes,no,yes,yes,yes,yes,yes,yes,yes,yes,high
Mephenmetrazine,stimulants-dat-inhibitors,no,no,no,no,no,no,no,no,no,no,no,no,no,no,medium
Mescaline,stimulants-amphetamines,yes,no,no,no,yes,no,yes,no,yes,no,no,no,no,yes,high
Mesyl Sal B,dysdelics-and-kor-ligands,yes,yes,yes,no,yes,no,no,no,no,no,yes,yes,no,no,high
META-DOB,serotonergic-phenethylamine-psychedelics,no,no,no,no,yes,no,no,no,no,no,no,no,no,no,low
META-DOT,serotonergic-phenethylamine-psychedelics,no,no,no,no,yes,no,no,no,no,no,no,no,no,no,low
Metaclazepam,benzos-and-z-drugs,no,no,no,no,yes,no,no,no,no,no,no,no,no,yes,low
metanephrine,gaba-depressants-other,no,no,no,no,yes,no,no,no,no,no,yes,yes,no,yes,high
Metaxalone,gaba-depressants-other,no,no,no,no,yes,no,yes,no,yes,no,yes,yes,no,yes,low
Methadone,classical-opioids,yes,no,no,yes,yes,no,yes,yes,yes,yes,yes,yes,yes,yes,high
Methallylescaline,serotonergic-phenethylamine-psychedelics,yes,no,no,no,yes,no,yes,no,no,no,no,no,no,yes,medium
Methamnetamine,mdma-and-entactogens,yes,no,no,no,yes,no,no,no,yes,yes,yes,yes,no,no,medium
Methamphetamine,stimulants-amphetamines,yes,yes,no,no,yes,yes,yes,no,yes,no,yes,no,yes,yes,high
Methaqualone,gaba-depressants-other,yes,no,no,no,yes,no,yes,no,yes,no,yes,yes,no,yes,high
Methcathinone,stimulants-cathinones,yes,no,no,no,yes,no,yes,no,yes,no,yes,yes,yes,yes,high
Methedrone,stimulants-amphetamines,no,yes,no,no,yes,no,yes,no,no,no,no,no,no,yes,medium
Methiodone,serotonergic-phenethylamine-psychedelics,no,no,no,no,yes,no,no,no,no,no,no,no,no,no,medium
Methoxetamine,arylcyclohexylamines,yes,yes,no,no,yes,no,yes,no,yes,no,yes,yes,yes,yes,high
Methoxmetamine,arylcyclohexylamines,no,no,no,no,no,no,no,no,no,no,yes,yes,no,yes,low
Methoxphenidine,other-dissociatives,yes,yes,no,no,yes,no,yes,no,yes,no,yes,yes,yes,yes,medium
Methoxyacetyl-fentanyl,designer-opioids,no,no,no,no,yes,no,no,no,yes,yes,yes,yes,yes,yes,medium
Methoxydoisuthine,serotonergic-phenethylamine-psychedelics,no,no,no,no,no,no,no,no,no,no,no,no,no,no,low
Methoxyketamine,arylcyclohexylamines,no,no,no,no,yes,no,no,no,no,no,yes,yes,no,no,low
methyl L-tryptophanate,serotonergic-tryptamines-and-lsd,no,no,no,no,no,no,no,no,no,no,yes,yes,no,no,low
METHYL-DOB,serotonergic-phenethylamine-psychedelics,no,no,no,no,yes,no,no,no,no,no,no,no,no,no,low
METHYL-MMDA-2,mdma-and-entactogens,no,no,no,no,yes,no,no,no,no,no,yes,yes,no,no,low
methylbutyltryptamine,serotonergic-tryptamines-and-lsd,no,no,no,no,no,no,no,no,no,no,yes,yes,no,no,low
Methylene blue,nootropics-other,yes,yes,no,no,yes,yes,yes,no,yes,yes,yes,yes,yes,yes,high
methylenedioxydeschlorobupropion,stimulants-cathinones,no,no,no,no,yes,no,no,no,no,no,yes,yes,no,no,low
Methylenedioxypyrovalerone,stimulants-cathinones,no,no,no,no,yes,no,no,no,no,no,yes,yes,no,yes,high
Methylethylketamine,arylcyclohexylamines,no,no,no,no,yes,no,no,no,no,no,yes,yes,no,no,low
methylethyltryptamine,serotonergic-tryptamines-and-lsd,no,no,no,no,no,no,no,no,no,no,yes,yes,no,no,low
Methylliberine,nootropics-other,no,no,no,no,yes,no,yes,no,no,yes,yes,yes,no,yes,medium
Methylmethaqualone,gaba-depressants-other,no,no,no,no,yes,no,no,no,no,no,yes,yes,yes,yes,low
Methylone,stimulants-cathinones,yes,no,no,no,yes,no,yes,no,yes,no,yes,yes,no,yes,high
Methylphenidate,stimulants-dat-inhibitors,yes,yes,no,no,yes,yes,yes,no,yes,yes,yes,yes,yes,yes,high
Methylpropylketamine,arylcyclohexylamines,no,no,no,no,yes,no,no,no,no,no,yes,yes,no,no,low
Methyprylon,gaba-depressants-other,no,no,no,no,yes,no,yes,no,no,no,yes,yes,no,yes,low
Metizolam,benzos-and-z-drugs,no,no,no,no,yes,no,no,no,no,no,no,no,no,yes,low
Metodesnitazene,designer-opioids,yes,no,no,no,yes,no,no,no,no,no,yes,yes,no,no,high
Metonitazene,designer-opioids,yes,no,no,no,yes,no,no,no,yes,no,yes,yes,no,yes,high
Mexamine,serotonergic-tryptamines-and-lsd,yes,no,no,no,yes,no,yes,no,yes,no,yes,yes,no,yes,medium
Mexazolam,benzos-and-z-drugs,no,no,no,no,yes,no,no,no,no,no,no,no,no,yes,low
Mexedrone,mdma-and-entactogens,yes,no,no,no,yes,no,no,no,no,no,yes,yes,no,yes,medium
MGM-15,classical-opioids,yes,no,no,no,yes,no,no,no,no,no,yes,yes,no,no,low
Midazolam,benzos-and-z-drugs,yes,no,no,no,yes,no,yes,no,yes,yes,yes,yes,no,yes,high
mipracetin,serotonergic-tryptamines-and-lsd,no,no,no,no,no,no,no,no,no,no,yes,yes,no,no,low
MIPT,serotonergic-tryptamines-and-lsd,no,no,no,no,yes,no,no,no,no,no,yes,yes,no,yes,low
Mirtazapine,prescription-psychiatrics,yes,no,no,no,yes,no,yes,yes,yes,yes,yes,yes,no,yes,high
Mitragynine,classical-opioids,yes,yes,yes,no,yes,no,yes,no,yes,yes,yes,yes,yes,yes,high
Mk-801,other-dissociatives,no,no,no,no,no,no,no,no,no,no,yes,yes,no,yes,high
ML-18,serotonergic-tryptamines-and-lsd,no,no,no,no,no,no,no,no,no,no,yes,yes,no,no,low
MMB-2201,cannabinoids,yes,no,no,no,yes,no,no,no,no,no,yes,yes,no,yes,medium
MMDA,mdma-and-entactogens,yes,no,no,no,yes,no,no,no,no,yes,yes,yes,no,yes,low
MMDA-2,mdma-and-entactogens,no,no,no,no,yes,no,no,no,no,no,yes,yes,no,no,low
MMDA-3a,mdma-and-entactogens,no,no,no,no,yes,no,no,no,no,no,yes,yes,no,no,low
MMDA-3b,mdma-and-entactogens,no,no,no,no,yes,no,no,no,no,no,yes,yes,no,no,low
mmi-166,serotonergic-tryptamines-and-lsd,no,no,no,no,no,no,no,no,no,no,yes,yes,no,no,low
Moclobemide,prescription-psychiatrics,yes,no,no,no,yes,no,yes,no,yes,yes,yes,yes,no,yes,high
Modafinil acid,stimulants-dat-inhibitors,no,no,no,no,yes,no,yes,no,no,no,no,no,no,yes,high
Modafinil sulfone,stimulants-dat-inhibitors,no,no,no,no,yes,no,yes,no,no,no,no,no,no,yes,high
Morpheridine,classical-opioids,no,no,no,no,yes,no,no,no,no,no,yes,yes,no,no,low
Morphine,classical-opioids,yes,yes,yes,yes,yes,yes,yes,yes,yes,yes,yes,yes,yes,yes,high
Mpa,serotonergic-tryptamines-and-lsd,no,no,no,no,no,no,no,no,no,no,yes,yes,no,no,low
MPPP,stimulants-cathinones,yes,no,no,no,yes,no,no,no,no,no,yes,yes,no,yes,high
mrz-99030,serotonergic-tryptamines-and-lsd,no,no,no,no,no,no,no,no,no,no,yes,yes,no,no,low
Mt-45,designer-opioids,yes,yes,yes,no,yes,no,no,no,yes,no,yes,yes,yes,yes,high
Mushrooms,serotonergic-tryptamines-and-lsd,no,no,no,no,yes,no,yes,no,yes,no,yes,yes,no,no,high
MXiPr,arylcyclohexylamines,no,no,no,no,yes,no,no,no,no,no,yes,yes,no,no,low
MXP,other-dissociatives,no,no,no,no,no,no,no,no,no,no,yes,yes,no,yes,high
MXPCP,arylcyclohexylamines,no,no,no,no,yes,no,no,no,no,no,yes,yes,no,no,low
MXPr,arylcyclohexylamines,no,no,no,no,yes,no,no,no,no,no,yes,yes,no,no,low
Myristicin,mdma-and-entactogens,yes,no,no,no,yes,no,yes,no,yes,yes,yes,yes,no,yes,medium
"N,alpha-dimethyltryptamine",serotonergic-tryptamines-and-lsd,no,no,no,no,no,no,no,no,no,no,yes,yes,no,no,low
"N,N-Diacyltryptamine",serotonergic-tryptamines-and-lsd,no,no,no,no,no,no,no,no,no,no,yes,yes,no,no,low
"N,N-diethyltryptamine",serotonergic-tryptamines-and-lsd,no,no,no,no,yes,no,no,no,no,no,yes,yes,no,yes,low
"N,N-Diethyltryptamine fumarate",serotonergic-tryptamines-and-lsd,no,no,no,no,yes,no,no,no,no,no,yes,yes,no,no,low
"N,N-Dimethyl-O-glucopyranuronosyl-5-hydroxytryptamine",serotonergic-tryptamines-and-lsd,no,no,no,no,no,no,no,no,no,no,yes,yes,no,no,low
N-(1-Deoxy-1-fructosyl)tryptophan,serotonergic-tryptamines-and-lsd,no,no,no,no,no,no,no,no,no,no,yes,yes,no,no,low
N-(carbomethoxyacetyl)-4-S-chlorotryptophan,serotonergic-tryptamines-and-lsd,no,no,no,no,no,no,no,no,no,no,yes,yes,no,no,low
N-1-isopropyl-5-MeOT,serotonergic-tryptamines-and-lsd,no,no,no,no,no,no,no,no,no,no,yes,yes,no,no,low
N-1-isopropyltryptamine,serotonergic-tryptamines-and-lsd,no,no,no,no,no,no,no,no,no,no,yes,yes,no,no,low
N-[1H-INDOL-3-YL-ACETYL]GLYCINE ACID,serotonergic-tryptamines-and-lsd,no,no,no,no,no,no,no,no,no,no,yes,yes,no,no,low
N-acetyl-alpha-hydroxy-beta-oxotryptamine,serotonergic-tryptamines-and-lsd,no,no,no,no,no,no,no,no,no,no,yes,yes,no,no,low
N-acetyl-D-tryptophanate,serotonergic-tryptamines-and-lsd,no,no,no,no,no,no,no,no,no,no,yes,yes,no,no,low
N-acetyl-β-oxotryptamine,serotonergic-tryptamines-and-lsd,no,no,no,no,no,no,no,no,no,no,yes,yes,no,no,low
N-acetylserotonin,serotonergic-tryptamines-and-lsd,no,no,no,no,no,no,no,no,no,no,yes,yes,no,no,low
N-acetyltryptamine,serotonergic-tryptamines-and-lsd,no,no,no,no,no,no,no,no,no,no,yes,yes,no,no,low
N-Cbz-L-Tryptophan,serotonergic-tryptamines-and-lsd,no,no,no,no,no,no,no,no,no,no,yes,yes,no,no,low
N-Cbz-L-tryptophanamide,serotonergic-tryptamines-and-lsd,no,no,no,no,no,no,no,no,no,no,yes,yes,no,no,low
N-Desethylprotonitazene,designer-opioids,yes,no,no,no,yes,no,no,no,yes,no,yes,yes,no,no,high
N-desmethyl zolmitriptan,serotonergic-tryptamines-and-lsd,yes,no,no,no,yes,no,no,no,yes,no,yes,yes,no,no,high
N-Ethylcathinone,stimulants-cathinones,no,no,no,no,yes,no,no,no,no,no,yes,yes,no,yes,medium
N-Ethylpentedrone,stimulants-cathinones,no,no,no,no,yes,no,no,no,no,no,yes,yes,no,yes,medium
N-Ethylpentylone,stimulants-cathinones,yes,no,no,no,yes,no,no,no,no,no,yes,yes,no,yes,high
N-Ethylphenethylamine hydrochloride,stimulants-amphetamines,no,no,no,no,yes,no,no,no,no,no,no,no,no,no,low
N-Ethyltryptamine,serotonergic-tryptamines-and-lsd,no,no,no,no,no,no,no,no,no,no,yes,yes,no,no,low
N-Hydroxyl-tryptamine,serotonergic-tryptamines-and-lsd,no,no,no,no,no,no,no,no,no,no,yes,yes,no,no,low
N-mesyltryptamine,serotonergic-tryptamines-and-lsd,no,no,no,no,no,no,no,no,no,no,yes,yes,no,no,low
N-methyl-4-dimethylallyltryptophan,serotonergic-tryptamines-and-lsd,no,no,no,no,no,no,no,no,no,no,yes,yes,no,no,low
N-Methyl-Cyclazodone,serotonergic-phenethylamine-psychedelics,no,no,no,no,yes,no,no,no,no,no,no,no,no,no,low
N-methyl-N-allyltryptamine,serotonergic-tryptamines-and-lsd,no,no,no,no,no,no,no,no,no,no,yes,yes,no,no,low
N-methyl-N-isopropyltryptamine,serotonergic-tryptamines-and-lsd,no,no,no,no,no,no,no,no,no,no,yes,yes,no,no,low
N-methylphenethylamine,stimulants-amphetamines,no,no,no,no,yes,no,no,no,yes,no,no,no,no,yes,medium
N-methylphenylethanolaminium,gaba-depressants-other,no,no,no,no,yes,no,no,no,no,no,yes,yes,no,no,low
N-methyltryptamine,serotonergic-tryptamines-and-lsd,no,no,no,no,yes,no,no,no,yes,no,yes,yes,no,yes,low
N-methyltryptamine hydrochloride,serotonergic-tryptamines-and-lsd,no,no,no,no,yes,no,no,no,no,no,yes,yes,no,no,low
N-methyltyramine,stimulants-amphetamines,no,no,no,no,yes,no,no,no,no,no,no,no,no,yes,medium
N-pentyltryptamine,serotonergic-tryptamines-and-lsd,no,no,no,no,no,no,no,no,no,no,yes,yes,no,no,low
N-Pyrrolidino-etonitazene,designer-opioids,yes,no,no,no,yes,no,no,no,no,no,yes,yes,no,yes,high
N-Pyrrolidino-metonitazene,designer-opioids,yes,no,no,no,yes,no,no,no,no,no,yes,yes,no,no,high
N-t-butyltryptamine,serotonergic-tryptamines-and-lsd,no,no,no,no,no,no,no,no,no,no,yes,yes,no,no,low
nafarelin acetate,serotonergic-tryptamines-and-lsd,no,no,no,no,no,no,no,no,no,no,yes,yes,no,no,low
Naphyrone,stimulants-cathinones,yes,no,no,no,yes,no,no,no,no,no,yes,yes,no,yes,high
Neb,stimulants-cathinones,no,no,no,no,yes,no,no,no,no,no,yes,yes,no,no,low
Nebracetam,ampakines-and-racetams,no,yes,no,no,yes,no,no,no,no,no,yes,yes,no,yes,low
Nefiracetam,ampakines-and-racetams,no,yes,no,no,yes,no,yes,no,no,no,yes,yes,yes,yes,medium
NET,serotonergic-tryptamines-and-lsd,no,no,no,no,no,no,no,no,no,no,yes,yes,no,no,low
Nicomorphine,classical-opioids,yes,no,no,no,yes,no,yes,no,yes,no,yes,yes,no,yes,low
Nicotine,nootropics-other,yes,no,no,no,yes,no,yes,no,yes,yes,yes,yes,no,yes,high
Nifoxipam,benzos-and-z-drugs,no,no,no,no,yes,no,no,no,yes,no,no,no,no,yes,low
Nimetazepam,benzos-and-z-drugs,no,no,no,no,yes,no,yes,no,yes,no,no,no,no,yes,low
Nitazene,designer-opioids,no,no,no,no,yes,no,no,no,no,no,yes,yes,no,yes,low
Nitemazepam,benzos-and-z-drugs,no,no,no,no,yes,no,no,no,no,no,no,no,no,no,low
Nitrazepam,serotonergic-phenethylamine-psychedelics,yes,no,no,no,yes,no,yes,no,yes,no,no,yes,no,yes,high
Nitrazolam,benzos-and-z-drugs,no,no,no,no,yes,no,no,no,yes,no,no,no,no,yes,low
Nitrous,other-dissociatives,yes,no,no,no,yes,yes,yes,no,yes,yes,yes,yes,yes,yes,high
Nm-2-ai,mdma-and-entactogens,no,no,no,no,yes,no,no,no,no,no,yes,yes,no,no,low
NMT,serotonergic-tryptamines-and-lsd,no,no,no,no,no,no,no,no,no,no,yes,yes,no,no,low
Noctec,gaba-depressants-other,no,no,no,no,yes,no,no,no,no,no,yes,yes,no,no,high
Noopept,nootropics-other,no,yes,no,no,yes,no,yes,no,yes,no,yes,yes,no,yes,medium
norbaeocystin,serotonergic-tryptamines-and-lsd,no,no,no,no,yes,no,no,no,yes,no,yes,yes,no,yes,medium
Nordazepam,benzos-and-z-drugs,yes,no,no,no,yes,no,yes,no,yes,no,no,yes,no,yes,high
norepinephrine,gaba-depressants-other,no,no,no,no,yes,no,no,no,no,no,yes,yes,no,yes,high
Norflurazepam,benzos-and-z-drugs,no,no,no,no,yes,no,yes,no,no,no,no,no,no,yes,medium
Norketamine,arylcyclohexylamines,yes,no,no,no,yes,no,yes,no,yes,no,yes,yes,yes,yes,high
normetanephrine,gaba-depressants-other,no,no,no,no,yes,no,no,no,no,no,yes,yes,no,yes,high
norpsilocin,serotonergic-tryptamines-and-lsd,yes,yes,no,no,yes,no,no,no,no,no,yes,yes,no,yes,high
NSI-189,nootropics-other,no,yes,no,no,yes,no,yes,no,no,no,yes,yes,no,yes,medium
O-desmethyltramadol,classical-opioids,yes,no,no,no,yes,no,yes,no,yes,no,yes,yes,yes,yes,high
O-Methylsakambullin,serotonergic-tryptamines-and-lsd,no,no,no,no,no,no,no,no,no,no,yes,yes,no,no,low
O-Methylsakerinol A,serotonergic-tryptamines-and-lsd,no,no,no,no,no,no,no,no,no,no,yes,yes,no,no,low
O-PCA,arylcyclohexylamines,no,no,no,no,yes,no,no,no,no,no,yes,yes,no,no,low
O-PCAl,arylcyclohexylamines,no,no,no,no,yes,no,no,no,no,no,yes,yes,no,no,low
O-PCcP,arylcyclohexylamines,no,no,no,no,no,no,no,no,no,no,yes,yes,no,no,low
O-PCE,arylcyclohexylamines,no,no,no,no,yes,no,no,no,no,no,yes,yes,no,yes,low
O-PCEtOH,arylcyclohexylamines,no,no,no,no,yes,no,no,no,no,no,yes,yes,no,no,low
O-PCiPr,arylcyclohexylamines,no,no,no,no,no,no,no,no,no,no,yes,yes,no,no,low
O-PCP,arylcyclohexylamines,no,no,no,no,yes,no,no,no,no,no,yes,yes,no,no,low
O-PCPr,arylcyclohexylamines,no,no,no,no,no,no,no,no,no,no,yes,yes,no,no,low
octopamine,stimulants-amphetamines,no,yes,no,no,yes,no,no,no,no,no,no,no,no,yes,medium
oglufanide,serotonergic-tryptamines-and-lsd,no,no,no,no,no,no,no,no,no,no,yes,yes,no,no,low
Olanzapine,prescription-psychiatrics,yes,no,no,no,yes,yes,yes,no,yes,yes,yes,yes,yes,yes,high
Opium,classical-opioids,no,no,no,no,yes,no,yes,no,no,no,yes,yes,no,no,high
Org 26576,ampakines-and-racetams,no,yes,no,no,yes,no,yes,no,no,no,yes,yes,no,yes,low
ORTHO-DOT,serotonergic-phenethylamine-psychedelics,no,no,no,no,yes,no,no,no,no,no,no,no,no,no,low
Oxazepam,benzos-and-z-drugs,yes,no,no,no,yes,no,yes,no,yes,no,yes,yes,no,yes,high
Oxazolam,benzos-and-z-drugs,no,no,no,no,yes,no,no,no,yes,no,no,no,no,yes,low
oxedrine,stimulants-amphetamines,no,yes,no,no,yes,no,yes,no,no,no,no,no,no,yes,medium
oxidopamine,stimulants-amphetamines,no,no,no,no,yes,no,no,no,no,no,no,no,yes,yes,high
Oxiracetam,ampakines-and-racetams,no,yes,no,no,yes,no,yes,no,yes,no,yes,yes,no,yes,medium
Oxycodone,classical-opioids,yes,no,no,no,yes,no,yes,no,yes,yes,yes,yes,no,yes,high
Oxymorphone,classical-opioids,yes,no,no,no,yes,no,yes,no,yes,no,yes,yes,no,yes,high
p-1946,serotonergic-tryptamines-and-lsd,no,no,no,no,no,no,no,no,no,no,yes,yes,no,no,low
P21,nootropics-other,no,no,no,no,yes,no,no,no,no,no,yes,yes,no,no,low
Pagoclone,gaba-depressants-other,yes,no,no,no,yes,no,yes,no,no,no,yes,yes,no,yes,low
Palfium,classical-opioids,yes,no,no,no,yes,no,yes,no,yes,no,yes,yes,no,yes,medium
Paprotrain,serotonergic-tryptamines-and-lsd,no,no,no,no,no,no,no,no,no,no,yes,yes,no,no,low
Para-Methoxyamphetamine,stimulants-amphetamines,yes,yes,no,no,yes,no,no,no,yes,no,yes,no,yes,yes,high
Parafluorobutyrfentanyl,designer-opioids,no,no,no,no,yes,no,no,no,yes,yes,yes,yes,yes,no,low
Parafluorofentanyl,designer-opioids,yes,no,no,no,yes,no,no,no,yes,yes,yes,yes,yes,yes,high
Paroxetine,prescription-psychiatrics,yes,no,no,no,yes,no,yes,no,yes,yes,yes,yes,yes,yes,high
PBC-264,serotonergic-tryptamines-and-lsd,no,no,no,no,no,no,no,no,no,no,yes,yes,no,no,low
PCP,arylcyclohexylamines,yes,no,no,no,yes,yes,yes,yes,yes,no,yes,yes,yes,yes,high
PD 165929,serotonergic-tryptamines-and-lsd,no,no,no,no,no,no,no,no,no,no,yes,yes,no,no,low
PD 168368,serotonergic-tryptamines-and-lsd,no,no,no,no,no,no,no,no,no,no,yes,yes,no,no,low
PD-135666,serotonergic-tryptamines-and-lsd,no,no,no,no,no,no,no,no,no,no,yes,yes,no,no,low
PD-140548,serotonergic-tryptamines-and-lsd,no,no,no,no,no,no,no,no,no,no,yes,yes,no,no,low
PD-149163,serotonergic-tryptamines-and-lsd,no,no,no,no,no,no,no,no,no,no,yes,yes,no,no,low
pd-176252,serotonergic-tryptamines-and-lsd,no,no,no,no,no,no,no,no,no,no,yes,yes,no,no,low
PD136450,serotonergic-tryptamines-and-lsd,no,no,no,no,no,no,no,no,no,no,yes,yes,no,no,low
PEA,stimulants-amphetamines,no,no,no,no,yes,no,no,no,no,no,no,no,no,no,high
Pemoline,stimulants-amphetamines,no,no,no,no,yes,no,yes,no,no,no,no,no,yes,yes,high
penta-L-tryptophan,serotonergic-tryptamines-and-lsd,no,no,no,no,no,no,no,no,no,no,yes,yes,no,no,low
pentagastrin,serotonergic-tryptamines-and-lsd,no,no,no,no,no,no,no,no,no,no,yes,yes,no,no,low
Pentazocine,classical-opioids,yes,no,no,no,yes,no,yes,no,yes,no,yes,yes,yes,yes,medium
Pentedrone,stimulants-cathinones,yes,no,no,no,yes,no,no,no,no,no,yes,yes,no,yes,high
Pentobarbital,gaba-depressants-other,yes,no,no,no,yes,no,yes,yes,yes,yes,yes,yes,no,yes,high
Pentylone,stimulants-cathinones,yes,no,no,no,yes,no,no,no,no,no,yes,yes,no,yes,high
PEPA,ampakines-and-racetams,no,yes,no,no,yes,no,no,no,no,no,yes,yes,no,yes,medium
Pfbt,stimulants-dat-inhibitors,no,no,no,no,yes,no,no,no,no,no,no,no,no,yes,low
Phenazepam,benzos-and-z-drugs,no,no,no,no,yes,no,yes,no,yes,no,no,yes,no,yes,high
Phenazolam,benzos-and-z-drugs,no,no,no,no,yes,no,no,no,no,no,no,no,no,no,medium
Phendimetrazine,stimulants-dat-inhibitors,yes,no,no,no,yes,no,yes,no,yes,no,no,no,no,yes,high
phenelzine,prescription-psychiatrics,yes,no,no,no,yes,no,yes,no,yes,yes,yes,yes,yes,yes,medium
Phenethylamine,stimulants-amphetamines,no,yes,no,no,yes,no,yes,no,yes,yes,no,no,no,yes,high
Phenibut,gaba-depressants-other,yes,no,no,no,yes,no,yes,no,yes,yes,yes,yes,no,yes,high
Phenmetrazine,stimulants-dat-inhibitors,yes,no,no,no,yes,no,yes,no,yes,no,no,no,no,yes,high
Phenobarbital,gaba-depressants-other,yes,no,no,no,yes,no,yes,yes,yes,yes,yes,yes,yes,yes,high
Phentermine,stimulants-amphetamines,yes,yes,no,no,yes,no,yes,no,yes,yes,no,no,no,yes,high
Phentermine+Fenfluramine,stimulants-amphetamines,no,no,no,no,yes,no,no,no,no,no,no,no,yes,no,high
phenylephrine,stimulants-amphetamines,yes,no,no,no,yes,no,yes,no,yes,no,no,no,no,yes,high
phenylethanolaminium,gaba-depressants-other,no,no,no,no,yes,no,no,no,no,no,yes,yes,no,no,low
Phenylpiracetam,serotonergic-phenethylamine-psychedelics,yes,no,no,no,yes,no,yes,no,yes,no,no,no,no,yes,high
Phenylpiracetam hydrazide,ampakines-and-racetams,no,no,no,no,yes,no,no,no,no,no,yes,yes,no,yes,low
Picamilon,gaba-depressants-other,no,no,no,no,yes,no,yes,no,yes,no,yes,yes,no,yes,low
Pinazepam,serotonergic-phenethylamine-psychedelics,yes,no,no,no,yes,no,no,no,yes,no,no,yes,no,yes,high
Pipradrol,gaba-depressants-other,no,no,no,no,yes,no,no,no,no,no,yes,yes,no,yes,high
Piracetam,ampakines-and-racetams,no,yes,no,no,yes,yes,yes,no,yes,no,yes,yes,no,yes,high
Placdyl,gaba-depressants-other,no,no,no,no,yes,no,yes,no,yes,no,yes,yes,no,yes,low
Pma,stimulants-amphetamines,no,no,no,no,yes,no,no,no,no,no,no,no,no,no,high
Podocarpamide,serotonergic-phenethylamine-psychedelics,no,no,no,no,yes,no,no,no,no,no,no,no,no,no,medium
Polygala tenuifolia,nootropics-other,no,yes,no,no,yes,no,no,no,no,no,yes,yes,yes,no,low
pr-924,serotonergic-tryptamines-and-lsd,no,no,no,no,no,no,no,no,no,no,yes,yes,no,no,low
pralmorelin,serotonergic-tryptamines-and-lsd,no,no,no,no,no,no,no,no,no,no,yes,yes,no,no,low
Pramiracetam,ampakines-and-racetams,no,yes,no,no,yes,no,yes,no,no,no,yes,yes,no,yes,low
Prazepam,benzos-and-z-drugs,no,no,no,no,yes,no,yes,no,yes,no,no,no,no,yes,medium
Pregabalin,gaba-depressants-other,yes,yes,no,no,yes,no,yes,yes,yes,yes,yes,yes,no,yes,high
Pridefine,stimulants-dat-inhibitors,no,yes,no,no,yes,no,no,no,no,no,no,no,no,yes,medium
PRL-8-53,nootropics-other,no,no,no,no,yes,no,yes,no,no,no,yes,yes,no,yes,low
PRO-LAD,serotonergic-tryptamines-and-lsd,yes,no,no,no,yes,no,no,no,no,no,yes,yes,no,yes,low
Promethazine,deliriants-anticholinergics,yes,yes,no,no,yes,no,yes,yes,yes,yes,yes,yes,yes,yes,high
Propionylvalindomycin,serotonergic-phenethylamine-psychedelics,no,no,no,no,yes,no,no,no,no,no,no,no,no,no,medium
Propofol,gaba-depressants-other,yes,no,no,no,yes,yes,yes,yes,yes,no,yes,yes,yes,yes,high
Propoxyphene,classical-opioids,yes,no,no,no,yes,no,yes,no,yes,no,yes,yes,yes,yes,medium
Propranolol,gaba-depressants-other,yes,no,no,no,yes,no,yes,no,yes,yes,yes,yes,yes,yes,high
Propylhexedrine,stimulants-amphetamines,no,no,no,no,yes,no,yes,no,no,no,no,no,no,yes,medium
propylisopropyltryptamine,serotonergic-tryptamines-and-lsd,no,no,no,no,no,no,no,no,no,no,yes,yes,no,no,low
Propylketamine,arylcyclohexylamines,no,no,no,no,yes,no,no,no,no,no,yes,yes,no,no,low
Propylphenidate,stimulants-dat-inhibitors,no,no,no,no,yes,no,no,no,yes,no,no,no,no,no,low
Proscaline,serotonergic-phenethylamine-psychedelics,no,no,no,no,yes,no,yes,no,no,no,no,no,no,yes,low
Protonitazene,designer-opioids,yes,no,no,no,yes,no,no,no,yes,no,yes,yes,no,yes,high
Pseudoephedrine,stimulants-amphetamines,no,yes,no,no,yes,no,yes,no,yes,no,no,no,no,yes,high
Psilocin,mdma-and-entactogens,yes,no,no,no,yes,no,no,no,no,no,yes,yes,no,yes,high
psilocybin,serotonergic-phenethylamine-psychedelics,yes,no,no,no,yes,no,yes,no,yes,no,no,yes,no,yes,high
Pst,classical-opioids,no,no,no,no,yes,no,yes,no,no,no,yes,yes,no,no,high
Pterostilbene,nootropics-other,no,no,no,no,yes,no,yes,no,no,no,yes,yes,no,yes,medium
PYR-T,serotonergic-tryptamines-and-lsd,no,no,no,no,no,no,no,no,no,no,yes,yes,no,no,low
Pyrazolam,benzos-and-z-drugs,no,no,no,no,yes,no,yes,no,yes,no,no,no,no,yes,medium
Pyritinol,nootropics-other,no,no,no,no,yes,no,yes,no,no,no,yes,yes,yes,yes,medium
Pyrophenidone,serotonergic-phenethylamine-psychedelics,no,no,no,no,yes,no,no,no,no,no,no,no,no,no,low
Pyrrolidino-protonitazene,designer-opioids,yes,no,no,no,yes,no,no,no,no,no,yes,yes,no,no,high
Quazepam,benzos-and-z-drugs,no,no,no,no,yes,no,yes,no,yes,no,no,no,no,yes,medium
Quetiapine,gaba-depressants-other,yes,no,no,no,yes,yes,yes,no,yes,yes,yes,yes,yes,yes,high
R-(-)-MDMA,mdma-and-entactogens,yes,no,no,no,yes,no,yes,no,yes,no,yes,yes,no,yes,high
R396,serotonergic-tryptamines-and-lsd,no,no,no,no,no,no,no,no,no,no,yes,yes,no,no,low
RB-400,serotonergic-tryptamines-and-lsd,no,no,no,no,no,no,no,no,no,no,yes,yes,no,no,low
Relamorelin,serotonergic-tryptamines-and-lsd,no,no,no,no,no,no,no,no,no,no,yes,yes,no,no,low
Remifentanil,designer-opioids,yes,no,no,no,yes,no,yes,no,yes,no,yes,yes,no,yes,high
Resedine,serotonergic-phenethylamine-psychedelics,no,no,no,no,yes,no,no,no,no,no,no,no,no,yes,low
RG3487,nootropics-other,no,yes,no,no,yes,no,no,no,no,no,yes,yes,no,no,medium
rhosin,serotonergic-tryptamines-and-lsd,no,no,no,no,no,no,no,no,no,no,yes,yes,no,no,low
Rilmazafone,benzos-and-z-drugs,no,no,no,no,yes,no,yes,no,yes,no,no,no,no,yes,medium
Rimcazole,prescription-psychiatrics,yes,no,no,no,yes,no,no,no,no,no,yes,yes,no,yes,low
Ro 23-7014,serotonergic-tryptamines-and-lsd,no,no,no,no,no,no,no,no,no,no,yes,yes,no,no,low
Rolicyclidine,arylcyclohexylamines,yes,no,no,no,yes,no,no,no,no,no,yes,yes,no,yes,low
Rolziracetam,ampakines-and-racetams,no,no,no,no,yes,no,no,no,no,no,yes,yes,no,yes,low
Ronlax,gaba-depressants-other,no,no,no,no,yes,no,yes,no,yes,no,yes,yes,no,yes,medium
RTI-113,stimulants-dat-inhibitors,yes,no,no,no,yes,no,no,no,no,no,no,no,no,no,medium
RTI-133,stimulants-dat-inhibitors,no,no,no,no,yes,no,no,no,no,no,no,no,no,no,low
RTI-150,stimulants-dat-inhibitors,yes,no,no,no,yes,no,no,no,no,no,no,no,no,no,medium
RTI-55,stimulants-dat-inhibitors,yes,no,no,no,yes,no,yes,no,no,no,no,no,no,yes,high
S-(+)-MDMA,mdma-and-entactogens,yes,no,no,no,yes,no,yes,no,yes,no,yes,yes,no,yes,high
S-18986,ampakines-and-racetams,no,yes,no,no,yes,no,no,no,no,no,yes,yes,yes,yes,medium
S-3304,serotonergic-tryptamines-and-lsd,no,no,no,no,no,no,no,no,no,no,yes,yes,no,no,low
S-Ketamine,arylcyclohexylamines,yes,no,no,no,yes,no,yes,no,yes,no,yes,yes,no,yes,high
Sabroxy,gaba-depressants-other,yes,no,no,no,yes,no,no,no,yes,no,yes,yes,no,yes,low
Salvinicin A,dysdelics-and-kor-ligands,yes,no,no,no,yes,no,no,no,no,no,yes,yes,no,no,low
Salvinicin B,dysdelics-and-kor-ligands,yes,no,no,no,yes,no,no,no,no,no,yes,yes,no,no,low
Salvinorin A,dysdelics-and-kor-ligands,yes,yes,yes,no,yes,yes,yes,yes,yes,no,yes,yes,yes,yes,high
Salvinorin B,dysdelics-and-kor-ligands,yes,no,no,no,yes,no,no,no,no,no,yes,yes,no,yes,high
Salvinorin B ethoxymethyl ether,dysdelics-and-kor-ligands,yes,yes,yes,no,yes,no,no,no,no,no,yes,yes,no,no,high
Salvinorin C,dysdelics-and-kor-ligands,yes,no,no,no,yes,no,no,no,no,no,yes,yes,no,yes,medium
Salvinorin D,dysdelics-and-kor-ligands,yes,no,no,no,no,no,no,no,no,no,yes,yes,no,no,medium
Salvinorin E,dysdelics-and-kor-ligands,yes,no,no,no,no,no,no,no,no,no,yes,yes,no,no,low
Salvinorin F,dysdelics-and-kor-ligands,yes,no,no,no,no,no,no,no,no,no,yes,yes,no,no,low
Scopolamine,deliriants-anticholinergics,yes,no,no,no,yes,yes,yes,yes,yes,yes,yes,yes,yes,yes,high
Scorodocarpine B,serotonergic-phenethylamine-psychedelics,no,no,no,no,yes,no,no,no,no,no,no,no,no,no,medium
Scorodocarpine C,serotonergic-phenethylamine-psychedelics,no,no,no,no,yes,no,no,no,no,no,no,no,no,no,medium
Secobarbital,gaba-depressants-other,no,no,no,no,yes,no,yes,no,yes,no,yes,yes,no,yes,medium
Selank,nootropics-other,no,yes,no,no,yes,no,yes,no,yes,no,yes,yes,no,yes,medium
Seletracetam,ampakines-and-racetams,yes,no,no,no,yes,no,no,no,no,no,yes,yes,no,yes,medium
Semax,nootropics-other,no,yes,no,no,yes,no,yes,no,yes,no,yes,yes,no,yes,medium
ser-100,serotonergic-tryptamines-and-lsd,no,no,no,no,no,no,no,no,no,no,yes,yes,no,no,low
Serdexmethylphenidate,stimulants-dat-inhibitors,no,no,no,no,yes,no,yes,no,yes,no,no,no,no,yes,high
serotonin,serotonergic-tryptamines-and-lsd,no,no,no,no,yes,no,no,no,yes,no,yes,yes,no,yes,high
serotonin(1+),serotonergic-tryptamines-and-lsd,no,no,no,no,yes,no,no,no,no,no,yes,yes,no,no,high
Sertraline,prescription-psychiatrics,yes,no,no,no,yes,yes,yes,no,yes,yes,yes,yes,yes,yes,high
sirpiglenastat,serotonergic-tryptamines-and-lsd,no,no,no,no,no,no,no,no,no,no,yes,yes,no,no,low
SL-164,gaba-depressants-other,no,no,no,no,yes,no,no,no,no,no,yes,yes,no,no,low
Sonata,benzos-and-z-drugs,yes,no,no,no,yes,no,yes,no,yes,yes,no,yes,no,yes,high
SoRI-20041,stimulants-dat-inhibitors,yes,no,no,no,yes,no,no,no,no,no,no,no,no,yes,medium
ST-1936,serotonergic-tryptamines-and-lsd,no,no,no,no,no,no,no,no,no,no,yes,yes,no,no,low
Sufentanil,designer-opioids,yes,no,no,no,yes,no,yes,no,yes,yes,yes,yes,yes,yes,high
Sulbutiamine,nootropics-other,no,no,no,no,yes,no,yes,no,no,no,yes,yes,no,yes,medium
Sulforaphane,nootropics-other,no,yes,no,no,yes,no,yes,no,yes,no,yes,yes,no,yes,high
Sunifiram,ampakines-and-racetams,no,yes,no,no,yes,no,no,no,no,no,yes,yes,no,yes,low
T,serotonergic-tryptamines-and-lsd,no,no,no,no,no,no,no,no,no,no,yes,yes,no,no,low
T22,serotonergic-tryptamines-and-lsd,no,no,no,no,no,no,no,no,no,no,yes,yes,no,no,low
TAK-448,serotonergic-tryptamines-and-lsd,no,no,no,no,no,no,no,no,no,no,yes,yes,no,no,low
Tametraline,stimulants-dat-inhibitors,no,no,no,no,yes,no,no,no,no,no,no,no,no,yes,low
Tapentadol,classical-opioids,yes,yes,no,no,yes,no,yes,no,yes,yes,yes,yes,yes,yes,high
Temazepam,benzos-and-z-drugs,no,no,no,no,yes,no,yes,no,yes,no,yes,yes,no,yes,high
Tetrahydrofuran-fentanyl,designer-opioids,no,no,no,no,yes,no,no,no,yes,yes,yes,yes,yes,no,low
TETRAHYDROHARMINE,serotonergic-tryptamines-and-lsd,yes,yes,no,no,yes,no,yes,no,yes,yes,yes,yes,no,yes,high
Tetrazepam,benzos-and-z-drugs,no,no,no,no,yes,no,no,no,yes,no,no,no,no,yes,low
Th-pvp,stimulants-cathinones,no,no,no,no,yes,no,no,no,no,no,yes,yes,no,no,low
Thiopental,gaba-depressants-other,no,no,no,no,yes,no,yes,no,yes,no,yes,yes,no,yes,high
Tianeptine,nootropics-other,yes,yes,yes,no,yes,yes,yes,no,yes,yes,yes,yes,yes,yes,high
Tianeptine sodium,nootropics-other,no,no,no,no,yes,no,yes,no,no,no,yes,yes,no,yes,high
Tiletamine,arylcyclohexylamines,yes,no,no,no,yes,no,no,no,yes,no,yes,yes,no,yes,medium
Tilidine,classical-opioids,yes,no,no,no,yes,no,yes,no,yes,yes,yes,yes,no,yes,medium
Tilmetamine,arylcyclohexylamines,no,no,no,no,yes,no,no,no,no,no,yes,yes,no,no,low
TMA-2,serotonergic-phenethylamine-psychedelics,yes,yes,no,no,yes,no,yes,no,yes,no,no,no,no,yes,medium
TMA-6,serotonergic-phenethylamine-psychedelics,no,no,no,no,yes,no,yes,no,no,no,no,no,no,no,low
TMC-2A,serotonergic-tryptamines-and-lsd,no,no,no,no,no,no,no,no,no,no,yes,yes,no,no,low
TMC-2B,serotonergic-tryptamines-and-lsd,no,no,no,no,no,no,no,no,no,no,yes,yes,no,no,low
Tolibut,gaba-depressants-other,no,no,no,no,yes,no,no,no,no,no,yes,yes,no,no,low
Tramadol,classical-opioids,yes,no,no,no,yes,no,yes,no,yes,yes,yes,yes,yes,yes,high
Tranylcypromine,prescription-psychiatrics,yes,no,no,no,yes,no,yes,no,yes,yes,yes,yes,yes,yes,high
Trazodone,serotonergic-phenethylamine-psychedelics,yes,no,no,no,yes,no,yes,no,yes,yes,yes,no,no,yes,high
tri-L-tryptophan,serotonergic-tryptamines-and-lsd,no,no,no,no,no,no,no,no,no,no,yes,yes,no,no,low
Triazolam,benzos-and-z-drugs,yes,no,no,no,yes,no,yes,no,yes,yes,yes,yes,no,yes,high
Tropoxane,stimulants-dat-inhibitors,no,no,no,no,yes,no,no,no,no,no,no,no,no,no,low
tryptamine,serotonergic-tryptamines-and-lsd,yes,yes,no,no,yes,no,no,no,yes,no,yes,yes,no,yes,high
tryptamine hydrochloride,serotonergic-tryptamines-and-lsd,no,no,no,no,yes,no,no,no,no,no,yes,yes,no,yes,medium
Tryptamine-d4 Hydrochloride,serotonergic-tryptamines-and-lsd,no,no,no,no,no,no,no,no,no,no,yes,yes,no,no,low
tryptaminium,serotonergic-tryptamines-and-lsd,no,no,no,no,no,no,no,no,no,no,yes,yes,no,no,low
tryptophan,serotonergic-tryptamines-and-lsd,no,no,no,no,yes,no,yes,no,yes,no,yes,yes,no,yes,high
tryptophanamide,serotonergic-tryptamines-and-lsd,no,no,no,no,no,no,no,no,no,no,yes,yes,no,no,low
tryptophanate,serotonergic-tryptamines-and-lsd,no,no,no,no,no,no,no,no,no,no,yes,yes,no,no,low
tryptophanium,serotonergic-tryptamines-and-lsd,no,no,no,no,no,no,no,no,no,no,yes,yes,no,no,low
tryptophylglycine,serotonergic-tryptamines-and-lsd,no,no,no,no,no,no,no,no,no,no,yes,yes,no,no,low
Tuinal,gaba-depressants-other,no,no,no,no,yes,no,no,no,no,no,yes,yes,no,no,high
Tyramine,stimulants-amphetamines,no,yes,no,no,yes,no,yes,no,yes,yes,no,no,no,yes,high
U-47700,designer-opioids,yes,no,no,no,yes,no,yes,no,yes,no,yes,yes,no,yes,high
U-49900,designer-opioids,no,no,no,no,yes,no,no,no,yes,no,yes,yes,no,yes,medium
U-51754,classical-opioids,yes,no,no,no,yes,no,no,no,no,no,yes,yes,no,no,medium
Unifiram,ampakines-and-racetams,no,yes,no,no,yes,no,no,no,no,no,yes,yes,no,yes,low
Valerylfentanyl,designer-opioids,no,no,no,no,yes,no,no,no,yes,yes,yes,yes,yes,no,low
Varenicline,nootropics-other,yes,yes,no,no,yes,no,yes,no,yes,yes,yes,yes,yes,yes,high
Vilazodone,serotonergic-phenethylamine-psychedelics,yes,no,no,no,yes,no,yes,no,yes,yes,no,no,no,yes,high
Viloxazine,stimulants-dat-inhibitors,yes,no,no,no,yes,no,yes,no,yes,yes,yes,no,no,yes,high
Vinpocetine,nootropics-other,no,yes,no,no,yes,no,yes,no,yes,no,yes,yes,no,yes,medium
Vyvanse,stimulants-dat-inhibitors,no,no,no,no,no,no,no,no,no,no,no,no,no,yes,high
W-15,classical-opioids,yes,no,no,no,yes,no,no,no,no,no,yes,yes,no,yes,high
WIN-35428,stimulants-dat-inhibitors,yes,no,no,no,yes,no,no,no,no,no,no,no,no,yes,high
Xenopsin (Xenopus amieti),serotonergic-tryptamines-and-lsd,no,no,no,no,no,no,no,no,no,no,yes,yes,no,no,low
YM-280193,serotonergic-tryptamines-and-lsd,no,no,no,no,no,no,no,no,no,no,yes,yes,no,no,low
Yopo,mdma-and-entactogens,no,no,no,no,yes,no,no,no,no,no,yes,yes,no,no,high
zep-3,serotonergic-tryptamines-and-lsd,no,no,no,no,no,no,no,no,no,no,yes,yes,no,no,low
Ziprasidone,serotonergic-phenethylamine-psychedelics,yes,no,no,no,yes,no,yes,no,yes,yes,no,no,yes,yes,high
Zolazepam,benzos-and-z-drugs,no,no,no,no,yes,no,no,no,no,no,no,no,no,yes,low
zolmitriptan,serotonergic-tryptamines-and-lsd,yes,no,no,no,yes,no,yes,no,yes,yes,yes,yes,yes,yes,high
Zolpidem,benzos-and-z-drugs,yes,no,no,yes,yes,yes,yes,no,yes,yes,yes,yes,no,yes,high
Zopiclone,benzos-and-z-drugs,yes,no,no,no,yes,no,yes,no,yes,yes,no,yes,yes,yes,high
zoptarelin doxorubicin,serotonergic-phenethylamine-psychedelics,no,no,no,no,yes,no,no,no,no,no,no,no,no,yes,high
α-methyl-5-HT,serotonergic-tryptamines-and-lsd,no,no,no,no,no,no,no,no,no,no,yes,yes,no,no,low
α-Pyrrolidinopentiophenone,stimulants-cathinones,no,no,no,no,yes,no,no,no,no,no,yes,yes,no,yes,high
Βh-2c-b,serotonergic-phenethylamine-psychedelics,no,no,no,no,yes,no,no,no,no,no,no,no,no,no,low
